timestamp_s,est_x_m,est_y_m,est_z_m,gt_x_m,gt_y_m,gt_z_m,planar_error_m,z_error_m
1786799101.509899,-11.599999960243276,-1.9999851954016128,0.08300127745082835,-11.599999960243276,-1.9999851954016128,0.083120506194807,0.0,0.00011922874397865546
1786799102.243254,-11.599793191788413,-1.9997510447218965,0.08300000530027621,-11.599999940404375,-1.999985163253776,0.0831147828447562,0.0003123403226799412,0.00011477754447998534
1786799102.276653,-11.599730622947021,-1.9997591259771252,0.08357537456974606,-11.599999926769836,-1.9999851597731275,0.0831203300807156,0.00035159042353010995,0.00045504448903047057
1786799102.909948,-11.600070726494668,-2.00011708750131,0.08578806166130601,-11.599999852818572,-1.999985134841999,0.0831046598149748,0.0001497817821452958,0.0026834018463312154
1786799103.043282,-11.599942229914426,-2.0000307715965024,0.08328174351014536,-11.59999986884896,-1.9999851271208529,0.0831175912109051,7.352322715649637e-05,0.00016415229924025831
1786799103.109924,-11.599923119314605,-1.9999973032909149,0.08307274937375075,-11.599999884865191,-1.9999851195144565,0.0831196374510083,7.772640584529858e-05,4.6888077257542515e-05
1786799103.510029,-11.60038315539225,-2.000336097536471,0.08300099806744937,-11.599999947844257,-1.9999850939686463,0.0831010054072076,0.0005196648241547934,0.00010000733975823461
1786799103.543296,-11.600356893703108,-2.000322400710724,0.08300040274779258,-11.599999947649192,-1.9999850930473,0.0831014409803346,0.0004911078753296126,0.00010103823254202504
1786799103.843313,-11.600230288301155,-2.000142002843653,0.0830000096812107,-11.599999918852427,-1.9999850767557616,0.0831158933103786,0.0002787398069312734,0.00011588362916789552
1786799103.876687,-11.600181915228276,-2.000096838136356,0.08363398333034398,-11.59999991292128,-1.999985075581739,0.0831161064240303,0.00021357834245634336,0.0005178769063136773
1786799104.143253,-11.599880455962614,-1.999737609099026,0.08342313790537535,-11.599999926725207,-1.999985062906418,0.0831049459792693,0.0002747847337596722,0.0003181919261060484
1786799104.509982,-11.599629985716751,-1.9994657524436634,0.0830068531827223,-11.59999992679936,-1.9999850514157496,0.0831148180825416,0.0006375953473882586,0.00010796489981930446
1786799104.609902,-11.599508317982615,-1.9993896307526267,0.08300341942167112,-11.599999911383332,-1.9999850456309305,0.0831163087497237,0.000772128842185241,0.00011288932805257612
1786799104.676608,-11.599605254753346,-1.9994836859384293,0.08300089468807677,-11.599999897940677,-1.9999850392635747,0.0831144311887622,0.0006380426333256532,0.00011353650068543497
1786799104.843256,-11.599619334175456,-1.9994860234593612,0.0841386619846325,-11.59999990290502,-1.9999850387435687,0.0831061802671567,0.0006275737500844732,0.0010324817174758028
1786799105.310038,-11.599499035198203,-1.999385269518903,0.08459193229452994,-11.599999899399217,-1.9999850256695824,0.0831149825992024,0.0007813913156253861,0.0014769496953275368
1786799105.343588,-11.599514361909016,-1.9993883276768711,0.08363929335627665,-11.599999899460336,-1.99998502635916,0.0831151549750586,0.0007692828031272911,0.0005241383812180506
1786799105.443341,-11.599491061157272,-1.9993139663385355,0.0831061786099518,-11.59999989371885,-1.9999850271165505,0.0831127458034265,0.000842159808773127,6.567193474693589e-06
1786799105.576654,-11.599483403263267,-1.9993494672956402,0.08327162051748471,-11.599999896834426,-1.9999850187193529,0.0831072184051741,0.0008189573989109929,0.0001644021123106132
1786799105.643291,-11.599420725358495,-1.9992996811709534,0.08307017154323258,-11.59999990440012,-1.9999850168400812,0.08310535072155,0.0008972922275578859,3.5179178317412685e-05
1786799105.709978,-11.599443206868736,-1.9993221984211136,0.0830188725713831,-11.599999906066758,-1.9999850162512045,0.083104773847079,0.0008655873572115339,8.5901275695896e-05
1786799105.81005,-11.599415485141941,-1.9993055012873244,0.08391212418029079,-11.59999990109072,-1.9999850168957527,0.0831066026845704,0.0008962608232458326,0.0008055214957203849
1786799106.176684,-11.59963384817523,-1.9995662668786316,0.08301481186540521,-11.599999920986386,-1.9999850075118588,0.0831111268668754,0.0005561951285143445,9.631500147018468e-05
1786799106.209953,-11.599596081190002,-1.9995404296865595,0.08300598292678715,-11.599999922776757,-1.9999850062456876,0.0831102418069483,0.0006006133066445748,0.00010425888016114826
1786799106.243316,-11.599586393302673,-1.9995515403294062,0.08300286158383045,-11.599999923543688,-1.9999850049857144,0.0831093700984804,0.0005990816876710343,0.00010650851464995281
1786799106.276647,-11.599574402535177,-1.999527772125108,0.08319399816056643,-11.599999923281718,-1.999985003718994,0.0831085873390402,0.0006246027827221497,8.541082152623003e-05
1786799106.643309,-11.599718955189845,-1.9996649905311596,0.08344297075795366,-11.59999987983882,-1.999985001707741,0.0831058020960153,0.00042582368597731627,0.00033716866193836403
1786799106.676844,-11.599733417450956,-1.9996840840442192,0.08411489446239746,-11.59999989488547,-1.999984997545042,0.0831054566244889,0.00040194422260088163,0.001009437837908564
1786799106.776678,-11.599708483829357,-1.9996482575413908,0.0831849814833053,-11.5999999640433,-1.9999849913505463,0.0831060853882284,0.0004453654379823829,7.889609507689965e-05
1786799106.810054,-11.599713913316467,-1.9996578085673604,0.08337370563397337,-11.59999998133814,-1.999984991877634,0.0831066066224794,0.0004346076754330805,0.0002670990114939653
1786799107.043344,-11.599386237233034,-1.999355241642923,0.08469090698029902,-11.59999992033262,-1.9999849927994764,0.083112750037731,0.0008793142020330259,0.0015781569425680209
1786799107.076738,-11.599380281531312,-1.9993499122081426,0.08423035380817127,-11.599999886949607,-1.9999849910186729,0.0831129197234413,0.0008872631909222767,0.0011174340847299735
1786799107.44335,-11.599309945147846,-1.9992251773698915,0.0844154025381573,-11.599999912597251,-1.999984982841936,0.0831064478571453,0.0010263330047250209,0.0013089546810119979
1786799108.043374,-11.599406800222294,-1.999296995358922,0.08309650554377496,-11.599999843499036,-1.9999849805329608,0.0831064191165702,0.0009083082779468574,9.913572795242076e-06
1786799108.210079,-11.599255758462041,-1.9990902212857173,0.08427833005197918,-11.5999999654025,-1.9999849744035607,0.0831051070773742,0.0011637985702505492,0.0011732229746049816
1786799108.243346,-11.599286194006284,-1.9991072074178822,0.08455105553377078,-11.599999974573072,-1.9999849747940264,0.0831053248084653,0.0011313524049324354,0.0014457307253054746
1786799108.310041,-11.599322873292394,-1.9991289370303247,0.08384126778508778,-11.599999966380835,-1.999984977757852,0.0831064041364155,0.0010914489349487066,0.0007348636486722848
1786799108.343385,-11.599311550939158,-1.9991041594995114,0.08338005008214096,-11.599999948994988,-1.9999849796385067,0.0831071493801178,0.0011179159183636288,0.0002729007020231544
1786799108.410102,-11.599349367643082,-1.999112909983545,0.08310776889991066,-11.599999890500955,-1.999984980945657,0.0831086467037796,0.001087974150232382,8.778038689399859e-07
1786799108.443392,-11.599372696829535,-1.9990880792352508,0.08304878664948272,-11.599999859072,-1.9999849803295031,0.0831093041883071,0.001094424072854825,6.051753882438393e-05
1786799108.476754,-11.599406281409905,-1.999073933018992,0.08494375294317709,-11.599999832844006,-1.9999849788922344,0.0831098494810014,0.0010873398218012368,0.0018339034621756845
1786799108.54337,-11.599379966075588,-1.9990325081561986,0.08388593619224899,-11.59999979973529,-1.9999849735189896,0.0831104561538388,0.001136390792384285,0.0007754800384101868
1786799108.843393,-11.599371316690206,-1.9990092864032853,0.08509983136984368,-11.59999998518236,-1.999984956349526,0.08310805868304,0.0011606704601320808,0.001991772686803686
1786799108.943389,-11.599472448196071,-1.9990075494021808,0.08332707114674358,-11.599999955590537,-1.999984961162617,0.0831065052548354,0.0011106744800594072,0.0002205658919081782
1786799109.010021,-11.59950706807489,-1.9989958388532958,0.083085676877745,-11.59999989051312,-1.999984967145172,0.083106155572915,0.001105101232200833,2.0478695169995342e-05
1786799109.210005,-11.599539483153507,-1.9990802468125586,0.08300439076005127,-11.599999759018996,-1.999984981259755,0.0831105606221469,0.00101508536207329,0.00010616986209563417
1786799109.243382,-11.599559141524834,-1.999046972929672,0.08301054729968095,-11.599999768077044,-1.9999849799032008,0.0831115086185089,0.0010363439780793479,0.00010096131882794679
1786799109.276728,-11.599595346166117,-1.9990377012739953,0.08300505862307964,-11.599999787222744,-1.9999849778736356,0.0831123100110367,0.0010300026817984284,0.00010725138795705802
1786799109.37683,-11.599608374133638,-1.9990333914785565,0.08300084678464942,-11.599999897813074,-1.9999849681875357,0.0831132153306726,0.0010289747444086977,0.00011236854602318658
1786799109.476782,-11.599522341567445,-1.9989404215957336,0.08300013499345603,-11.59999997646498,-1.999984960484746,0.0831117188547505,0.0011485628350259693,0.00011158386129446474
1786799109.610035,-11.599465025833176,-1.9988783593691848,0.08300889818525399,-11.599999952135846,-1.9999849644071117,0.0831075065042124,0.0012291138512170506,9.860831895841526e-05
1786799109.84341,-11.599370663937322,-1.998778212843944,0.08300034088173822,-11.59999975424982,-1.999984969313804,0.0831055602422146,0.0013608878715122405,0.00010521936047638847
1786799109.87676,-11.599355295878908,-1.998766138303868,0.08372467811851332,-11.599999753800148,-1.9999849704992123,0.0831055137964933,0.001378723298075723,0.0006191643220200271
1786799109.943328,-11.599362072284732,-1.9987787433781001,0.08320343007827166,-11.59999979306162,-1.999984971359462,0.0831057041971691,0.0013644316517492142,9.772588110255886e-05
1786799109.976799,-11.599331127522207,-1.9987635342388017,0.08347225142665289,-11.599999826754914,-1.9999849697351169,0.0831060306594182,0.001392502544155994,0.0003662207672346929
1786799110.010032,-11.599392010972984,-1.9988245326427008,0.08400060267322673,-11.59999986636934,-1.999984966901292,0.0831065469398814,0.0013099984165601054,0.0008940557333453336
1786799110.043405,-11.599386451721326,-1.9988107181350134,0.08407638094014717,-11.599999906729188,-1.9999849640899925,0.0831072156819497,0.00132483229484176,0.0009691652581974713
1786799110.076755,-11.599396407843212,-1.998819641466926,0.0835394011906949,-11.599999936191548,-1.9999849616152436,0.0831079774865312,0.001312332852335867,0.0004314237041636998
1786799110.243585,-11.599432240360052,-1.9987961428955958,0.08381704541975203,-11.599999930651975,-1.999984950882872,0.0831110331222089,0.0013173976993131802,0.0007060122975431349
1786799110.27673,-11.599431238056841,-1.9987913654111071,0.08417271294124234,-11.59999990149043,-1.9999849499869085,0.0831111016945769,0.0013221279213039038,0.001061611246665442
1786799110.5101,-11.599230841036857,-1.9985835073869596,0.08304546946343178,-11.5999997515327,-1.9999849599233344,0.0831064873273734,0.0015985282488367124,6.101786394162312e-05
1786799110.543412,-11.599243545385782,-1.9986066620676979,0.08301852550672244,-11.599999778951918,-1.999984960896032,0.0831058596742019,0.0015721313134526734,8.73341674794692e-05
1786799110.943405,-11.599274600293738,-1.9985498966714874,0.08300025481715881,-11.599999832596133,-1.9999849486368904,0.0831094416861839,0.001607898017861915,0.00010918686902508523
1786799110.976824,-11.599239032722027,-1.998507030099344,0.0830001026405154,-11.599999783280284,-1.9999849458472176,0.0831089414331889,0.0016622203132260732,0.00010883879267349628
1786799111.243435,-11.599254722808203,-1.9984511789429298,0.08556117836158275,-11.599999730069698,-1.9999849409904489,0.0831085762419699,0.001705128100199468,0.0024526021196128456
1786799111.410077,-11.599327810449532,-1.99847341103307,0.08439039830032195,-11.59999995398175,-1.999984948056472,0.0831088078240629,0.0016542433620899163,0.001281590476259059
1786799111.44341,-11.599345711781552,-1.9984793839080948,0.08455303297822009,-11.599999991231812,-1.999984948309934,0.0831085372691016,0.0016415863568867916,0.0014444957091184901
1786799111.876791,-11.599321916933905,-1.998404517781003,0.08309367986042233,-11.599999682054747,-1.9999849282542503,0.0831103243414158,0.0017196112418162207,1.6644480993463495e-05
1786799112.276715,-11.599343268186258,-1.998388318673645,0.08341154834755458,-11.59999994229888,-1.9999849238535543,0.0831064511859526,0.0017263745221415938,0.00030509716160198597
1786799112.343436,-11.599391417739255,-1.9984379576418554,0.08556646707374203,-11.59999985850298,-1.9999849243314165,0.0831052848925287,0.001662319494433185,0.0024611821812133283
1786799112.37678,-11.599383660036615,-1.998437752723871,0.08651638032525134,-11.59999980580149,-1.9999849253019777,0.0831050684755129,0.0016653463873976316,0.0034113118497384465
1786799112.543552,-11.599423509198575,-1.998518055261266,0.08325270016607403,-11.59999965009528,-1.9999849191354333,0.0831066332608719,0.0015759530317216582,0.00014606690520212184
1786799112.576727,-11.59942916385565,-1.998537106662181,0.08310453892586535,-11.599999655632082,-1.9999849168153307,0.0831071318880945,0.0015561539469282914,2.592962229153173e-06
1786799112.610352,-11.599401972088563,-1.9985124169310071,0.0838508365252425,-11.599999674061545,-1.999984915189752,0.0831076374303693,0.0015891817927830322,0.0007431990948732065
1786799112.660126,-11.599361045594392,-1.9984875757398155,0.08401633922438793,-11.599999705373955,-1.9999849142476829,0.0831081162517887,0.0016278540847305162,0.0009082229725992375
1786799112.876753,-11.59926003251548,-1.9984444469929898,0.08366229056865017,-11.599999986759508,-1.9999849193877848,0.0831113480181489,0.0017089726394479505,0.0005509425505012683
1786799113.010091,-11.59921798962832,-1.998437287149604,0.08306718788680546,-11.59999985866244,-1.999984910888128,0.0831118027743095,0.0017339141912326502,4.4614887504040857e-05
1786799113.043489,-11.599211057295884,-1.9984416681543595,0.08311631318289633,-11.599999797582282,-1.9999849086387047,0.083111577883232,0.0017331192780384122,4.73529966434072e-06
1786799113.076784,-11.599172512970394,-1.9984215926427664,0.08428812140121549,-11.59999973847398,-1.999984906926876,0.0831111816611335,0.001768686966278178,0.0011769397400819837
1786799113.143505,-11.599192317279623,-1.99846512894548,0.08402142358155304,-11.599999652209547,-1.9999849052422995,0.0831097502153666,0.0017209037397395539,0.000911673366186444
1786799113.243466,-11.599109128246312,-1.9984102658146286,0.08316595100798174,-11.599999640088264,-1.999984905859755,0.0831067693629895,0.0018090059735590862,5.918164499224554e-05
1786799113.276832,-11.599131251050261,-1.9984358818240762,0.08307115241786812,-11.59999965783206,-1.9999849062014383,0.0831058220655334,0.0017758397620098382,3.46696476652697e-05
1786799113.476791,-11.599148474439648,-1.9984854958921483,0.0830064607127466,-11.599999912968636,-1.999984907950702,0.0831052012356151,0.0017242923446972674,9.874052286849844e-05
1786799113.676803,-11.599081701005634,-1.9984374798855438,0.08482681108703967,-11.599999847584648,-1.9999849042687683,0.0831113221618706,0.0017993096905072649,0.0017154889251690675
1786799114.010113,-11.59933223140335,-1.998669986603538,0.08303559295085816,-11.599999741767782,-1.9999848945183163,0.083104464039349,0.0014746365352079664,6.887108849083778e-05
1786799114.210167,-11.59948760449794,-1.9987909597623261,0.0830018005443888,-11.5999998940711,-1.9999848954254649,0.0831032859303475,0.001299200898430899,0.00010148538595870782
1786799114.24355,-11.599522669423479,-1.9988019275804212,0.08300073650432804,-11.599999886313649,-1.999984895615938,0.0831047362396378,0.0012755976377048003,0.00010399973530975104
1786799114.31013,-11.599571962168058,-1.998829123185854,0.08368261134514396,-11.599999842764804,-1.9999848963038265,0.0831082282372822,0.0012324338949005055,0.000574383107861759
1786799114.743515,-11.599485522956579,-1.9987616693215455,0.08300801225266001,-11.599999822343372,-1.9999848923232053,0.0831050078967233,0.0013269432433400123,9.699564406329131e-05
1786799115.076794,-11.599385079729794,-1.9986458012298354,0.08300015601744941,-11.59999973142973,-1.9999848864415772,0.0831074001345946,0.0014734130162786362,0.00010724411714518878
1786799115.143486,-11.599401996319378,-1.9986602419432393,0.08300003942478278,-11.599999748324688,-1.9999848894838452,0.0831095293244103,0.0014532716768333128,0.00010948989962752953
1786799115.410162,-11.599157185604213,-1.9984019262323105,0.08382801007141479,-11.599999828490182,-1.9999848897437975,0.0831127129274947,0.0017932708975426195,0.0007152971439200878
1786799115.443503,-11.599150230378056,-1.9983909075691266,0.08333603332642821,-11.599999809192358,-1.9999848889983711,0.0831116674825098,0.0018062560611626975,0.00022436584391841152
1786799115.84349,-11.599060403813182,-1.9982804509918426,0.08300462215021692,-11.599999821452748,-1.9999848828710367,0.0831041465956825,0.001946174075549633,9.952444546557082e-05
1786799116.410202,-11.59909576388361,-1.9983015043840129,0.08335267054902837,-11.59999973087112,-1.999984877993691,0.0831071873204365,0.0019107336350910763,0.0002454832285918723
1786799116.843526,-11.59872588073947,-1.997939920310051,0.08300412739734041,-11.599999700278484,-1.9999848822929516,0.0831127874206462,0.0024092500346543978,0.00010866002330579827
1786799117.076906,-11.598801171031955,-1.9980049858107158,0.0830001575611672,-11.59999965281789,-1.999984875786521,0.0831092450735212,0.002314373113288894,0.00010908751235400027
1786799117.343528,-11.598591868434193,-1.9977715288738618,0.08536532550387448,-11.599999667552613,-1.9999848777548632,0.0831016590189041,0.0026231301200767662,0.002263666484970381
1786799117.410189,-11.59864524434028,-1.9978188804454338,0.08359955045631895,-11.599999644861144,-1.9999848746092843,0.0831010176283439,0.0025545902780583817,0.0004985328279750456
1786799117.510236,-11.598692974102923,-1.9978565691834773,0.08309677726172766,-11.599999624953856,-1.9999848790166896,0.083102952311742,0.0024974064932232884,6.175050014337047e-06
1786799117.543638,-11.598713601220439,-1.9978721438342157,0.08304145619278423,-11.599999623030785,-1.9999848811751364,0.083104325140431,0.0024733602989467102,6.28689476467742e-05
1786799117.576891,-11.598729950757473,-1.9978859820122437,0.08305498240348555,-11.5999996233143,-1.9999848815851515,0.0831060289841424,0.0024530486784228563,5.104658065685497e-05
1786799117.843483,-11.598549647127642,-1.997710089134664,0.08300166097253411,-11.599999612989336,-1.9999848779054892,0.0831142433632759,0.0026976035572244153,0.00011258239074178611
1786799117.876886,-11.598523781174197,-1.997685521691942,0.08306498630363524,-11.599999604076071,-1.999984877452725,0.083112594834534,0.002732231716443692,4.760853089876005e-05
1786799117.910277,-11.598524726732354,-1.99768758661936,0.08322452747485651,-11.59999959774468,-1.9999848754068552,0.0831103897071472,0.0027299780724676557,0.00011413776770931305
1786799118.543614,-11.598582881864216,-1.9977556426646363,0.08300124879567683,-11.599999578381968,-1.9999848653595136,0.0831100888204376,0.002641299461774127,0.0001088400247607757
1786799118.576893,-11.598603210881201,-1.9977773687759506,0.08364009129613935,-11.599999580426545,-1.9999848661499933,0.0831090708539192,0.0026120667226485375,0.0005310204422201426
1786799118.676914,-11.598533538392218,-1.9977278580070423,0.08310590251771519,-11.599999588467536,-1.9999848688066024,0.0831063584461517,0.002691356641672184,4.5592843651853787e-07
1786799118.776895,-11.59853733242186,-1.9976980203772639,0.083016870677123,-11.599999573713877,-1.999984862913889,0.0831051988320327,0.0027143688738635514,8.832815490969481e-05
1786799118.810247,-11.598545091730333,-1.9977047916840664,0.08300722490181404,-11.59999956996341,-1.9999848596477172,0.0831052942019541,0.002704480883526689,9.806930014005788e-05
1786799118.943564,-11.598455582031335,-1.9976101949069127,0.08415441840682938,-11.599999567166195,-1.9999848543507808,0.0831075827222759,0.002832471989450627,0.0010468356845534793
1786799119.143663,-11.598498590565383,-1.9976596409439107,0.08305863028888708,-11.59999954683382,-1.9999848614285451,0.0831081496452128,0.0027675837876971043,4.951935632573068e-05
1786799119.243606,-11.598492358333381,-1.997649145655667,0.0852016175628513,-11.5999995209899,-1.9999848570006364,0.083106518831081,0.0027797637957613372,0.0020950987317703007
1786799119.443667,-11.598510587256753,-1.9976523245917428,0.08482844575782443,-11.599999494212216,-1.9999848404393756,0.0831054936836811,0.002767214140880087,0.0017229520741433302
1786799119.510252,-11.598469372742377,-1.9976036170138123,0.08346649512726007,-11.599999491984846,-1.9999848390520396,0.0831041058242527,0.0028304563751299075,0.00036238930300735994
1786799119.743623,-11.598663174689161,-1.9977513364422248,0.0830179765413456,-11.599999505471104,-1.9999848487943703,0.0831046201045258,0.0026027595712923087,8.664356318019428e-05
1786799119.910312,-11.598811466901896,-1.997859766961262,0.08300125618364236,-11.59999951893649,-1.9999848546197012,0.0831134713220489,0.002434638616500208,0.00011221513840653508
1786799120.143667,-11.598714785156776,-1.997718374740086,0.08300004807041862,-11.599999507197271,-1.999984844099745,0.0831101403393774,0.0026052627659425886,0.000110092268958778
1786799120.510293,-11.598692469114136,-1.9976290445719054,0.0830000007790793,-11.599999455403228,-1.999984836176008,0.0831074475429851,0.002694061476996481,0.00010744676390579688
1786799120.543673,-11.598698214941273,-1.9976219939496547,0.083000000314271,-11.599999452678274,-1.999984835464704,0.0831080600987514,0.0026974505877656947,0.000108059784480391
1786799120.577008,-11.598676191416116,-1.9975820981847259,0.08348737852819298,-11.599999450090197,-1.9999848346898803,0.0831085646912334,0.0027430195463633133,0.0003788138369595767
1786799120.610326,-11.598673921923673,-1.9975675407687579,0.08324187315964801,-11.5999994476199,-1.9999848338389172,0.0831089728593904,0.0027568685420962277,0.00013290030025761568
1786799121.01027,-11.598535461416416,-1.9973335523570823,0.08317149132596163,-11.599999420772,-1.999984827045129,0.0831029209234663,0.003028602725066567,6.857040249533264e-05
1786799121.160299,-11.598584914379577,-1.9973208856978915,0.08301430276206916,-11.599999410426229,-1.9999848258083548,0.0831033254287651,0.003016185667051628,8.902266669594261e-05
1786799121.210303,-11.598556147846645,-1.9972910651979052,0.08349817138069625,-11.599999404184404,-1.9999848234344797,0.083105377142709,0.0030560304798205244,0.0003927942379872429
1786799121.243623,-11.598551544318537,-1.9972809692464806,0.08448464468455263,-11.599999401101009,-1.9999848218916865,0.0831065890733587,0.003067100974786341,0.0013780556111939318
1786799121.260327,-11.598554096839306,-1.9972811445335883,0.08447338567125359,-11.599999401101009,-1.9999848218916865,0.0831065890733587,0.003065742269922231,0.0013667965978948898
1786799121.293737,-11.598563957479008,-1.9972829046812954,0.08377779430655935,-11.5999993980985,-1.999984820232305,0.0831077757626826,0.0030595485642287514,0.0006700185438767436
1786799121.710321,-11.598148964817039,-1.9969774139776895,0.08303999779554327,-11.599999367175636,-1.9999848188572895,0.0831044287163786,0.0035310724997576035,6.443092083532886e-05
1786799121.727017,-11.598151022704103,-1.9969662465185194,0.08338966442745963,-11.599999367175636,-1.9999848188572895,0.0831044287163786,0.003539513561188097,0.0002852357110810222
1786799121.760342,-11.5981187676052,-1.9969147679957053,0.08359159006653227,-11.59999936918341,-1.999984816975652,0.0831040715299295,0.003600258745595252,0.00048751853660276845
1786799121.810349,-11.598072331701342,-1.996844865115248,0.08400942343109102,-11.599999371853256,-1.9999848118740344,0.0831043446478428,0.0036841212514116006,0.0009050787832482199
1786799121.843793,-11.598106934402413,-1.9968636634343317,0.08404270799350666,-11.599999372492077,-1.9999848099828783,0.0831048720011375,0.0036500517394572364,0.000937835992369157
1786799121.960326,-11.59812207401227,-1.9967990628720034,0.08374057816547585,-11.599999371480935,-1.9999848099584012,0.0831064557740163,0.0036977331277891073,0.0006341223914595462
1786799122.243618,-11.598014242412964,-1.9966773114506864,0.08367325229031496,-11.599999353563485,-1.999984808168049,0.0831080490585833,0.003857486333778412,0.0005652032317316619
1786799122.310306,-11.597989797643681,-1.996660332715395,0.0845896302824828,-11.599999358195054,-1.9999848028876288,0.0831087380438495,0.0038846409789978597,0.001480892238633305
1786799122.410338,-11.598009501209853,-1.9966855471265947,0.0859520768844911,-11.599999360294277,-1.9999848007720384,0.0831091488197743,0.0038528708507858107,0.002842928064716796
1786799122.427023,-11.598011036844373,-1.9966813046482783,0.08744718869214901,-11.599999360294277,-1.9999848007720384,0.0831091488197743,0.003855712227479722,0.004338039872374716
1786799122.610336,-11.597990222228425,-1.9966487943715148,0.08327075120960005,-11.599999346984484,-1.9999848083688496,0.0831024398950861,0.003894299895465559,0.00016831131451394699
1786799123.076998,-11.598667951519161,-1.997288720836251,0.0851220617404082,-11.599999329853013,-1.9999847973462928,0.0831159769125994,0.0030068915537226114,0.002006084827808799
1786799123.576999,-11.59922745861713,-1.9977846038605624,0.08301876247002092,-11.599999338298192,-1.999984790675537,0.0831034538604618,0.0023316561201912173,8.46913904408858e-05
1786799123.61038,-11.599226784615691,-1.99778049310027,0.0830075460431448,-11.599999346261477,-1.9999847900150176,0.0831064189849222,0.002335760344064489,9.887294177740591e-05
1786799123.843748,-11.599188528596098,-1.9977264514951316,0.08300029245320337,-11.599999362349903,-1.9999847833955144,0.0831186003602138,0.002399482100078338,0.00011830790701043703
1786799124.877094,-11.598587294190745,-1.9971040751526212,0.08300000061370034,-11.599999325991336,-1.999984783176583,0.0830950705484458,0.0032081634193408645,9.506993474545089e-05
1786799125.043711,-11.598679329989237,-1.9972220206329117,0.08533679591192364,-11.599999344827316,-1.9999847896049057,0.0831051649778078,0.003061916322397056,0.0022316309341158386
1786799125.41036,-11.598586599813355,-1.9971446752391426,0.08303788725554752,-11.599999314513424,-1.999984757793256,0.0831098689712565,0.003172039050511106,7.198171570897693e-05
1786799125.510406,-11.59857047842062,-1.9971358935483448,0.08437713689420999,-11.599999330504405,-1.999984756737864,0.0831011265112244,0.003187105230445878,0.0012760103829855957
1786799125.977031,-11.598524085601204,-1.9970471108162404,0.08301396444627214,-11.599999324683097,-1.9999847264091373,0.0831146065159889,0.0032872352700066033,0.00010064206971675815
1786799126.443751,-11.598769785058815,-1.9973150174111531,0.08428533514905934,-11.599999309313702,-1.9999847209661967,0.0831048583427983,0.0029392255723519707,0.0011804768062610438
1786799126.477054,-11.598749295459632,-1.9972968999712926,0.08432437011658407,-11.599999310905146,-1.999984719102404,0.0831057974931293,0.002964272304561842,0.001218572623454775
1786799126.510393,-11.598723535926858,-1.9972700515939512,0.08363330054356254,-11.599999311124918,-1.999984717140376,0.0831065552570063,0.0029995018561305886,0.0005267452865562322
1786799126.543734,-11.598748841723495,-1.9972902728291533,0.08331415753102285,-11.599999310007098,-1.9999847150472985,0.0831071008081273,0.002970469625365589,0.0002070567228955461
1786799126.610393,-11.59877489406915,-1.9973189125591748,0.08503204116280783,-11.599999303734736,-1.999984710358809,0.0831075667564446,0.002933540001042136,0.0019244744063632302
1786799127.010401,-11.598930957090051,-1.9974276444087529,0.0846117338720066,-11.599999299730122,-1.999984695516892,0.0830981706833683,0.0027712571815387108,0.001513563188638295
1786799127.343692,-11.599091868760391,-1.9975053151550393,0.08611279422981559,-11.599999313881916,-1.9999846828367511,0.0831122311827499,0.002640212254667628,0.0030005630470656963
1786799127.543875,-11.599061576407852,-1.9974757345718592,0.08315728460112295,-11.599999308749592,-1.9999846777756896,0.0831012959626786,0.0026784581282504557,5.598863844435975e-05
1786799127.577106,-11.599076219922877,-1.9974593450440548,0.08306445372033441,-11.599999313704693,-1.9999846752083703,0.0830989049130856,0.002688753348455372,3.4451192751180915e-05
1786799127.610563,-11.599110263237101,-1.997477239923561,0.08325866517144276,-11.599999316892514,-1.9999846734745823,0.0830972792590908,0.0026603833210632195,0.00016138591235195787
1786799127.977109,-11.599174126208553,-1.9975361458895489,0.08341345784387444,-11.599999319256463,-1.999984663281888,0.0831163928508802,0.0025838306807737894,0.00029706499299424205
1786799128.110461,-11.599197152900501,-1.9975433455732337,0.08335687509578651,-11.599999336406002,-1.999984659263096,0.0831139238838792,0.002569729734584414,0.00024295121190731628
1786799128.143798,-11.599234383987772,-1.9975790405022487,0.08335022826652157,-11.599999337254337,-1.9999846591194104,0.0831117646667688,0.0025243126651155567,0.00023846359975276954
1786799128.177217,-11.599215177914129,-1.9975601081600771,0.08322916039609474,-11.599999336878705,-1.9999846592335893,0.0831089169465755,0.002548205876650053,0.00012024344951923338
1786799128.21043,-11.599194876026894,-1.997536180250335,0.08314979439261944,-11.599999335412042,-1.9999846595548645,0.0831057119704722,0.0025772477193821207,4.408242214723468e-05
1786799128.243838,-11.599195288284491,-1.9975319932887599,0.08307496014211334,-11.599999332986194,-1.9999846601269704,0.0831024781917746,0.002581097150746825,2.7518049661265365e-05
1786799128.277214,-11.599200623402687,-1.9975294287673562,0.08303758019759912,-11.599999329677052,-1.9999846608712808,0.0830995248376323,0.0025818784628351297,6.194464003318745e-05
1786799128.310439,-11.599194211258963,-1.99752581841708,0.08371168097164054,-11.599999325560562,-1.9999846617378945,0.0830971146113691,0.0025872996569691505,0.0006145663602714485
1786799128.977126,-11.599571860887679,-1.9978835150797012,0.08748322009290363,-11.59999932001164,-1.9999846543555315,0.0831088362165974,0.002144179926940669,0.0043743838763062315
1786799129.010476,-11.599550659526779,-1.997863252171745,0.08577861444640983,-11.599999326122274,-1.9999846544229412,0.083106666755078,0.002168328670956936,0.002671947691331833
1786799129.043788,-11.599505124096957,-1.9978244632166269,0.08470664594269488,-11.599999331203891,-1.999984653308529,0.0831046076509255,0.002216001330707266,0.0016020382917693726
1786799129.243815,-11.59939462139498,-1.9977132314537833,0.08332843523203669,-11.5999993370073,-1.9999846483533892,0.0830999232317014,0.002350535195141594,0.0002285120003352875
1786799129.643761,-11.599290539210187,-1.997582482596908,0.08509739615768677,-11.59999935403238,-1.999984650331096,0.0831105857931915,0.002504561493622231,0.001986810364495273
1786799130.010626,-11.599340098294794,-1.9976611360698588,0.08303393619425303,-11.599999347858985,-1.999984645215125,0.0830961067603591,0.002415223537484904,6.217056610606508e-05
1786799130.243783,-11.5991930002461,-1.9975224563880734,0.08300129801056813,-11.599999348342829,-1.999984650127904,0.0831112959319277,0.0025908676665471636,0.00010999792135957254
1786799130.710531,-11.599060147170983,-1.9973267550287677,0.08300001313967179,-11.599999350191569,-1.9999846473527128,0.0830956062549872,0.002818952628116326,9.559311531541492e-05
1786799130.877179,-11.598942969664945,-1.9972982877768515,0.08372570961708332,-11.599999361725754,-1.9999846447051,0.0831047386771735,0.0028866031476613868,0.000620970939909829
1786799130.910575,-11.598953078712043,-1.997317476477374,0.08407236133667031,-11.599999366609405,-1.999984646044826,0.0831068272856059,0.0028650500633859363,0.0009655340510644206
1786799130.977155,-11.59902093960961,-1.9974161495260263,0.08540374021194504,-11.599999373326977,-1.9999846481972396,0.0831098463098062,0.0027485483374513715,0.002293893902138841
1786799131.010567,-11.599010022736442,-1.9974135402044757,0.08496714189303935,-11.599999375232548,-1.9999846489905395,0.0831105250897677,0.002754889970820114,0.001856616803271649
1786799131.043894,-11.598977546806587,-1.9973903080591708,0.0839632484311626,-11.599999376463346,-1.999984649706308,0.0831104813653139,0.002788322870383372,0.0008527670658486919
1786799131.343857,-11.599237225014763,-1.9976910590125199,0.08302321054592289,-11.599999362895286,-1.9999846488870725,0.0830987435454573,0.0024169006313000054,7.553299953440284e-05
1786799131.543789,-11.59923588068872,-1.9976924214481004,0.08300117571935721,-11.59999935725529,-1.999984646151276,0.0831058643548027,0.0024160278470146666,0.00010468863544549345
1786799131.67711,-11.5991185779186,-1.9976108576202736,0.08300011937298854,-11.599999373360715,-1.9999846450142915,0.0831140500870594,0.0025319295414462056,0.0001139307140708562
1786799131.710472,-11.599095118837743,-1.997592865590078,0.08300004988112489,-11.599999375290894,-1.99998464674202,0.0831148479806081,0.0025570093491906762,0.00011479809948321262
1786799131.810515,-11.599050217789749,-1.9975753629109354,0.08382385517545247,-11.599999377754228,-1.9999846502534249,0.0831128380592654,0.0025895115633745103,0.0007110171161870682
1786799131.910555,-11.599127371156998,-1.9976551534435187,0.08497126047940877,-11.599999375791375,-1.9999846458818835,0.0831058998234614,0.00248735343342569,0.0018653606559473762
1786799131.943877,-11.599124520838759,-1.9976520955313202,0.0844201072604057,-11.599999374351263,-1.999984644095271,0.0831031667516086,0.0024912148585642686,0.0013169405087971042
1786799132.343852,-11.598886146145325,-1.9974333686590147,0.08301954082801619,-11.599999386888104,-1.9999846411061613,0.0831049964353825,0.0027835761263080125,8.54556073663082e-05
1786799132.410539,-11.598823864299598,-1.9973857605936116,0.0836022672190347,-11.599999395446543,-1.999984639131704,0.083111961432944,0.0028523749986975825,0.0004903057860907029
1786799132.710609,-11.598930729050023,-1.9974804712761558,0.08301441992153959,-11.599999404376248,-1.9999846028907369,0.0831039430275107,0.002722635138248792,8.95231059711149e-05
1786799133.010581,-11.598847479794596,-1.9973827645957822,0.08300034358828733,-11.599999390709526,-1.999984612612041,0.0831015333051568,0.0028454370236650024,0.0001011897168694681
1786799133.310592,-11.598891248221866,-1.9974341834773488,0.0830000081847494,-11.599999368833538,-1.9999846103960088,0.0831115120385374,0.0027807568677319194,0.00011150385378799754
1786799133.343863,-11.598924323624903,-1.9974714852781905,0.0830000033161303,-11.599999366384548,-1.9999846100126188,0.0831083715315614,0.002733406824067783,0.00010836821543110109
1786799133.410579,-11.599024346082484,-1.997568693844585,0.0830000009280897,-11.599999374832308,-1.9999846115586268,0.0831015877979817,0.002605252284137834,0.0001015868698919925
1786799134.0772,-11.598320453906865,-1.9968723183482433,0.08300000000465853,-11.599999382216716,-1.999984636478184,0.0831313013493762,0.0035362868112716974,0.0001313013447176714
1786799134.210572,-11.598237151312514,-1.996878798719276,0.08321366088160474,-11.599999401098463,-1.999984642974241,0.0835500321126648,0.0035709652538463595,0.00033637123106006195
1786799134.243855,-11.598226704293571,-1.9969244768717747,0.08308934795383996,-11.599999406926718,-1.999984652049165,0.0838594259955367,0.003536544463439312,0.0007700780416967368
1786799134.310625,-11.598158188967531,-1.9969356681796235,0.08303309682698085,-11.599999422782634,-1.999984682034989,0.0849537454712767,0.0035618292283725425,0.0019206486442958498
1786799134.343882,-11.598148735724118,-1.996994685623115,0.08301496966237154,-11.599999432999612,-1.999984706530676,0.0857506369249112,0.003516433624166668,0.002735667262539654
1786799134.443871,-11.598193139044831,-1.9969854356877215,0.0836844093058341,-11.599999472510865,-1.999984826506658,0.0888869104422924,0.003501312021976023,0.005202501136458301
1786799134.810591,-11.5978599966611,-1.996877950516782,0.08403540941276016,-11.599999801897557,-1.9999853357333357,0.0991008234062236,0.0037728781233992165,0.015065413993463436
1786799135.110588,-11.597552813331307,-1.9968346363719267,0.09065952993296157,-11.59999989121855,-1.9999858761496585,0.1059001297589012,0.00398979978482565,0.01524059982593963
1786799136.143928,-11.59653243839612,-1.9961790600740652,0.11080583390986783,-11.60000009551536,-1.9999901587955244,0.1263086674476979,0.005152583755877576,0.015502833537830066
1786799136.61065,-11.59610718576081,-1.9959341437411653,0.11834031218190101,-11.60000051624213,-1.9999919386010927,0.1349582224231071,0.005623497253669691,0.016617910241206083
1786799137.010588,-11.595750943458114,-1.9958943777533944,0.12388596484493071,-11.60000113126653,-1.9999935334808532,0.1423058691642599,0.005904843273514712,0.018419904319329203
1786799137.043952,-11.595742879994873,-1.9958850070509286,0.12517699411993544,-11.600001158647776,-1.9999936646709808,0.142916773034858,0.0059172632630792,0.017739778914922566
1786799137.143914,-11.595585285832557,-1.9959111154054912,0.125942928277887,-11.600001233280391,-1.999994057564231,0.1447486038074978,0.006014233827649615,0.018805675529610794
1786799137.210589,-11.595733250269834,-1.9959379275011004,0.1286894780684155,-11.600001285215372,-1.999994317454964,0.1459691934081504,0.005888159453864669,0.017279715339734908
1786799137.310626,-11.595025306626493,-1.9959468634204218,0.13278127995569466,-11.600055637260336,-1.9999946880866224,0.1475182040902537,0.006456710525808492,0.014736924134559043
1786799137.377272,-11.589870947273749,-1.9960564923139086,0.1300624518518258,-11.600138568403205,-1.999994895861171,0.1481349325797688,0.010997048065692152,0.018072480727943013
1786799137.410581,-11.586962856145187,-1.996070137331558,0.1307901913262684,-11.600168692420484,-1.9999949901625635,0.1483905944998939,0.01377674059692665,0.01760040317362549
1786799137.443916,-11.584070834272538,-1.9962165778441856,0.1318699674213087,-11.600185522680986,-1.9999950800043835,0.1486340626611602,0.016551744955623338,0.016764095239851506
1786799137.510617,-11.578766800357752,-1.9963024736008417,0.13156728445675384,-11.600173794787985,-1.9999952515278812,0.1491251092614135,0.021723167802014057,0.017557824804659672
1786799137.577289,-11.575051413998928,-1.9964232972430833,0.1325035398922693,-11.6001036496376,-1.9999954197541867,0.1496580556248565,0.025305623282777825,0.017154515732587222
1786799137.610611,-11.573860755759085,-1.9964495023893238,0.1339683420882591,-11.600050105016845,-1.9999955041793875,0.1499461928125544,0.026428320855476726,0.01597785072429528
1786799137.71072,-11.572683536967983,-1.9965748098577396,0.13314679975327293,-11.5998390007594,-1.9999957648359268,0.1509052315816731,0.0273700958472894,0.017758431828400173
1786799137.743986,-11.573058117054067,-1.9965298272252772,0.1334765475536444,-11.599758520114907,-1.9999958548602028,0.1512560374641312,0.026924428892315798,0.01777948991048678
1786799137.877314,-11.577606985844184,-1.9964187407185217,0.13995736962292396,-11.599433285059607,-1.9999962302610224,0.1527992930114555,0.02211754436794186,0.012841923388531545
1786799137.910638,-11.578930187850569,-1.9963671307042998,0.13943395659008798,-11.5993581349678,-1.999996326169989,0.1532163119078025,0.020747821166391154,0.013782355317714517
1786799137.944041,-11.580794414303993,-1.996328001391166,0.13889926099922237,-11.599287542142044,-1.9999964224445124,0.1536442817395282,0.018853463614389807,0.014745020740305842
1786799138.110679,-11.588862476104987,-1.9960078269445407,0.14097595798398949,-11.59902126873149,-1.9999969068353385,0.1559260978908266,0.010913928073955418,0.014950139906837107
1786799138.377306,-11.59711536490337,-1.9956752692903261,0.1442214598480195,-11.59889843961994,-1.999997693135315,0.1599643008852838,0.004675756980489939,0.015742841037264282
1786799138.410771,-11.597437318888359,-1.9957046780404488,0.1448235951183585,-11.59890297603776,-1.99999779153921,0.1604965339972594,0.004536405448462034,0.01567293887890092
1786799138.643937,-11.598078545639511,-1.995588189624914,0.145314082932282,-11.598990875907822,-1.9999984742969248,0.164339377025387,0.0045036604453098815,0.019025294093104994
1786799139.044052,-11.594922650423257,-1.9956012339121962,0.15775079642597087,-11.59912862620866,-1.999999643971556,0.1712165706768612,0.006085740986739103,0.013465774250890322
1786799139.243966,-11.593890642366057,-1.995655473679308,0.15718083115085152,-11.599142199002728,-2.0000002378781945,0.1747420319878071,0.006815850867799504,0.017561200836955587
1786799139.377337,-11.593650240602761,-1.995683595803752,0.15986647557279143,-11.599137433809592,-2.0000006387111773,0.177116094278053,0.006981844222957028,0.017249618705261566
1786799140.043995,-11.59415008323996,-1.9959265294237636,0.17053582285122112,-11.599102345355249,-2.0000026661926222,0.1891294344988362,0.006414030793266188,0.018593611647615083
1786799141.077366,-11.59290261193536,-1.9952624852764749,0.19052212248897335,-11.599112057378196,-2.000006240776409,0.2079309507127084,0.007814117285446797,0.017408828223735046
1786799141.110676,-11.592965619023241,-1.99522377575806,0.1898967079017543,-11.599112164319054,-2.0000063697555825,0.2085386090305735,0.007788018003229172,0.018641901128819194
1786799141.777387,-11.612566328168965,-1.9863166272820836,0.19557927356998123,-11.59935071251932,-1.999770817750476,0.2127136083226818,0.01885915528752395,0.01713433475270057
1786799141.810663,-11.610544106866762,-1.9874216617553861,0.19678015100869356,-11.599379779199705,-1.9997508284824532,0.2130398335464053,0.01663281589031852,0.016259682537711734
1786799141.844024,-11.608438419466646,-1.988588860116077,0.19793918217343245,-11.59940702329352,-1.999733307079464,0.2133830464154089,0.014344504695377623,0.01544386424197644
1786799142.344066,-11.592989517938344,-1.9953765962981918,0.2065898689093598,-11.599585770229064,-1.999665715982242,0.2200389113652557,0.007868105994897042,0.013449042455895899
1786799142.877378,-11.593154733773018,-1.9946187873745573,0.21372729846522795,-11.599547435583752,-1.9996867835069103,0.228843941217258,0.008157893186264795,0.015116642752030063
1786799143.077387,-11.5932548123427,-1.9944799224030076,0.21574323950300936,-11.59953647111495,-1.9996884575461944,0.2323331735324234,0.008160151669473014,0.016589934029414027
1786799143.177402,-11.59342058318983,-1.9945130938291231,0.21609685502861997,-11.599533788798183,-1.9996886929549187,0.234099048666057,0.008009875724437277,0.01800219363743702
1786799143.310749,-11.59354094928902,-1.9945617308237669,0.2169480157659237,-11.599532591552132,-1.999688785031709,0.236470298285509,0.007885839325036158,0.019522282519585293
1786799143.377442,-11.593594263197986,-1.9945273374488701,0.21740838139933735,-11.599532734528877,-1.999688811737112,0.2376618343197677,0.007868053035916818,0.020253452920430348
1786799143.41075,-11.593654599864964,-1.9945021046784537,0.21826842472009092,-11.599532910603566,-1.9996888239907744,0.2382588497497604,0.00783942563995377,0.019990425029669467
1786799143.544109,-11.59355672261152,-1.9944492506384675,0.2239048048089255,-11.599534246253503,-1.999688913958936,0.2406539801023475,0.007948890526502841,0.016749175293422014
1786799143.777475,-11.593207652936304,-1.9942333540286377,0.227784303245329,-11.599537631733089,-1.999689363149865,0.2448660290436427,0.008356833556955785,0.017081725798313713
1786799143.877443,-11.593052929028929,-1.9942576350908519,0.22867612167993878,-11.599538869434443,-1.9996896630182115,0.246676886976957,0.008460162548527387,0.018000765297018217
1786799143.944065,-11.59318830831404,-1.9941869193027244,0.23182914822779588,-11.599539677515171,-1.9996898939867636,0.2478855937085971,0.008403726619913666,0.016056445480801235
1786799144.210788,-11.593226600795843,-1.9942866081736506,0.23612409292223366,-11.59954210101284,-1.999690972804332,0.252729106069768,0.008312201877496409,0.016605013147534348
1786799144.410882,-11.5930811053557,-1.9943118620297737,0.24105602207208623,-11.599542842380252,-1.99969184676271,0.2563680578330942,0.008408226989150974,0.015312035761007953
1786799144.44411,-11.593065144299988,-1.9943522913236087,0.24081292901601797,-11.599542895060663,-1.999691992565552,0.2569749173671463,0.008394859395525365,0.01616198835112831
1786799144.510813,-11.593100532786318,-1.99430783902059,0.2409610874012247,-11.599542959367298,-1.9996922836741773,0.2581888925873742,0.008396255384328475,0.017227805186149497
1786799144.944104,-11.592873532489424,-1.9942453338747808,0.25027478455658253,-11.599542937580528,-1.9996941362442693,0.2660856655541495,0.008612224540209754,0.015810880997566945
1786799145.177445,-11.592827415023763,-1.9942275279406534,0.25383479220658506,-11.59954307373063,-1.9996951160416447,0.2703403801633806,0.008659941772853662,0.01650558795679552
1786799145.37746,-11.592786476320052,-1.9941507741005438,0.2599723987811501,-11.599543317223263,-1.999695942002082,0.2739880319491465,0.00874092592621387,0.014015633167996422
1786799145.477459,-11.592793944640308,-1.9941608858264586,0.2592778284345791,-11.599543467331442,-1.9996963567655888,0.2758120305009418,0.00872911765736311,0.01653420206636269
1786799145.777481,-11.592983147552228,-1.9943916316184345,0.2658130643634292,-11.599543956640712,-1.999697651272201,0.2812844722198126,0.008437894314441575,0.015471407856383401
1786799146.110752,-11.592560038619416,-1.9942011252462457,0.2684277128161685,-11.599544483292112,-1.9996991350916755,0.2873654255499051,0.008888789548999123,0.018937712733736567
1786799146.244131,-11.59265824511572,-1.9941746681892127,0.27400582989246214,-11.599544683830509,-1.999699729520072,0.289797880970804,0.00882889239272383,0.015792051078341862
1786799146.310797,-11.592519029765123,-1.9942183596325171,0.2762755748905911,-11.59954478299136,-1.9997000280672577,0.2910141187935406,0.008911223104850218,0.014738543902949486
1786799146.344128,-11.592419248153506,-1.9941456868587386,0.2767829960975191,-11.599544832458363,-1.999700177808701,0.2916222398319866,0.009034728628953973,0.014839243734467489
1786799146.360816,-11.59241407128214,-1.9941448577557315,0.2772101621749121,-11.599544832458363,-1.999700177808701,0.2916222398319866,0.009039321647294532,0.014412077657074474
1786799146.744101,-11.592462805632147,-1.9942834389468542,0.28205351513392246,-11.599545434445924,-1.9997019961919416,0.2989197720077415,0.008917645066497514,0.01686625687381904
1786799146.944329,-11.592504990215899,-1.9943950947742886,0.28573012768113576,-11.599545747771836,-1.9997029127017252,0.3025685736908734,0.00881732375000002,0.016838446009737662
1786799147.477515,-11.593383472755091,-1.9953743446534047,0.2954148210448053,-11.599546618351685,-1.9997053727532803,0.3122987581161285,0.007532739743726744,0.016883937071323185
1786799148.010803,-11.593646612150593,-1.9958815907518084,0.30416318069264364,-11.599547519182073,-1.999707875587976,0.3220289428630452,0.007032862819766448,0.017865762170401533
1786799148.07749,-11.59360905335459,-1.9958067009747473,0.3040437625256942,-11.599547632482684,-1.999708189410872,0.3232452138654667,0.007105514342948117,0.01920145133977247
1786799148.877497,-11.593363526940738,-1.9959445370189264,0.3194965284174006,-11.599548922311632,-1.9997118878025428,0.3378405064494643,0.007242378602440537,0.018343978032063668
1786799149.144205,-11.593264999804822,-1.9959128989424462,0.3250353993867924,-11.599549399141605,-1.9997131577560785,0.3427055937380884,0.007344088920672919,0.01767019435129602
1786799149.294278,-11.59324417986346,-1.9958571217279477,0.3282172291013801,-11.59954964228314,-1.9997137974568209,0.3451381315435697,0.007391400679416794,0.016920902442189578
1786799149.327534,-11.593279179682998,-1.9958622952204261,0.3287995323984109,-11.59954970345341,-1.999713957797535,0.3457462654008481,0.007358992659543129,0.016946733002437153
1786799149.777572,-11.59269713139241,-1.9953942295919191,0.33929380697273687,-11.599550574972474,-1.999716216206623,0.3542601108114088,0.008102422921744451,0.014966303838671924
1786799149.927579,-11.592615389810767,-1.9953782022061466,0.3400765971118724,-11.599550829319297,-1.999716865136914,0.3566926291879752,0.008180728402977719,0.016616032076102794
1786799150.010872,-11.5926025669526,-1.9954333037188592,0.34288600127148866,-11.599551021675952,-1.9997173527807408,0.3585170157251109,0.008162971236448097,0.01563101445362225
1786799150.044267,-11.592597199487004,-1.9953888158056445,0.3432999694844474,-11.599551086099895,-1.999717515516883,0.3591251441114823,0.008191103723859087,0.015825174627034866
1786799150.177528,-11.592760807714248,-1.9956783491033492,0.34620797428449873,-11.599551345326342,-1.9997181674623508,0.3615576555623201,0.007901362758093685,0.015349681277821381
1786799150.294298,-11.592680161914243,-1.995621414263526,0.3474143548681392,-11.599551541358467,-1.999718657567533,0.3633820373696293,0.008000203632329148,0.01596768250149011
1786799150.360874,-11.592694321616445,-1.9955933013148766,0.3472298209276383,-11.599551672812996,-1.9997189848813437,0.3645982911641863,0.008002782661265853,0.017368470236547973
1786799150.444215,-11.592702743143452,-1.9955727350262566,0.35111928387690566,-11.599551871109558,-1.9997194767210889,0.3664226707800749,0.008006623544276056,0.015303386903169236
1786799150.460926,-11.592747660782635,-1.9955453014869688,0.3515148007085112,-11.599551871109558,-1.9997194767210889,0.3664226707800749,0.007982544522778665,0.01490787007156369
1786799150.67751,-11.592502232173798,-1.9954277829991254,0.3555417557899382,-11.599552339192543,-1.999720628969168,0.370679551742621,0.008254243484310047,0.015137795952682831
1786799150.744175,-11.592562735001229,-1.9954644251252067,0.3536335138094349,-11.599552474301351,-1.9997209593550191,0.3718958021523063,0.00818379735411624,0.018262288342871358
1786799150.77753,-11.592563348767843,-1.9955180793019944,0.35360996096182556,-11.599552542077983,-1.9997211247327915,0.3725039271633903,0.008155636947526138,0.01889396620156475
1786799150.911016,-11.592463060715534,-1.995496840087807,0.3580914835614306,-11.59955281462193,-1.999721787438209,0.3749364258487733,0.008253168516813441,0.01684494228734268
1786799150.944248,-11.592502827633895,-1.9955138074216379,0.36007875125880384,-11.599552883115772,-1.9997219534142647,0.3755445501160318,0.00821046740403964,0.01546579885722793
1786799151.110897,-11.592360680240091,-1.9954741884749814,0.3616934455142786,-11.599553227796443,-1.9997227851704773,0.3785851685786332,0.008353640777012492,0.016891723064354602
1786799151.210894,-11.592186670482226,-1.995412691385612,0.36411580200459914,-11.599553436384223,-1.999723285700016,0.3804095370703662,0.008535248279821706,0.016293735065767034
1786799151.24424,-11.592151737089385,-1.9953957745686013,0.3649452856022028,-11.599553506208462,-1.9997234527821044,0.3810176594334875,0.008574087987171531,0.01607237383128468
1786799151.277564,-11.592144934134131,-1.9953889986588333,0.3661138347454413,-11.599553576182208,-1.9997236199847264,0.3816257815572101,0.008583526025790213,0.015511946811768818
1786799151.294198,-11.592179355911751,-1.9953456335699795,0.3665408635022044,-11.599553576182208,-1.9997236199847264,0.3816257815572101,0.00857589002057046,0.015084918055005725
1786799151.377586,-11.592197954265089,-1.9954362640116408,0.3676489727265876,-11.599553786968787,-1.9997241222683453,0.3834501464826684,0.00851434103113028,0.01580117375608081
1786799151.410901,-11.59217059528625,-1.9954269518107677,0.366128381246555,-11.599553857527862,-1.999724289934505,0.3840582676304579,0.008542814306664046,0.017929886383902915
1786799151.427689,-11.592172984178605,-1.9954147939871114,0.365016251109245,-11.599553857527862,-1.999724289934505,0.3840582676304579,0.008546873505462545,0.0190420165212129
1786799151.460872,-11.592174185024795,-1.9954050161106287,0.36573686057338534,-11.599553928237922,-1.999724457721331,0.3846663885229846,0.008550917244363744,0.01892952794959929
1786799151.49438,-11.592157164136948,-1.9953835224554153,0.36717424855261843,-11.599554070112667,-1.999724793663856,0.3858826295227442,0.008576762426397757,0.018708380970125782
1786799151.527573,-11.592146816573354,-1.9953992186231326,0.36832132275228174,-11.599554070112667,-1.999724793663856,0.3858826295227442,0.008577762204012856,0.01756130677046247
1786799151.64425,-11.591996777971403,-1.9953763424094206,0.3701384840751861,-11.599554355719308,-1.9997254670168103,0.3883151087853372,0.008719625351253889,0.01817662471015108
1786799151.877698,-11.591709085732433,-1.9952725225274388,0.3750136318398639,-11.599554861516133,-1.9997266500735584,0.3925719402573974,0.009021942686871589,0.017558308417533475
1786799151.894273,-11.591724573693114,-1.9952446150070835,0.3758304016360878,-11.599554861516133,-1.9997266500735584,0.3925719402573974,0.009022308226193019,0.016741538621309615
1786799151.927669,-11.591721258488239,-1.9952416037235317,0.37764967801088795,-11.599554934407973,-1.9997268195824072,0.3931800583287856,0.009026828884837204,0.015530380317897663
1786799152.010908,-11.591695903341257,-1.995231589874091,0.3768405512919858,-11.599555154054082,-1.999727328860375,0.3950044113814613,0.009054252636182956,0.018163860089475514
1786799152.244251,-11.591858295988583,-1.9954298380265496,0.3795380905223326,-11.599555672163245,-1.999728521439524,0.3992612278554338,0.008816364276686113,0.01972313733310116
1786799152.310943,-11.591847674764788,-1.99542405274733,0.38130468517607047,-11.599555821616509,-1.999728863296347,0.4004774591367726,0.008828755390802608,0.019172773960702105
1786799152.610956,-11.591778459713804,-1.9955055383309344,0.3912334421563571,-11.599556502044456,-1.9997304080145968,0.40595048768906,0.008851410415370502,0.014717045532702921
1786799152.910948,-11.59153573292869,-1.9953574954643862,0.39439631808362113,-11.599557195039829,-1.9997319629653505,0.4114234953332342,0.009136729191423824,0.017027177249613057
1786799152.927671,-11.591502482287503,-1.9953622729561207,0.3947805665263225,-11.599557195039829,-1.9997319629653505,0.4114234953332342,0.009163655837014334,0.016642928806911705
1786799153.027612,-11.591529228432288,-1.9953664333002215,0.39769815836247235,-11.59955742884202,-1.9997324835899664,0.4132478272493616,0.009138621173427335,0.015549668886889245
1786799153.077603,-11.591524788400076,-1.9953387922991492,0.3961901419981409,-11.599557585495402,-1.9997328313017644,0.4144640477690129,0.009156058536902859,0.018273905770872012
1786799153.11096,-11.591484131483998,-1.9953497973453713,0.3971524498327706,-11.599557664060864,-1.9997330053440088,0.4150721578233726,0.00918664468829786,0.017919707990601996
1786799153.127748,-11.591473888589453,-1.9953244162431767,0.3979993011753218,-11.599557664060864,-1.9997330053440088,0.4150721578233726,0.009207773006115907,0.017072856648050805
1786799153.344259,-11.59152476439951,-1.995468025638435,0.4055551193316542,-11.59955821847188,-1.999734227158502,0.4193289245504891,0.009095980416794084,0.013773805218834867
1786799153.377629,-11.591555395988884,-1.995442665712332,0.40611895179486235,-11.59955829830952,-1.9997344021992225,0.4199370336918946,0.009081048817539615,0.013818081897032264
1786799154.077649,-11.59122174779675,-1.9953094378168168,0.41868417036004846,-11.599560012398864,-1.99973810738828,0.4327073080898353,0.00944138606074777,0.014023137729786861
1786799154.144249,-11.591190602306328,-1.9953182687116164,0.4176952056799804,-11.59956017948852,-1.999738463263514,0.4339235234217257,0.009465090706659504,0.01622831774174527
1786799154.744338,-11.591244343815967,-1.9955747080603607,0.4309518359575335,-11.599561713785024,-1.9997416898521856,0.4448694516017828,0.00930281572727083,0.013917615644249315
1786799154.961076,-11.5910575392795,-1.9955338463548016,0.4307293532656547,-11.599562237241734,-1.9997427749076655,0.4485180906498776,0.009489202653117998,0.017788737384222875
1786799155.077621,-11.590918674094201,-1.9954659887427495,0.4329393873950344,-11.599562589670876,-1.9997435011470408,0.4509505154632121,0.009644396760065007,0.018011128068177673
1786799155.110976,-11.590956306992688,-1.99541555883829,0.43277724669882706,-11.599562678221414,-1.9997436830646176,0.4515586215139966,0.009633394263974233,0.01878137481516956
1786799155.127661,-11.59095951848333,-1.9954336437315563,0.43260536944524935,-11.599562678221414,-1.9997436830646176,0.4515586215139966,0.00962241115996972,0.01895325206874726
1786799155.460987,-11.590819799193437,-1.9953465378171462,0.4400168786180691,-11.599563573432723,-1.9997455099309795,0.4576396785674101,0.009787979546663326,0.017622799949341017
1786799155.577658,-11.590849008570137,-1.9954555256172868,0.44277708497654356,-11.599563936436974,-1.9997462445862075,0.4600720992041176,0.009713919754374592,0.017295014227574068
1786799155.594329,-11.590824058555256,-1.995443556316174,0.443557263254081,-11.599563936436974,-1.9997462445862075,0.4600720992041176,0.009741590821648365,0.01651483595003661
1786799155.927698,-11.590569997843637,-1.995323556693069,0.45214067660501256,-11.599564855971249,-1.999748091002938,0.4661531453894725,0.010024169621223501,0.014012468784459942
1786799156.260997,-11.590233914281336,-1.9950968941048286,0.456573262625321,-11.599565792733983,-1.9997499515758443,0.4722341813393559,0.010427602758235167,0.01566091871403491
1786799156.327672,-11.590100089260527,-1.9950396343580583,0.4568424679858955,-11.599566077126418,-1.999750512448629,0.4740584894606292,0.010573424169180634,0.017216021474733667
1786799156.394377,-11.590080773986779,-1.995098713758069,0.45595209133639814,-11.599566172264725,-1.999750699668001,0.4746665918641462,0.010564741047345071,0.01871450052774809
1786799157.244333,-11.589647370975781,-1.9947091017109393,0.47279478050504214,-11.59956871813041,-1.9997556359039628,0.4905379844623174,0.011131066288726246,0.017743203957275244
1786799157.311022,-11.589689294015828,-1.994749978580541,0.474080906608762,-11.5995689184046,-1.9997560181522291,0.4917541755930892,0.011075532052976863,0.017673268984327195
1786799157.677731,-11.589516465354013,-1.9948330438887159,0.4806361803310814,-11.59957003261548,-1.9997581305121976,0.4984432101564098,0.011195119156563042,0.01780702982532839
1786799158.111004,-11.588701439127817,-1.9942596963769217,0.490524477746024,-11.599571378239396,-1.99976065022574,0.5063483986995839,0.012182613411590586,0.015823920953559945
1786799158.477761,-11.588532640018318,-1.9943465388627215,0.49875974647095095,-11.599572541265642,-1.9997628012903208,0.5130373752144851,0.012296963781165356,0.014277628743534165
1786799159.511098,-11.58770815670216,-1.9938916930547395,0.5156422048168762,-11.59957593684659,-1.9997689563368224,0.5318880143431027,0.01324335415381757,0.016245809526226562
1786799159.844542,-11.58757540588303,-1.9939037522237717,0.5225340746383582,-11.599577070929524,-1.9997709718898415,0.5379688210550804,0.01335905050885553,0.015434746416722156
1786799159.877825,-11.587592101982445,-1.9938862623499143,0.5217479619684187,-11.599577185413558,-1.9997711742081297,0.5385769001714107,0.013351944144195644,0.016828938202992028
1786799160.111088,-11.58729911375353,-1.9937625130378298,0.5278980036317208,-11.599577992264832,-1.999772594577747,0.542833446522995,0.013670842607964901,0.014935442891274242
1786799160.144457,-11.587378529096318,-1.9937484088700008,0.5283728442378677,-11.59957810832148,-1.9997727981048945,0.5434415236344022,0.013605991287830757,0.015068679396534557
1786799160.244401,-11.58737668485248,-1.9938267358524742,0.5282325844487721,-11.599578457669349,-1.9997734096064768,0.5452657537152471,0.013573731565455159,0.017033169266475023
1786799160.877743,-11.587045255187379,-1.9937701334471696,0.5381735294267134,-11.599580710564316,-1.9997773141370083,0.5568191590737878,0.013900498600682178,0.01864562964707439
1786799160.944514,-11.586898159004956,-1.9938106428198157,0.5406247047481532,-11.599580951762944,-1.9997777282852485,0.5580353009836966,0.01401639543869356,0.01741059623554342
1786799160.977788,-11.58684569432574,-1.9938403122661306,0.5420511349581117,-11.599581072655852,-1.9997779355813656,0.5586433715095803,0.014051520623928717,0.016592236551468575
1786799161.011178,-11.586794526360269,-1.9938195207769642,0.5423137779918111,-11.599581193742416,-1.999778143026796,0.5592514417724783,0.014106879238792572,0.01693766378066719
1786799161.111069,-11.586869909953144,-1.9939184441977493,0.5436260883674755,-11.599581558104695,-1.999778766168829,0.5610756510757802,0.01399747735606534,0.017449562708304667
1786799161.177855,-11.586773370897701,-1.9939172254126487,0.5452111974523712,-11.599581801946176,-1.9997791823032955,0.5622917893565303,0.014086108210266466,0.017080591904159115
1786799161.3111,-11.586738005332359,-1.9939890584690536,0.548455528048282,-11.599582291904763,-1.9997800163303336,0.5647240627109442,0.014089389287870754,0.016268534662662204
1786799161.344451,-11.586642603399149,-1.9939866584102997,0.5493001182028273,-11.599582414859317,-1.999780225194685,0.5653321303439626,0.014177592768514062,0.016032012141135255
1786799161.511093,-11.5866138581765,-1.9940335832494371,0.5505397093653692,-11.599583032494746,-1.9997812713533745,0.5683540877653576,0.014185746403949743,0.01781437839998834
1786799161.544443,-11.586687073297453,-1.993983698021266,0.5518875258016538,-11.59958315659055,-1.999781480777765,0.5689515753865988,0.014139421812579123,0.017064049584945007
1786799161.944416,-11.586400519602822,-1.9939827287525642,0.558576782279708,-11.59958466083933,-1.9997839964773787,0.575970763596463,0.014404037189592251,0.01739398131675507
1786799162.111109,-11.586219299449116,-1.9937536910811335,0.5641464549327586,-11.59958529583365,-1.999785045483107,0.5787968417937679,0.014663802210667872,0.014650386861009279
1786799162.344496,-11.58610734524392,-1.993673309749997,0.5657993261538938,-11.59958619645863,-1.999786516282908,0.5825966651829613,0.014800362299020844,0.016797339029067437
1786799163.01114,-11.585658554980267,-1.9935947963496155,0.5768403996046115,-11.599588862886227,-1.9997907602947096,0.593326202063859,0.015246096141759447,0.016485802459247467
1786799163.044477,-11.58565392980525,-1.9935946935020694,0.5775398607480505,-11.599588998801169,-1.9997909744188027,0.5938539064298264,0.015250575238989443,0.016314045681775857
1786799163.077881,-11.585638194881023,-1.9935816698948,0.5790003077215609,-11.599589135185733,-1.999791188722059,0.5943830569210573,0.01527045708063995,0.015382749199496448
1786799163.211176,-11.58565135611493,-1.993664877191967,0.5814965809017697,-11.5995896833068,-1.9997920478709048,0.5965297161876375,0.015225609525941729,0.015033135285867805
1786799163.244457,-11.585655006294603,-1.9936483190888956,0.581760058077366,-11.59958982025042,-1.9997922629910732,0.5970669616899992,0.015229152525874355,0.015306903612633205
1786799163.277775,-11.585613717457074,-1.9936255487875334,0.582439407308982,-11.599589957351917,-1.9997924781177323,0.5975952683870046,0.015276331331896124,0.015155861078022581
1786799163.344475,-11.585529830968731,-1.9935803910456453,0.5818948069263948,-11.599590232955876,-1.999792908641384,0.5986407276381706,0.015371736366379132,0.01674592071177572
1786799163.377855,-11.585491575061507,-1.9935923380977811,0.5821750635812534,-11.599590371526448,-1.9997931240819995,0.5991627188620559,0.015402136494068184,0.016987655280802483
1786799163.877828,-11.585553635237282,-1.993785128827395,0.594753308660872,-11.59959247502278,-1.999796375770476,0.6070704254571035,0.01527167680163397,0.012317116796231597
1786799163.911178,-11.58554672126184,-1.993768705018884,0.5933572475277612,-11.599592618995494,-1.9997965929984232,0.6075779421376486,0.015284720365061922,0.014220694609887397
1786799163.97793,-11.585498929994102,-1.993810117533127,0.5929208062902939,-11.599592908911967,-1.9997970281636688,0.6086051138849871,0.015312848873913482,0.015684307594693192
1786799164.011173,-11.585577034601304,-1.993769277410477,0.5942609749668144,-11.599593054405872,-1.999797246289398,0.6091240847672763,0.015257300546534977,0.014863109800461904
1786799164.04449,-11.585504744200387,-1.993786888524284,0.595580071202249,-11.599593200041715,-1.999797464783032,0.6096449762006724,0.01531703675504127,0.014064904998423389
1786799164.077806,-11.585481806696125,-1.9937931021434627,0.5961296516772571,-11.59959334582584,-1.9997976835492857,0.6101624141858011,0.01533592300673905,0.014032762508544017
1786799164.111208,-11.585497940518959,-1.9937996491627732,0.595776517796288,-11.599593492007042,-1.999797902468265,0.6106733598303622,0.01531873410142109,0.014896842034074154
1786799164.277872,-11.585590754878725,-1.9939345961289023,0.5959431273432877,-11.599594231399625,-1.999798996700029,0.6131246239438287,0.015181849318512644,0.017181496600541024
1786799164.311196,-11.585584289452138,-1.9939126971251542,0.5967889803655438,-11.59959438074914,-1.99979921548088,0.6136024597227997,0.015196504746245001,0.016813479357255856
1786799164.344546,-11.585544269878575,-1.993906990825761,0.5977259472581736,-11.599594530530355,-1.9997994342921903,0.6140793490298672,0.015235836517501468,0.016353401771693532
1786799164.377891,-11.585567366338932,-1.9939114057601248,0.5984635162386401,-11.5995946807306,-1.9997996532194464,0.6145581881729492,0.015213053841517927,0.016094671934309024
1786799164.47781,-11.585539110409533,-1.9939052712313443,0.5995451897653212,-11.599595133747522,-1.999800311412167,0.616011704469071,0.015242155057983627,0.016466514703749824
1786799164.644477,-11.585469004137735,-1.9940135600808568,0.6011149379997242,-11.599595896158576,-1.9998014154437356,0.6184945044731873,0.015266576167238283,0.01737956647346317
1786799164.677813,-11.585440096936953,-1.994020470355679,0.6025386061818772,-11.599596049529527,-1.9998016377451613,0.6190070441134403,0.015290941442188071,0.016468437931563162
1786799165.111175,-11.584837306801761,-1.9936549249617446,0.609354555720048,-11.599598051113016,-1.9998045361956565,0.6253461427635115,0.015990537544138643,0.015991587043463484
1786799165.144569,-11.584820992108956,-1.993599119722357,0.6089766800567518,-11.599598207058529,-1.9998047591937416,0.6258384829360745,0.016027352960320616,0.016861802879322707
1786799165.177823,-11.584783619782806,-1.9935730130509606,0.6073137705531052,-11.599598363316924,-1.9998049826005264,0.626337499325733,0.016072152016714667,0.019023728772627813
1786799165.211143,-11.584732203786139,-1.9935428244983133,0.609698580933886,-11.599598519872094,-1.9998052064817573,0.6268430970740225,0.016131484186958592,0.017144516140136568
1786799165.277818,-11.584747816280098,-1.993527388098329,0.6119093828439033,-11.599598832877003,-1.999805655728495,0.6278627066813861,0.016123564692633763,0.015953323837482825
1786799165.311214,-11.584749059161679,-1.9935228971958205,0.6122969103097237,-11.599598989372884,-1.9998058807793864,0.6283618301326217,0.01612440107380855,0.01606491982289804
1786799165.544636,-11.584701267166826,-1.9936431444608813,0.6166943049510877,-11.599600092507464,-1.9998074530418024,0.6316171872461132,0.016123699848720578,0.014922882295025475
1786799165.911224,-11.584359003984206,-1.9935123194235251,0.621161744327664,-11.599601846560812,-1.9998099073348448,0.6363080060831776,0.01649253962602503,0.01514626175551359
1786799166.444568,-11.584013189065972,-1.9933299744442483,0.6294664612369726,-11.599604441576734,-1.9998135781452373,0.6442082638326976,0.01688562322823174,0.014741802595724995
1786799166.611219,-11.583970902715581,-1.9933861623750464,0.6294012182241179,-11.59960524865854,-1.9998147380046656,0.6467887600536694,0.016904418289010344,0.01738754182955149
1786799167.911258,-11.583089932563476,-1.9926862957734222,0.6493514813177297,-11.599611762978377,-1.9998238278046043,0.6660616151646834,0.017997645505867695,0.016710133846953745
1786799167.944628,-11.583011077584613,-1.9927100599413357,0.6502645222414757,-11.599611934019656,-1.999824062548353,0.6665419984471356,0.018060937613245266,0.01627747620565989
1786799168.111246,-11.58309736394571,-1.992789413204896,0.6522398593117835,-11.599612795511415,-1.9998252400891048,0.6690035334796985,0.0179516667679096,0.01676367416791502
1786799168.144593,-11.583053874863651,-1.9928347661812316,0.6520884004370939,-11.59961296836852,-1.999825476801626,0.6695067370307972,0.017974248598511152,0.017418336593703287
1786799168.444555,-11.582995005550453,-1.9928851536158338,0.6606276378981473,-11.59961452124548,-1.9998276163434083,0.6739198807507365,0.018011276763766557,0.013292242852589231
1786799168.611236,-11.583104472508875,-1.9930738351836499,0.6595655968861848,-11.59961539678162,-1.9998288019633037,0.676176374606525,0.017839288005257133,0.016610777720340253
1786799168.644542,-11.583044737054927,-1.9930777289388684,0.659558447994739,-11.599615572921191,-1.999829038383179,0.6766061288860027,0.017893372530619442,0.01704768089126374
1786799168.711219,-11.582955259237753,-1.993100427480083,0.6597924119398908,-11.599615926173538,-1.999829511194303,0.6774760980000077,0.01796826063864087,0.017683686060116943
1786799168.944548,-11.582758076223366,-1.9930092791160188,0.6677653945895512,-11.599617173446449,-1.999831178601371,0.6807394158913419,0.018187013822109896,0.012974021301790706
1786799170.011241,-11.582834905710516,-1.9935588978284104,0.6803437022668091,-11.599623016247405,-1.99983889565177,0.6946721102310612,0.01792425808953262,0.014328407964252166
1786799170.311388,-11.58299359715736,-1.9938268370707755,0.684917362943977,-11.599624700643076,-1.9998411088470724,0.698801629012687,0.01768516520001345,0.013884266068710072
1786799170.677902,-11.582307643230308,-1.993509413962627,0.6894160874642399,-11.59962678340649,-1.999843814931877,0.7036997479165112,0.018441183586784378,0.014283660452271363
1786799170.711328,-11.58231164908301,-1.9936268708182217,0.688541065531784,-11.599626974021206,-1.9998440613929376,0.7041500647647139,0.018397661165420708,0.01560899923292991
1786799170.744675,-11.582327511388032,-1.993564445635669,0.6882130299025003,-11.599627164855413,-1.9998443081223407,0.704604294049393,0.018404202860840692,0.016391264146892626
1786799170.777935,-11.582252893209972,-1.9935605213605183,0.6892535252011432,-11.59962735590934,-1.999844555183079,0.7050641510951269,0.018475958301933455,0.015810625893983632
1786799170.811275,-11.582274828587556,-1.9935826393740241,0.6894478307366938,-11.599627547201845,-1.999844802660656,0.7055306641137608,0.018448076656798748,0.016082833377066952
1786799170.877921,-11.582223589855335,-1.993559751974348,0.6895389688831404,-11.599627930521216,-1.999845298974861,0.7064768093077879,0.01850457173537596,0.01693784042464752
1786799170.944693,-11.582268223718996,-1.9935438927967264,0.6916280217910815,-11.599628314709154,-1.999845796440338,0.7074088489595287,0.01846853401653523,0.015780827168447198
1786799170.977986,-11.58229569534851,-1.993561731130602,0.6938468493581469,-11.59962850713,-1.999846045571005,0.7078752648695148,0.018436891609986926,0.014028415511367909
1786799171.011272,-11.58230771546539,-1.9935627346285016,0.6944107917808232,-11.599628699778744,-1.9998462950088929,0.7083452591521868,0.018425515695292854,0.013934467371363612
1786799171.211254,-11.582134177541954,-1.9936239076807005,0.6988396117692004,-11.599629860492426,-1.9998477972577997,0.7111904372431203,0.018569752916270714,0.012350825473919858
1786799171.277984,-11.582015142378554,-1.993581073536086,0.6977503477498048,-11.59963024898669,-1.99984829812264,0.7120867543003799,0.01869679343722684,0.01433640655057511
1786799171.344667,-11.581920636523494,-1.9935859953436976,0.6987205213571673,-11.59963063803174,-1.9998487974666463,0.7129394672782512,0.018784750300531575,0.014218945921083859
1786799171.41125,-11.581927935932633,-1.9936522031996482,0.6969874168906175,-11.599631027663976,-1.9998492956538416,0.7137876010472474,0.018756423212707193,0.01680018415662987
1786799171.444691,-11.581902888730513,-1.993673163221683,0.6974209431395582,-11.599631222738408,-1.9998495445900573,0.7142175314255208,0.01877342572635823,0.016796588285962644
1786799171.477979,-11.581827842162763,-1.9936357504576083,0.6987409458485756,-11.599631418007624,-1.9998497935991395,0.7146542029875138,0.01885687262057285,0.015913257138938208
1786799171.678018,-11.581500302082329,-1.993805357897017,0.7001817193067038,-11.599632594326456,-1.9998512955491965,0.7174388688565146,0.019113696244328987,0.017257149549810835
1786799171.944667,-11.58131199498208,-1.993923932149638,0.7056227926072207,-11.599634174354842,-1.9998533160351517,0.7211104256174635,0.019257721833836824,0.015487633010242807
1786799172.244663,-11.581090512514004,-1.9939768288733368,0.7109834164989776,-11.59963596801182,-1.99985559691696,0.7252505080625052,0.01945491797289734,0.014267091563527678
1786799172.377984,-11.581001747834028,-1.9940013812919877,0.7134503134553657,-11.599636770687464,-1.9998566142524845,0.7270551310489667,0.019533249339773923,0.013604817593600993
1786799172.544683,-11.58087493953012,-1.9940177733763969,0.7136845531707057,-11.59963777777686,-1.999857883100784,0.7292061417089302,0.019650724685522883,0.015521588538224496
1786799172.578054,-11.580947966757902,-1.9939666560754281,0.7139752092211665,-11.59963797967635,-1.99985813655148,0.7296320978005293,0.019596584526173248,0.01565688857936276
1786799172.611384,-11.580868626339942,-1.9939587605479947,0.7151201609722493,-11.599638181762703,-1.9998583901084996,0.7300635785280994,0.019674903804574952,0.014943417555850158
1786799172.644665,-11.580970595471562,-1.993934724905972,0.7165094160499494,-11.59963838404406,-1.9998586438352104,0.730498804190417,0.019585176682063214,0.013989388140467574
1786799172.678037,-11.580955108280314,-1.9939584217345294,0.7177523282900851,-11.599638586526234,-1.9998588977778176,0.7309368218561606,0.019593059406412237,0.013184493566075539
1786799172.811336,-11.580910557065057,-1.9939752654368166,0.7157799807966565,-11.599639398635045,-1.9998599168893576,0.7327272769305334,0.019631572256740212,0.01694729613387691
1786799172.844674,-11.58094247236125,-1.9939869858942085,0.7151861231711674,-11.599639602204348,-1.999860172468415,0.7331741167278059,0.019597882153566743,0.017987993556638493
1786799172.878017,-11.58105483428347,-1.9939361342463615,0.7154607862360034,-11.599639805957905,-1.9998604281381291,0.7336107859579076,0.019506368966456772,0.01814999972190423
1786799172.911399,-11.581107555101545,-1.993953824763063,0.71717887779969,-11.599640009893514,-1.999860683879909,0.7340426133950807,0.01945103763922818,0.016863735595390672
1786799172.944731,-11.581149821001969,-1.9939612678631704,0.7187930305122165,-11.599640214016336,-1.9998609397295093,0.7344741569614927,0.019408780537587753,0.015681126449276106
1786799173.24471,-11.580941683166783,-1.9939154934538705,0.7251038560238668,-11.599642058524193,-1.9998632400415035,0.7381279300151595,0.019623448422199555,0.013024073991292684
1786799173.278023,-11.580926332109042,-1.9939230539128658,0.7257525740353942,-11.599642264045908,-1.9998634938686903,0.7384869983133957,0.01963606210863436,0.012734424278001533
1786799173.311395,-11.580929919802099,-1.9939333748650505,0.725484620053261,-11.599642469622008,-1.999863747045428,0.7388275931573889,0.01962979457254678,0.013342973104127909
1786799173.411404,-11.581065871658886,-1.9939113765034786,0.7227569649502613,-11.599643086528252,-1.999864502185798,0.7397496694439868,0.019507757884802232,0.016992704493725475
1786799173.444684,-11.581093953536465,-1.9939087596656075,0.7221159031843276,-11.599643292165078,-1.99986475219679,0.7400204078650259,0.01948208948214917,0.017904504680698263
1786799173.511355,-11.581203962394286,-1.9939314656665605,0.7224562471351265,-11.599643703409216,-1.9998652498175884,0.7405242723279164,0.019370953591619788,0.018068025192789938
1786799173.544712,-11.581210900521816,-1.9939159027470175,0.7228083753287513,-11.599643909034356,-1.9998654976294048,0.7407638229733462,0.01936939550135468,0.01795544764459489
1786799173.611348,-11.581262361037913,-1.9938767504756345,0.7267443039839829,-11.599644320378331,-1.9998659921981077,0.741241501798376,0.01933306612007028,0.01449719781439307
1786799174.04472,-11.581278119208655,-1.9940183743904187,0.7271661123017931,-11.599646998998477,-1.9998692012753017,0.7436992956194248,0.01927817211173823,0.01653318331763176
1786799174.27805,-11.581383931214278,-1.9941797849978884,0.729938283094898,-11.599648441300603,-1.999870906254528,0.744256452682972,0.019130634852279692,0.01431816958807397
1786799174.344737,-11.581439935644685,-1.9941892524091605,0.7279066648132784,-11.599648853089205,-1.9998713900525773,0.7443485299068688,0.019074888274904164,0.01644186509359047
1786799174.64475,-11.581216500170665,-1.9940703707639513,0.7279923382426347,-11.599650645330696,-1.9998737418380856,0.7443209624095899,0.019326065911229397,0.01632862416695524
1786799174.661379,-11.58119821404188,-1.9940884290505838,0.7271096881114653,-11.599650645330696,-1.9998737418380856,0.7443209624095899,0.01933809878239618,0.017211274298124635
1786799174.777998,-11.58126407350991,-1.9941014830958386,0.7287535495474773,-11.599651431840794,-1.9998748302885616,0.7441598331966519,0.019272428082523604,0.015406283649174624
1786799175.011447,-11.581253703971468,-1.9940137574940426,0.7297040106913155,-11.599652477950563,-1.9998767636206984,0.743907325093307,0.019310352787430925,0.014203314401991518
1786799175.511373,-11.58048610201231,-1.993377083167192,0.7283934047987882,-11.599654972118092,-1.9998808774752213,0.7435558224814829,0.020242157037566086,0.015162417682694662
1786799175.711396,-11.58060243092424,-1.9934614573797271,0.732590518639952,-11.59965635171032,-1.99988278352105,0.7435945992815195,0.02010684775730667,0.011004080641567549
1786799175.744761,-11.580630549395165,-1.9934434636878526,0.7329484865225353,-11.599656614295132,-1.9998831309256395,0.7435909125256909,0.020086325191810545,0.01064242600315557
1786799175.894806,-11.580674114610915,-1.9933544008466133,0.7294804520060889,-11.599657736588249,-1.9998845792351712,0.7435802139345826,0.02007538625194316,0.014099761928493715
1786799176.078032,-11.580477558406594,-1.993106504219367,0.7255475946306469,-11.59965959359964,-1.999886909118696,0.743624744536347,0.0203451312295125,0.018077149905700085
1786799176.111389,-11.580502633424377,-1.993134637651785,0.7262954156701672,-11.59965990568713,-1.9998872969572965,0.743636419704524,0.020312545095224892,0.01734100403435679
1786799176.211414,-11.58047116266936,-1.99314846905015,0.7285269151725248,-11.599660846496665,-1.999888460052463,0.7436835462451933,0.0203389145261783,0.015156631072668514
1786799176.24478,-11.580441589140138,-1.9931754121757868,0.7288999156565802,-11.59966115807206,-1.99988884542517,0.7437091507067924,0.02035834020549841,0.014809235050212255
1786799176.261444,-11.580447625290482,-1.9931788723687296,0.7286079834087953,-11.59966115807206,-1.99988884542517,0.7437091507067924,0.02035150069078238,0.015101167297997153
1786799176.294779,-11.580426820469688,-1.9932075445612443,0.7280640974332055,-11.59966145530006,-1.9998892256270149,0.7437401790745849,0.02036212265267171,0.015676081641379347
1786799176.478131,-11.58051502601532,-1.9933337840713268,0.7298143608150048,-11.59966294814808,-1.9998913974415864,0.7439688702581964,0.020239694046996798,0.01415450944319152
1786799176.544683,-11.580457900165593,-1.9933689570643105,0.7276088683513039,-11.599663385651729,-1.9998920721099585,0.7440374940613671,0.02028303977851799,0.016428625710063205
1786799176.661399,-11.58044386814221,-1.9934059208719106,0.7273232836331641,-11.599663983053404,-1.999893066466417,0.7441140203492391,0.020285361105088325,0.016790736716075005
1786799176.84474,-11.580300443299702,-1.9933015545342867,0.728941578737752,-11.599665318833148,-1.9998951042068476,0.7440688068046329,0.02045661999721332,0.015127228066880938
1786799176.9114,-11.580285331414649,-1.9932938078668265,0.7291703845446258,-11.599665808575134,-1.9998957945670293,0.7440379867083551,0.020474108609601204,0.014867602163729288
1786799177.011381,-11.58021996552801,-1.9932665068974507,0.7286902699197794,-11.59966657842084,-1.9998968383270448,0.7439927234036287,0.02054585232765607,0.015302453483849288
1786799177.144922,-11.580185479579875,-1.9932368827643847,0.7288219220513334,-11.599667657052864,-1.999898245229848,0.743924449759661,0.020589535909906514,0.01510252770832754
1786799177.29478,-11.58015298402988,-1.9932551463433417,0.7298491717891192,-11.599668779063265,-1.9998996720016449,0.7438694244716701,0.02061591562383168,0.014020252682550916
1786799177.328126,-11.580180570286515,-1.9932772450401608,0.7306248143022134,-11.599669078032896,-1.9999000464658767,0.7438804661744619,0.02058308608798041,0.01325565187224853
1786799177.411416,-11.58015997861248,-1.9932744673889728,0.7290238387239646,-11.59966998778904,-1.9999011741692208,0.7439157736335711,0.020604700939854753,0.014891934909606497
1786799177.44484,-11.580161368319093,-1.9932794582121924,0.7287715608806075,-11.5996703077378,-1.9999015667419404,0.743915191357245,0.020602209556805303,0.015143630476637582
1786799177.478104,-11.580168113874574,-1.9932879333938636,0.7284470501575647,-11.599670650078457,-1.9999019835284828,0.7439136313648014,0.020593556700264217,0.015466581207236652
1786799177.511418,-11.58012622103765,-1.9932581120039983,0.7286633467453221,-11.599671001359576,-1.9999024088897104,0.7439095352397161,0.020643282658962654,0.015246188494394075
1786799177.544793,-11.580124330420572,-1.9932656541164158,0.7289202470080512,-11.599671353526237,-1.999902832832644,0.7439035982367425,0.020643116373370702,0.01498335122869121
1786799177.611448,-11.58006931408019,-1.9932697544367928,0.7282548226072849,-11.599672050746795,-1.999903670671445,0.7438882902527731,0.020694833399394055,0.01563346764548823
1786799177.744785,-11.580181930595826,-1.9933960757720754,0.7291027762238954,-11.599673434450738,-1.9999053179651876,0.7438531095983578,0.02054967047070677,0.01475033337446241
1786799177.844753,-11.580201225759618,-1.9934033374809308,0.7295167534868107,-11.599674459334365,-1.9999065364729811,0.7438314196922667,0.020530426760952816,0.014314666205456072
1786799177.878081,-11.580223845287923,-1.9934352505792299,0.7292756612282679,-11.599674796697965,-1.9999069388457893,0.7438247197069687,0.020499323397988375,0.014549058478700805
1786799177.894847,-11.58022341503294,-1.9934350620599195,0.7287970152849672,-11.599674796697965,-1.9999069388457893,0.7438247197069687,0.020499791165032685,0.01502770442200152
1786799177.944788,-11.580271197873206,-1.9934896722460942,0.7268641059053981,-11.59967546732213,-1.999907740487807,0.7438106624666154,0.020438132811041516,0.016946556561217352
1786799177.978104,-11.58025898927136,-1.9934784622172956,0.7258110135098067,-11.599675801238016,-1.9999081401000671,0.7438002237419155,0.020453687800116905,0.017989210232108754
1786799178.144689,-11.58026421879779,-1.9935052515018017,0.7304930688627294,-11.599677485256528,-1.9999101474187155,0.7437961961519015,0.020442544027210907,0.013303127289172156
1786799178.178063,-11.58026502336853,-1.9935062644453552,0.7291952344210405,-11.599677817811749,-1.999910547849984,0.7438233859390421,0.02044190387467621,0.014628151518001564
1786799178.211478,-11.580279853937872,-1.9935038515041539,0.7287355830807316,-11.599678133503126,-1.9999109425563952,0.7438585210184805,0.020429000608043448,0.015122937937748882
1786799178.311447,-11.580284712134693,-1.993501312471569,0.7281841095142931,-11.599678993756008,-1.9999120980451528,0.7439331816848129,0.02042636363323978,0.015749072170519796
1786799178.344768,-11.580275819749618,-1.9934853035097808,0.7282709554653992,-11.599679276679844,-1.9999124797713788,0.7439433675659983,0.020440223470910793,0.01567241210059911
1786799178.578126,-11.580173532930418,-1.9934421033339422,0.7294927473692862,-11.599681364783567,-1.9999151841505225,0.7439691223865975,0.020553741237757984,0.01447637501731136
1786799179.278151,-11.58016772503318,-1.9936984744517863,0.7255583507348767,-11.599051670719591,-1.9999378230273248,0.7437294613563198,0.019888008330006764,0.018171110621443054
1786799180.07818,-11.56270527812268,-1.9943243515094689,0.7273510182276224,-11.587555490764643,-2.000134013768445,0.7444956819065536,0.025520290827382268,0.017144663678931193
1786799180.094835,-11.562038162778798,-1.994335585964409,0.7275659101851242,-11.587555490764643,-2.000134013768445,0.7444956819065536,0.02616783889693277,0.0169297717214294
1786799180.311581,-11.553176135747478,-1.9944963094490247,0.7292990601095193,-11.582229969536732,-2.0002154207336016,0.7450768858392118,0.02961137436423653,0.01577782572969255
1786799180.328167,-11.552369524115118,-1.9945089496809196,0.7300238241782239,-11.582229969536732,-2.0002154207336016,0.7450768858392118,0.030400822565388938,0.015053061660987965
1786799180.361501,-11.551101703614583,-1.9945537401814684,0.7296344584874024,-11.581412845559688,-2.000227509286223,0.7451447812064711,0.03083759040311699,0.015510322719068714
1786799180.444809,-11.547449503670972,-1.9945055443103508,0.7293176757651187,-11.57886632832434,-2.000264497002978,0.745253921752429,0.03194029441655766,0.01593624598731025
1786799180.461523,-11.546621148564954,-1.9945432385520179,0.7297899623835558,-11.57886632832434,-2.000264497002978,0.745253921752429,0.0327488078558255,0.015463959368873237
1786799180.578122,-11.54126147260767,-1.9946478807050834,0.7308211681989368,-11.575224021205106,-2.0003156346079707,0.745311464417623,0.034432225335241096,0.014490296218686138
1786799180.594804,-11.540406376924565,-1.994645928238929,0.730405877667183,-11.575224021205106,-2.0003156346079707,0.745311464417623,0.03527625155196333,0.014905586750439959
1786799180.678134,-11.536278029945665,-1.9946192637267235,0.7267641578637696,-11.572310647952373,-2.000355098618764,0.7453655969736622,0.03648629005977538,0.018601439109892648
1786799180.911513,-11.5238888438907,-1.9948871444363587,0.7278115015331093,-11.564954162517834,-2.000449417415555,0.7455768307747123,0.04144030977976728,0.017765329241603012
1786799180.928177,-11.522988613683692,-1.9948746527166068,0.7276323151389167,-11.564954162517834,-2.000449417415555,0.7455768307747123,0.042334209457593426,0.017944515635795577
1786799180.961547,-11.521155759049988,-1.9948483741563432,0.7286605083669113,-11.563842546298266,-2.000463042128224,0.7456049443848165,0.04305445740006811,0.016944436017905184
1786799181.094826,-11.513337822245457,-1.9945995375801404,0.7310093207060725,-11.559241151086509,-2.0005177322516627,0.7456576419609128,0.04628326508425835,0.01464832125484028
1786799181.194889,-11.507385141596012,-1.9947239021703873,0.7308406975781637,-11.55562704338878,-2.000558817007738,0.7455464798849369,0.048593490507908225,0.014705782306773219
1786799181.37817,-11.49556912230034,-1.9946084906079997,0.7310510263421931,-11.548059084873604,-2.000639729385158,0.7450313905309989,0.0528353292043277,0.013980364188805772
1786799181.561551,-11.483457250619294,-1.9946072272172715,0.7296694460393198,-11.541450105757548,-2.000704837946441,0.7445014364104215,0.058312538134529864,0.014831990371101722
1786799181.711615,-11.473340214731373,-1.9943789383839206,0.7269072112489876,-11.534546269885618,-2.0007674820085866,0.7439972724795526,0.06153856252130736,0.017090061230565
1786799181.74483,-11.471015038973128,-1.9943789680402026,0.7269286639505512,-11.533127510752418,-2.000779693118388,0.7438915573776556,0.06244139998478285,0.01696289342710433
1786799181.878186,-11.461283874684865,-1.9942590556782516,0.7282372176431082,-11.527324427572564,-2.000827367853359,0.7434616391314527,0.06636638720423668,0.015224421488344464
1786799182.078207,-11.446527408033214,-1.994296216117433,0.7250797159965313,-11.518208455281307,-2.0008951389127843,0.7428899854711913,0.0719841532327942,0.017810269474660023
1786799182.111466,-11.443826272728653,-1.9943024956168915,0.7272162322632174,-11.516637869245663,-2.000905974658291,0.7427902993324187,0.07311042690893022,0.01557406706920128
1786799182.128208,-11.44253508385899,-1.9942868855515725,0.728629372536531,-11.516637869245663,-2.000905974658291,0.7427902993324187,0.07439781678695943,0.014160926795887652
1786799182.161506,-11.440157590027425,-1.994264669174816,0.7288358018675121,-11.515052771874096,-2.0009166695595466,0.7426888407926392,0.07519000846498382,0.013853038925127126
1786799182.194875,-11.437615182341744,-1.9942397907070988,0.7283408235440005,-11.51183916457214,-2.00093763463956,0.7424748871335054,0.07452557045391574,0.014134063589504864
1786799182.328216,-11.426911692940154,-1.9942667047264746,0.7272923528545192,-11.505237216304758,-2.0009777838321523,0.742084273940922,0.07861250659470077,0.014791921086402815
1786799182.361694,-11.424307016633124,-1.994288514802245,0.7253740740970723,-11.505237216304758,-2.0009777838321523,0.742084273940922,0.08120617919250402,0.016710199843849693
1786799182.394905,-11.421587316804452,-1.994252743202408,0.7240434159159919,-11.503546956118209,-2.000987452931408,0.7420177604078599,0.08223587289969637,0.017974344491868077
1786799182.494832,-11.413465996579298,-1.9942343360184183,0.7270473413140405,-11.498366349675786,-2.0010155952004607,0.7418860837979931,0.08517074281701678,0.014838742483952672
1786799182.644835,-11.400227685518972,-1.9941271908591918,0.7242692900504499,-11.489331499392147,-2.0010596726816368,0.7418558191863106,0.08937308851642034,0.017586529135860673
1786799183.211548,-11.345110511375378,-1.992396250017258,0.7279472240953,-11.455407013774316,-2.001176505053328,0.7436923839541986,0.11064543063288902,0.015745159858898572
1786799183.311623,-11.334781819253296,-1.9920776324135683,0.7274957757302914,-11.44897491348363,-2.001191060402505,0.7440958484208933,0.11455617547564807,0.01660007269060182
1786799183.344824,-11.33139783804651,-1.9920296486872544,0.7267433004738878,-11.446798822732472,-2.001195488297851,0.7442153971624915,0.11576441544039723,0.017472096688603722
1786799183.378203,-11.327511988725025,-1.9920409735579896,0.7263281307200565,-11.444605474709611,-2.001199708201731,0.7443266498705227,0.11745112549608464,0.01799851915046613
1786799183.394895,-11.32573466228579,-1.9919968321797359,0.7263002713054768,-11.444605474709611,-2.001199708201731,0.7443266498705227,0.11922651958929123,0.018026378565045853
1786799183.478184,-11.317069370193378,-1.9915158163126463,0.7312151006822935,-11.437918402254306,-2.001211109227812,0.7446620387680196,0.12123731791314935,0.013446938085726168
1786799183.844846,-11.28012823620328,-1.987474292475992,0.7330057020707533,-11.411982924705988,-2.001277673933304,0.7452143154944982,0.1325752323015207,0.012208613423744907
1786799183.861587,-11.278731456519237,-1.9872218663056171,0.7327687950387664,-11.411982924705988,-2.001277673933304,0.7452143154944982,0.13399074409074416,0.012445520455731884
1786799183.944842,-11.271725487183145,-1.985487613290842,0.7299071861501063,-11.404546090949026,-2.001283906971697,0.744623017111493,0.13375662854148523,0.014715830961386733
1786799184.094879,-11.254333351601591,-1.98457001835658,0.7286796326419263,-11.394501564672549,-2.0012456067686517,0.7436376209406782,0.1411566619199892,0.014957988298751945
1786799184.128257,-11.250098983664657,-1.984727214607308,0.727351542260127,-11.391969585203553,-2.001230095405243,0.7433637776412622,0.14282721258793452,0.016012235381135165
1786799184.344853,-11.21966276724726,-1.9869943187709225,0.7262260006266222,-11.373937996498013,-2.001102374296155,0.7417915634013824,0.15491895813965148,0.015565562774760178
1786799184.978191,-11.129188726787664,-1.9854902587841772,0.7268901995456718,-11.319195304856173,-2.0008900822878077,0.7415633797237166,0.19062962590648747,0.014673180178044753
1786799185.061592,-11.117509562694138,-1.9853444428441493,0.7251925489939465,-11.312888966272928,-2.0008768613969488,0.7417884584842779,0.19599583508050028,0.016595909490331406
1786799185.128273,-11.107094983683574,-1.985052978568295,0.7271887268081357,-11.306495891107192,-2.000864004674183,0.7420147441221564,0.20002677427755333,0.014826017314020667
1786799185.211569,-11.09517973417411,-1.9846649498678968,0.7276651109830051,-11.296742195559984,-2.0008450219057794,0.7423473117520726,0.2022108319825701,0.014682200769067455
1786799185.344909,-11.074350942052822,-1.9840169787278448,0.7267890599535491,-11.283429551460577,-2.000819879388589,0.7427822563428518,0.209752717223151,0.015993196389302633
1786799185.61162,-11.029975952144202,-1.9830209346020662,0.7265718124016394,-11.2557001472601,-2.000770059742941,0.7435348625947313,0.2264209436072257,0.016963050193091966
1786799185.7449,-11.007288353890292,-1.982367872257841,0.7301712829421542,-11.241292176466771,-2.000745858321554,0.7440711516516203,0.23472439019446287,0.013899868709466134
1786799186.078226,-10.94830863252664,-1.9786430821741336,0.7279824471897048,-11.20383818758711,-2.000688528813182,0.7449875027624991,0.2564787617463028,0.017005055572794303
1786799186.178204,-10.930468513735182,-1.9783581416013716,0.727995294745326,-11.19221750515837,-2.0006720425058435,0.7451230679936128,0.2626983910963877,0.01712777324828685
1786799186.311613,-10.905604623429415,-1.978017100665873,0.7295837382015099,-11.176502720870475,-2.000650456614133,0.7453312495126151,0.27184195408116624,0.01574751131110519
1786799186.361636,-10.895727646227142,-1.9776647557947564,0.730481978986372,-11.172540815541549,-2.0006451319286973,0.7453792746610503,0.2777654197216489,0.014897295674678235
1786799186.478215,-10.873518401393099,-1.9778716161037448,0.7302033443859223,-11.15656238634059,-2.000624073263761,0.7454021168144861,0.28395698921099705,0.015198772428563823
1786799186.561696,-10.858259685033277,-1.9779375553715877,0.7299676597007732,-11.148501237788317,-2.000613685158048,0.7453474308680553,0.2911260307972288,0.015379771167282175
1786799186.894948,-10.793045838550762,-1.9765356314561076,0.7273148632667847,-11.107693651273504,-2.000563573610821,0.7450200926132242,0.31556392071242184,0.017705229346439477
1786799187.128268,-10.747148330657604,-1.9754664738561218,0.7311964192750107,-11.078769212659642,-2.0005306221554866,0.7448001473834406,0.33256671647923897,0.013603728108429913
1786799187.36165,-10.702157852454436,-1.9739566311290573,0.7281394673819911,-11.045404337717043,-2.0004951648605958,0.7446859847622143,0.3442708866833696,0.01654651738022317
1786799187.394938,-10.695617367906314,-1.9737918264427126,0.7282171761880379,-11.041217504543049,-2.0004908801040453,0.7446560168440918,0.3466299091390421,0.016438840656053832
1786799187.428331,-10.688422621015642,-1.973815676793817,0.7284168951633959,-11.041217504543049,-2.0004908801040453,0.7446560168440918,0.35380191677654704,0.016239121680695856
1786799187.461619,-10.682037820778191,-1.9736821260554651,0.7299734569585028,-11.037028554875572,-2.000486624429369,0.7446280107875448,0.35600126745290406,0.014654553829042016
1786799187.528268,-10.669082498467876,-1.9736376693622935,0.7281901352125004,-11.028643646785511,-2.000478182560642,0.7445903266217344,0.36056155164998793,0.01640019140923399
1786799187.561735,-10.662635317445265,-1.9735878597552035,0.728114297896845,-11.024447123013047,-2.000473991722208,0.7445785026918329,0.3628093807226683,0.01646420479498789
1786799187.628267,-10.64966505651218,-1.9734215364630068,0.7312393603391628,-11.011839425238572,-2.0004614997245875,0.7445611506436345,0.3631823687564522,0.01332179030447167
1786799187.661684,-10.643337083493334,-1.9731658846434306,0.730176117568228,-11.011839425238572,-2.0004614997245875,0.7445611506436345,0.3695118759585173,0.014385033075406506
1786799187.794938,-10.617052442065853,-1.9724565356781685,0.7295591595213247,-10.994987667431417,-2.0004449407685265,0.7445405038798424,0.378970164249933,0.014981344358517723
1786799187.878279,-10.600418529781146,-1.9721298580080988,0.7269248087833083,-10.98232109391404,-2.000432479703547,0.7445211731079133,0.3829498751613773,0.017596364324604985
1786799188.028323,-10.570757107740368,-1.9713458766400862,0.7264796215528311,-10.965405054805965,-2.0004156710052245,0.7444525413688042,0.3957171402245818,0.017972919815973154
1786799188.294963,-10.513451746226409,-1.9719900653744415,0.7265505306874002,-10.931682637500892,-2.000350600123316,0.7435277645006335,0.41919136244380145,0.01697723381323335
1786799188.378316,-10.496399263953414,-1.9723450385492123,0.7255909384417213,-10.919125584333743,-2.000348197507563,0.7430259573528386,0.4236528282142578,0.017435018911117317
1786799188.428364,-10.486530269650515,-1.9723179949409435,0.727416239907229,-10.91494610266958,-2.0003512726614225,0.7428709950266135,0.4293320284362355,0.015454755119384433
1786799188.478305,-10.477698239314133,-1.9722853485333223,0.7293304551564394,-10.906593403806026,-2.000361623469393,0.7425843593746316,0.4298131446789565,0.01325390421819228
1786799188.528321,-10.467898246865516,-1.9720010770705667,0.729873435974135,-10.902419553597444,-2.0003682852815747,0.7424517635953144,0.4354462819978007,0.012578327621179386
1786799188.878304,-10.404079338956784,-1.9663172660444763,0.7250011227226291,-10.85656041019463,-2.0004385975995613,0.7413241137335504,0.4537657822000697,0.016322991010921384
1786799189.328344,-10.319254013387713,-1.9638547056705749,0.7236990994452472,-10.797817538806092,-2.000445668056588,0.7415240969768131,0.479960359185216,0.017824997531565856
1786799189.361713,-10.312581755995906,-1.9635494182025834,0.7255448197664045,-10.793609764717848,-2.0004442251322807,0.741587919345598,0.48244084813931004,0.016043099579193476
1786799189.428302,-10.300015412723392,-1.9634419360529711,0.7248890689855547,-10.785199934428997,-2.000441069649412,0.7417734807480653,0.48659321408090367,0.016884411762510543
1786799189.528358,-10.281172332703981,-1.9637020229776352,0.7271432790386448,-10.77680621648062,-2.0004376502917536,0.7420110317182799,0.49699341349929066,0.014867752679635027
1786799189.645056,-10.259886615091458,-1.9633197216882028,0.727021626564195,-10.760086123353846,-2.000430170329744,0.742583059931015,0.501574255184923,0.015561433366820032
1786799189.678296,-10.253654692323645,-1.9631401916826663,0.7263843997900253,-10.7559209794075,-2.000428152380059,0.7427170968225438,0.5036485035756313,0.016332697032518495
1786799189.728379,-10.243665235799789,-1.9630058193768818,0.7270945086377425,-10.751760226506711,-2.000426058286159,0.7428416459647588,0.5094710922726579,0.01574713732701627
1786799189.761704,-10.237429330133613,-1.9626118994790425,0.7276890717419836,-10.747602949016732,-2.0004238747353096,0.742959832836603,0.5115729340739974,0.015270761094619445
1786799189.911654,-10.209623368283488,-1.9629852093287556,0.7278704112465353,-10.72643327332637,-2.000410763132588,0.7435059617461885,0.5181632465043773,0.01563555049965326
1786799190.211769,-10.151375105950178,-1.9628386478095183,0.7268889972792264,-10.689100274009038,-2.000376312138772,0.7443545384908422,0.5390337954221648,0.01746554121161581
1786799190.278336,-10.139553772544838,-1.9622175431303077,0.7280168369159176,-10.680790363759357,-2.000367905862597,0.7444756331375143,0.5425794852794541,0.01645879622159674
1786799190.311701,-10.132562789039913,-1.9621249673173349,0.7275518448719902,-10.676629993121066,-2.0003635458531464,0.7445269853487259,0.5454093063426066,0.01697514047673565
1786799190.778373,-10.045224466549465,-1.9602484096140689,0.7262547256588391,-10.618104762723586,-2.0002749310236747,0.7451107537577595,0.5742768985086398,0.018856028098920397
1786799190.845029,-10.032346881080443,-1.960053868242618,0.7309365551802466,-10.60971852077011,-2.0002590366119093,0.7451445271729751,0.5787697866004571,0.014207971992728496
1786799191.211697,-9.958874457164434,-1.9579821151050656,0.7298489321715995,-10.563414308630197,-2.0001735805252223,0.7451485518933502,0.6060103561528852,0.015299619721750646
1786799191.244963,-9.952987273672267,-1.9576362296680134,0.7305484138668686,-10.559185577247732,-2.0001667557139013,0.7451582376836208,0.6076884307797136,0.014609823816752132
1786799191.278368,-9.94572276450223,-1.9575136768139407,0.731306755341289,-10.554954166603908,-2.000160199103001,0.745171050125395,0.6107222176817602,0.013864294784106002
1786799191.311809,-9.939207895288208,-1.9574444882513,0.7303575054153701,-10.550720212911068,-2.0001539270359223,0.7451837221855095,0.613001966363714,0.0148262167701394
1786799191.378396,-9.926114945828333,-1.95739391851542,0.7304761560547647,-10.542243826686835,-2.0001423056006566,0.7451821994550982,0.6176100893171514,0.014706043400333546
1786799191.411692,-9.92037466706159,-1.9572278944193722,0.7289250835812562,-10.538000087488706,-2.0001369843735266,0.7451663829336704,0.6191141655288345,0.01624129935241425
1786799191.545062,-9.894597121910616,-1.9567688865858424,0.7301874537267452,-10.52098458247179,-2.0001191775577505,0.7449892591836658,0.6278857367990022,0.014801805456920558
1786799191.678456,-9.870150105996704,-1.9563078937710272,0.7287988978264682,-10.503939287236973,-2.000107054739185,0.7447118800689003,0.6353007892004585,0.015912982242432094
1786799191.9117,-9.828383795840653,-1.9547986175444707,0.7276019163410518,-10.474198057150106,-2.000097005740048,0.7441878535660781,0.6474009608301432,0.016585937225026326
1786799192.045025,-9.8035329476129,-1.954287251983274,0.7292501277718036,-10.457268853576366,-2.0000945344453576,0.7438948850999159,0.6553387993034091,0.014644757328112212
1786799192.078444,-9.797129645138263,-1.9544180274785905,0.7285930309485038,-10.4530410245675,-2.0000939098233985,0.7438156911590571,0.6574998280552949,0.015222660210553296
1786799192.245016,-9.764763886047138,-1.9538376442288088,0.7311265086102184,-10.431902023358928,-2.000088839430135,0.7434462115625703,0.6687394614596898,0.012319702952351852
1786799192.27841,-9.758370460282029,-1.9537480963106613,0.7315951685224616,-10.427668222300982,-2.000087161894736,0.743392289779407,0.6708999949640664,0.01179712125694532
1786799192.478384,-9.719326711126559,-1.9521346440167415,0.7295828854398865,-10.402162243045057,-2.000069679404592,0.743211055482025,0.6845159832086114,0.013628170042138565
1786799192.511784,-9.713005987720832,-1.9522579766150132,0.7288745030116723,-10.39789439773022,-2.000065297113103,0.74321474874544,0.6865549315665816,0.014340245733767687
1786799192.611724,-9.694006855227807,-1.9509435887425044,0.7266699643879573,-10.385074647535909,-2.000049313176085,0.743270854730735,0.692810266766985,0.016600890342777674
1786799193.17841,-9.733656951818885,-1.9491047581702716,0.7315903922921937,-10.312721724562456,-1.99989712511755,0.7441552222547537,0.5812881175223442,0.012564829962560031
1786799193.245047,-9.720163146815985,-1.9485117046373972,0.7295074040670754,-10.304276167598404,-1.9998779768445571,0.7442475030144906,0.5863672185312063,0.014740098947415237
1786799193.311715,-9.706426670979797,-1.9479712417671795,0.7274528035444893,-10.295830581658729,-1.9998600800569044,0.744303556355771,0.591683548413065,0.016850752811281677
1786799193.345064,-9.699686221499876,-1.9478364511483754,0.7263989278847374,-10.29160533211474,-1.9998517335303567,0.744326738910915,0.5942001540830906,0.017927811026177687
1786799193.511721,-9.666332284947327,-1.9476702999283428,0.729876944558574,-10.270445738829247,-1.9998180303781807,0.7444932824851626,0.6063600011150242,0.014616337926588563
1786799193.945076,-9.58892984282263,-1.9466359605994397,0.7297258912539083,-10.215076737110884,-1.999816111669977,0.7445694282691694,0.6284011948546181,0.014843537015261088
1786799194.211765,-9.543250448772167,-1.946491315215796,0.7286390874514379,-10.180918691957812,-1.9998714958638717,0.7439987577566859,0.6398986107607116,0.015359670305247985
1786799194.511737,-9.485472975521672,-1.9463827097428659,0.7262374252859476,-10.142603402010108,-1.999943049505044,0.7434901163008448,0.659309568724976,0.017252691014897237
1786799194.711797,-9.446593965582034,-1.9471952731073796,0.726671903494351,-10.116898768419691,-1.999972516500492,0.7434496531358064,0.6723793320198106,0.016777749641455397
1786799194.745077,-9.44031284492134,-1.946994639153922,0.7271052642594888,-10.11260544427302,-1.999974972478867,0.7434761722917744,0.674376938263951,0.01637090803228558
1786799194.911742,-9.409205444037827,-1.9475654568405485,0.725572784030531,-10.091127799289106,-1.9999748098976595,0.7436666727913076,0.6839333585074767,0.018093888760776555
1786799195.111747,-9.37398031662558,-1.9466010101119438,0.7276799959666536,-10.06534939787564,-1.999946837764237,0.7439183993018845,0.6934241009919246,0.016238403335230966
1786799195.211771,-9.356315507165924,-1.9460512007061948,0.7274345061042947,-10.052525603041794,-1.9999230664857943,0.7441301397113685,0.6982912540781696,0.016695633607073823
1786799195.245158,-9.35033480952546,-1.945810815298877,0.727146620418997,-10.048268065310875,-1.9999140739767196,0.7442069059293874,0.7000271367102786,0.017060285510390405
1786799195.845065,-9.373482241178213,-1.9442013511872567,0.7275928300136759,-9.972007634260684,-1.999763777869667,0.7448923436767007,0.601098851623729,0.017299513663024735
1786799195.878461,-9.366939666476958,-1.9439387388673155,0.7273348657668915,-9.967751131032106,-1.9997607003884057,0.7449057510941421,0.603399127716443,0.017570885327250596
1786799196.378431,-9.290276845664792,-1.9437304047781043,0.7275313953579581,-9.903441514941186,-1.9998333069746288,0.7441240650284606,0.6157259514456915,0.016592669670502547
1786799196.54513,-9.261986708093433,-1.9446609541833946,0.7250960191617308,-9.882248032192964,-1.9998931850198685,0.7436188077963158,0.6227155927844399,0.018522788634585008
1786799196.711757,-9.23050680979872,-1.9451923888533766,0.7280133443476798,-9.86116236976506,-1.9999570121937384,0.743170263589935,0.6330289087285575,0.015156919242255151
1786799196.778446,-9.217653198546667,-1.9452558148680617,0.7250198285480413,-9.85271871306578,-1.9999812011550653,0.7430083716207976,0.6374190737934401,0.017988543072756324
1786799196.811802,-9.2112639627031,-1.9455049340355992,0.7259022127734929,-9.848489535617436,-1.999992671584739,0.7429408371719746,0.6395508926733094,0.017038624398481694
1786799196.878481,-9.19823840345535,-1.9454659285401221,0.7269741581904818,-9.840010018789435,-2.000013979569596,0.7428275704570775,0.6440856279405978,0.015853412266595646
1786799197.011904,-9.172678691204313,-1.9455774862187627,0.7269408050600628,-9.822957930372436,-2.0000480783176,0.7426558614477213,0.6525566138632499,0.015715056387658577
1786799197.111787,-9.153790315663047,-1.9457084380716108,0.7271753363671287,-9.810095380677224,-2.0000642883323905,0.7425403162745824,0.6585521215673329,0.015364979907453669
1786799197.145149,-9.147613792245886,-1.9458488778078906,0.7270462836771902,-9.80579500037982,-2.0000676351107134,0.7425088668008047,0.6604106119560067,0.015462583123614593
1786799197.345185,-9.111051948964818,-1.945250253596399,0.72795223904854,-9.779885989555211,-2.000064783923309,0.7423961477179968,0.6710764536082547,0.014443908669456773
1786799197.411827,-9.10038544500648,-1.9447818523448652,0.7279689479249153,-9.771224483741634,-2.0000552011552624,0.7423854673392785,0.6731122929941331,0.014416519414363171
1786799197.71178,-9.047005710445374,-1.9417869818019837,0.7286878563291039,-9.732451607576488,-1.9999715785980428,0.742352404597139,0.6879109863915517,0.013664548268035093
1786799197.811762,-9.02699744135343,-1.9408366824726726,0.7259202755927378,-9.719600262035677,-1.999936187124596,0.7423654174146327,0.6951197153491669,0.016445141821894937
1786799197.878634,-9.013347819540206,-1.9403583714671617,0.7258656544444767,-9.711038016126096,-1.9999128017040224,0.7423796095626093,0.7002273492037393,0.016513955118132584
1786799198.0119,-8.98573012281281,-1.938978540778895,0.7269164904062829,-9.69391135781152,-1.999869813916048,0.7424802177855935,0.7107942098445663,0.015563727379310555
1786799198.211833,-8.945970800326892,-1.9361437316694912,0.7257585082970333,-9.66823165793863,-1.999824959032948,0.7428242524070982,0.7250627870443773,0.017065744110064895
1786799198.545204,-8.888780805784387,-1.9354502907810966,0.7266240999041564,-9.625437064881018,-1.999831136824588,0.7435399742566121,0.7394642232072607,0.016915874352455673
1786799198.5785,-8.883721922704675,-1.9355151946809603,0.7254530777395307,-9.62116146905075,-1.9998378926412177,0.7436099522201404,0.740239484213042,0.018156874480609653
1786799198.611879,-8.87873490558185,-1.9354598338377023,0.7267411537029385,-9.616889662781476,-1.999845679269288,0.7436773881431332,0.7409574769636789,0.016936234440194764
1786799198.645173,-8.873897615660805,-1.9355713639237893,0.7281923398414211,-9.612623195413905,-1.999854452419832,0.7437435202463485,0.7415172268047067,0.015551180404927423
1786799199.011849,-8.814241740740655,-1.9345088656190872,0.7303599514783929,-9.566108004013977,-1.999991191849288,0.7446099414664636,0.7547124040964911,0.0142499899880707
1786799199.045221,-8.808242219719116,-1.93484800936561,0.7292764522240605,-9.561908025374278,-2.000004735830976,0.7447240030193207,0.7564770621886211,0.015447550795260279
1786799199.07863,-8.801650149784265,-1.9347988119496091,0.728466264927246,-9.557710836102338,-2.000018020450987,0.7448340302335708,0.7588684382376835,0.016367765306324777
1786799199.445163,-8.734982904237036,-1.9378965833637734,0.731274934340639,-9.51141399289875,-2.000123014494088,0.7453088565756293,0.7789206404837588,0.014033922234990337
1786799199.478584,-8.729138287053534,-1.9380149204972468,0.7301896757170572,-9.50717389548272,-2.0001270182509234,0.7453133265460784,0.7805109356512165,0.015123650829021229
1786799199.54521,-8.717418084918751,-1.9379826133067921,0.7298040051470338,-9.49867570507006,-2.000131543872708,0.7453209653613436,0.7837256909244285,0.015516960214309816
1786799199.578567,-8.711659229385265,-1.9379048069477827,0.7297716086479871,-9.494417660484858,-2.000131999252961,0.7453164540571986,0.7852279827665858,0.015544845409211527
1786799199.611836,-8.705371976534725,-1.9379818963837132,0.7299273031985004,-9.49015323449823,-2.000131235008233,0.7453049890235273,0.7872383140715696,0.015377685825026854
1786799200.111923,-8.619084990996887,-1.9335022056118116,0.728313092759154,-9.425888172787776,-1.9999950214769784,0.7444744767857604,0.8095385529482709,0.016161384026606385
1786799200.145252,-8.613311533141825,-1.9330258666592017,0.7282223990962005,-9.421618818229298,-1.9999809681462928,0.7444098769612174,0.8110756146874518,0.016187477865016953
1786799200.178537,-8.605420746589,-1.932598226169473,0.7298693737127351,-9.417348525430182,-1.9999668451050163,0.7443476487091913,0.8147178952688217,0.014478274996456264
1786799200.278604,-8.585755216818388,-1.9318131155161442,0.7313274086227339,-9.404522274335696,-1.999925159875968,0.7441692065229248,0.8215952440602519,0.01284179790019091
1786799200.311857,-8.579087716451795,-1.9314824897723126,0.731049504674637,-9.400239120209946,-1.9999118323011096,0.7441047621521273,0.8239976958783958,0.013055257477490256
1786799200.378513,-8.56567907544626,-1.9306375455552267,0.728548776474295,-9.391660163608517,-1.9998866014262575,0.7439405418800479,0.8288788751927116,0.015391765405752933
1786799200.845191,-8.480027138279853,-1.9264179512975033,0.7260033726693844,-9.331114133938533,-1.99981059150516,0.7428508245142015,0.8542456050902267,0.016847451844817063
1786799200.895227,-8.472388298020746,-1.9263585285987945,0.7254331935483798,-9.32675604922545,-1.9998137991782428,0.7428196785259841,0.8575196388855957,0.01738648497760431
1786799200.945215,-8.464650815097485,-1.926324956838202,0.7247615383632016,-9.3180329831429,-1.999823867293755,0.7427697225288001,0.8565414260711763,0.018008184165598573
1786799200.978562,-8.459290295329765,-1.9262842728613374,0.7247644394515409,-9.313672404029344,-1.9998306620638295,0.7427637635607722,0.8575417535202952,0.01799932410923133
1786799201.178687,-8.430325586487049,-1.9270858719010613,0.7294510661906244,-9.287679495224284,-1.9998917146068529,0.7430416738722916,0.8604396641015074,0.0135906076816672
1786799201.378605,-8.396757612177394,-1.9278274876096455,0.7293795460541335,-9.262011247738538,-1.999972648382992,0.7433020843438373,0.8682561707668938,0.0139225382897038
1786799201.411918,-8.390872694536851,-1.927946129902736,0.7283820795961126,-9.25774319826147,-1.9999864313201148,0.7433290096736432,0.869858767419219,0.014946930077530673
1786799201.445245,-8.384408940159318,-1.9281163388211582,0.7270599320146557,-9.253475638035676,-2.0000000073968667,0.74335278517062,0.8720345103065696,0.016292853155964293
1786799201.545298,-8.366952913310673,-1.9282928271859356,0.7258478737487145,-9.240667999794084,-2.0000385430323986,0.7434044737139197,0.8766558618357813,0.0175565999652052
1786799201.578633,-8.360304111515564,-1.9283716196032676,0.7264326062259908,-9.236395562165407,-2.00005039646546,0.7434236959170231,0.8790188149034165,0.016991089691032246
1786799201.911958,-8.301020260401986,-1.926284989142204,0.7280221927572216,-9.19346897502924,-2.000124530319553,0.7422310048586572,0.8954981775978783,0.014208812101435653
1786799201.945272,-8.295303068202381,-1.9263080233011811,0.7273844947952592,-9.189154314865617,-2.000123214056951,0.7420932562780937,0.8968939366211206,0.01470876148283451
1786799201.9786,-8.289160616290438,-1.9263865587491973,0.7273741214171707,-9.184835324635904,-2.0001203323020587,0.741956187797511,0.8987045412882252,0.01458206638034032
1786799202.145291,-8.261791357016596,-1.9267450307632479,0.7241069258122592,-9.163186153569884,-2.000084706417861,0.7413181210093132,0.9043734224746245,0.01721119519705394
1786799202.311904,-8.234052284331447,-1.9256930935485885,0.726651031691703,-9.14157070654381,-2.000021862623208,0.7408895240421266,0.9105572209185779,0.014238492350423626
1786799202.345242,-8.228845242145523,-1.9254568975602742,0.7259960833665077,-9.137262166693056,-2.00000718046661,0.7408454494558276,0.9114708187790832,0.01484936608931997
1786799202.811942,-8.138687427421457,-1.9213620156045177,0.7249063928795293,-9.077164312137924,-1.9997990519615747,0.7410705388612745,0.9417490280428236,0.016164145981745204
1786799202.911958,-8.120060115203673,-1.9202624149226215,0.7238876609907463,-9.06431732825274,-1.999768512246864,0.7412801746890552,0.9475984929847253,0.017392513698308854
1786799203.145256,-8.078867226155145,-1.919008347540985,0.725291822927339,-9.03438616410001,-1.999737417193028,0.7419248305964352,0.9589231582656487,0.016633007669096256
1786799203.411915,-8.039665286985368,-1.9185433860782355,0.725951079710463,-9.000329022430636,-1.9997787608779136,0.7429414847678787,0.9640923185662768,0.01699040505741567
1786799203.445267,-8.03468628219056,-1.9185669268876295,0.7257055036946096,-8.996103878820366,-1.9997891896309008,0.7430560768046663,0.9648423970134031,0.017350573110056722
1786799203.462021,-8.032371530179004,-1.9186701284474317,0.7256491573058405,-8.996103878820366,-1.9997891896309008,0.7430560768046663,0.9671402907050672,0.01740691949882589
1786799203.945316,-7.954591778246405,-1.9219782268285162,0.7291440008380213,-8.93348740468581,-1.9999981765732333,0.7448429210926005,0.9819998778107679,0.015698920254579196
1786799204.011918,-7.943094044955672,-1.922521571351324,0.7296327365641535,-8.925156468065813,-2.0000223218050257,0.7450171433142595,0.9851157136122882,0.015384406750105994
1786799204.045408,-7.937423111886554,-1.9225956207150408,0.7292221491353046,-8.920985825650035,-2.000033208444973,0.7450955823424807,0.9866064017120579,0.015873433207176157
1786799204.078661,-7.930985799280655,-1.922800861542205,0.7286776148699589,-8.916811152133112,-2.0000431992371728,0.7451652948356517,0.9888468056576085,0.016487679965692892
1786799204.278673,-7.897278740163604,-1.9240685702872085,0.7276334226093436,-8.891650335158781,-2.0000811045142166,0.7454468796826065,0.9972726679764486,0.017813457073262873
1786799204.311975,-7.89124735852593,-1.924101284463247,0.7270937059704392,-8.887436468338803,-2.000083331972802,0.7454768125880711,0.9990825862027173,0.018383106617631872
1786799204.46196,-7.867039331069492,-1.9240835945581622,0.7301092944982905,-8.870521878365109,-2.000079891475014,0.7456094800938528,1.00635612974333,0.01550018559556221
1786799204.52867,-7.857374482710355,-1.923691351533493,0.7313494692690405,-8.86203523953439,-2.000070855885632,0.7456539805131019,1.0075599560261013,0.014304511244061402
1786799204.578649,-7.849846568148606,-1.9232018328787046,0.7288857038344946,-8.853541346662196,-2.000057147765756,0.7456704531131007,1.00663297573735,0.01678474927860607
1786799204.611923,-7.844310071109546,-1.9229628577467008,0.7285234562179859,-8.849296119049747,-2.0000486699384856,0.745663190414224,1.0079380829176616,0.017139734196238154
1786799204.678543,-7.834140058721158,-1.9227785395996773,0.7315273140295241,-8.840810445995738,-2.000028916883742,0.7456050606116724,1.0096300755257253,0.014077746582148332
1786799205.495344,-7.818010839981009,-1.9201555210982357,0.7274630006611289,-8.738450696114505,-1.999789516459672,0.7433635996660553,0.9238782939198623,0.015900599004926352
1786799205.578727,-7.803866366755978,-1.9200355742383575,0.7280465821447561,-8.725452615544834,-1.9997933072043896,0.7431483923624757,0.9250310859233843,0.015101810217719502
1786799205.678753,-7.788991414294061,-1.9196155200049816,0.7276565318036864,-8.712397936031447,-1.9998085002292856,0.7429726561525921,0.9268821491777659,0.015316124348905724
1786799205.728786,-7.781568858736082,-1.919447679924379,0.728688017670419,-8.708037850786917,-1.999815983802707,0.7429135182924375,0.9299483090473198,0.014225500622018439
1786799205.862003,-7.763733531479554,-1.920151217843959,0.7264899879696297,-8.690611524676369,-1.9998568588188,0.7426888075770269,0.9302987710815084,0.01619881960739722
1786799205.911962,-7.756457625613383,-1.9202546749657234,0.7273919001966357,-8.681929447279586,-1.9998829279777015,0.7425895766805785,0.9288911407564939,0.015197676483942768
1786799206.428721,-7.756457625613383,-1.9202546749657234,0.7287317438730311,-8.617151413163786,-2.0001054504012643,0.7422970700923583,0.8643899248981998,0.013565326219327267
1786799206.462078,-7.7500387905472765,-1.9205649942242522,0.7272658030402122,-8.61283463287386,-2.000116851395378,0.742317971490186,0.8664555173322015,0.015052168449973813
1786799206.495422,-7.744284557838944,-1.920625104373424,0.7265085004978095,-8.608517690487387,-2.000127300926997,0.7423389906190745,0.8678821963977509,0.01583049012126503
1786799206.52872,-7.739150351411067,-1.9208077968815092,0.7271826576991933,-8.604200375120724,-2.0001367218220696,0.7423579234375712,0.8686798154972314,0.015175265738377908
1786799206.578653,-7.730630152050565,-1.9210607904315364,0.7274434000406595,-8.5955628834788,-2.0001522342522,0.7423936213148493,0.8685413555965806,0.014950221274189768
1786799206.678641,-7.713728441438805,-1.9207345748020355,0.7274079323783353,-8.582597045161247,-2.000166549721598,0.7424273078306016,0.8724918848758466,0.015019375452266281
1786799206.911997,-7.676489100727739,-1.920247077263342,0.7283622321306236,-8.552283459327313,-2.000154944731574,0.7424885718848019,0.8794322178759201,0.014126339754178319
1786799207.178785,-7.633200039931349,-1.9174864090016916,0.7262140744871515,-8.517826542159114,-2.000073139823298,0.7426505167372979,0.888473194053444,0.0164364422501464
1786799207.19538,-7.6303039796834335,-1.9173179817210322,0.7259064103257183,-8.517826542159114,-2.000073139823298,0.7426505167372979,0.8913723773462627,0.01674410641157953
1786799207.312015,-7.608684952546384,-1.9158671522631054,0.7275445234244663,-8.500740518171016,-2.000017294561811,0.7427637473645075,0.8960158361383876,0.01521922394004116
1786799207.645417,-7.5459698338370425,-1.9127939833918322,0.7255719093221038,-8.458101368064682,-1.9998909356590564,0.7432367749009448,0.916280423684096,0.01766486557884095
1786799208.112048,-7.473624331995029,-1.9122728410948129,0.727218422241778,-8.398347530454174,-1.99987193383609,0.7443057156188607,0.928863065697849,0.017087293377082702
1786799208.345411,-7.442691527166873,-1.9130894171601722,0.7298868313657145,-8.368687710548347,-1.999946277271596,0.7448369387045236,0.9300607753181895,0.014950107338809082
1786799208.378735,-7.437296404002245,-1.913139379346554,0.7296500514559999,-8.364476404582541,-1.9999598325480787,0.7448803383034217,0.9312360305369402,0.015230286847421781
1786799208.445386,-7.427755856876489,-1.9133699652867424,0.7283589532775198,-8.356059715615329,-1.9999880056384165,0.7449307444232353,0.9323361727744901,0.016571791145715498
1786799208.478716,-7.421927100502637,-1.9134415759556676,0.7294778166638749,-8.351850643369389,-2.000002425284636,0.7449427212821809,0.9339435615787521,0.015464904618305964
1786799208.512059,-7.416552563862982,-1.9134935183659973,0.7298180553651743,-8.347639371289434,-2.0000169306682247,0.7449490165046492,0.9350983605161562,0.015130961139474874
1786799208.528785,-7.413833275537402,-1.9135634373175454,0.7298950444387607,-8.347639371289434,-2.0000169306682247,0.7449490165046492,0.937799568658564,0.015053972065888432
1786799208.695416,-7.386699575837911,-1.9140872856091666,0.7293988265872549,-8.326519228742596,-2.0000868012810518,0.7448622742306859,0.9437462035323275,0.015463447643430994
1786799208.878829,-7.354609285014832,-1.9134130745968185,0.7305208885110421,-8.30095224318682,-2.000151745774851,0.744533449489797,0.9503097345389243,0.014012560978754918
1786799208.978766,-7.337939320478128,-1.9135441716924855,0.7290918644600549,-8.288061652938055,-2.0001712410833328,0.7443336041881586,0.9540632556546437,0.01524173972810372
1786799209.112087,-7.315905424217018,-1.9137132771264078,0.7285493516550435,-8.270767088240529,-2.0001803089085186,0.7440565065001463,0.9587686608389726,0.015507154845102789
1786799209.128762,-7.313291713563575,-1.9137651289484083,0.7286809234750301,-8.270767088240529,-2.0001803089085186,0.7440565065001463,0.9613670872462359,0.015375583025116213
1786799209.345381,-7.279668859662045,-1.9122901443411464,0.728986259595706,-8.240274508807666,-2.000146585807479,0.7436271967640954,0.9646149322281958,0.014640937168389434
1786799209.445432,-7.264811861821794,-1.9116427867773984,0.7279938705135931,-8.227210141476613,-2.0001144906313404,0.7435769885023862,0.9664562540877751,0.015583117988793083
1786799209.478711,-7.259487552790796,-1.9115566819788838,0.7267566297824307,-8.222870444089125,-2.00010197206028,0.7435885294875868,0.9674434679307757,0.016831899705156084
1786799209.512072,-7.25330186447875,-1.9112497354436322,0.7272015323021069,-8.21853957343642,-2.000088716282377,0.7436099505140892,0.9693173883255771,0.016408418211982245
1786799209.528818,-7.25050974550303,-1.9111367555325944,0.7277149302301945,-8.21853957343642,-2.000088716282377,0.7436099505140892,0.9721081210904368,0.015895020283894667
1786799209.578755,-7.242282465941086,-1.9109826105029475,0.7266727948780175,-8.209903187001329,-2.000060369486533,0.7436654126774783,0.9717122552333494,0.01699261779946082
1786799209.645406,-7.2296952297418535,-1.9102886437722066,0.7270401346642517,-8.201292434200642,-2.0000303650682776,0.7436903031601662,0.9757329062060554,0.016650168495914497
1786799209.662076,-7.226706260060462,-1.9101490031303956,0.7263239761092092,-8.201292434200642,-2.0000303650682776,0.7436903031601662,0.9787220596517695,0.017366327050956976
1786799209.695415,-7.221215374868458,-1.909789201643264,0.7260204915713389,-8.196992452359861,-2.0000150463220043,0.7436944405907613,0.9799395940595811,0.01767394901942243
1786799209.728755,-7.215004320279781,-1.9096247744427455,0.7281389552384164,-8.18839643625628,-1.99998429444745,0.7436712549039063,0.9775771347063549,0.015532299665489857
1786799209.878734,-7.185668306665599,-1.9070279353716266,0.7276889683627001,-8.171188732160072,-1.9999253483029076,0.7435224832743377,0.9898891040900144,0.015833514911637536
1786799209.895436,-7.182491568761419,-1.9068795734595976,0.7279156735488513,-8.171188732160072,-1.9999253483029076,0.7435224832743377,0.9930657566992906,0.015606809725486337
1786799210.145419,-7.137348352008615,-1.903914469764446,0.7287662510577474,-8.136570778939696,-1.999838750592669,0.7430740505725275,1.0038161814468074,0.014307799514780117
1786799210.162092,-7.134479230849044,-1.9037886836699005,0.728334225985701,-8.136570778939696,-1.999838750592669,0.7430740505725275,1.0066842037653059,0.014739824586826544
1786799210.278807,-7.114883615797535,-1.9021710673746874,0.7292898146383738,-8.119148050963782,-1.999820834832236,0.7428396765541446,1.0090007595756778,0.013549861915770789
1786799210.295371,-7.112206766863616,-1.9020820842319799,0.7294573893067167,-8.119148050963782,-1.999820834832236,0.7428396765541446,1.0116736692205597,0.01338228724742796
1786799210.545394,-7.077488289183059,-1.903065286997953,0.7269086810479126,-8.08412792369626,-1.9998460344807771,0.7423939613086733,1.0112812995681295,0.015485280260760681
1786799210.595501,-7.070477640854631,-1.903138148620655,0.7261157472358266,-8.079750243470894,-1.9998545665136247,0.7423368086837411,1.0138960754839976,0.016221061447914464
1786799210.678774,-7.059043892493679,-1.903559194686114,0.7257614845813899,-8.066655905263131,-1.9998860484579035,0.7421835484468838,1.0122059232364125,0.01642206386549394
1786799210.945388,-7.018234435824628,-1.904181805520344,0.7277815059424685,-8.031957496110495,-1.999993729761,0.741929951082317,1.0182408201314863,0.014148445139848476
1786799210.962098,-7.014935659786467,-1.9042972246548973,0.7280541415409816,-8.027629054831431,-2.000007610529962,0.7419131475770158,1.0172061690395169,0.013859006036034183
1786799211.378743,-6.943447705153287,-1.9057019803741067,0.7257168029716872,-7.975643109110715,-2.000125903209959,0.7418277494732967,1.0365052962501202,0.01611094650160949
1786799211.395475,-6.9408189383714864,-1.9057353321033783,0.7262381650785056,-7.975643109110715,-2.000125903209959,0.7418277494732967,1.03912012985023,0.015589584394791078
1786799211.662129,-6.898914756899821,-1.9040164262924884,0.7261841107085074,-7.940907526936374,-2.0001183384331767,0.7419292623257286,1.0464150755439,0.01574515161722123
1786799211.695433,-6.894101721708639,-1.904058505283871,0.7261961928837493,-7.936561402388699,-2.000111706671934,0.7419227352364661,1.0468755433863512,0.015726542352716866
1786799211.89549,-6.863978698205476,-1.9027427014431015,0.724885528730345,-7.910581970399765,-2.000049351525592,0.7418867631475154,1.0511170218001744,0.017001234417170497
1786799212.112119,-6.82585132343879,-1.8992328412902384,0.7244718654235269,-7.880515832372524,-1.9999475689724535,0.7418777434577533,1.059462449913416,0.01740587803422633
1786799212.162141,-6.817198685732058,-1.898744920609431,0.7239475075654603,-7.87622788500599,-1.9999325791963505,0.7418795161921492,1.0638523333456995,0.017932008626688867
1786799212.195459,-6.811020530325096,-1.8983875465171147,0.7240199804147633,-7.87193965897616,-1.9999178125319343,0.7418821105563425,1.0657662935441208,0.017862130141579113
1786799212.228782,-6.8041632682500195,-1.8980024145076644,0.7247737156404883,-7.863361034228656,-1.9998893949130756,0.7419159057647903,1.0640868687425225,0.01714219012430196
1786799212.428868,-6.7680363908396215,-1.8970640977244198,0.726510958908983,-7.841920322188147,-1.999829405006965,0.7421954742617268,1.0787897878592665,0.015684515352743844
1786799212.462136,-6.761599322081959,-1.896709326833591,0.7264900608417274,-7.83335201306949,-1.999811619328616,0.7423418820526771,1.0767004752282523,0.015851821210949746
1786799212.62892,-6.733767347596911,-1.8953112686095002,0.7279255072260956,-7.816225926470959,-1.9997895366824103,0.7426240235691587,1.0874889808533872,0.014698516343063073
1786799212.728774,-6.718296797718534,-1.8944987793707888,0.7279960027600189,-7.803384137565288,-1.999786068590582,0.7428561493231647,1.0901834471165655,0.014860146563145826
1786799212.812175,-6.70635472601335,-1.8940439843368075,0.7276837991944028,-7.790546563411585,-1.9997942105195887,0.7431063223868581,1.0893369775320536,0.015422523192455295
1786799212.912151,-6.69353913212126,-1.8943444767555178,0.7273683796694895,-7.777721321331989,-1.9998136454124944,0.7433194241661342,1.0893001261998287,0.01595104449664464
1786799212.928809,-6.691419583595822,-1.894403673480402,0.7276970128756112,-7.777721321331989,-1.9998136454124944,0.7433194241661342,1.091404016664471,0.015622411290522997
1786799212.962137,-6.68728557642725,-1.8943917637114938,0.7272463623301532,-7.773455308592807,-1.999822493716116,0.7433828331043832,1.0912746335830885,0.016136470774230083
1786799212.995457,-6.683645018811976,-1.8943741349982872,0.7269975259819561,-7.769196339139692,-1.999832399253496,0.7434472647142467,1.0906617782635317,0.01644973873229061
1786799213.062157,-6.674664486776865,-1.894724320671433,0.7262647149387286,-7.756465601117331,-1.9998675824312917,0.7436458938209053,1.086898687312565,0.017381178882176718
1786799213.09548,-6.670147811371659,-1.8948152075698552,0.7258779674255613,-7.756465601117331,-1.9998675824312917,0.7436458938209053,1.0913855147389264,0.01776792639534397
1786799213.128811,-6.665437858011365,-1.8949794500635933,0.7264485678386844,-7.748016080559449,-1.9998945025306445,0.7438154695802409,1.0876501166135792,0.01736690174155653
1786799213.162186,-6.661214932461025,-1.8951075461203843,0.7275542903278333,-7.743801310197963,-1.9999086734335405,0.7439093890129971,1.0876472505126338,0.016355098685163827
1786799213.195538,-6.655834522345214,-1.8951292292903514,0.7278787109800533,-7.739591991338091,-1.9999231696179536,0.7440033492473007,1.0888122067313681,0.016124638267247415
1786799213.228853,-6.650906254677054,-1.8951036047467378,0.7268346747205955,-7.739591991338091,-1.9999231696179536,0.7440033492473007,1.0937201535991625,0.01716867452670523
1786799213.312191,-6.638199894058085,-1.8956328004083438,0.7295166189716429,-7.726985000060833,-1.999967335133692,0.7442875717960044,1.0937726921942106,0.014770952824361472
1786799213.328831,-6.635641745950212,-1.8956962306995444,0.730017282582768,-7.726985000060833,-1.999967335133692,0.7442875717960044,1.09631316762715,0.014270289213236365
1786799213.395512,-6.6254839239297985,-1.8959377874131538,0.7274318283937539,-7.714392485905493,-2.000010134230673,0.7445434495179134,1.0938706092203412,0.017111621124159537
1786799213.42881,-6.619527948606045,-1.8961081623542897,0.7271181275642479,-7.710193650170677,-2.000023611117744,0.7446026382246761,1.095604898246252,0.01748451066042822
1786799213.462164,-6.614756085017935,-1.896178238487248,0.7268790874670512,-7.710193650170677,-2.000023611117744,0.7446026382246761,1.1003487267973433,0.017723550757624884
1786799213.545523,-6.600612580158596,-1.8969088083605432,0.726916149913241,-7.697578909378483,-2.000060387091583,0.7447692307428784,1.1018055071730488,0.017853080829637324
1786799213.595556,-6.5924757753291034,-1.8970599173182983,0.727409746965249,-7.693367330228721,-2.0000711326013905,0.7448296246466564,1.1057004685372063,0.017419877681407403
1786799213.662238,-6.582333373367565,-1.8973335898731876,0.7277774022221689,-7.680714919984759,-2.000097704523773,0.7450326793090036,1.1031783560282071,0.01725527708683472
1786799213.828962,-6.555562747253997,-1.898432821075301,0.7330490260204606,-7.663808373770236,-2.00011774400212,0.745296879903354,1.1129008007199044,0.0122478538828934
1786799213.862213,-6.551042047505618,-1.8984691736683161,0.731595381209837,-7.659574655619306,-2.000119727221639,0.7453521254391307,1.1131834432334284,0.013756744229293627
1786799213.91216,-6.542997904920625,-1.8983398903985522,0.7307478472503616,-7.651096756446019,-2.0001198993282974,0.7454295250585729,1.1127633328653648,0.01468167780821128
1786799213.945503,-6.538029502830522,-1.8983447404301963,0.7303081254377278,-7.646851128319031,-2.000118040231779,0.7454501262073364,1.1134824658266882,0.015142000769608588
1786799213.962183,-6.535614081627125,-1.8983252517579947,0.7297233711992324,-7.646851128319031,-2.000118040231779,0.7454501262073364,1.1158895759553527,0.015726755008104054
1786799214.178841,-6.504283036140202,-1.8969016615854675,0.7293694402145889,-7.617013407169744,-2.000070440713037,0.7454206156995002,1.1175028749843179,0.016051175484911306
1786799214.228914,-6.496992771352305,-1.8964683890454306,0.7310052321723561,-7.612751184156244,-2.000059326184412,0.7454005095790469,1.120556967762058,0.014395277406690776
1786799214.262207,-6.492316749373892,-1.8961992710669116,0.7310187306806374,-7.60849148806361,-2.0000473479409626,0.7453755075645057,1.120995303451134,0.014356776883868272
1786799214.295494,-6.486466961730296,-1.8959285916413935,0.7305673526001542,-7.599977881179097,-2.000021212525238,0.7453122619814213,1.1183657011256116,0.014744909381267157
1786799214.395513,-6.470102204433937,-1.8950703578203496,0.7293583185561215,-7.591466505058452,-1.9999930019930403,0.7452156004878955,1.1262622500888935,0.015857281931773937
1786799214.962203,-6.490738043195939,-1.8945537970618749,0.7283882354589977,-7.518552967749011,-1.9997904625656069,0.7440172736043287,1.033188402422512,0.01562903814533101
1786799215.012165,-6.483099616871972,-1.8943702164253335,0.7285441593729921,-7.509859812140832,-1.9997829235219968,0.7438458735316689,1.0321571282542181,0.01530171415867676
1786799215.045542,-6.47729503119268,-1.8939765347393758,0.7288842727315824,-7.505504095246208,-1.999781075452012,0.7437571500883221,1.033638466891226,0.0148728773567397
1786799215.095519,-6.469473297344788,-1.8938483848704404,0.7297294494380356,-7.501142627242059,-1.9997805327006808,0.7436664698713404,1.0370936438888307,0.013937020433304803
1786799215.12888,-6.4649770460670055,-1.8938874111936446,0.7298589247091781,-7.492404616782254,-1.999783359256702,0.7434795133413734,1.0328704492248828,0.013620588632195285
1786799215.328844,-6.438262103854439,-1.893866432275252,0.7279753042005533,-7.470513405203361,-1.999812670973412,0.74301576553882,1.0376740117352998,0.015040461338266642
1786799215.462227,-6.421061598493116,-1.894198794051513,0.728140737101522,-7.453077590795877,-1.9998558982353372,0.7426862115659282,1.0374104453075275,0.014545474464406127
1786799215.495569,-6.416572284983173,-1.8942308097342728,0.7282688627637374,-7.444404272702322,-1.9998822007702095,0.7425625725199989,1.0332477008958334,0.014293709756261541
1786799215.528891,-6.412332103871917,-1.894385079583759,0.7285564345399185,-7.440076229887309,-1.9998961490782297,0.7425000588197165,1.033145959845465,0.013943624279798006
1786799215.562242,-6.407101104102377,-1.894433172177331,0.7276434477271977,-7.435752718243806,-1.9999104609979723,0.7424365262891565,1.0340452609691313,0.014793078561958772
1786799215.678882,-6.389226496106929,-1.8948109318159725,0.7287331967075122,-7.422797746972958,-1.9999542722867136,0.7422476137103668,1.038905507090089,0.013514417002854606
1786799215.695578,-6.3866094494256656,-1.8949024396021479,0.7282667863140703,-7.41848078774322,-1.9999687368617645,0.7421867320957332,1.0372065298970627,0.01391994578166289
1786799215.862202,-6.360328508933571,-1.8957225763985075,0.7253214678977201,-7.39686778060472,-2.000034629225929,0.7419879460588075,1.0417747674433409,0.01666647816108735
1786799215.895649,-6.354318724453711,-1.8960931455869912,0.7248520650522368,-7.39253976569104,-2.00004575185162,0.741981566983668,1.043412226695246,0.017129501931431257
1786799215.928842,-6.348956164233637,-1.8962080170299778,0.7243284200594452,-7.388211205438591,-2.000055940381108,0.7419852036789341,1.0444306735510274,0.01765678361948886
1786799216.17889,-6.308625868052494,-1.8970459144275726,0.7248042496788966,-7.357902607732242,-2.000094208746262,0.742262448017803,1.05432472578184,0.017458198338906383
1786799216.312219,-6.288579749875477,-1.897324730526226,0.7266637989842998,-7.340595575613039,-2.000088666297656,0.7425335069557953,1.0570230480446112,0.01586970797149556
1786799216.895586,-6.200666597474844,-1.8900184936076911,0.7263082214099549,-7.268324480878733,-1.9998469793632252,0.7441679020052927,1.0732919697257715,0.017859680595337823
1786799216.945514,-6.1926224709382,-1.8893997203556852,0.7281483151763158,-7.259928212096686,-1.999805018498493,0.7442955402161007,1.073000873703218,0.01614722503978483
1786799216.978832,-6.186249070937104,-1.889191801496612,0.7275807149046386,-7.25572954904447,-1.9997840040002848,0.7443562989344347,1.0751832998644337,0.016775584029796065
1786799217.128941,-6.1604584328364504,-1.888040301884009,0.7306377557581109,-7.2389180529828145,-1.999701854686808,0.7445964314275308,1.0842248173974676,0.013958675669419995
1786799217.162339,-6.1550653489797575,-1.8875333229545745,0.729697161678979,-7.234710414138817,-1.9996822322544645,0.7446685908008398,1.0854542111850989,0.01497142912186078
1786799217.52896,-6.100184276452807,-1.8856650087166162,0.7282365674737894,-7.183983906203813,-1.9995032704186813,0.7451195929639038,1.0897618029990614,0.016883025490114445
1786799217.562235,-6.095934313688943,-1.885517165403256,0.7292003317779695,-7.183983906203813,-1.9995032704186813,0.7451195929639038,1.0940039981226586,0.01591926118593434
1786799217.99565,-6.039814101525949,-1.8860589041599538,0.7285593498119503,-7.124399058007355,-1.9994387406269591,0.7444831255202652,1.0904950780003813,0.015923775708314936
1786799218.028918,-6.034887628544765,-1.886031804595748,0.731644408043619,-7.120142356713951,-1.9994367165769245,0.7444497535164355,1.0911638277889497,0.012805345472816532
1786799218.062223,-6.029952397612735,-1.885982281370813,0.7314960794854514,-7.120142356713951,-1.9994367165769245,0.7444497535164355,1.0960775774520015,0.01295367403098413
1786799218.495765,-5.960741321946792,-1.8855613500768698,0.7300662725932745,-7.060058290562577,-1.999359724908772,0.7442140070561604,1.1051913262421944,0.014147734462885864
1786799218.528907,-5.95573279124421,-1.8854888601754765,0.7286601939015065,-7.060058290562577,-1.999359724908772,0.7442140070561604,1.1101807881060948,0.015553813154653873
1786799218.729013,-5.926270419052137,-1.8853175713920811,0.7257309128392841,-7.029736498399488,-1.9992588536524944,0.7440202762547827,1.109333134848753,0.018289363415498583
1786799218.762291,-5.921381735993513,-1.885167752104768,0.72703791168978,-7.025387324919061,-1.999240582474942,0.7439648290931267,1.1098833051305481,0.01692691740334662
1786799219.062369,-5.8787252628056175,-1.8821436264627454,0.7249643289872879,-6.9863898225788645,-1.999046825006786,0.7433875097762261,1.1138164726773836,0.01842318078893823
1786799219.26229,-5.844057043008312,-1.881495500431554,0.7271219374262908,-6.960572650217099,-1.9989090197056465,0.7432302135295072,1.122672274374465,0.016108276103216412
1786799219.362282,-5.825149926633165,-1.881299421960608,0.7275285759451235,-6.947679834042157,-1.998857471537553,0.7431495967829891,1.128668812383852,0.01562102083786554
1786799219.529025,-5.7952705007946035,-1.8799585275614126,0.7270710503523273,-6.930444212541662,-1.9988197450386769,0.7430856035226487,1.1413795796586566,0.01601455317032141
1786799219.56228,-5.789691624721574,-1.8798272297202043,0.7276171237351081,-6.921804996961006,-1.9988109783346928,0.7430750045186966,1.1383487251443178,0.015457880783588451
1786799219.74562,-5.761113983082009,-1.8779350104197952,0.7279563197556541,-6.900161375580659,-1.998811307330044,0.743098681310275,1.1454431638072264,0.015142361554620898
1786799220.195629,-5.705718420419726,-1.8779101803061016,0.7272321173321039,-6.843733047168973,-1.9989233340149175,0.7428795406471133,1.1444306331384975,0.015647423315009346
1786799220.229011,-5.70132920598896,-1.8779694398400357,0.728606928827646,-6.835104961488949,-1.9989491911548103,0.7428916303474197,1.140212069743061,0.01428470151977368
1786799220.628993,-5.641515661372142,-1.8804453646619113,0.7267230241222506,-6.783601516890182,-1.9990981984375296,0.7428652008687758,1.148232814518623,0.016142176746525183
1786799220.662311,-5.635671986436579,-1.8804780349264425,0.7274043542524655,-6.779303349187551,-1.9991075266514813,0.7428741334391104,1.1497676505166543,0.015469779186644828
1786799220.728961,-5.625245366396365,-1.8806424364939147,0.7279556696812957,-6.770702783078753,-1.999123613599974,0.7429048650700838,1.1515687051848562,0.014949195388788139
1786799220.762342,-5.620114227855804,-1.8809648580147873,0.72784031409743,-6.766400541680457,-1.9991302504871349,0.7429198700594989,1.1523607825849749,0.015079555962068891
1786799220.895812,-5.599632062610203,-1.8813483922194556,0.7274802703295237,-6.749173883714634,-1.9991462759249763,0.7429780636574247,1.1555616555915962,0.015497793327901022
1786799220.928946,-5.594667179564684,-1.881589728278655,0.7267021041701515,-6.744862443071197,-1.999147448819787,0.7429931033064052,1.156187252071066,0.01629099913625376
1786799220.962335,-5.590078141574851,-1.8817064045650707,0.7266117111850298,-6.740548856563496,-1.9991474423200737,0.7430070987405473,1.156449421027767,0.016395387555517504
1786799220.995735,-5.585279272830196,-1.8817399709289298,0.7271256483218236,-6.736233107513085,-1.999146258069353,0.7430226761299159,1.1569265170404504,0.015897027808092323
1786799221.028932,-5.580032714905213,-1.8818860284038799,0.7281691463841112,-6.731915479450424,-1.9991438972879465,0.743041395013586,1.1578356148743874,0.014872248629474782
1786799221.128964,-5.56600047991919,-1.881417876459712,0.7300055000417491,-6.718958824753001,-1.9991296148474065,0.7430999157696223,1.1589516807340048,0.013094415727873177
1786799221.162323,-5.561585660745987,-1.8812829218267815,0.729095391578728,-6.714646261878803,-1.999122192112724,0.7430717568305534,1.1590663671707049,0.013976365251825329
1786799221.229017,-5.55225872929832,-1.8808900671770645,0.7271340506716993,-6.706025404384894,-1.999103935115747,0.7429287451484126,1.1598069059603642,0.015794694476713222
1786799221.328962,-5.537221817428474,-1.8804975231750867,0.7234921535219332,-6.693113761752332,-1.9990704781480864,0.7426058054892869,1.1619577154973486,0.019113651967353706
1786799221.66239,-5.501340507003027,-1.894466374841717,0.7268728801093358,-6.650018759693593,-1.99893486584046,0.7420530218139137,1.153419001844432,0.015180141704577932
1786799221.728965,-5.4950018980251505,-1.8976891335084183,0.7250966321787159,-6.64124078697082,-1.99890038041935,0.7420094375293691,1.1506986169421898,0.016912805350653204
1786799221.762346,-5.492006427471515,-1.899399738154797,0.7247653845101502,-6.636813574060279,-1.9988788327496845,0.7419940785326904,1.1491211829664125,0.017228694022540236
1786799221.795701,-5.489111956402238,-1.9011857283500855,0.7249532325704602,-6.632360862544815,-1.99885302290033,0.7419845520595784,1.1474131609062903,0.01703131948911818
1786799221.962417,-5.474495620427503,-1.912276003179973,0.7269237781983942,-6.614328249838519,-1.99868154107888,0.7420925837014339,1.1431029437673712,0.015168805503039784
1786799222.329029,-5.432983202623319,-1.9389223169571346,0.7335488016340044,-6.559091510470025,-1.9970379239477385,0.7430213990033931,1.1276069105753377,0.009472597369388769
1786799222.462321,-5.418918830566454,-1.9485996414950093,0.7291347360834541,-6.540531940426024,-1.995933158833709,0.743264602758877,1.1226114332539587,0.01412986667542282
1786799222.529004,-5.412288289875292,-1.9535937499547313,0.7268355720300698,-6.531242213097982,-1.9952491231792464,0.7433472746588388,1.1197290084721045,0.016511702628769
1786799222.595753,-5.405347498880444,-1.9582154573710409,0.7273705878704995,-6.521945770526584,-1.9944691025082235,0.7433897812628221,1.1171866572014184,0.016019193392322606
1786799222.629031,-5.401873787905488,-1.9605287783023801,0.7272100372021674,-6.5172944295776105,-1.9940416118131212,0.743400968966963,1.115923974954463,0.01619093176479558
1786799222.795738,-5.383535038895561,-1.9723379931072058,0.7261645241650087,-6.494015822790331,-1.991505179792337,0.7434637613900965,1.1106461868862498,0.01729923722508786
1786799223.0291,-5.357297547781147,-1.988683095024497,0.7285537116864165,-6.461462180902693,-1.9867350877229644,0.7436835014904946,1.1041663514927835,0.015129789804078086
1786799223.062357,-5.354465981436461,-1.9910164144806701,0.7279646380523298,-6.456823458285935,-1.9859292262997308,0.7437089822339433,1.1023692150316642,0.015744344181613523
1786799223.17901,-5.341723036805417,-1.998570352412235,0.728454405253063,-6.442461011161561,-1.9832197123155708,0.7437374129571275,1.1008450074106908,0.015283007704064433
1786799223.212964,-5.3384194854573925,-2.000706147147566,0.7277493245452575,-6.437832683399438,-1.9822752979488667,0.7437329813364557,1.0995676768672948,0.015983656791198175
1786799223.279019,-5.331677586680804,-2.004719615992992,0.7287158975665887,-6.428581625106875,-1.9802809658263496,0.7437032661543213,1.0971762470712672,0.01498736858773253
1786799223.312371,-5.328435080378529,-2.006830851290497,0.7283166653176855,-6.423958682726808,-1.9792296148442767,0.7436812072984723,1.0958712477091046,0.01536454198078685
1786799223.51244,-5.3071872522590535,-2.018618586547159,0.7256943501310483,-6.396261406592616,-1.9721359468431616,0.743519032307621,1.0900656628988994,0.017824682176572626
1786799223.845798,-5.270422426321836,-2.0365397632103144,0.7264340798278935,-6.3504323241157365,-1.9571749100056488,0.7433688284066016,1.082922046712961,0.016934748578708025
1786799223.879075,-5.267365017203528,-2.038112782463786,0.7270433263610349,-6.3458836872896285,-1.9554534820829657,0.7433417271370946,1.0816815990224373,0.016298400776059707
1786799223.912383,-5.264383664564686,-2.03973225049809,0.7266363826239987,-6.341341772679672,-1.953689312803928,0.743306830666749,1.0803898156506524,0.016670448042750308
1786799223.945695,-5.261391290708742,-2.041347518873238,0.7264326146805248,-6.336806964116708,-1.9518821698244444,0.7432657554363752,1.0791306312453244,0.016833140755850406
1786799223.979043,-5.258273354765627,-2.0423933518966493,0.7271437235273003,-6.332291139992653,-1.9500374900862267,0.7432248261703303,1.0779813579996234,0.016081102643029976
1786799224.31241,-5.210968525709915,-2.0148090655523627,0.7266546813274237,-6.289393437677351,-1.9301930577538495,0.7429538939313203,1.0817394138736602,0.01629921260389655
1786799224.412413,-5.199617456612053,-2.0040739789075004,0.7272118114073362,-6.277140657157029,-1.9237382882298637,0.7428597532465481,1.0805137994997298,0.01564794183921192
1786799224.478987,-5.191336149830791,-1.9959211578692049,0.7260580293399086,-6.269079510864763,-1.9193009152938427,0.7428035261558071,1.0804635180445052,0.016745496815898542
1786799224.779016,-5.149597170205647,-1.9420582872310759,0.728042716538494,-6.233261898669581,-1.898116121332919,0.7426859785484461,1.0845552810533141,0.01464326200995214
1786799224.879116,-5.136717604892343,-1.9236297966970226,0.7260134899048937,-6.221382901213127,-1.8907415214190917,0.7426395516041958,1.0851637865748245,0.01662606169930214
1786799224.979048,-5.124771728374224,-1.905455738795893,0.728072601412767,-6.209540506225555,-1.8833113665833108,0.7426078072969929,1.0849947809191343,0.014535205884225966
1786799225.112458,-5.110570679813772,-1.883637116592062,0.7261330019006486,-6.193902428028238,-1.8734533713701127,0.7426018043378392,1.0833796127656068,0.01646880243719062
1786799225.179085,-5.104016851052089,-1.8734074903700841,0.7271829728740566,-6.186189777938019,-1.8685923302497909,0.7425689330686597,1.0821836394308704,0.015385960194603032
1786799225.212402,-5.100799243685176,-1.868409457419686,0.7279227897241589,-6.182363155168565,-1.8661840470364688,0.7425481948981183,1.0815662009671996,0.014625405173959383
1786799225.345824,-5.0913116773319365,-1.851038610301667,0.731349805465438,-6.167287413907358,-1.8567345236936308,0.7424733015549607,1.0759908127527809,0.011123496089522678
1786799225.445743,-5.085936524689196,-1.840741238473207,0.7277837275215745,-6.156239300638839,-1.849866628749083,0.7423729953621973,1.0703416767337424,0.014589267840622755
1786799225.845777,-5.082421998433655,-1.8302458991644144,0.7275602596854412,-6.113437182525139,-1.824045406679604,0.7417365238048511,1.0310338287050775,0.014176264119409865
1786799225.879064,-5.082174605617525,-1.8291465932504527,0.7279035993700869,-6.109930112350248,-1.8220006566790956,0.7417441464213446,1.027780349115956,0.013840547051257701
1786799226.045761,-5.080406873645127,-1.8267370570780854,0.7261395990104756,-6.092362283949443,-1.8119155167661063,0.7418274218064334,1.0120639458558913,0.015687822795957707
1786799226.079213,-5.079905276594597,-1.8264363149267675,0.7275821442215566,-6.088830783299791,-1.8099166849133657,0.7418447851588295,1.009060739626764,0.014262640937272808
1786799226.312391,-5.0722677036406125,-1.8234037189246084,0.7269548848643921,-6.063908467892624,-1.7960181045901695,0.7422423537345598,0.9920188391350174,0.015287468870167742
1786799226.579089,-5.055772128620828,-1.814670379132688,0.7260765750930134,-6.03520013150961,-1.78026968627134,0.7426632268056158,0.9800319487200654,0.01658665171260243
1786799226.912422,-5.024590833483325,-1.7921406320499234,0.7265873694511233,-5.999142092363876,-1.760665446358952,0.7431340791582076,0.975059405113323,0.016546709707084273
1786799227.012387,-5.015275323924073,-1.7850698834248984,0.7267510562050978,-5.988265417244149,-1.754801202399009,0.743169512012498,0.9734607926105993,0.0164184558074002
1786799227.145842,-5.000442210064804,-1.774041645086765,0.7269516223599779,-5.973773924950102,-1.7470584653995072,0.7430844806088416,0.9737056635285578,0.01613285824886368
1786799227.212407,-4.99235446074246,-1.7674934010797847,0.7275861074941301,-5.966506132958093,-1.7432120065836303,0.7430374276168047,0.9744542403823756,0.015451320122674583
1786799227.379046,-4.970504494263081,-1.7503312500724395,0.7254217005465361,-5.948198105620409,-1.733657535440612,0.7429612327707439,0.9778357788752451,0.017539532224207788
1786799227.612572,-4.940198164481136,-1.7269681030020074,0.726614890397148,-5.92225822738,-1.7205335317922164,0.743234690499418,0.9820811427003246,0.016619800102270044
1786799227.645795,-4.935337678674967,-1.723499098304088,0.7266116381621498,-5.918533772083758,-1.7186951373195185,0.7432942156510534,0.9832078295739148,0.01668257748890356
1786799227.979092,-4.8964817854371665,-1.699314313635309,0.7322007112059212,-5.88108995443328,-1.7009178957677908,0.7436950609022916,0.9846094748322988,0.01149434969637042
1786799228.512561,-4.845228195428195,-1.6848913075480867,0.7269163322668081,-5.819535411147203,-1.6743867176951848,0.7429704636560602,0.9743638422119852,0.016054131389252158
1786799228.545919,-4.841459124788188,-1.68395442760376,0.7274611356680736,-5.815621832771772,-1.6727954598511756,0.7429215768364789,0.9742266184965446,0.015460441168405281
1786799228.812511,-4.807130493698183,-1.6754545311730784,0.7274507820161566,-5.783933362233908,-1.660189206035554,0.7427190912265136,0.9769221433313792,0.015268309210356934
1786799228.945755,-4.7884673573419345,-1.6710075745431625,0.7266284871560985,-5.767947193047841,-1.6539713833255676,0.7427575367233811,0.9796279805955281,0.01612904956728256
1786799228.979127,-4.783841327785802,-1.6698688375247,0.7271934620563504,-5.763947450450592,-1.6524263884004762,0.7427724231844867,0.9802613175661175,0.015578961128136282
1786799229.012469,-4.778630635069567,-1.6683977674705686,0.7275468507166417,-5.75994779195766,-1.650885058724438,0.7427880603273208,0.9814734114435072,0.015241209610679096
1786799229.14576,-4.759754265694636,-1.6635771189154673,0.7253116373390316,-5.743958765223036,-1.6447542310709802,0.7428346773208528,0.9843844767156553,0.017523039981821253
1786799229.212432,-4.749977156950028,-1.660762970141224,0.7258622953794783,-5.735972379139536,-1.641706705446479,0.7428718703632757,0.9861793545824475,0.017009574983797404
1786799229.279152,-4.740306858042719,-1.6580433719526093,0.7284368349505026,-5.727993592470169,-1.638669682749808,0.7429181729521196,0.9878767257088741,0.014481338001616995
1786799229.312538,-4.7357686844417985,-1.6564537033113234,0.7273572805406485,-5.7240069106959135,-1.6371547034740157,0.7429428477937707,0.9884266504018392,0.015585567253122212
1786799229.479092,-4.713079767095353,-1.6486971264993093,0.7271361491673611,-5.7041029988743706,-1.6296105615569116,0.7431784619781019,0.991207013134506,0.016042312810740755
1786799229.545812,-4.7049400913053265,-1.6454441342353998,0.7275894367361094,-5.696177457866934,-1.6266136680055374,0.7432148779986992,0.9914162109459502,0.0156254412625898
1786799229.579158,-4.700789615300718,-1.6438814224720801,0.7283290515578618,-5.692229771406937,-1.6251223475184575,0.7432221375021515,0.9916176107921029,0.01489308594428973
1786799229.645875,-4.691729535025327,-1.6399804005346883,0.7275637885005539,-5.68436641794136,-1.6221549157991944,0.7432363319734703,0.9927969224525803,0.015672543472916356
1786799230.079107,-4.6209306142784685,-1.6097499930560517,0.7294685597295326,-5.633656883093197,-1.6031634107631252,0.743417890494837,1.0127476875380677,0.013949330765304357
1786799230.145801,-4.609650936872976,-1.6049550965120378,0.7295977501811183,-5.625840711920528,-1.600265072150931,0.7435040753307667,1.0162005979331552,0.013906325149648402
1786799230.179146,-4.604123823211604,-1.6027906269147296,0.7302865959733198,-5.62192947535385,-1.5988182346152964,0.7435494603922002,1.0178134040349849,0.01326286441888036
1786799230.24584,-4.593138745577455,-1.598318556424635,0.7277774380938724,-5.614100522939946,-1.5959294089552023,0.7436336538572919,1.0209645727745935,0.015856215763419446
1786799230.312489,-4.58239507830515,-1.5939842148774612,0.7289054189888169,-5.606260276998489,-1.593046265672868,0.7436714383645706,1.0238656283146048,0.014766019375753725
1786799230.345783,-4.5766187742729745,-1.59160922259702,0.7292812413335713,-5.602333813876737,-1.5916062707315275,0.7436753411691527,1.0257150396080104,0.014394099835581375
1786799230.379125,-4.572014523008984,-1.5896606224183762,0.728767937102136,-5.5984024792451885,-1.5901671165782512,0.7436714768249073,1.0263880812066493,0.014903539722771253
1786799230.412447,-4.566929816427489,-1.587764230581767,0.7283560311731274,-5.594465950293039,-1.5887285958272916,0.7436611316594467,1.0275365864044397,0.015305100486319279
1786799230.445849,-4.562007504147328,-1.5857755310723465,0.7279587131728971,-5.590523757941624,-1.587290513047278,0.7436489803522366,1.0285173695613692,0.015690267179339523
1786799230.479194,-4.557067473171909,-1.5838290239882562,0.7274894640879511,-5.586575808919732,-1.5858528439879758,0.7436384672373733,1.0295103249708786,0.016149003149422136
1786799230.61249,-4.537693069486356,-1.5771869333560506,0.7277203002281117,-5.570729548326423,-1.580105416932174,0.7436170324254999,1.033040601409581,0.015896732197388186
1786799230.812551,-4.515172086681907,-1.5712985481157573,0.7286856846138412,-5.546824053620563,-1.57149381432391,0.7436123623843546,1.0316519854181887,0.014926677770513375
1786799230.845791,-4.511373984146821,-1.570346783728849,0.72775004298227,-5.54284587936291,-1.5700655083012252,0.7436247554714827,1.0314719335670446,0.015874712489212683
1786799230.912474,-4.504373789181584,-1.568784174046118,0.7264571203647476,-5.534916230409361,-1.567220626870789,0.7436591169571113,1.0305436273401893,0.017201996592363655
1786799231.045794,-4.487654514185453,-1.5653998573219874,0.7258158210534102,-5.519165105738469,-1.561573466849702,0.7437666588341606,1.0315176885299147,0.01795083778075035
1786799231.079193,-4.483184291946646,-1.5642792692288863,0.724741351869301,-5.5152454679588265,-1.5601677150119384,0.7438021082496452,1.0320693658421045,0.019060756380344213
1786799231.345853,-4.443162337672514,-1.5550870716798848,0.7293102716710657,-5.484048950849884,-1.5489341163636243,0.7442381135181588,1.0409047988893987,0.01492784184709317
1786799232.112508,-4.443162337672514,-1.5550870716798848,0.7281557957620525,-5.393847838422319,-1.5153489049052926,0.7429384999730834,0.9515156558010557,0.014782704211030895
1786799232.14582,-4.438906111665721,-1.5532899297153648,0.7275211900293446,-5.389925928480784,-1.513841718919927,0.7428444954757023,0.9518376191924314,0.015323305446357738
1786799232.345884,-4.409349023236837,-1.5400726733819428,0.7272011481690857,-5.36650672708384,-1.5047725257137847,0.7423501116980322,0.9578084205409033,0.015148963528946569
1786799232.379193,-4.404731122891754,-1.5380215192171558,0.7263355898823133,-5.362606552945515,-1.5032523543204988,0.7422939386035788,0.9585062515853972,0.01595834872126556
1786799232.445884,-4.393524237074769,-1.5334540054197467,0.7259562222247281,-5.354794846629608,-1.5002007451919963,0.7422076580243407,0.9618456030516056,0.016251435799612635
1786799232.479252,-4.388735213124267,-1.5313945119633752,0.7264641209061502,-5.350882827095606,-1.4986694557999285,0.7421794530916805,0.9627039837726031,0.01571533218553034
1786799232.545879,-4.378128437813655,-1.5266133443254393,0.7280516252080063,-5.343047185808825,-1.4955965698398914,0.7421639195862636,0.9654171277391205,0.01411229437825734
1786799232.679179,-4.35699866324207,-1.517605969945725,0.726266436386544,-5.327336050294573,-1.489416371430652,0.7422230088368724,0.9707467734565588,0.015956572450328443
1786799232.845829,-4.333487378081845,-1.5071697945402966,0.7298490406080124,-5.307619246109269,-1.4816352668475297,0.7423327311381277,0.974466473723489,0.012483690530115332
1786799232.879254,-4.328467603521475,-1.505121809461525,0.7281401304682864,-5.303663462506771,-1.4800716576943804,0.7423622110952433,0.9755175413520895,0.014222080626956846
1786799232.912523,-4.323988661774908,-1.5029577954177007,0.7264401771688592,-5.29970380496565,-1.4785058935160826,0.7423936444091389,0.9760214834512285,0.015953467240279684
1786799232.979232,-4.315708256909837,-1.4992721929117383,0.7268654107809643,-5.291773394720009,-1.4753682713475391,0.7424578401225036,0.9763577985116606,0.01559242934153926
1786799233.012578,-4.311119295917567,-1.4973962611256935,0.7272383896057685,-5.287802659863548,-1.4737964845302276,0.7424935615274446,0.9769684451732278,0.015255171921676136
1786799233.179247,-4.292594703955012,-1.4886649542852484,0.7275986759378914,-5.267899199126791,-1.4659107856338922,0.7426939789543858,0.9755698901120791,0.015095303016494421
1786799233.212562,-4.289189790684948,-1.4873860233424796,0.7261482968778594,-5.263912255038907,-1.464329638654604,0.7427393733723864,0.9749951176242523,0.016591076494526957
1786799233.312555,-4.279897457730798,-1.4840710496477747,0.7279318304793436,-5.251976089212995,-1.4595918397586116,0.7428667309421313,0.9723868044667712,0.01493490046278767
1786799233.345861,-4.27637552482242,-1.4829138641383333,0.7270241549287939,-5.248010652219452,-1.4580161854460054,0.7429071187569303,0.9719540705177957,0.015882963828136365
1786799233.612577,-4.245632304178869,-1.472110078129735,0.7297663718439593,-5.216504706389842,-1.4454537827114304,0.7432045917002003,0.9712382712086325,0.01343821985624094
1786799233.912586,-4.204484741611623,-1.4596774652719047,0.727877168706781,-5.181196044365919,-1.4312344898650389,0.7435030303822444,0.9771253613421309,0.015625861675463426
1786799234.012533,-4.1913216319914754,-1.4549155939225638,0.7291725992644336,-5.169392194921546,-1.4264367436796808,0.7435520702608458,0.97848508981052,0.014379470996412236
1786799234.145955,-4.174342083149964,-1.448289883810139,0.7281617685831985,-5.153618615689961,-1.419987108971584,0.7436408424647293,0.9796854465833014,0.015479073881530803
1786799234.179244,-4.169994369590446,-1.4464209179429934,0.7289353083099361,-5.1496695834284445,-1.4183653787683046,0.743660103403738,0.980076853051285,0.014724795093801868
1786799234.195884,-4.167897421969758,-1.4456487336845216,0.7288373275554224,-5.1496695834284445,-1.4183653787683046,0.743660103403738,0.9821511892121019,0.014822775848315595
1786799234.579254,-4.123992275944828,-1.4247185827025717,0.7254703079073646,-5.102144515762352,-1.398641299305586,0.7435535813455808,0.9784997848591511,0.018083273438216252
1786799234.64584,-4.115553080119608,-1.420569282824789,0.7272785381571005,-5.094257101096992,-1.3953366220384686,0.7435252273398675,0.9790292374835682,0.01624668918276695
1786799235.012684,-4.062823764784617,-1.3948137254010529,0.7271144063648847,-5.050990041702219,-1.377140539331082,0.7436250126830674,0.9883243052475534,0.016510606318182686
1786799235.029306,-4.060494633029385,-1.3936979052014737,0.7261910605493943,-5.050990041702219,-1.377140539331082,0.7436250126830674,0.9906337875151096,0.017433952133673047
1786799235.112566,-4.0489335323680065,-1.3876189123758704,0.7268213614835577,-5.039148330698461,-1.372158163072078,0.7435012012775157,0.9903354894184377,0.01667983979395804
1786799235.145891,-4.0442820171274345,-1.3854197341681165,0.7270643357729193,-5.035191060356645,-1.370494329302846,0.7434546697334034,0.9910214425852863,0.01639033396048406
1786799235.245896,-4.030889398115549,-1.378529726778586,0.725602878660339,-5.023291305430657,-1.3654961459104769,0.7433599552404556,0.992487491041026,0.017757076580116604
1786799235.345873,-4.018344866235491,-1.3724221172902231,0.7289046589679479,-5.011361760117957,-1.360495096415513,0.7433141166161555,0.9930885183924573,0.014409457648207669
1786799235.379267,-4.013641106583756,-1.3701740182077986,0.7259795903060506,-5.00738034078949,-1.3588287258549798,0.7433131716662563,0.9938039953926381,0.017333581360205685
1786799235.39592,-4.011604406182327,-1.369161922748223,0.725435266930744,-5.00738034078949,-1.3588287258549798,0.7433131716662563,0.9958295471117555,0.017877904735512318
1786799235.429294,-4.0080067312610925,-1.367419697615704,0.7259358210403917,-5.003396623542677,-1.3571628861315657,0.7433186512655805,0.9954427355896293,0.017382830225188828
1786799235.779238,-3.9728581762706874,-1.3548686855135892,0.7253664123851946,-4.959599849293298,-1.338951110945101,0.7437057067588663,0.98687005145541,0.018339294373671655
1786799235.795945,-3.9711869388424916,-1.3543332013037568,0.7258532483400155,-4.959599849293298,-1.338951110945101,0.7437057067588663,0.9885325944295591,0.017852458418850747
1786799235.912559,-3.959253772545682,-1.3499648188404951,0.7294320188525073,-4.943846223973735,-1.3324396507126417,0.7439255434712078,0.9847484079332208,0.01449352461870046
1786799235.945912,-3.9550805070964947,-1.3484522514749089,0.7294426840230239,-4.9399238743997165,-1.3308203136802597,0.7439814282341992,0.9850011895178314,0.014538744211175292
1786799235.962708,-3.953180636000107,-1.3477723225197509,0.7291783606345547,-4.9399238743997165,-1.3308203136802597,0.7439814282341992,0.9868888433511865,0.01480306759964456
1786799236.196003,-3.9237965762848335,-1.3383745569049301,0.7281544924025426,-4.912492531272174,-1.319501736302103,0.7442031623847093,0.9888760664339268,0.016048669982166697
1786799236.295925,-3.9110229563592886,-1.333425896552865,0.7308318190858706,-4.900697756706487,-1.3146316232895088,0.7442478945503678,0.9898532391974905,0.01341607546449719
1786799236.562657,-3.877226556094513,-1.3203549865164943,0.727008616725661,-4.869034987424183,-1.3015220209442253,0.7439797235533679,0.9919872202044077,0.016971106827706972
1786799236.829304,-3.846206278453861,-1.3071363640228806,0.7289561415916608,-4.836920014192564,-1.288151189140455,0.7433006608650083,0.9908956267168871,0.014344519273347567
1786799236.879341,-3.841279738977253,-1.3047773472463051,0.7282572642423526,-4.828858438092683,-1.284783322942495,0.7431174318689214,0.987781072887301,0.014860167626568832
1786799236.962657,-3.8316182302421447,-1.3003238903943979,0.727347390465815,-4.820818919231956,-1.2814210557472383,0.742928647772591,0.9893812815369089,0.015581257306776064
1786799237.079309,-3.817260607924742,-1.293100214349058,0.7272931638924417,-4.804828531233775,-1.27472619831793,0.7425371465370256,0.9877388357324154,0.015243982644583931
1786799237.095986,-3.8149994265960134,-1.2920330549592378,0.7273206772254359,-4.804828531233775,-1.27472619831793,0.7425371465370256,0.9899803956012438,0.015216469311589709
1786799237.27924,-3.790549771356787,-1.2799493664952524,0.7251614596679683,-4.781003161802119,-1.2647426221362246,0.7415917615328453,0.9905701205460697,0.01643030186487704
1786799237.896128,-3.790549771356787,-1.2799493664952524,0.7214018581689235,-4.709612085475634,-1.2351092458719517,0.7402995621605803,0.9201555160140061,0.0188977039916568
1786799238.212673,-3.75451628548602,-1.26440808569145,0.7256443194872652,-4.669705889714352,-1.2187945694460485,0.7410914670463238,0.9163255996379679,0.015447147559058627
1786799238.379321,-3.738821936400518,-1.2588208963927372,0.7268854557479812,-4.649970828960073,-1.2107906298068267,0.741977180267302,0.9124139471319015,0.015091724519320726
1786799238.412635,-3.735681192119793,-1.2577581505536621,0.7263884723351327,-4.646057143163297,-1.2092091664559828,0.7421598867186575,0.9116695542219677,0.015771414383524807
1786799238.579313,-3.718214438563593,-1.2519792886414163,0.7245111346535136,-4.6266664920305445,-1.2014060997347624,0.742985853359005,0.909858659839268,0.018474718705491444
1786799238.62927,-3.7127583551615317,-1.2503268962213638,0.7267300750825367,-4.622811510724137,-1.1998602113845234,0.743131599687563,0.9114513877480668,0.016401524605026307
1786799238.97939,-3.6681457402582005,-1.2362478398999746,0.7284658556253641,-4.580438640351783,-1.1829120939259374,0.7444933771211949,0.913850664692961,0.016027521495830754
1786799239.279401,-3.6302819364861403,-1.2223660040680453,0.7285061551792364,-4.545596644545754,-1.1689280535861142,0.7452192464233545,0.9168732896872751,0.016713091244118017
1786799239.329448,-3.6238311459758354,-1.2199408698511733,0.7289373018886858,-4.541709902580632,-1.1673610444594194,0.7452709013981167,0.9193835162023484,0.01633359950943092
1786799239.57947,-3.596600506523324,-1.2078235250384268,0.7305543936248382,-4.510453140714045,-1.154698457565117,0.7454597113088035,0.9153954936590867,0.014905317683965302
1786799239.796092,-3.5717173416829446,-1.1966566750907228,0.7287753803405584,-4.486966849220043,-1.1451188865916029,0.7452254178814731,0.9166994080342159,0.016450037540914675
1786799239.962862,-3.5490958801957033,-1.185807182873665,0.7273465173341007,-4.467404124344502,-1.137114528706055,0.7449861491543598,0.9195982850362087,0.017639631820259072
1786799240.112695,-3.5269857972612204,-1.175507128110356,0.7299242860559138,-4.447736956395407,-1.1290644090369804,0.7448525109982588,0.9219217012316594,0.014928224942345025
1786799240.229384,-3.509782346603554,-1.167661197556727,0.7294219424164872,-4.435868759447388,-1.124211938975039,0.7448067055377097,0.9271051084560253,0.0153847631212225
1786799240.329349,-3.4950533010856613,-1.1605706447838164,0.7304426292463374,-4.423950883038845,-1.1193479850802943,0.7447457137392871,0.9298118225918105,0.014303084492949703
1786799240.41276,-3.4833168337510836,-1.1551977025260316,0.7286732735859213,-4.411981240538871,-1.114475283482714,0.7446090534389717,0.9295568276588868,0.01593577985305039
1786799240.512679,-3.4698010995844006,-1.1493184283954003,0.7297333691883888,-4.399951452308265,-1.10959283940612,0.7444226472549065,0.9309982820031812,0.014689278066517653
1786799240.529374,-3.4675533252207393,-1.1484547610822606,0.7303697620030829,-4.399951452308265,-1.10959283940612,0.7444226472549065,0.9332076491074688,0.014052885251823577
1786799240.562741,-3.4633310174947813,-1.1467123684478326,0.729936594021775,-4.395926418933576,-1.107962788759676,0.7443574926583079,0.933400081803508,0.014420898636532842
1786799240.612735,-3.4576396189929737,-1.1442106841763633,0.7301085690868875,-4.387852764731715,-1.1046986480402825,0.7442052280087316,0.9310519306165386,0.014096658921844085
1786799240.712731,-3.446275104442305,-1.1395287607357096,0.727676238756952,-4.375678014131257,-1.0997900785052952,0.7439462144779639,0.9302520794944237,0.016269975721011964
1786799241.079461,-3.4102578740899903,-1.1288185204207228,0.7253299960239518,-4.330912206638599,-1.0818566143525,0.7433206818336335,0.9218513007324366,0.017990685809681772
1786799241.246087,-3.3891830823893097,-1.1222078378976144,0.7268159447897846,-4.310753118249355,-1.0738078723095894,0.7433538915029396,0.922840120315544,0.016537946713155005
1786799241.329502,-3.379094586463375,-1.118463182958543,0.728670808055056,-4.298695549521534,-1.068989287547056,0.7434014467749915,0.9209308321392443,0.014730638719935518
1786799241.429409,-3.3652479575565564,-1.1145868365309848,0.7288994636285845,-4.290665966490253,-1.0657759894337078,0.743426574357063,0.9267043703647679,0.014527110728478565
1786799241.479362,-3.3592314723074823,-1.1126604426528628,0.7270775394235196,-4.282640066022666,-1.062559344879425,0.7434453537644724,0.9247667548874998,0.016367814340952802
1786799241.529446,-3.352287467257876,-1.1102754722431811,0.7278531071589807,-4.278627949884412,-1.06094923421321,0.7434540514485559,0.927652827037655,0.015600944289575258
1786799241.829464,-3.3147784022091185,-1.0960809226038741,0.7262292516385879,-4.242525538285737,-1.0463800020478486,0.7435817608314905,0.9290774617880281,0.017352509192902654
1786799241.979358,-3.2985533208915254,-1.089349041208975,0.7295089986600575,-4.222494466793788,-1.0382251640453042,0.7437823142865934,0.9253544682484826,0.014273315626535887
1786799242.146082,-3.2813545949006167,-1.0820871172297193,0.7294846632401191,-4.202567102871672,-1.0300628376187535,0.7441407281431666,0.9226803403732855,0.014656064903047494
1786799242.16278,-3.2796766062701344,-1.0813157201812638,0.7293937153379942,-4.202567102871672,-1.0300628376187535,0.7441407281431666,0.9243125697989829,0.014747012805172321
1786799242.196119,-3.276091826837247,-1.0798476452979955,0.7283083504371917,-4.198610879355149,-1.0284374320147742,0.744209461490165,0.9239504382207704,0.015901111052973316
1786799242.329445,-3.2610776414921507,-1.0726051817593307,0.7248155807948253,-4.182861982531182,-1.0219555356775092,0.7443295285234407,0.9231748252812001,0.019513947728615366
1786799242.412781,-3.2508601521408496,-1.0683164169314878,0.7280383775699001,-4.171091030535266,-1.0171030038109132,0.7444196241867654,0.921654861232782,0.016381246616865353
1786799242.929374,-3.1670333643872315,-1.0917299108244323,0.7309964280203618,-4.112215772259854,-0.992787454925024,0.7446916750547136,0.9503469859642294,0.013695247034351765
1786799243.012745,-3.1572868176611864,-1.087374733326059,0.7303129843646635,-4.100391963009057,-0.9878869141502246,0.7446363905818043,0.9483380944294029,0.014323406217140788
1786799243.146057,-3.1401653796377,-1.079819300224769,0.7263519029482658,-4.084648457057945,-0.9813502924729632,0.7445991635261819,0.949602247796856,0.018247260577916147
1786799243.412723,-3.103843093729994,-1.0634083335078564,0.73045267580035,-4.053128903581112,-0.9682520108112164,0.7444347067818239,0.9540431198503769,0.01398203098147388
1786799243.529408,-3.0884169715883787,-1.056066472100307,0.7291274863733395,-4.037294763995237,-0.9616791406699322,0.7442886050132896,0.9535607129372835,0.015161118639950177
1786799243.562793,-3.083481388877178,-1.0537305219019788,0.7289023750535472,-4.033324906613747,-0.9600329096068366,0.7442332111088631,0.9544537446812135,0.015330836055315933
1786799243.82953,-3.0501648020847214,-1.037976199259407,0.730748216454309,-4.00137937893717,-0.9468220517236348,0.7438116900660734,0.955572210682979,0.013063473611764409
1786799243.862838,-3.0462828231824224,-1.0362128059071347,0.7309531780650163,-4.00137937893717,-0.9468220517236348,0.7438116900660734,0.9592706280023776,0.012858512001057143
1786799243.896115,-3.0425292841214238,-1.0345881244877397,0.7303965889189845,-3.993346226540836,-0.9435120832208984,0.7437312027549756,0.9551689396565612,0.013334613835991105
1786799243.929443,-3.0391298194947227,-1.0331423553633134,0.7287696154054939,-3.989324482878695,-0.9418569213962238,0.7436831608074486,0.954569499186906,0.014913545401954664
1786799244.062775,-3.025219788629904,-1.0268487940667312,0.7295090531211981,-3.977237598408517,-0.9368903226109956,0.7434347607991147,0.9562585616465455,0.013925707677916677
1786799244.179426,-3.0145816844822946,-1.0229763726605317,0.7259384255792644,-3.961118959259922,-0.9302845494206554,0.7430820824699278,0.9510649749827771,0.01714365689066344
1786799244.229448,-3.0094729491999677,-1.0210771242794987,0.7267504885809231,-3.9571013718441312,-0.928640962489798,0.7430020796654124,0.9521260795763749,0.01625159108448937
1786799244.596108,-2.967808136326093,-1.006974559993799,0.7255955473247409,-3.909268765769433,-0.9091219813393326,0.7422002777906752,0.9465322202340388,0.01660473046593436
1786799244.86282,-2.9338061205209423,-0.9941786899771183,0.7277476550348476,-3.877317741088086,-0.8960768895721312,0.7419598364407156,0.948597987235867,0.014212181405867996
1786799244.929464,-2.9254636975882646,-0.9910208956581743,0.7244815589680208,-3.869305583661956,-0.8927982504342229,0.741920358962137,0.9489389832554741,0.01743879999411624
1786799245.096186,-2.9056680676756876,-0.98234828586944,0.7269365030141233,-3.853248151687325,-0.8862154287010808,0.7418802507277225,0.9524439835721858,0.014943747713599187
1786799245.529585,-2.8571810764149905,-0.9602887531289025,0.726181453063335,-3.801392147423039,-0.8648505485175118,0.7427286619361634,0.949022126988413,0.016547208872828345
1786799245.562858,-2.8530801376876442,-0.9583688132203699,0.7260848135310874,-3.793527047198631,-0.8616007748369707,0.7428127259694307,0.945412313681886,0.016727912438343262
1786799245.596135,-2.8492651846234085,-0.9564781798349498,0.725527049469986,-3.789599834947547,-0.8599779426340872,0.7428638577000325,0.9452732675687188,0.017336808230046463
1786799245.629425,-2.844461860188102,-0.9543959651339211,0.7244570293194645,-3.785675632974148,-0.8583564110419742,0.7429185689478269,0.9461009259229815,0.01846153962836239
1786799245.696127,-2.8355580202991444,-0.9503008271472434,0.7271391385355006,-3.777834062760161,-0.8551167573686463,0.7430447406461081,0.9470713528217461,0.015905602110607542
1786799245.879516,-2.811094138983885,-0.9392237253038099,0.7256603597626994,-3.7582529530003344,-0.8470353891337699,0.7433758555997788,0.9516346506379679,0.01771549583707943
1786799246.396242,-2.7506792909056568,-0.9161547871863396,0.7300577214122956,-3.695220106770964,-0.8211988645129848,0.7440405432481044,0.9493018382402134,0.01398282183580879
1786799246.430651,-2.74751222056498,-0.9149347502589017,0.7287720759750514,-3.6912595075091432,-0.8195867916353439,0.7440590362556904,0.9485516194852804,0.015286960280638917
1786799247.629529,-2.74751222056498,-0.9149347502589017,0.7299130569233978,-3.552713178104045,-0.7633061824742444,0.7437592844065993,0.8193532843592278,0.013846227483201523
1786799248.229561,-2.673489393202905,-0.8820470689505795,0.7281956429027675,-3.4809258736418336,-0.7337758853444084,0.7433819543744163,0.8209372776476771,0.015186311471648839
1786799249.429587,-2.673489393202905,-0.8820470689505795,0.7238332783650414,-3.332827808748061,-0.6735843724025647,0.7428994977239423,0.6915083817754247,0.01906621935890085
1786799249.729639,-2.6354173511162244,-0.8684302362984156,0.7249952111080227,-3.297200709265728,-0.6592353785111036,0.7431579366501552,0.6940603011614249,0.018162725542132496
1786799249.796251,-2.627015449226573,-0.865494559660227,0.7275551705729941,-3.2932375035867683,-0.6576371573989365,0.7431629328299117,0.6978943511669449,0.015607762256917623
1786799249.829575,-2.622969858985309,-0.8639676863898095,0.7273625277120431,-3.2853038996472907,-0.6544354581523832,0.7431941982482488,0.6946870778197681,0.01583167053620571
1786799249.862919,-2.618913928649908,-0.862576218556797,0.7281175427185873,-3.2813343686899943,-0.6528321714856182,0.7432175810994036,0.6948333646743644,0.015100038380816305
1786799249.929591,-2.610681772013332,-0.8599115988257128,0.7287006470091649,-3.277363376231145,-0.6512272964990722,0.743244496145903,0.6985796299921675,0.014543849136738118
1786799250.096242,-2.5909456696497415,-0.8527021765862155,0.7264904185918387,-3.2574849671645847,-0.643176452077638,0.7433241428471847,0.6986956879517899,0.016833724255346016
1786799250.16292,-2.583709252605135,-0.8499694513640634,0.7261798033254487,-3.245526251636033,-0.6383182570012352,0.743302374351004,0.6948366486315148,0.017122571025555255
1786799250.196253,-2.5801867371284493,-0.8485375381185774,0.7263618789722044,-3.241534002687925,-0.6366938611130089,0.7433026002943485,0.694447945601566,0.01694072132214408
1786799250.262979,-2.5736366439929252,-0.8458573349749344,0.7278246608238519,-3.233544052143111,-0.6334390310924372,0.7433303154569827,0.6932527123320995,0.015505654633130805
1786799250.329609,-2.5666532019768615,-0.8431333993205845,0.7261720504255565,-3.2295500310924687,-0.631810168410558,0.7433562042252184,0.695765559634694,0.017184153799661872
1786799251.096238,-2.5666532019768615,-0.8431333993205845,0.7266016048970991,-3.1351035930692697,-0.5931448679958062,0.7445198544548173,0.6209912341788983,0.017918249557718147
1786799251.162901,-2.558401969864081,-0.8396595187243936,0.7283445777621026,-3.127214211822666,-0.5899248884056509,0.7444895116099651,0.6212203732834194,0.01614493384786253
1786799251.196286,-2.5544958720747624,-0.8378262625043741,0.7290214550600296,-3.123259983729396,-0.5883126298149712,0.7444754993397144,0.6210874878824617,0.015454044279684775
1786799251.229592,-2.5506199496340454,-0.8359736779087105,0.7286394503659371,-3.1192999188079784,-0.586699119466807,0.7444651718985061,0.6209144166679265,0.015825721532569004
1786799251.379664,-2.5337261104994835,-0.8289991485393132,0.7269874287848257,-3.103414992909568,-0.5802386951778574,0.744452230363311,0.621632677630647,0.01746480157848529
1786799251.412945,-2.530045353155276,-0.8275702134615189,0.7267630518851274,-3.099434495742287,-0.5786229651723931,0.7444410637811022,0.6214328025834321,0.017678011895974843
1786799251.462941,-2.524811416347735,-0.8253894104766207,0.7269931289621653,-3.0914593680454074,-0.5753896913986155,0.7444075623372892,0.6193462365286877,0.01741443337512394
1786799251.496243,-2.5214141570525004,-0.8239952786999233,0.7272120470708039,-3.0874642610798744,-0.5737719651092736,0.7443982615077528,0.6188896726668539,0.0171862144369489
1786799251.529562,-2.5181916777859095,-0.8228112511637791,0.7273261328334728,-3.0834664226627075,-0.572154421265358,0.7443952938604637,0.6183561947375115,0.017069161026990853
1786799251.729655,-2.5002851209238064,-0.8164012939970031,0.724159437357909,-3.059540852175347,-0.5624970646134045,0.7444291196266996,0.6141940496590425,0.020269682268790556
1786799252.096293,-2.4587226238405533,-0.8016991274342405,0.7297488569296559,-3.015831122942996,-0.5448923579609483,0.7439934667509887,0.6134489356250324,0.014244609821332799
1786799252.129666,-2.454673642501609,-0.8004229642429411,0.7289364376342713,-3.01184072472092,-0.5432832129100189,0.7439035052484031,0.6136415967194023,0.014967067614131802
1786799252.262949,-2.4384061672952857,-0.7948509626663484,0.7272121732875012,-2.9958477234131267,-0.5368248223343894,0.7434891140745213,0.6142626291592935,0.016276940787020133
1786799252.562922,-2.4028464011326336,-0.7816421242044223,0.7263173609910019,-2.9596252372961573,-0.5221222968583222,0.7428812448827903,0.6142908213422675,0.016563883891788422
1786799252.596323,-2.3992286389274065,-0.7803056947932255,0.7260033377384215,-2.9555841122678834,-0.5204745157210257,0.7428600453718776,0.6140388052346168,0.016856707633456036
1786799252.62957,-2.3953710144144145,-0.7788288751990714,0.7258911402404572,-2.9515415222045527,-0.5188245769278497,0.742847686898946,0.6139445161047133,0.01695654665848878
1786799252.662932,-2.392325536765693,-0.77758787829837,0.7261832870467537,-2.947498056385581,-0.5171727584557921,0.7428470263923618,0.6132149388132349,0.016663739345608053
1786799253.02965,-2.353701535171426,-0.7595470427758598,0.729232373875525,-2.9074009984225864,-0.5007204849531731,0.7431558320524303,0.6112072337914235,0.013923458176905323
1786799253.062975,-2.349677702416967,-0.7576132234975504,0.7294698956951375,-2.899479890306363,-0.4974595377763174,0.7432626377276857,0.6082453337283477,0.01379274203254821
1786799253.096319,-2.3454725913154846,-0.7557261016306889,0.7289734343321013,-2.8955268972442227,-0.4958316321701164,0.7433207017908443,0.6083624534164961,0.01434726745874304
1786799253.162933,-2.336750784478412,-0.7512683228392715,0.7278548066724009,-2.891577763000888,-0.4942051478868207,0.7433799038385234,0.6114854470983055,0.015525097166122492
1786799253.46297,-2.282817825682306,-0.70927688209053,0.7253369332895944,-2.8514669437602005,-0.4777509943332094,0.7438673101085925,0.6139756153077924,0.018530376818998162
1786799253.596288,-2.257568542814552,-0.6906170895811055,0.7300215058283802,-2.834818298292725,-0.4710725038469868,0.7439880329630588,0.6175897548735538,0.013966527134678608
1786799253.629709,-2.2513799374453694,-0.6857556224937509,0.7306533101024553,-2.830605269508885,-0.4694089882692555,0.7440316724675187,0.6183104814285113,0.013378362365063401
1786799253.663071,-2.2452630891218917,-0.6809731545042202,0.7295417047671303,-2.826374613227297,-0.4677510635593065,0.7440814374713132,0.618994558550419,0.01453973270418285
1786799253.696338,-2.2389642616067347,-0.6762537944461435,0.7279807569948288,-2.82212759746713,-0.4661002371010895,0.7441364656471824,0.6198741759071797,0.016155708652353606
1786799253.76295,-2.2264614263426568,-0.6670764702288352,0.7264099549536993,-2.813588899453238,-0.4628255116289733,0.7442387880548836,0.6216406709427712,0.017828833101184327
1786799253.963018,-2.1898127671177217,-0.6395877554989169,0.7265056900465657,-2.787644832863789,-0.4532899878583319,0.7444585824878643,0.6261869026593221,0.017952892441298607
1786799254.062937,-2.1712163626327303,-0.6261291432621481,0.7321671388435232,-2.7745079918419,-0.4487327413512972,0.7445704734203642,0.6288324683767295,0.012403334576840952
1786799254.196313,-2.146447532652187,-0.6083594672618386,0.7282979805564995,-2.756839019947244,-0.4429286304006948,0.744627803434146,0.6324121516438866,0.016329822877646505
1786799254.229695,-2.1401197509641707,-0.6040261265086257,0.7279346845419742,-2.752392996160497,-0.4415304312201319,0.7446261275179283,0.6334693187286436,0.01669144297595415
1786799254.263058,-2.1337027853247483,-0.599802334919931,0.7287854085536937,-2.747935168713674,-0.4401545175014252,0.7446196379883734,0.6346407223068284,0.015834229434679714
1786799254.296415,-2.127387615997818,-0.5954523702268899,0.7287546520418694,-2.743465455119912,-0.4388015921447862,0.7446088564249362,0.6356818151646919,0.01585420438306684
1786799254.529647,-2.0819212834820395,-0.56734531830476,0.7271016243234091,-2.71639687822431,-0.4312080523666777,0.744515532128771,0.6489165088828102,0.017413907805361895
1786799255.729716,-2.0819212834820395,-0.56734531830476,0.7234740910422005,-2.540872062401053,-0.4107674659338073,0.7420772829002429,0.4849251914712918,0.01860319185804238
1786799255.862952,-2.0527345726117026,-0.5624676578900654,0.7272514150101104,-2.5260104696038197,-0.4114227730459121,0.741336607671448,0.4967943557562592,0.014085192661337675
1786799255.896381,-2.0453520371881506,-0.5620914920922836,0.7272743132772144,-2.516218825741924,-0.4120458030447706,0.7408905312729585,0.4941955497216531,0.013616217995744084
1786799255.929682,-2.037808277881953,-0.5622889480566989,0.7269771282379405,-2.5113717496733337,-0.4124137766895936,0.7406704993776781,0.4967141318781105,0.013693371139737676
1786799256.063055,-2.0152372267114664,-0.5665638300411345,0.7234915838340721,-2.4922941475955795,-0.4142594336157504,0.7398480794750717,0.5007793275824508,0.016356495640999613
1786799256.229785,-1.9955611257968724,-0.5775145110371136,0.7272021107202665,-2.4734873184176505,-0.4166884738048263,0.739186421735682,0.5042603096068876,0.011984311015415527
1786799256.263133,-1.9918840560384574,-0.5798986648998005,0.7261360778527821,-2.4641456585269634,-0.4181178887352816,0.7389467248430134,0.49920340615965936,0.012810646990231267
1786799256.296405,-1.9883658164330649,-0.5824628689564958,0.7255448311948807,-2.4594867680284858,-0.418882728984594,0.738836153083447,0.4987117536467352,0.013291321888566299
1786799256.39638,-1.9791560627386693,-0.5913042982094546,0.7228074190436271,-2.445525164129027,-0.4213605044504252,0.7385316171267035,0.49636783917661453,0.015724198083076346
1786799256.429811,-1.9762516164495927,-0.5944651011509149,0.722099790858661,-2.445525164129027,-0.4213605044504252,0.7385316171267035,0.5001828305234813,0.016431826268042404
1786799256.512964,-1.9692401524695076,-0.6032215676280412,0.7210135499841921,-2.4310928284373023,-0.4241692318131643,0.7382805222111176,0.4953459732948036,0.017266972226925525
1786799256.613013,-1.9608698335039447,-0.6146473621859971,0.7218023380243669,-2.417117086017936,-0.4270712988110549,0.7381915880385668,0.49330146460131874,0.016389250014199885
1786799256.746477,-1.9492531737341448,-0.6311191368607619,0.722570730456728,-2.3985626050394817,-0.4311107474849972,0.738383550275439,0.491815332091846,0.015812819818710966
1786799256.779741,-1.9461634593102588,-0.6351837021344455,0.7219185373676112,-2.393957149096288,-0.432135105355117,0.7384882081677274,0.4916786768472281,0.016569670800116176
1786799256.913043,-1.9315464064458607,-0.6507350751641872,0.7251107408022226,-2.375769587317708,-0.4362251105399324,0.7390883913043466,0.493303921884877,0.013977650502123962
1786799257.213,-1.8847168169054427,-0.6754783627926666,0.726354723836519,-2.3369842963913485,-0.4449614649765119,0.7412333832126407,0.5076257609492625,0.01487865937612165
1786799257.379797,-1.8565352275011295,-0.6849098731958835,0.7278522017145548,-2.316907202141497,-0.4493621602773736,0.7425436729320373,0.5171315887619048,0.014691471217482488
1786799257.513061,-1.8349239909281625,-0.6883795023814785,0.7266702208827543,-2.3013551824139284,-0.4526538434575771,0.7434515079768863,0.5226132821369341,0.016781287094131958
1786799257.679774,-1.8054082226528587,-0.6901457144014365,0.7271910133718363,-2.28240745802029,-0.456459180901838,0.7443913585922206,0.5311663265684048,0.017200345220384272
1786799257.846429,-1.770913570811145,-0.6921527700340742,0.7319429454191505,-2.263610540448844,-0.460007923789696,0.7452293419061726,0.544648082276985,0.013286396487022123
1786799257.913028,-1.7569410656099322,-0.6922077305271719,0.733260911729271,-2.2560573932282444,-0.4613790753848537,0.7455227581055326,0.5499081528128144,0.012261846376261598
1786799257.946441,-1.750042794705156,-0.692225184383073,0.7338727319702344,-2.2522675540696557,-0.4620571384675567,0.7456470989253671,0.5524554627110649,0.011774366955132676
1786799258.013441,-1.7364001653762167,-0.692997559922168,0.7301893806161556,-2.244656948037117,-0.4634001166988888,0.7458551932277162,0.557709550801738,0.015665812611560637
1786799258.146367,-1.7101351522278807,-0.6941302427500158,0.731604950065041,-2.2292948027873405,-0.4660534145727302,0.7461493788868144,0.5670500703821766,0.014544428821773425
1786799258.179773,-1.7031587495550278,-0.694219913371409,0.7303547694582957,-2.225425934606976,-0.4667128757479903,0.7461905775254041,0.5696687324667463,0.01583580806710838
1786799258.34641,-1.6740274071129992,-0.6959787401679719,0.7285238437861516,-2.2059113557155143,-0.4700073351854504,0.746110209352204,0.5778958475804941,0.01758636556605231
1786799258.646414,-1.632132530472369,-0.7042034228712601,0.7298777465020087,-2.170104067694968,-0.4759753848620258,0.7452734231635044,0.5843812216312146,0.015395676661495772
1786799258.71379,-1.6244027514228538,-0.7060350264142651,0.729022174706443,-2.162014819435684,-0.4773092350566976,0.7450159552556949,0.5842450028071933,0.015993780549251824
1786799258.746462,-1.6208044526552545,-0.7069679208834544,0.729421124161381,-2.1579524281832136,-0.4779757284141575,0.7448788133937226,0.5839224022296803,0.015457689232341587
1786799258.813092,-1.6155268502259201,-0.7090689545440011,0.731005486702004,-2.149822066689662,-0.4792997100621012,0.7446066471672829,0.5816057806158911,0.013601160465278817
1786799258.846394,-1.6126853862175878,-0.7101924327410465,0.7308013041671957,-2.1457605217250224,-0.4799552084718911,0.7444737709095446,0.5806705430236969,0.013672466742348899
1786799258.896466,-1.6079029959418873,-0.7122196747714828,0.7289587698815801,-2.1417020972733307,-0.4806055523441081,0.744337060748914,0.581881931572084,0.015378290867333888
1786799259.079823,-1.5907880162763204,-0.7219040575791277,0.7258242448271147,-2.117354691054284,-0.4843900495696214,0.743471035628301,0.5776550588261664,0.017646790801186252
1786799259.346393,-1.5624118393841973,-0.7359742387669832,0.7274109176367793,-2.08458533730462,-0.4890486970775705,0.7424062360302872,0.5776135256978143,0.014995318393507873
1786799259.479826,-1.5478226600550762,-0.7415252981919003,0.72660261378986,-2.0680462543789826,-0.4911544684774418,0.7418394082895621,0.5773371116281983,0.015236794499702055
1786799259.496468,-1.546032309450013,-0.7422284606768527,0.7263023610285612,-2.0680462543789826,-0.4911544684774418,0.7418394082895621,0.5792553049038525,0.015537047261000914
1786799259.546466,-1.54100114719194,-0.7442290213495092,0.7251260411587167,-2.059745650925044,-0.4921415814814232,0.7415891697561836,0.5767529258638834,0.016463128597466903
1786799259.913029,-1.494760901232789,-0.7519094948220529,0.7271288806624745,-2.013825827127852,-0.4967110501850668,0.7410987189263688,0.5784069877167671,0.013969838263894307
1786799260.079775,-1.476386505470527,-0.7512606070516349,0.7240319191484186,-1.9928985434743296,-0.4982925948263617,0.7412778735429196,0.5751325939399085,0.01724595439450105
1786799260.179853,-1.4662622939046652,-0.750417943496347,0.7284548656732622,-1.9803744598475927,-0.4990921849676675,0.7413351755937032,0.5722551494486916,0.01288030992044098
1786799260.213091,-1.4620985435142257,-0.7503110222100963,0.7278196177470818,-1.9762107635848587,-0.4993346898278006,0.7413531442492001,0.5721018215685242,0.013533526502118254
1786799260.413019,-1.435139013799331,-0.748645954802706,0.726816012332618,-1.9553950732560408,-0.5003893145622368,0.7415035432824447,0.5764527099640605,0.014687530949826666
1786799260.64639,-1.4009002205110852,-0.7470056687886234,0.7275959768898371,-1.9218063879150824,-0.501648177835683,0.7419021721164163,0.5757981708951874,0.014306195226579166
1786799261.063216,-1.3525077300107247,-0.7424717675172722,0.7305388239084414,-1.8711220677592733,-0.5028976303959627,0.742685644022136,0.5712762891069308,0.012146820113694612
1786799261.279866,-1.3343468294508503,-0.7422952801369872,0.7287622792174034,-1.84167914007645,-0.5034199100876,0.7431874675241505,0.5607561999843976,0.014425188306747105
1786799261.563144,-1.3182636647475965,-0.7437087671671476,0.7299800445846594,-1.8083201198281889,-0.5038952817174406,0.7432645595719818,0.5455876070528852,0.013284514987322416
1786799261.596458,-1.3157515270098374,-0.7437885676774578,0.7287149327805269,-1.804180870671389,-0.5039450685324233,0.7432418428194942,0.5441398054101431,0.014526910038967333
1786799261.91326,-1.2875820745894766,-0.7450937584466395,0.7291468622733429,-1.7626200420916434,-0.5043142094060327,0.7428196928470837,0.5325747476221414,0.013672830573740802
1786799261.946582,-1.2842170013502772,-0.7452541114598977,0.7292971258436121,-1.7584361896847298,-0.5043369311291407,0.7428101195791524,0.5319068775294314,0.01351299373554038
1786799261.96314,-1.2827047825695725,-0.7453295793339437,0.7293665654765776,-1.7584361896847298,-0.5043369311291407,0.7428101195791524,0.5332896288177105,0.013443554102574806
1786799261.996475,-1.2801171727156986,-0.7454092096836265,0.7289460147260479,-1.7542488348235024,-0.5043568326280123,0.742802443262476,0.5318901028382372,0.0138564285364281
1786799262.279753,-1.2529579861967561,-0.7463712287977682,0.7297279504779343,-1.7163795323290203,-0.5044055054605968,0.7425689515147488,0.5227876631001336,0.012841001036814514
1786799262.313096,-1.2495090832918336,-0.7463680244840533,0.7283966158361628,-1.7121494248100022,-0.5043965624301943,0.7425646190526278,0.5220979544573315,0.014168003216465053
1786799262.563184,-1.2268271007297171,-0.7436821345611999,0.7263007017514339,-1.6825018084723669,-0.5042638981609955,0.742807083763719,0.5147431701317983,0.016506382012285048
1786799262.613146,-1.222902402950923,-0.7433044046157328,0.7241265454518769,-1.6740449649612803,-0.5042071700699948,0.7429114518919461,0.5105850554263106,0.018784906440069138
1786799262.646495,-1.2198622025217842,-0.7430576033785152,0.7237884005504256,-1.669830413771794,-0.5041766294272211,0.7429723566229003,0.5094462786707273,0.019183956072474695
1786799262.663126,-1.2184853275794116,-0.7428865727939638,0.7243387415076576,-1.669830413771794,-0.5041766294272211,0.7429723566229003,0.5105828276510704,0.01863361511524264
1786799262.87982,-1.1970921869107602,-0.7395754946196068,0.7299940058825093,-1.6407036083782,-0.5039436898893662,0.7436393298657914,0.502308113269926,0.01364532398328211
1786799262.979794,-1.1854551335270906,-0.7377620778126196,0.7266086120399645,-1.62839164428912,-0.5038447794512044,0.7439693222449073,0.5009092283425657,0.017360710204942786
1786799263.013126,-1.1810014122669266,-0.7371827610165839,0.7274820776926257,-1.6243004986038825,-0.5038137510850155,0.7440623348233959,0.500974225628046,0.01658025713077016
1786799263.063154,-1.1749803726470747,-0.736254922982598,0.7287971840822663,-1.6202131255708672,-0.5037840402475564,0.7441479667702096,0.5022697637681451,0.01535078268794321
1786799263.546507,-1.123242706950144,-0.7308132480108117,0.7275499361301657,-1.558769469439159,-0.5036176885540495,0.7445785624446142,0.49122437142413233,0.01702862631444846
1786799263.563275,-1.121598238207372,-0.7307042607172065,0.7272031374815381,-1.558769469439159,-0.5036176885540495,0.7445785624446142,0.4926327198568212,0.01737542496307609
1786799263.729984,-1.1075371098193783,-0.7304040738318153,0.729819573825663,-1.538114368531481,-0.5037244936355703,0.7445453863356,0.48660087114387185,0.014725812509936986
1786799263.879977,-1.0974432540700199,-0.7306353637391547,0.7298347934531099,-1.517381414512625,-0.5039263072316718,0.7444153968299254,0.4772264189024244,0.014580603376815549
1786799264.213154,-1.0696513775862155,-0.7330748429205082,0.7295513491500716,-1.4760409792538771,-0.50458359910177,0.7437105225165529,0.4662196444224918,0.014159173366481315
1786799264.429917,-1.046327808586194,-0.7352830040559167,0.7261246460861805,-1.4510698484813345,-0.5050919698184789,0.7432365307928849,0.4656221978189836,0.017111884706704328
1786799264.613145,-1.023726129518848,-0.7376767785223322,0.7264579000954677,-1.425828902400571,-0.5056119936855896,0.7423491119152251,0.46426361511591036,0.01589121181975739
1786799264.863279,-0.9976832107342962,-0.7394097082013313,0.7269476672703048,-1.3960485556387012,-0.5063358983133053,0.7412862264157124,0.4615391087183461,0.014338559145407603
1786799264.946497,-0.9904717221405147,-0.7391891800365629,0.7259611112997786,-1.383152813653955,-0.5066735944666285,0.7410309116618451,0.4563572473020631,0.01506980036206651
1786799265.096554,-0.977767903988006,-0.7380040881580547,0.7260171172615242,-1.365872153501473,-0.5071406296499136,0.7409355693009362,0.45157817148833906,0.014918452039412
1786799265.246571,-0.9639242975912894,-0.7368245223967093,0.7265667191935964,-1.3443777567551811,-0.5077409525959165,0.740963806967137,0.4440992192544879,0.014397087773540651
1786799265.279788,-0.9599400753087719,-0.7366073354113597,0.72592799941471,-1.3401029240976874,-0.5078634239223767,0.7409777793324139,0.4436750710177252,0.015049779917703954
1786799265.313159,-0.9561467318498683,-0.7363915813994363,0.7261998751247277,-1.3358352008170402,-0.5079869742797523,0.7409962967109496,0.4430936673211797,0.014796421586221853
1786799265.329863,-0.9541698811374149,-0.7363126443097981,0.7264910914573949,-1.3358352008170402,-0.5079869742797523,0.7409962967109496,0.4447482746912235,0.014505205253554698
1786799265.779778,-0.8964006982234372,-0.7365825747401107,0.7279047033932836,-1.2764936711829238,-0.5098997700927083,0.7417539110709999,0.4425559422445861,0.013849207677716247
1786799266.096541,-0.862025064684406,-0.7385231321674918,0.7270606927578479,-1.238337485732553,-0.5113812231428922,0.7421283224117292,0.43955032143141176,0.01506762965388131
1786799266.129915,-0.8588282995610752,-0.7387120893217428,0.726067391281855,-1.23408292012206,-0.5115596730514193,0.7421756763391048,0.43865048782580307,0.016108285057249705
1786799266.379837,-0.8387071580505037,-0.7408462387181622,0.7233677447224339,-1.2000776008909722,-0.5130731678941172,0.7424554757163153,0.4271641004945661,0.01908773099388139
1786799266.513278,-0.825546247049951,-0.7425017274005741,0.7249342111043775,-1.1831817137217806,-0.5138732284421909,0.742605646792644,0.4244692186219641,0.017671435688266457
1786799266.596645,-0.8170530707844111,-0.7437428979623059,0.7258759888760488,-1.1705304109741423,-0.5144858159761756,0.7427123509555167,0.4213134696023879,0.016836362079467926
1786799267.096622,-0.7587798179927561,-0.75213111285929,0.7277018496106217,-1.1114488806933802,-0.5173805484791626,0.7438831486299574,0.42365468870640993,0.016181299019335738
1786799267.129961,-0.7548154142485581,-0.7526283630820781,0.7295289033474486,-1.1030259170595658,-0.5177864240271631,0.744176394041283,0.4200015364340554,0.01464749069383442
1786799267.196705,-0.7481399430785488,-0.7534461810747382,0.729501447224408,-1.098820634277123,-0.5179877486439128,0.7443296768915739,0.4223951000926635,0.014828229667165904
1786799267.246521,-0.7429439244104254,-0.754148304178056,0.7288755152859155,-1.090423441722567,-0.5183868558320142,0.7446117534683037,0.41991127095816605,0.015736238182388118
1786799267.279959,-0.7391472356997701,-0.754637157214397,0.7281843418612876,-1.0862303647511056,-0.5185845887861324,0.744723807400655,0.41974696369794795,0.01653946553936747
1786799267.346527,-0.7324840807285888,-0.7553419243663022,0.7281365522661414,-1.077848141696527,-0.5189761491127194,0.7448932727990097,0.41850342211204555,0.016756720532868363
1786799267.379851,-0.7286610521090952,-0.7555395801153003,0.7272058952647873,-1.073655202676372,-0.5191698514291427,0.7449578382094683,0.41820044543831436,0.017751942944680965
1786799267.513265,-0.7147997105081669,-0.7562106535515566,0.7302482114755172,-1.0568352614748366,-0.5199308655965493,0.7451349015690081,0.4157119872232896,0.014886690093490862
1786799267.530131,-0.7131585868673326,-0.756259209226165,0.7301045220075144,-1.0568352614748366,-0.5199308655965493,0.7451349015690081,0.41709080866400056,0.015030379561493667
1786799267.630111,-0.70326928483246,-0.7567146155165395,0.729252431478269,-1.0399826303670765,-0.5206681903915673,0.7452075677774745,0.41121015536510425,0.01595513629920553
1786799267.663268,-0.6997889411250907,-0.756652103465408,0.7289832234843427,-1.0399826303670765,-0.5206681903915673,0.7452075677774745,0.41402916978120613,0.0162243442931318
1786799267.929905,-0.6661534839708717,-0.7553358095786084,0.7262278897067822,-1.0062984508145647,-0.522092045855172,0.7451132905800582,0.41243333010920835,0.018885400873275948
1786799267.996669,-0.6572577123223251,-0.7549407070394619,0.7277378326779701,-0.9936039227735304,-0.5226224827204339,0.7449787166841175,0.408779317768931,0.017240884006147428
1786799268.129944,-0.6389622174517845,-0.7542740112231129,0.7286199246397779,-0.9765549540876328,-0.5233388461040849,0.7447101858531184,0.4090231122049633,0.016090261213340562
1786799268.513274,-0.592071888429676,-0.7555395095336264,0.728425995211237,-0.9290199744607506,-0.5254114924931776,0.7439839366579845,0.4080354358471498,0.015557941446747492
1786799268.579919,-0.5845840694116391,-0.755645906673011,0.7277011489392167,-0.9202957181993509,-0.5258086511152056,0.7438700204012836,0.4068506792105771,0.016168871462066914
1786799268.596745,-0.5829578318446134,-0.7556838284062918,0.7277870909103588,-0.9202957181993509,-0.5258086511152056,0.7438700204012836,0.40821495159399795,0.016082929490924824
1786799268.71328,-0.572449698436356,-0.756618172851625,0.7296562083281809,-0.902787833851065,-0.5266223802802442,0.7436532033764685,0.40251875522738595,0.013996995048287553
1786799268.729929,-0.5710392535100798,-0.7567211048848035,0.7303355677658787,-0.902787833851065,-0.5266223802802442,0.7436532033764685,0.40373573488471876,0.01331763561058974
1786799268.863291,-0.5609333707131541,-0.7580825230523773,0.7286853492674887,-0.8852791851983989,-0.527456177956898,0.7434474155009012,0.3979808015799204,0.014762066233412474
1786799268.89667,-0.5584463773436019,-0.7584496267338335,0.7290741542027344,-0.8809165211057164,-0.5276665441231003,0.7433943836590257,0.3965448585434834,0.0143202294562913
1786799268.996716,-0.5490845921279883,-0.7597790275219339,0.7273597360193943,-0.8635282357112217,-0.5285117273267564,0.7431466079448459,0.39033238288600375,0.015786871925451584
1786799269.630044,-0.4752249024425411,-0.768163309925143,0.7281348770402672,-0.7811908495757838,-0.5324271262758526,0.7427558947899366,0.3862469534982434,0.014621017749669396
1786799269.813299,-0.45583545744315734,-0.7697048158045984,0.7279636660996105,-0.7594490459686579,-0.5333777296737857,0.7425994854244679,0.3847488827487515,0.014635819324857358
1786799269.846593,-0.4523065316791598,-0.7698949675201231,0.7277069705779703,-0.7550908229934439,-0.5335627708008196,0.7425721659006346,0.3840979488006475,0.014865195322664282
1786799270.079953,-0.4297317446023698,-0.7702952483127447,0.7266701859426078,-0.7246126602847917,-0.5348073395019528,0.742557713970951,0.3773715803154543,0.015887528028343256
1786799270.329962,-0.4002374654195734,-0.7701271791883698,0.7249620992072475,-0.6944603332912244,-0.535972436238055,0.7425904432043189,0.37602598264581,0.01762834399707136
1786799270.446655,-0.3845282367083365,-0.7702544856312592,0.7243756065499458,-0.6773133150002535,-0.5366221496142969,0.7427642873385918,0.3745759876222003,0.018388680788645972
1786799270.463377,-0.382275410636807,-0.770181268900735,0.7250235048169764,-0.6773133150002535,-0.5366221496142969,0.7427642873385918,0.3762940701273817,0.017740782521615373
1786799270.530015,-0.373639797189323,-0.770164620107518,0.7260081612108278,-0.6644755774722527,-0.5371090395984073,0.7429399650337546,0.372693378931286,0.016931803822926805
1786799270.596714,-0.3642721224225763,-0.7703233511614256,0.72544971528536,-0.6559233515278505,-0.5374353576660108,0.7430679089867518,0.3732254773631317,0.017618193701391838
1786799270.629995,-0.35981878744577794,-0.7702942736227083,0.7248318964284123,-0.6559233515278505,-0.5374353576660108,0.7430679089867518,0.37669774038446596,0.01823601255833951
1786799270.863482,-0.3320492156137683,-0.7704856764419639,0.728919707479681,-0.6217705726447786,-0.5387706226750144,0.7437552347859765,0.3709856208293125,0.014835527306295448
1786799270.896732,-0.328005842569226,-0.7705999024664321,0.7298741861459641,-0.617507208249547,-0.5389420716633917,0.7438267950029365,0.37077808902784565,0.01395260885697236
1786799270.96375,-0.32126810617933543,-0.7706106709662107,0.7296526195598102,-0.6132434536241341,-0.5391147404600365,0.7438884871468808,0.3726123580296692,0.014235867587070627
1786799271.046623,-0.31305146902634523,-0.7710119683968286,0.7275129173934072,-0.6004411637834062,-0.5396406996964721,0.744010253755893,0.36895189474045154,0.016497336362485848
1786799271.096779,-0.3086878808536003,-0.7713003411006595,0.7269041459574216,-0.5961673981540129,-0.5398187559297066,0.7440321273284985,0.36909104180477653,0.01712798137107696
1786799271.163305,-0.30363126140458063,-0.771696952340697,0.7278093497884318,-0.5833341121198564,-0.5403605344144905,0.7440595304688782,0.3629741353831983,0.01625018068044637
1786799271.396664,-0.2855242781132559,-0.7742152626141906,0.7275043578695695,-0.5535359964823394,-0.5416520456742614,0.7442219908339358,0.35484634851805574,0.016717632964366347
1786799271.431387,-0.28235229434220743,-0.774652190138261,0.7265158831410626,-0.5493005052452977,-0.5418379767653863,0.744251025401699,0.3542087029602622,0.017735142260636327
1786799271.496693,-0.2756401302093704,-0.7753897710428864,0.7271818185866444,-0.5450673354054575,-0.5420240167922915,0.7442837088528286,0.35644157186939274,0.01710189026618414
1786799271.529993,-0.27217391987055545,-0.7758043361636277,0.7288424968783217,-0.5366048054514657,-0.542396038516419,0.7443759404133791,0.35270827415822326,0.015533443535057367
1786799271.596685,-0.26504920217493855,-0.7767530069140244,0.7293550533889414,-0.5281441573035708,-0.5427674172594878,0.7444982550333201,0.3520911978168698,0.015143201644378768
1786799271.629963,-0.26140132587986714,-0.7773313951089843,0.7285602522015325,-0.5281441573035708,-0.5427674172594878,0.7444982550333201,0.3552069788454521,0.01593800283178759
1786799271.830023,-0.23923043499804367,-0.7804908643354193,0.7334950546842363,-0.4984958667851516,-0.5440515702752037,0.7448439281355499,0.35088759438807265,0.011348873451313635
1786799272.063365,-0.2133182853395006,-0.7829850455296291,0.7310557144979917,-0.468732420505751,-0.5452903394702332,0.7452023812328739,0.34890565161858045,0.014146666734882185
1786799272.130044,-0.20650277745857815,-0.783703501481121,0.7315518293263381,-0.4602004301467947,-0.5456333380847457,0.7452341219009304,0.3479078925219832,0.013682292574592303
1786799272.296795,-0.18998458465024898,-0.7845910078061767,0.7289275586391945,-0.4387615576244693,-0.5464697782893718,0.7449915610378407,0.344371459660656,0.01606400239864625
1786799272.330158,-0.18692159675217357,-0.7846352801307719,0.7306731952276786,-0.4387615576244693,-0.5464697782893718,0.7449915610378407,0.3466210786428393,0.014318365810162104
1786799272.480033,-0.17248222763871807,-0.7857210077024314,0.7293900158373934,-0.4172743488149419,-0.5472693334741161,0.74423498172672,0.34173437569586357,0.0148449658893266
1786799272.530009,-0.16645113272141648,-0.7862225762301687,0.7302945993340025,-0.4130037736906963,-0.5474272312051705,0.7440532052406424,0.3432366844824931,0.013758605906639909
1786799272.963442,-0.112512774849536,-0.7847806239964897,0.7281111286127262,-0.3538330536680202,-0.5496821704773124,0.7417124553149118,0.336907642858009,0.013601326702185612
1786799272.996707,-0.10784603085773024,-0.7846018134929167,0.7275712990384634,-0.3495968662781807,-0.54984595700938,0.7416035962866409,0.3369774155337485,0.01403229724817745
1786799274.430084,-0.10784603085773024,-0.7846018134929167,0.7316498727179446,-0.1669805273313612,-0.5574548233927222,0.7444576115464794,0.2347182220978331,0.01280773882853481
1786799275.363391,-0.10784603085773024,-0.7846018134929167,0.728276440046765,-0.0485594871786405,-0.5618184378428835,0.7443615669264256,0.2305370398166776,0.016085126879660683
1786799275.396724,-0.10345997926419798,-0.7844380690116474,0.7283008477681738,-0.0442924251517392,-0.5619722427295998,0.7443559076312732,0.2301995728123858,0.016055059863099408
1786799275.530111,-0.08646546769943418,-0.78433506464736,0.7289711714354692,-0.0271916946699792,-0.5625974714322154,0.7443642708547845,0.22952328948059345,0.015393099419315326
1786799275.563455,-0.0823231967475717,-0.784352650336291,0.729673436859877,-0.0229087370124789,-0.5627566532941477,0.744371381213109,0.22942289321406995,0.014697944353232018
1786799275.696764,-0.06703988390558532,-0.7848483862038884,0.7288363619721601,-0.0057491667184645,-0.5634065665625617,0.7444132205582294,0.22976734210799735,0.015576858586069386
1786799275.730124,-0.06299532166173356,-0.7849784900977583,0.7282876587988457,-0.001452934263174,-0.563572536982396,0.7444264433763171,0.2298000468268804,0.01613878457747142
1786799276.063414,-0.034757607257226764,-0.7878939524041644,0.7290184741277961,0.0415822782537866,-0.5653099277831592,0.7446113360538978,0.23531133873300464,0.015592861926101764
1786799276.09683,-0.03223336216921753,-0.7881268352349455,0.72837407011217,0.0458684681441538,-0.5654898135577204,0.7446362440862597,0.23593884656750327,0.01626217397408969
1786799276.296788,-0.01499228861356176,-0.790551988446765,0.7279805788503675,0.0714476577008586,-0.5665801025822171,0.7447537642030627,0.24007346787298658,0.01677318535269523
1786799276.663447,0.026815569666577475,-0.7951367915839961,0.7307411294491053,0.1183715690714568,-0.5685908131155081,0.7447007584983085,0.24434725573918545,0.013959629049203226
1786799276.696824,0.030586293614857398,-0.7955349821392788,0.730353471950833,0.122654525266316,-0.5687712337809492,0.7447134337749586,0.2447414081207887,0.014359961824125578
1786799276.730071,0.03389782261970877,-0.795809238715965,0.7291150355103572,0.1269402559900528,-0.5689508761132528,0.744724386753529,0.24519708621894054,0.015609351243171865
1786799276.930095,0.05657511453942396,-0.7976154296757844,0.7278259791957636,0.1527214359159492,-0.5700094533224144,0.7447355327999394,0.24708014000726342,0.016909553604175787
1786799276.996769,0.06309882894672612,-0.7980591987140059,0.7270114250117026,0.1613452338414816,-0.5703541760070908,0.744716427670713,0.2479958335148011,0.017705002659010427
1786799277.16344,0.07948002729378714,-0.7992804038272743,0.7297508486459701,0.1829658745518614,-0.5711975136215678,0.7446895146012237,0.25046182421141516,0.014938665955253616
1786799277.196812,0.08246997614123416,-0.799270922899479,0.729744145970624,0.1872893696327771,-0.5713627608841418,0.7446986668629209,0.250857002224662,0.014954520892296874
1786799277.330046,0.09534822757404529,-0.7990924618350476,0.7303062461845663,0.2045153864602361,-0.5720119088755387,0.7447885165030675,0.25195842139464036,0.014482270318501245
1786799277.396835,0.10222672073494059,-0.7987924050289378,0.7281631792135423,0.213083366871281,-0.5723305265180291,0.7448209267580124,0.25213920443137633,0.016657747544470025
1786799277.463519,0.11034086963300169,-0.7986990662757439,0.7294818812859313,0.221631942929942,-0.5726466780059256,0.7448399146207514,0.2519630632415665,0.01535803333482011
1786799277.83014,0.15909955169026935,-0.8005474888501153,0.729510408789708,0.2686307374823243,-0.5800763227394168,0.7446521973478666,0.24618004741900767,0.01514178855815862
1786799278.030157,0.19890348630002247,-0.8136806938949336,0.7267673003249486,0.293871274639062,-0.5903273722561467,0.7443562034139313,0.24270473235824633,0.017588903088982644
1786799278.163465,0.2291721258637238,-0.8285561599870167,0.7284304090766763,0.3103138770237111,-0.5989612717190462,0.7441296943688395,0.24351138885089368,0.015699285292163134
1786799278.230201,0.24449257765828794,-0.8370108756468859,0.7297731647199045,0.3184099708334284,-0.6036984162127255,0.7440899229356744,0.24474166940066636,0.014316758215769942
1786799278.930186,0.24449257765828794,-0.8370108756468859,0.7291425020730659,0.3984676110175125,-0.6633013470894373,0.744263439235531,0.2321277906878566,0.015120937162465098
1786799278.996867,0.26446994015607594,-0.8493381414473812,0.7284972032690977,0.4058547980475354,-0.6696353123679252,0.7442076966393273,0.22865429105999377,0.01571049337022956
1786799279.096804,0.29581795828456336,-0.8685109957180022,0.72911231000757,0.4169484967362107,-0.6793126038982064,0.7440845288114133,0.2246522619801167,0.014972218803843251
1786799279.330132,0.36678154170297794,-0.9139788104958128,0.727770872024791,0.4429823045975489,-0.7026644240543203,0.7437251000775246,0.2246337601137884,0.01595422805273361
1786799279.463566,0.404527354977333,-0.9366386464032657,0.7280274766585477,0.4579768750419055,-0.7164481278563235,0.7435431844045595,0.22658489723082698,0.015515707746011742
1786799279.496796,0.4136779456436104,-0.9418642498887899,0.727988626988001,0.4617392912704195,-0.7199396845597034,0.7434946057638531,0.22706916488145987,0.015505978775852025
1786799279.730226,0.4796596509472975,-0.9766246965134259,0.7272627893045852,0.4881433625423568,-0.7447620450533694,0.7431765840874708,0.23201780643846234,0.01591379478288557
1786799279.796916,0.5010096326381679,-0.9887432087967574,0.7274716354070794,0.4956979304410734,-0.7519669917187547,0.7431276072996942,0.236835789428034,0.015655971892614806
1786799279.930162,0.5481179823073999,-1.0144416455875571,0.7263970674232225,0.5108430213372305,-0.76656088537327,0.7431167510729686,0.25066769636261577,0.016719683649746075
1786799279.963476,0.5600994827575241,-1.0216128932916815,0.7264814206446973,0.5146387016957684,-0.7702504089597418,0.743130568362996,0.25544036710016976,0.016649147718298618
1786799280.230144,0.6587448619085431,-1.0800378493790697,0.7252779603426097,0.5451668360826765,-0.8003857928599809,0.7435166754590383,0.3018364468811824,0.018238715116428605
1786799281.263538,0.6587448619085431,-1.0800378493790697,0.7300170406908212,0.6669570017811335,-0.927094716402634,0.7454237252226881,0.153163445919497,0.015406684531866888
1786799281.330248,0.6849163677990084,-1.0984594325186094,0.7297747235506554,0.6750852785937878,-0.9357896484051436,0.7454782498780927,0.16296658853422258,0.015703526327437323
1786799281.363624,0.6984404337135689,-1.1069392571473937,0.7291673158678679,0.6791693009928819,-0.9401644423519782,0.7454940238108063,0.16788452997933875,0.016326707942938445
1786799281.496844,0.7514357464709407,-1.1423222201675476,0.7292565467957478,0.6956523443124761,-0.9578544226192962,0.7454509391442985,0.1927178151823947,0.01619439234855069
1786799281.66358,0.8174386798734179,-1.1825821951907776,0.7306180691258548,0.716609624050344,-0.9804030388524088,0.7453133725784924,0.22592677963417068,0.014695303452637587
1786799282.863536,0.8174386798734179,-1.1825821951907776,0.7293189672949764,0.8763260104513648,-1.1544675525814376,0.7433769727795285,0.06525450813275138,0.01405800548455216
1786799282.896852,0.8318547920327417,-1.1918579596129413,0.7285102876651922,0.8809788155281101,-1.1596474803882004,0.7432946610172128,0.058742528514364845,0.014784373352020541
1786799283.063616,0.9020682861943581,-1.2351384234830465,0.7301959761433708,0.9044181971161238,-1.185836609409151,0.7428324666464192,0.04935778512369846,0.012636490503048381
1786799283.93027,0.9020682861943581,-1.2351384234830465,0.724464571553173,1.0212761698432644,-1.314182820881582,0.7420655937605467,0.14303333976436683,0.017601022207373695
1786799283.996907,0.9257725310250595,-1.2505489623230763,0.7254603974641014,1.0288122516790588,-1.3215323960290002,0.7421351049450562,0.1251232667937402,0.016674707480954787
1786799284.096899,0.9590853685802951,-1.2713057119015443,0.7280356535914867,1.0397739337498646,-1.331799116872396,0.742286963575959,0.10084689679951148,0.014251309984472327
1786799284.130242,0.9692275667896463,-1.276980431380927,0.7276288570180517,1.0433457595956033,-1.3350289013483727,0.7423390145174305,0.09414420518748068,0.014710157499378762
1786799284.163553,0.9784331201574301,-1.282887923267323,0.7274199675836815,1.0468804844675073,-1.3381667502399412,0.7423886073639122,0.0879817617035775,0.014968639780230664
1786799284.196938,0.9882779428435614,-1.2885008660969899,0.7267676183641313,1.0503800026616483,-1.3412133782753382,0.7424348145655331,0.08145719596083431,0.01566719620140178
1786799284.230239,0.99585779563118,-1.2927771228818254,0.7256016313660614,1.0538466003229343,-1.3441711507463705,0.7424787324143143,0.07748578946955406,0.016877101048252907
1786799284.330224,1.0178940814248318,-1.3064033075385,0.7289733236140119,1.06406825336311,-1.3525324361911204,0.74260529523934,0.06526829754509984,0.013631971625328143
1786799284.430238,1.0375863949959179,-1.3164498771013518,0.7275721628899666,1.0740385734812554,-1.3601227595684569,0.7427407932799915,0.05688657116853223,0.015168630390024918
1786799284.563702,1.0646273659808307,-1.329431264125596,0.7277504181246742,1.0870007346681545,-1.3691257646926167,0.7429315215421509,0.045565568159347244,0.015181103417476693
1786799284.596926,1.0722246025364874,-1.3331460221524194,0.728162778448723,1.090194409897304,-1.3711923360175051,0.7429683946301839,0.04207654899472473,0.014805616181460923
1786799284.663582,1.0856455492862342,-1.3395532912006467,0.7291303035031819,1.0965412147411124,-1.3751159483512498,0.743039445089985,0.03719432899402771,0.01390914158680312
1786799285.030232,1.156943342549734,-1.3742743895714644,0.7267564581280315,1.1311632002453649,-1.392337435538079,0.7432646641344425,0.031478395239045394,0.016508206006411008
1786799285.163574,1.1784799818907485,-1.381906753214066,0.7278555929064429,1.1439354000170097,-1.397002154484983,0.7433085024513529,0.037698796749517774,0.015452909544910076
1786799285.396937,1.2077852753873604,-1.3912794223743177,0.7283665747693951,1.1668935009282346,-1.4033457223357562,0.7434746334805499,0.04263487789563162,0.015108058711154726
1786799285.530285,1.2199198331713728,-1.3940859897568527,0.7277323475421182,1.1804865596545335,-1.4059774089917376,0.7435057852976782,0.04118724209841738,0.01577343775555995
1786799285.730335,1.2349457375667527,-1.396299912274132,0.7284419149163022,1.2016267822220592,-1.40858838510134,0.7436187377876807,0.03551280543250159,0.015176822871378559
1786799285.963597,1.2544340140150332,-1.398369276673966,0.7295002901136395,1.2275433683740158,-1.4096292578240104,0.7437700393607661,0.02915294150664945,0.01426974924712665
1786799286.297143,1.280989931288899,-1.3947274483205496,0.7292490498676643,1.2663450061539123,-1.4075365293379396,0.7435471202187444,0.019456268622719673,0.014298070351080105
1786799286.430222,1.2889144974253854,-1.3908714967127946,0.7256330820734314,1.2821028557041256,-1.4056018136703428,0.7433532327947715,0.016229007998292345,0.017720150721340144
1786799286.996918,1.3094234275315582,-1.358694015035951,0.7283387497961358,1.34790700243595,-1.3918743903571025,0.7434417681903293,0.0508126248473194,0.01510301839419348
1786799287.430421,1.3155375878196334,-1.3241799205331353,0.7296275124327855,1.3957218994800848,-1.3774003608471113,0.7432300096957445,0.09623896873758517,0.013602497262959035
1786799287.466496,1.3157206783041522,-1.3212912384254505,0.7289310234617616,1.3993410598670248,-1.3762000447079874,0.7432443758248941,0.1000367193589113,0.01431335236313247
1786799287.563649,1.3165042114551828,-1.3131178858499908,0.7267654569175415,1.41015400502195,-1.372549700442796,0.7433022471239538,0.11091629465904324,0.0165367902064123
1786799287.663738,1.316972263420968,-1.3050292139411201,0.7281442700741351,1.4209055830107304,-1.368837574087555,0.7433762292660866,0.12195754074892143,0.015231959191951527
1786799288.196972,1.3101228858470575,-1.2692213798387828,0.7267659057005312,1.4772727542423636,-1.3485544073961435,0.7435528149205884,0.18502110086686088,0.01678690922005721
1786799288.230304,1.3095498618963637,-1.2668471623930313,0.7265604414051217,1.4807298030321752,-1.3472872679239625,0.7435969158899082,0.18913799942128823,0.017036474484786512
1786799288.263705,1.3090330054870036,-1.264161850541049,0.7271747335986924,1.4841791695616526,-1.346021146310751,0.7436482216152038,0.19333164017815455,0.016473488016511384
1786799288.463684,1.3061778805733109,-1.247859838157991,0.729412404126657,1.5047474099574507,-1.338453128576684,0.7439773763830612,0.21825902562946722,0.014564972256404185
1786799288.697041,1.3034148454341035,-1.2297244411090635,0.7306091302067309,1.5286492716087985,-1.3296857015479642,0.7439844946469667,0.24641996737841249,0.013375364440235793
1786799288.997792,1.3025404698152172,-1.2090229182839527,0.7268639567658223,1.5595623711305748,-1.3185324581728255,0.7435501778388653,0.27937894888919973,0.016686221073043073
1786799289.163717,1.3039227287086288,-1.1990427372256773,0.7270225904897523,1.5767970935104465,-1.3124450929113285,0.7435022367496527,0.2955004454159933,0.016479646259900393
1786799289.197005,1.3042653489025051,-1.197120944533571,0.726557040280412,1.5802349988672677,-1.3112465271821627,0.7435049446682295,0.29863672968433425,0.01694790438781746
1786799289.330368,1.3051728304093992,-1.188421746400063,0.7259717066890762,1.5939328010679843,-1.3065341225370852,0.743530892408903,0.31198213739167874,0.017559185719826842
1786799289.596972,1.3072594373993278,-1.1677400757984524,0.72900075632977,1.621086031052662,-1.2974988707506674,0.7440147175276615,0.33959457556254624,0.015013961197891446
1786799289.963857,1.3130762794718769,-1.1411790900385776,0.7284573485872284,1.65532654327682,-1.2868149292951314,0.7439900416080227,0.37194763173128814,0.015532693020794297
1786799290.280405,1.3186932533221873,-1.1246263587097571,0.7292351360793967,1.6897607184617522,-1.2770097124031188,0.7438126145509862,0.4011380687094387,0.014577478471589522
1786799290.413723,1.321059005904219,-1.119136078155697,0.7302916813127803,1.703619137525054,-1.2733472503842755,0.7438534297821611,0.4124722293026075,0.013561748469380741
1786799290.646988,1.324580305536309,-1.1081843223262073,0.7263590180171967,1.727809465275346,-1.2673662572040163,0.7438106587522905,0.43351198790263323,0.017451640735093754
1786799290.66385,1.3249060643005324,-1.1073270795016497,0.7259279155851168,1.727809465275346,-1.2673662572040163,0.7438106587522905,0.4335247269957287,0.017882743167173643
1786799290.747119,1.3263251047336189,-1.1032379592363155,0.7299190858340696,1.738190882426479,-1.2649414279567377,0.7436442070219434,0.442471954626235,0.013725121187873834
1786799290.847024,1.3286700533539921,-1.0982637571037404,0.7283643312646815,1.7485946021220613,-1.2625926170350894,0.7434327767399995,0.4509330336806159,0.015068445475318049
1786799291.080378,1.3363171703495955,-1.0872341336038998,0.7255267129319883,1.773068675902472,-1.257399897963376,0.7431745142027727,0.4687304822205925,0.017647801270784358
1786799291.163711,1.3393077139900031,-1.083941198758479,0.7278930021822277,1.780128451230068,-1.2559851356759988,0.7431629992541965,0.47320401373081544,0.015269997071968744
1786799291.230421,1.3420083771564448,-1.081090114802835,0.7266620785547819,1.787214383326165,-1.2546033345970276,0.743174118895272,0.4778234248893001,0.01651204034049003
1786799291.447024,1.3511837088450753,-1.0735141526561676,0.7291058451975094,1.8122052478544144,-1.2500245794081108,0.7432787041797922,0.4936565508353887,0.014172858982282821
1786799291.480399,1.3528590047038074,-1.072386635782637,0.7275900460106544,1.8157965373802452,-1.2494042959245353,0.7433079252344299,0.49562729057494453,0.015717879223775544
1786799291.513759,1.354190293660929,-1.0715176306798857,0.7280140170907052,1.81939132414738,-1.2487935539492936,0.7433407786673029,0.49783406044251033,0.015326761576597625
1786799291.914302,1.376436480873656,-1.057123234546035,0.7261240148655869,1.8625589127636777,-1.2422493718547072,0.7436647147077926,0.5201794935418909,0.017540699842205743
1786799291.931274,1.377635961574113,-1.0562838779822716,0.7255611847075402,1.8661706579972437,-1.2417675218600244,0.7436742529317398,0.5225613186559157,0.01811306822419967
1786799292.047172,1.3857529961181692,-1.0520720741374234,0.726416927733841,1.877040833096786,-1.2403768318042372,0.7437052935999677,0.5261391645972437,0.017288365866126698
1786799292.097111,1.3893378344132188,-1.0502654107178415,0.7277971072771676,1.8806771342777704,-1.2399319304676668,0.7437204701063248,0.5266760829061812,0.015923362829157184
1786799292.313709,1.4050282668076302,-1.0430984074710523,0.7276767359101431,1.9063312170323363,-1.237083879870594,0.7438388280506918,0.5375267541304968,0.016162092140548645
1786799292.347075,1.4074880085796377,-1.0422103274490344,0.7275305222990375,1.9100284468570905,-1.2367148415572042,0.7438478000460904,0.5388681639441595,0.01631727774705294
1786799292.447068,1.4147834855018462,-1.0393988919355845,0.7285096961322132,1.92117291482342,-1.2356633033181366,0.7438651777115532,0.5430929693008084,0.01535548157934008
1786799292.597131,1.4255797438798783,-1.0366088633378103,0.7308448540315433,1.9361550535292895,-1.23439196632405,0.7438840684414652,0.5475447951085441,0.01303921440992184
1786799292.630454,1.4278924619941389,-1.0361485246373672,0.7295539138032816,1.9436998742365463,-1.2338132060132878,0.7438751152608569,0.5523844791335588,0.014321201457575317
1786799292.847098,1.4407704407712476,-1.0338802411798296,0.7309190143456651,1.966500186847896,-1.2323037930051843,0.7437965111935805,0.5619285291109595,0.012877496847915393
1786799292.880476,1.4431103553030795,-1.0335880205096686,0.7285435876536728,1.970314308846282,-1.232086233619482,0.7437801017226651,0.5633343139196938,0.01523651406899229
1786799292.963773,1.4484671452144304,-1.0328399638814783,0.7272871913255654,1.9779530978985047,-1.2316788910779577,0.7437499869432946,0.5655902165511781,0.01646279561772923
1786799293.380413,1.4846073931150816,-1.0296794464020056,0.7267527907885587,2.028264684272483,-1.2298152575820438,0.7432565735652817,0.5793251186900975,0.01650378277672304
1786799293.530576,1.4991492249584792,-1.028989589828165,0.7278711060426952,2.0440766066046767,-1.2294841637632576,0.7429452384081344,0.5806409608744417,0.015074132365439197
1786799293.913839,1.5364623263123618,-1.027426197785605,0.726170727248445,2.092583614602474,-1.2290763786789465,0.7427422449257676,0.591551927343468,0.016571517677322567
1786799294.030429,1.5476882717738434,-1.0269755130574512,0.7280214485588283,2.108947822292294,-1.2291280403481846,0.7427631977617536,0.5965550497131039,0.014741749202925258
1786799294.180414,1.5636408911779778,-1.0263450973781745,0.7273161489607286,2.125319350573424,-1.2292719556238705,0.7427957634776219,0.5972118565017865,0.01547961451689328
1786799294.197203,1.5655831711588326,-1.0262809257723389,0.7275454301815355,2.125319350573424,-1.2292719556238705,0.7427957634776219,0.5954073804932458,0.015250333296086382
1786799294.297176,1.5779124786396934,-1.025908165787142,0.7274435280907291,2.1376059938817678,-1.229439349931298,0.742911773120311,0.595551655125861,0.015468245029581884
1786799294.363745,1.5859035322592268,-1.0258305311263716,0.7288961136253116,2.145802988591882,-1.2295788175503088,0.7430072646929748,0.595819406718423,0.014111151067663252
1786799294.430523,1.594960936897022,-1.0256432615766662,0.726971352690092,2.1540098846096654,-1.2297404898546271,0.7431064698828455,0.5951398193108575,0.0161351171927534
1786799294.513787,1.6053895273716778,-1.0257328753893211,0.7262053222471553,2.1663480759990965,-1.2300244046079107,0.7432520095600044,0.5970004373437677,0.017046687312849085
1786799294.563793,1.6123145476770353,-1.0256685876394742,0.726671122238474,2.1704702440044823,-1.2301301855627382,0.7432986648689794,0.594426047854661,0.016627542630505476
1786799294.74709,1.6351075527304433,-1.0266384035786986,0.7277713691923706,2.195317424199722,-1.2308797509117342,0.7436193429754094,0.5962798236164291,0.015847973783038816
1786799295.013757,1.6647865749684707,-1.0288600920868245,0.728281431430416,2.2287755191539635,-1.2321738099055226,0.7439808103585044,0.5995164693456955,0.01569937892808837
1786799295.16393,1.6786510158549226,-1.0308750724523448,0.7274346570013713,2.245621172496487,-1.2329357878765144,0.744140607314472,0.6019000674861962,0.016705950313100626
1786799295.198287,1.681699884094996,-1.0312527590978096,0.7279593235394811,2.2498313381954804,-1.2331366429269817,0.7441733482713869,0.6029348652120572,0.016214024731905807
1786799295.413867,1.7045795850583374,-1.0351550135746355,0.7295327008166399,2.279216112273566,-1.234635763144892,0.7443516862154088,0.6082760128914254,0.014818985398768914
1786799295.530488,1.7187630965941783,-1.0371649038604984,0.7308323533712731,2.291786626653078,-1.2353184807022208,0.7443452381570509,0.60631741358494,0.013512884785777834
1786799295.563836,1.722929791121955,-1.037764368412136,0.7299662863957652,2.2959800954275438,-1.2355503607074323,0.7443272247824534,0.6062226901172233,0.014360938386688171
1786799295.597157,1.7267248779130353,-1.0383103062602095,0.7291875848360293,2.304376868849101,-1.2360204226999043,0.7442691023467368,0.6105498446277735,0.01508151751070752
1786799295.663788,1.7354592896591106,-1.0391960053596498,0.7286399058160608,2.308581732440056,-1.2362848452241262,0.7442295320406022,0.6060638128269359,0.015589626224541409
1786799295.813702,1.7544402392961775,-1.0411812316490103,0.7276561705152166,2.329719029266021,-1.239172874979508,0.7440006416887358,0.6083965622995238,0.016344471173519226
1786799295.963854,1.777562941330124,-1.046070272744111,0.7281899322031555,2.3466637773801744,-1.2438363858996468,0.7438802803996687,0.6024841882618287,0.01569034819651316
1786799295.997156,1.7833114272178134,-1.0482902672497676,0.7289357284215757,2.3508795564033846,-1.2453066442677443,0.743862188926713,0.6007903412010706,0.01492646050513724
1786799296.030467,1.7887550530378478,-1.0503845265874265,0.7283569189965606,2.3550814593243627,-1.246886063847014,0.7438562900629465,0.599448457002585,0.01549937106638588
1786799296.314273,1.850849270269752,-1.0784865204894343,0.7301304030118503,2.3920539924992235,-1.2650463530359617,0.7436481110226947,0.5724570922639247,0.013517708010844398
1786799297.030568,1.850849270269752,-1.0784865204894343,0.726838253501625,2.47227201726971,-1.3231927215121264,0.743674358838297,0.6678677678312764,0.016836105336672014
1786799297.197259,1.9053228674765896,-1.1102505595269736,0.7317468749749776,2.490792248520621,-1.3390464817562635,0.7436827404069474,0.6285872812655633,0.011935865431969783
1786799297.297238,1.9364245770393052,-1.1284416133699924,0.7291907236646326,2.501891645361086,-1.348849577690943,0.7437135407252837,0.606904173731352,0.014522817060651172
1786799297.330535,1.9462260387020882,-1.134865513648104,0.7274880210365617,2.5055908209499487,-1.3521619258400337,0.7437186796065339,0.6000889020559215,0.01623065856997219
1786799297.463879,1.9844489254674471,-1.1578621269496996,0.7280517107047707,2.520399487347003,-1.3656264867731336,0.743608341562539,0.5748121727937336,0.015556630857768261
1786799297.513791,1.9976455690771846,-1.1663902681570384,0.7281365253062567,2.5278070980649976,-1.3724715418597468,0.7435053275200105,0.5688064153907076,0.015368802213753807
1786799297.59729,2.0225305999074203,-1.1833466820474996,0.7292905021707626,2.5351762490738343,-1.379392902674628,0.7433746713348007,0.5488530606924177,0.014084169164038096
1786799297.663893,2.041792865676239,-1.1952175864783112,0.729507766435537,2.5461995567312736,-1.389882021362254,0.7431722451914619,0.5406665813509965,0.013664478755924803
1786799297.897257,2.1257983275160903,-1.2495069395315146,0.7261917094499822,2.568501319087788,-1.4111848585944806,0.7428386136865012,0.4713021199390702,0.016646904236518933
1786799298.063898,2.189544658908754,-1.2902637163895074,0.7264685818298194,2.5874095759064946,-1.4294046566721526,0.742705930479883,0.42149340853726014,0.016237348650063543
1786799298.247112,2.259782288218597,-1.3343120954335979,0.7282274377275417,2.6095501443694564,-1.449948274209767,0.7428400643898184,0.3683874034740092,0.014612626662276695
1786799298.348763,2.293966964145751,-1.3558338914185124,0.7276589779126242,2.6200116498855297,-1.4585790589145768,0.7429877955312728,0.3418504154494264,0.015328817618648571
1786799298.380629,2.3068068533074557,-1.3641941154292367,0.7278355892384147,2.6234231538449557,-1.4612149133276786,0.7430356784562571,0.33114787782938127,0.015200089217842327
1786799298.530472,2.3474560553144688,-1.3879980095611981,0.7271040145282723,2.6367773598136286,-1.470667625755023,0.7431944860389105,0.30090045310489294,0.016090471510638138
1786799298.797149,2.3979966624914955,-1.4132311184531758,0.7267058009540164,2.665824882320936,-1.4865178860596997,0.7434664103115596,0.277674099698225,0.0167606093575432
1786799298.830519,2.404141250844686,-1.4158517227193703,0.7281526281181058,2.6690116434870816,-1.4878813694200603,0.7434911492452183,0.27448969908243015,0.015338521127112537
1786799299.080511,2.4455179397930316,-1.4306112641368345,0.7280656595925745,2.6914722766016723,-1.495602276533259,0.7435586130485747,0.25439608386783497,0.015492953456000214
1786799299.097224,2.4481420332655426,-1.4313663275953201,0.7277459924312046,2.6914722766016723,-1.495602276533259,0.7435586130485747,0.2516661766268515,0.0158126206173701
1786799299.130512,2.4535218170608064,-1.432923913102751,0.7269874872157429,2.694732364688112,-1.4964728430537897,0.743564133562406,0.2494413654239942,0.016576646346663115
1786799299.297213,2.477860283544017,-1.4380333059904178,0.7291924374839025,2.71135646156398,-1.5000731563318583,0.7435867447013873,0.24159761625545595,0.014394307217484803
1786799299.430561,2.494653445439769,-1.4395495297530518,0.7277805817061778,2.72514662023139,-1.5021185577002398,0.7434938979144317,0.2388346433911476,0.01571331620825389
1786799299.663979,2.518057214502632,-1.439207276157187,0.7257303858997619,2.750619529495998,-1.504103375740359,0.7433427774551752,0.24144716626248208,0.017612391555413276
1786799300.2472,2.551053498579902,-1.4259219899910027,0.7249308354767809,2.820861420079252,-1.5009865852007769,0.7435246246790281,0.28005536587933255,0.01859378920224719
1786799300.397244,2.55971405871561,-1.4204277542771218,0.7265566259346412,2.8403063258712016,-1.4984062715407156,0.74359080790901,0.29122614845192624,0.01703418197436879
1786799300.547256,2.5674830415697274,-1.4142695397258453,0.7275670823133333,2.855733761834965,-1.4959433642449411,0.7438178328588546,0.2995982165250728,0.016250750545521275
1786799300.580625,2.5693204641883485,-1.4126452379989305,0.7266636960924276,2.859567901253792,-1.495279487134218,0.7438667567434901,0.301781367637585,0.017203060651062474
1786799301.130602,2.5909529965659277,-1.3824767434323708,0.729294607118693,2.9200076000965223,-1.4827204845272273,0.7441981721253611,0.3439850864984838,0.014903565006668118
1786799301.430564,2.5993297662419113,-1.3628370575292517,0.730062707226893,2.9563754952439,-1.4739538647649106,0.7448036317303242,0.37393662223538393,0.014740924503431119
1786799302.230615,2.6196922651845322,-1.317080992299348,0.7271083571069343,3.042246864423235,-1.4531220144754573,0.744475504470145,0.44391389824210453,0.017367147363210655
1786799302.499519,2.6253827375674663,-1.3056564615764483,0.7286667916132549,3.0707061666400928,-1.4468339145507416,0.7445231728463657,0.46716595521218296,0.01585638123311084
1786799302.53066,2.6262391699029255,-1.3040210924644475,0.7280233466080799,3.0707061666400928,-1.4468339145507416,0.7445231728463657,0.4668473126631539,0.01649982623828583
1786799302.563957,2.627129927162847,-1.302333687725714,0.7273330943487093,3.0777920664153338,-1.4453361022863214,0.7444573530239628,0.47280657178786295,0.017124258675253468
1786799302.597223,2.6281322105316676,-1.3006586990043651,0.7272408707333889,3.0777920664153338,-1.4453361022863214,0.7444573530239628,0.47236165912754735,0.01721648229057382
1786799302.764044,2.6338047734375807,-1.2924446503124294,0.7292025955771135,3.095526406440053,-1.441707077350329,0.7441951294581848,0.4852485327208257,0.014992533881071246
1786799302.947419,2.640828613397561,-1.2842026200945094,0.7275419296284487,3.1169125927806958,-1.437561395641774,0.7437603507036608,0.5001748388939984,0.016218421075212097
1786799302.964046,2.641493683571217,-1.2835229442716973,0.7273716445420032,3.1169125927806958,-1.437561395641774,0.7437603507036608,0.49975092169441976,0.01638870616165755
1786799303.263958,2.6559963220837304,-1.2712365122316471,0.728510994752309,3.1493315202530643,-1.4317858415167437,0.7429259036180469,0.5188021828083131,0.01441490886573793
1786799303.297314,2.657641501571093,-1.2701282839834926,0.7273394801281426,3.1529606879883625,-1.43117813000179,0.7428398693221401,0.5208436899258577,0.015500389193997433
1786799303.564022,2.672611615224611,-1.2615598457167567,0.725353331303722,3.1821459878092155,-1.426591908906692,0.7421932696183593,0.535593930815047,0.01683993831463726
1786799303.59743,2.674646100181788,-1.2602473249435386,0.7255210085247463,3.1894393270098207,-1.42553536207905,0.7420414161521792,0.5406775393967542,0.016520407627432898
1786799303.63069,2.676596329182742,-1.2589822915792932,0.7258341651269783,3.1930839445783787,-1.425020841738189,0.7419778389218961,0.5425202825664119,0.016143673794917768
1786799303.730603,2.682999332836883,-1.2550228117671225,0.7287025269808103,3.204023795276742,-1.4235320121801431,0.7418693277040813,0.5475964217236812,0.013166800723271033
1786799304.063947,2.7077894448497797,-1.2424336169946635,0.7273321896265212,3.240747702619519,-1.4191424501927608,0.7420144669508671,0.5614895513321585,0.014682277324345905
1786799304.163932,2.7158591051659093,-1.2389324224737253,0.7270059732897347,3.2518650977258186,-1.4180014282916638,0.7421220478305142,0.5651266520920406,0.015116074540779456
1786799304.230611,2.721462475285615,-1.2370799198708353,0.7279465116404864,3.259306328016479,-1.4172866883804316,0.742197828773815,0.5672305433746055,0.014251317133328611
1786799304.263962,2.7241369262276662,-1.2361179315643462,0.7272274119698157,3.259306328016479,-1.4172866883804316,0.742197828773815,0.5650030150868944,0.014970416803999353
1786799304.832001,2.7626995490683184,-1.230679928249805,0.7285149314166236,3.327098833638998,-1.4125575470446696,0.7435401194211276,0.592980624171132,0.015025188004504031
1786799304.997378,2.775986042561229,-1.229103979958648,0.7275606462412266,3.3422277807198086,-1.4119185235550715,0.7437467337850722,0.5950217335385476,0.01618608754384554
1786799305.130661,2.787757135313632,-1.2286930830726461,0.7277325665146923,3.361294616461431,-1.4112919205674654,0.7439325560886005,0.6019032960001309,0.016199989573908224
1786799305.163997,2.790868987986636,-1.228489421832889,0.7287499933101619,3.361294616461431,-1.4112919205674654,0.7439325560886005,0.5990009609044623,0.015182562778438657
1786799305.214057,2.795120394290262,-1.228131972950396,0.7282424562417228,3.368987046501915,-1.4110906106154126,0.7440318186557942,0.6023261555144763,0.015789362414071362
1786799305.24732,2.798730436472605,-1.2279712249746995,0.7278264466883629,3.372847469923147,-1.410999953918569,0.7440874318717264,0.6025859969472069,0.016260985183363497
1786799305.263989,2.800312450578904,-1.2278928279503634,0.7279311000119905,3.3767174926273,-1.4109158050289248,0.744141109273813,0.6047645679415362,0.01621000926182259
1786799305.297347,2.8035206858330413,-1.2276295418579728,0.7285534079250654,3.380597479385051,-1.410837923270693,0.7441932015205232,0.6054609291078473,0.01563979359545775
1786799305.497401,2.8237085854804254,-1.2266389477805202,0.731257954939081,3.404105353125789,-1.4104998143838623,0.7444138621293788,0.6088228200070347,0.0131559071902978
1786799305.563964,2.830518221243963,-1.2265630127104186,0.7304959212875963,3.412035218393704,-1.4104337520173462,0.7444474011093827,0.6098938159608837,0.01395147982178635
1786799305.630657,2.8371496433379755,-1.226619179228003,0.7295030564650962,3.4200151629065707,-1.4103898507220678,0.7444261549851459,0.6111496327441814,0.014923098520049694
1786799305.664007,2.8404392222460837,-1.2266443651735348,0.7302219298813193,3.4200151629065707,-1.4103898507220678,0.7444261549851459,0.6080054888337395,0.014204225103826573
1786799305.697383,2.844125724122343,-1.226572218656538,0.729865985512334,3.4280499501866544,-1.410368218126964,0.7443643613669442,0.6121670288459987,0.014498375854610224
1786799305.864093,2.8604958129777307,-1.2261745021332109,0.7297562028299415,3.448348395195657,-1.4104103469043114,0.744092498522103,0.6160466743022031,0.01433629569216155
1786799305.930698,2.8673089716847886,-1.2261211858620888,0.7293117135999321,3.456509914580781,-1.4104657883617644,0.7439850318804028,0.6173659235658296,0.014673318280470693
1786799305.964007,2.8708787505570625,-1.226135768780396,0.7278639420472598,3.460594474956745,-1.4105017701998568,0.7439310539906315,0.6178636241790277,0.016067111943371737
1786799306.130794,2.890854760972591,-1.2252948765279348,0.7271503675804544,3.481051850587358,-1.4107621583703216,0.7436644103180268,0.6186523395443879,0.0165140427375724
1786799306.297346,2.9130472706260933,-1.2249750997749311,0.7284628746094804,3.5016255984130003,-1.4111545358076072,0.7435748585300209,0.6173226306736835,0.015111983920540473
1786799306.364019,2.9223206545217404,-1.2247405149175765,0.7263002423781941,3.5098991420491066,-1.4113491775005744,0.7435607255235902,0.6164992067764259,0.017260483145396077
1786799306.96582,2.996683654686652,-1.2305779264469439,0.7298952184561546,3.5856216039634843,-1.414055146949814,0.7436269268386945,0.6168563840488801,0.013731708382539898
1786799307.097403,3.0101961562238975,-1.2321334097541206,0.726256307230147,3.602671467537621,-1.4148680857269509,0.7436689932001331,0.620015287165719,0.01741268596998613
1786799307.16397,3.017083976861925,-1.2330836636378464,0.7270729858291741,3.611172828435519,-1.4152962965388354,0.7437121340995636,0.6214040611009414,0.01663914827038948
1786799307.230789,3.02460467519731,-1.2342187198711856,0.7268588845942675,3.61965114296917,-1.415736738456702,0.7437675417230061,0.6221166208027068,0.01690865712873857
1786799307.36402,3.0410716160539764,-1.2364528182754853,0.7286070979415655,3.636544154613213,-1.41664816654225,0.7439438645111969,0.6221397814922,0.015336766569631344
1786799307.930858,3.121594052699499,-1.2484326715717935,0.7248687003129622,3.708056872154272,-1.4207631475070557,0.7446436856218053,0.6112580727801602,0.01977498530884303
1786799307.964053,3.1257869045914166,-1.2488513310042344,0.7271103856026709,3.712266114080213,-1.4210084300382524,0.7447065732942564,0.6112249421533876,0.01759618769158544
1786799307.997395,3.1301468618720927,-1.249370538433042,0.7284962079728446,3.7164746217410407,-1.421253333664516,0.7447715952741134,0.6110024036691866,0.016275387301268762
1786799308.130786,3.146237223262924,-1.251114158375124,0.7309705641834274,3.733304356039056,-1.422228044689141,0.7449572167324688,0.6114963454310052,0.013986652549041412
1786799308.230813,3.157677972783222,-1.2521664867196483,0.7288592376763255,3.745911248548693,-1.422951748304504,0.745023046300408,0.6125242789411571,0.01616380862408251
1786799308.264069,3.1614208259321326,-1.2523364114443007,0.7285468436559884,3.750104717812296,-1.4231911962337094,0.7450352133404774,0.6129764123068777,0.016488369684488968
1786799308.297438,3.165441819560518,-1.2526895855141116,0.7291535306110525,3.754292936696373,-1.4234297324788667,0.7450459952806282,0.6131050774032869,0.015892464669575723
1786799308.514173,3.195392535666803,-1.254033912052017,0.7283866737439179,3.779330064400016,-1.4248456011605042,0.7451165295309766,0.6084074872970798,0.016729855787058767
1786799308.564057,3.2034436226170473,-1.2542790799767298,0.7289790509952907,3.783494267833872,-1.425079932435258,0.7451315784297906,0.6046748566105711,0.016152527434499908
1786799308.864026,3.249094266331385,-1.2564447669556442,0.7287861524354932,3.821048329142201,-1.4271909795624622,0.7451691108165344,0.596896740722691,0.0163829583810412
1786799308.897413,3.2540294852643767,-1.2566663468914718,0.7288425224665613,3.82945282572581,-1.4276646571503555,0.7450943691674113,0.6002936305335813,0.016251846700850003
1786799308.93074,3.25902218774383,-1.2569858757712153,0.7282925825469817,3.833667010998752,-1.4279025709977795,0.7450534346859053,0.5995241359618897,0.016760852138923643
1786799308.997417,3.268793676592056,-1.2579427180559206,0.727436156061979,3.837889258561415,-1.4281412391700845,0.7450153509247548,0.5940011094320378,0.017579194862775815
1786799309.097429,3.282832070322021,-1.2590798628427107,0.7284723095343619,3.854851780738199,-1.4291029453115167,0.7449219867315197,0.5967532133778607,0.01644967719715773
1786799309.130736,3.2873809626863757,-1.2592555636495824,0.7283006800756957,3.859108424976059,-1.4293450590065466,0.7449060569863603,0.5964920180245401,0.01660537691066455
1786799309.164056,3.29157767241531,-1.2594781332139047,0.7292058711083648,3.863370684445192,-1.4295877525607212,0.7448894852814242,0.5965605846856827,0.015683614173059413
1786799309.26408,3.303753070971637,-1.260631461691429,0.7292709546542213,3.8719119187008815,-1.4300747741049744,0.744854894226459,0.5928874365127813,0.015583939572237693
1786799309.397413,3.317942373975701,-1.2628111564789735,0.7299871847455917,3.893331588833344,-1.431298379408561,0.7447467829653047,0.5995504089440851,0.014759598219713066
1786799309.530788,3.3317166502576385,-1.2646166852931462,0.7260020035935942,3.910436806908764,-1.4322725700152823,0.744560661787206,0.6025159876685975,0.0185586581936118
1786799309.564078,3.335860453000898,-1.2651502077754044,0.7262182303674815,3.914701157706512,-1.4325142365781365,0.7445067391259883,0.602550644810188,0.01828850875850685
1786799309.764083,3.360526879500355,-1.2691230608216177,0.7286939820324172,3.940211551055114,-1.4339419020176265,0.7441674414805642,0.6026604092262443,0.015473459448147042
1786799309.997455,3.393004403287593,-1.2741818524072919,0.7250798354010296,3.97000478865137,-1.4355462389694258,0.7437752218468634,0.5991393076409867,0.018695386445833795
1786799310.364204,3.443674834427148,-1.2800105144266238,0.7301043195839676,4.017242789586049,-1.4378815035564194,0.7432452237992802,0.5948978470241624,0.013140904215312554
1786799310.997588,3.5269071992168937,-1.2841492314427185,0.7279011923366522,4.0991189934328975,-1.4412768414914248,0.74251591148477,0.5933931439438078,0.01461471914811785
1786799311.064113,3.5372940146011036,-1.2843533426180798,0.7283789742696745,4.107707333737976,-1.4416014752533126,0.7424799778848634,0.5916910763785539,0.014101003615188956
1786799311.097489,3.542521463491001,-1.284231065866423,0.7284565615980649,4.107707333737976,-1.4416014752533126,0.7424799778848634,0.5866860435338718,0.014023416286798485
1786799311.630792,3.613655216888235,-1.2907675676992214,0.7283733526464882,4.1812021080503055,-1.4443589653219515,0.7422883647220273,0.5879624061888946,0.013915012075539135
1786799311.6642,3.6177447722215854,-1.2909416825451012,0.726860562801607,4.18554086329224,-1.4445243640744894,0.7423227246456983,0.588200680976206,0.015462161844091216
1786799311.730803,3.6243416228464107,-1.2913489055002165,0.7258420096135147,4.1942083875122265,-1.444856056489392,0.7424004412195843,0.5901801207051096,0.016558431606069512
1786799311.764129,3.6275902044357937,-1.2916565525463999,0.7252962762235114,4.198532211979031,-1.445022131522479,0.7424442595352647,0.591181678329234,0.017147983311753268
1786799311.930819,3.6444570598309367,-1.293182393501714,0.7245839001075659,4.219997869880515,-1.445850254949907,0.742797100891698,0.5954449596324499,0.018213200784132133
1786799311.96412,3.64816267438335,-1.2935394815560577,0.7251298822579864,4.224257045512876,-1.446014733817973,0.7429022969301449,0.5959307233223157,0.01777241467215851
1786799312.030835,3.6558204270074883,-1.294420165060373,0.7280992005117463,4.232744273999355,-1.4463419280733196,0.7431397118992598,0.5965914408578594,0.0150405113875135
1786799312.264115,3.685836483385966,-1.2976789602497527,0.7284072421332707,4.262224320679615,-1.4474629378316248,0.7440853762747229,0.5955318454291901,0.01567813414145225
1786799312.33081,3.6946713802861577,-1.2985499248782848,0.726099260521076,4.270622619620904,-1.4477750015452535,0.7442625848682053,0.5949688677548542,0.018163324347129306
1786799312.397459,3.7034645056766213,-1.2994507036002494,0.7284427639933598,4.2790315912062,-1.4480831631581863,0.7443963729514171,0.5944485494803191,0.015953608958057308
1786799312.464144,3.712193193848445,-1.3001863493567332,0.7308441103046289,4.287457021694942,-1.4483871174341072,0.744513310382143,0.5940470850760295,0.013669200077514043
1786799312.497464,3.716523587943473,-1.3006305058834402,0.7298073419322967,4.29167624421721,-1.4485373980269476,0.7445713734827732,0.5938661690669762,0.014764031550476564
1786799312.530831,3.7206707325214783,-1.3009824979242561,0.7269866230494362,4.295899819599702,-1.4486864895753333,0.744628527936026,0.5938896966360911,0.017641904886589788
1786799312.630797,3.7335966619539325,-1.3020431479239727,0.7283405473711918,4.308596501930418,-1.449126310905991,0.7447757785674068,0.593513498419184,0.01643523119621504
1786799312.73085,3.7458846143366022,-1.3031305110330407,0.729485884934046,4.321343671876566,-1.4495549442190454,0.7447476857147289,0.5937956227007957,0.015261800780682955
1786799313.164163,3.7995218482800572,-1.3031889613624408,0.7290400090567208,4.377082468772409,-1.4512956377593635,0.7444534944292726,0.5962481513068641,0.015413485372551716
1786799313.197585,3.8041515789062355,-1.3030667431797933,0.7300687473425291,4.381358672661131,-1.4514231286271582,0.7444361565850514,0.5959678231112647,0.014367409242522222
1786799313.230813,3.809279586685415,-1.3030963638794508,0.7317859768046356,4.385632720417439,-1.451550246332502,0.7444153665969524,0.5951650947242357,0.012629389792316759
1786799313.264189,3.8141808162100523,-1.3031194508388846,0.7303173046291963,4.38990556392307,-1.4516771404936517,0.7443895205498811,0.5945825193232472,0.01407221592068475
1786799313.29756,3.818752853616813,-1.303067975706357,0.7290423033883207,4.394178239651639,-1.451803965862129,0.7443587161165753,0.5943372524593644,0.01531641272825468
1786799313.764145,3.888164374727233,-1.3052947848472867,0.7286415941987459,4.454326989131474,-1.4536463230076624,0.7437033371170058,0.5852762465909532,0.015061742918259902
1786799314.097533,3.9283957243443615,-1.3073489303441714,0.7298969215967297,4.497654199509693,-1.4551163290221278,0.7435466880636055,0.5881244899335586,0.013649766466875768
1786799314.297543,3.948573872433531,-1.3099912719376854,0.7270197532919479,4.52358780890314,-1.4560623799925247,0.7431451231776713,0.593277166038475,0.01612536988572344
1786799314.330865,3.9522540733765763,-1.3104299942046136,0.7261486880757928,4.527886913800492,-1.4562229885674125,0.7430818801124078,0.593808693250424,0.01693319203661503
1786799314.530853,3.977310221012699,-1.3131827709416446,0.7315655332900126,4.553622015328157,-1.4571972693968265,0.7429587947314211,0.5940332145868619,0.011393261441408509
1786799314.59762,3.9862558056157407,-1.313758022728087,0.7278341404647296,4.562196429107204,-1.4575242197228966,0.7429396983463065,0.5936129388634366,0.015105557881576859
1786799314.764224,4.009952869980049,-1.3166368005774958,0.7275710544551253,4.5836807169750005,-1.458340751453256,0.7428320674471516,0.5909684019567054,0.015261012992026313
1786799314.797636,4.014006093236778,-1.3171812688772866,0.7282485648899272,4.587989566358291,-1.4585033448173357,0.7428135749545491,0.5911251615052775,0.014565010064621964
1786799314.830843,4.018567902520978,-1.3176166063370032,0.7282091621043953,4.592302261268986,-1.4586655076217996,0.7428030145984111,0.5908179981700256,0.014593852494015791
1786799314.964164,4.037198324075165,-1.3193320838256584,0.7262579039792978,4.60958634030633,-1.4593083232025237,0.7427391896060197,0.5892549437341514,0.01648128562672191
1786799314.997516,4.041651809736579,-1.3197389790926224,0.7266593105926631,4.613916930471564,-1.4594673494631465,0.742715351098325,0.5890767232680559,0.016056040505661895
1786799315.030889,4.045578382787324,-1.3201061923848787,0.7274529640872156,4.618251640928653,-1.459625636169095,0.742690071067246,0.5894237319484702,0.015237106980030446
1786799315.064192,4.049962695107165,-1.3205251811920249,0.728509709665099,4.622590487699963,-1.4597831561577566,0.7426638173067962,0.5893177177391302,0.014154107641697222
1786799315.264311,4.075369184639863,-1.3215263678900695,0.7255576367163475,4.648699737989875,-1.460711630968384,0.7425617437222911,0.5899834411767936,0.01700410700594357
1786799315.297646,4.0792402929678815,-1.321744696573863,0.7258249824857947,4.653053382830628,-1.4608633703058318,0.7425650484398016,0.5904366752487304,0.0167400659540069
1786799315.330884,4.083513368176066,-1.321817465186488,0.7265975512774674,4.657401683304871,-1.4610141571508568,0.7425768694131394,0.5905281680793915,0.015979318135671994
1786799315.530903,4.1086684261066155,-1.3222221664036446,0.7279535742407657,4.683304865370493,-1.4619005950826705,0.7428694064516543,0.5913688364871028,0.014915832210888658
1786799315.730889,4.138437792405613,-1.3228996172526384,0.730099726913814,4.708937805128573,-1.462772723464017,0.743112688085058,0.5873965869479645,0.013012961171244064
1786799316.264322,4.216848110005813,-1.3238998648761737,0.7286817728990252,4.777358587761851,-1.465235092728982,0.7433327166931444,0.5780550512766992,0.014650943794119131
1786799316.297551,4.221149846362839,-1.3240340964872754,0.7280678673192155,4.781661913877279,-1.4654008536033278,0.7433104632846046,0.5780643025190376,0.015242595965389127
1786799316.330895,4.224977804031008,-1.3241041375663973,0.7270688600289454,4.785970091036336,-1.4655682516468351,0.7432817782970975,0.5785537500112077,0.016212918268152077
1786799316.364264,4.229064411078115,-1.3243821592856913,0.7259552741074815,4.790283365740757,-1.465737279701648,0.7432505418630145,0.5787469094003344,0.017295267755533028
1786799316.530918,4.247325048914122,-1.3264625412504356,0.7284704563894211,4.811896441301244,-1.4666051817202457,0.7431223477995955,0.5817050943388625,0.014651891410174422
1786799316.897625,4.291074368583256,-1.3320975150561507,0.7248946103455153,4.859045372512493,-1.4685844371130572,0.7433282070639149,0.5841401725587385,0.018433596718399614
1786799316.997549,4.305455070969053,-1.3339421497632993,0.7276000672036388,4.871844470172291,-1.4691276004586868,0.7434187061567911,0.5822989417897988,0.015818638953152275
1786799317.064212,4.314300930487711,-1.3351981289392767,0.7272567266986252,4.880376235321703,-1.469487972940923,0.7435164869706424,0.5817860542715706,0.016259760272017254
1786799317.13089,4.323782545611976,-1.3363227413353942,0.7260643909030967,4.888907988223942,-1.469846067819678,0.7435945060975868,0.5806851510093916,0.017530115194490103
1786799317.430873,4.36617402585871,-1.3400095070116382,0.7279846589494537,4.927369019120755,-1.4714152227711548,0.7439013717720878,0.5763742556678413,0.01591671282263407
1786799317.630848,4.392088307544386,-1.3417840690572025,0.7257219041662903,4.953127286762029,-1.4724135920342245,0.7439550259460288,0.5760458388659526,0.01823312177973846
1786799317.664223,4.3959169955481014,-1.341949034553644,0.7269870761485863,4.9574287265674295,-1.4725760482956267,0.7439587528267186,0.5765057161828235,0.016971676678132375
1786799317.897777,4.425754977138641,-1.3415996047808456,0.7296519401142887,4.98743952513523,-1.4736785329854294,0.7439213723628856,0.5770046574628356,0.014269432248596892
1786799317.930945,4.430237296302545,-1.341696294372743,0.7284928259294382,4.991718160093661,-1.4738320877007378,0.7438725397265161,0.5768194069915087,0.01537971379707792
1786799317.997601,4.439638226223154,-1.3420727813697058,0.7297148262205995,5.000265413737034,-1.474139002629752,0.7437598123523133,0.5759725081786715,0.014044986131713788
1786799318.397686,4.502483493314032,-1.3427559402002438,0.7274281558274178,5.051564679349173,-1.4760205094101415,0.743223034737134,0.5650217644166081,0.015794878909716203
1786799318.464265,4.513452315716017,-1.342945815760339,0.7280741354767506,5.060167340324036,-1.476346783370888,0.7431340811009516,0.5627549522585991,0.015059945624200988
1786799318.597635,4.533399276428556,-1.343713737352625,0.7279350148795749,5.0774381235269255,-1.4770147901959454,0.7429585686230835,0.5601316254607135,0.01502355374350861
1786799319.131002,4.594405726778786,-1.3516540298877218,0.7309875876822974,5.146945386242237,-1.4798753289956452,0.7424032804475941,0.5672219819655355,0.011415692765296637
1786799319.397697,4.631610322199983,-1.3561095743422251,0.7259524867726765,5.181412406600152,-1.4813388398760814,0.7424037069304918,0.5638835881251723,0.016451220157815305
1786799319.530933,4.651040654523065,-1.3585016135015981,0.7263952055439834,5.198629203454274,-1.482058444215654,0.7425207044509474,0.5613550652988615,0.01612549890696402
1786799320.164276,4.73999934205586,-1.3585531759722795,0.7272577135393412,5.280278099597841,-1.4852166053705504,0.7432942282851919,0.5549277071817891,0.01603651474585066
1786799320.197655,4.7443197884550985,-1.3586669061401067,0.7269119706186948,5.28455416957528,-1.4853698427420123,0.7433018631002001,0.554893521937184,0.01638989248150524
1786799320.230934,4.7487114913541655,-1.3588570127846473,0.7268084718114515,5.288824825407206,-1.4855220290596864,0.7433124598468325,0.5547670141328221,0.016503988035381
1786799320.597707,4.80565274314157,-1.3596633073277775,0.7271627941298185,5.335567414353869,-1.48716544881338,0.7437588655898542,0.5450379389083418,0.01659607146003561
1786799320.964379,4.860815325580987,-1.3621732857422106,0.7303715698936852,5.3824028110188005,-1.4888683128548852,0.7440702987997171,0.5367542592848453,0.013698728906031854
1786799320.997758,4.865412528429497,-1.3623459548410612,0.7292040601041445,5.38668169849681,-1.4890302638696618,0.7440723301652086,0.5364424123955148,0.01486827006106406
1786799321.097703,4.878578838970911,-1.3629280065340852,0.7282400898334924,5.39954433093246,-1.4895245202043168,0.7440719916215054,0.5361265905438716,0.01583190178801297
1786799321.130951,4.883287248661019,-1.3631900065532119,0.7277874910622468,5.403840173019868,-1.4896920991717757,0.7440696217180702,0.5357033941421556,0.0162821306558234
1786799321.597687,4.937025899470254,-1.3718662204565777,0.7273638564286301,5.463784819636614,-1.4921346114207366,0.7441584841552258,0.5403142102887333,0.01679462772659568
1786799321.630973,4.941596845091334,-1.3722637372998727,0.7263827026748106,5.468045236438539,-1.492312015690085,0.7441400575150655,0.5399624967500183,0.01775735484025487
1786799321.764323,4.960352459105523,-1.375081427778397,0.729463088453886,5.48511405807856,-1.4930208705512151,0.7440537269190489,0.5378516969558631,0.014590638465162953
1786799321.931046,4.984387085269995,-1.377360722211762,0.7289076472409275,5.50653672719678,-1.493898545061198,0.743914107214417,0.5349965539316638,0.015006459973489483
1786799322.297734,5.0376775517984544,-1.3823186623925114,0.7241719691051263,5.554119736191964,-1.4957561705441431,0.7434670638122836,0.5287538161344951,0.01929509470715729
1786799322.331009,5.042424626462865,-1.3826223475073387,0.7252988678250412,5.55847088676266,-1.4959184015426914,0.7434721555612461,0.5283367663047742,0.01817328773620497
1786799322.464345,5.059284300478509,-1.3834224968807012,0.7280640578083376,5.575862022809902,-1.496554325131483,0.7435833041759367,0.5288207198781595,0.015519246367599049
1786799322.497702,5.0633128446733044,-1.3836268892071115,0.7289466760248632,5.5801941559182575,-1.4967098117688549,0.7436218329609108,0.5291068297512396,0.014675156936047595
1786799322.79782,5.106117602824746,-1.3838889830341237,0.7283784042659985,5.618836945193005,-1.498062329039037,0.7437270224790189,0.5252777141441444,0.01534861821302036
1786799323.031024,5.144702436934642,-1.3849219711754295,0.7270704555401984,5.648831130529112,-1.49910544734075,0.7436173981141875,0.516898061453575,0.016546942573989032
1786799323.214424,5.174109280042795,-1.3856679672110284,0.7287761093640703,5.670744729246883,-1.499886904913262,0.743741706877413,0.5096005643010745,0.014965597513342699
1786799323.247687,5.179233254105623,-1.3858166906574456,0.728936436915194,5.675043391632882,-1.500043217871872,0.7437790327183005,0.5087979874117703,0.014842595803106429
1786799323.264319,5.182296649787222,-1.3858761855180588,0.7292171057931397,5.679342421262028,-1.5002006881901775,0.7438160930121083,0.5100241081088345,0.014598987218968573
1786799323.297794,5.187240862776761,-1.386044572056166,0.7292378316760416,5.679342421262028,-1.5002006881901775,0.7438160930121083,0.5051688457480631,0.014578261336066656
1786799323.464438,5.21015859681184,-1.3874132754094535,0.728157464018265,5.700852341364305,-1.501007020542981,0.7439340810680052,0.5036704179087559,0.015776617049740205
1786799323.514325,5.216662449124037,-1.3877966664851735,0.7282340742004533,5.709470242015542,-1.5013390539692848,0.7439442198864037,0.505718691062718,0.015710145685950416
1786799323.547735,5.2212254003320755,-1.3879793738081156,0.7285674833140992,5.713783227790801,-1.5015071633364858,0.7439457614255683,0.5054718314466764,0.01537827811146919
1786799323.564362,5.223149414467191,-1.388021406184967,0.7285246051960285,5.713783227790801,-1.5015071633364858,0.7439457614255683,0.5035876843735564,0.015421156229539879
1786799323.597737,5.22691022848705,-1.3881958847672426,0.7281874128182562,5.718098961323824,-1.5016766767704155,0.7439466801479838,0.5041272274133414,0.015759267329727655
1786799323.781056,5.246809593618772,-1.3900640249582983,0.7271878841539033,5.743946577285048,-1.5027166697681758,0.7439546699758974,0.5097409135153507,0.01676678582199409
1786799324.164449,5.298431899756987,-1.3973890990323705,0.7298989272345021,5.790932434108709,-1.5046657739862264,0.7440427395422303,0.5040486696003538,0.01414381230772821
1786799324.414352,5.335673951920823,-1.402335569342441,0.7288483571576588,5.825217569629044,-1.506067142833223,0.7438256631088377,0.5004130223902313,0.014977305951178854
1786799324.447788,5.340925910062011,-1.4028477443400675,0.7291160867111911,5.829525327298883,-1.5062392134426743,0.7437949382699297,0.4994188486705389,0.014678851558738604
1786799324.464381,5.343313860648359,-1.4030459196982614,0.7292873415214878,5.829525327298883,-1.5062392134426743,0.7437949382699297,0.4970416946054674,0.014507596748441931
1786799324.731137,5.381221126202052,-1.4055266168763667,0.7277220623935385,5.864148887387148,-1.507578850077716,0.7435246050211874,0.4935928289842056,0.015802542627648908
1786799324.831033,5.394296541122796,-1.4058785710125734,0.7260448015912199,5.877206095760812,-1.50806323294471,0.7433606561469267,0.493602413988092,0.017315854555706833
1786799325.164442,5.442593106441671,-1.4053538057790462,0.725451915537461,5.920532851692858,-1.5096089725531845,0.7431380971481052,0.48917843359031377,0.01768618161064417
1786799325.197731,5.448570559013295,-1.4055201579148482,0.7256729103203571,5.929145064604826,-1.5099109289200177,0.7431067894214056,0.4917817488435266,0.017433879101048544
1786799325.314377,5.468429604900623,-1.4059776868643072,0.7272608943220848,5.942062294165976,-1.510364666194392,0.7430715552277097,0.4849995523651435,0.015810660905624885
1786799325.331117,5.471229101329397,-1.4061126176637955,0.727612038990224,5.942062294165976,-1.510364666194392,0.7430715552277097,0.48223685580792414,0.01545951623748576
1786799325.397742,5.481954032141955,-1.4065089732048195,0.7263568142195607,5.954984692630427,-1.5108221582275922,0.7430696174511177,0.4843957538333255,0.016712803231556994
1786799325.664419,5.524766319235161,-1.4082201887233385,0.7268570408766002,5.989492650980388,-1.5120799032489929,0.7431659339037029,0.47619051199989865,0.0163088930271027
1786799325.697784,5.53030387248326,-1.4082980051181486,0.7272887234024742,5.989492650980388,-1.5120799032489929,0.7431659339037029,0.4707706625070488,0.0158772105012287
1786799325.797771,5.544802941597734,-1.409204450664303,0.72629183223574,6.00675986981703,-1.512736433336031,0.7433679446027928,0.4734163864567287,0.017076112367052754
1786799325.881214,5.5556159633853675,-1.4100792306478136,0.7259244017017337,6.015387386224614,-1.5130721956483943,0.743486694865603,0.47116590719112494,0.01756229316386937
1786799325.91451,5.560294575530006,-1.4104298280090477,0.7274331786107933,6.019699785348198,-1.5132419758840352,0.7435491373565577,0.47076903525908087,0.016115958745764436
1786799325.93112,5.5626839448382785,-1.4104585437155515,0.7284716886602045,6.019699785348198,-1.5132419758840352,0.7435491373565577,0.4684313315794766,0.01507744869635319
1786799325.964419,5.566268354128816,-1.4105837320662364,0.7282496547048878,6.028320671692307,-1.513585132536344,0.7436527291840485,0.47339373957055725,0.015403074479160672
1786799326.031097,5.573791103328532,-1.411071603379928,0.7300242326698243,6.036925617049575,-1.5139324434702857,0.7437427083640339,0.47441957192312467,0.013718475694209586
1786799326.147715,5.586418941977688,-1.412561328119833,0.725302602443739,6.049778634184217,-1.5144591058908925,0.7438749919715182,0.47443161938935896,0.018572389527779176
1786799326.181096,5.590751537339716,-1.4129022342434725,0.7258483759856061,6.054046613845696,-1.5146357969081956,0.7439227477995098,0.47433326436919726,0.0180743718139037
1786799326.414463,5.621661559040205,-1.4164905506570795,0.7262675761250915,6.08374295667958,-1.5158784624112678,0.744385876092833,0.47264910350831796,0.018118299967741502
1786799326.464417,5.628923082618595,-1.4174534439683244,0.7269069847230155,6.0879706185266524,-1.5160558326420814,0.7444316544386349,0.469517913689595,0.01752466971561939
1786799326.514403,5.635613955787971,-1.4182509674401247,0.7271687137878989,6.096428373575542,-1.5164099065759504,0.7444954925985443,0.47115295284352043,0.01732677881064537
1786799326.547804,5.640979602924719,-1.4188413582571928,0.7277690581057858,6.100660488012761,-1.5165864700971552,0.7445233689431123,0.46995810771166924,0.01675431083732648
1786799326.897759,5.691912237679585,-1.42516773203771,0.7300813601863432,6.147365473166221,-1.5184806021297097,0.7448579253955311,0.4649139075571426,0.014776565209187909
1786799326.931111,5.69707936471554,-1.4257680227930927,0.7281435950846579,6.151631368796161,-1.5186467945177011,0.7448435990622085,0.46394395205755257,0.01670000397755067
1786799327.081053,5.718141625539976,-1.428231524486642,0.7307368916314396,6.168737468190505,-1.5192987433927028,0.7447470402548557,0.45970626684136523,0.014010148623416097
1786799327.197732,5.734626372208143,-1.4295480827965077,0.7295354587999576,6.185916366749673,-1.519925579799209,0.7445555368940396,0.4602507481121215,0.015020078094082012
1786799327.231115,5.739171994602303,-1.4301493515759216,0.7294369614067374,6.185916366749673,-1.519925579799209,0.7445555368940396,0.4556756578964333,0.015118575487302222
1786799327.331145,5.75286144911771,-1.4316512531613677,0.7264376827126515,6.198866733291011,-1.5203775031315572,0.7443535757814592,0.4547450504890394,0.017915893068807698
1786799327.58119,5.788536445457867,-1.431384092590011,0.728714263536413,6.23354871099292,-1.5214963849430752,0.7437774981011492,0.45404420677921353,0.015063234564736239
1786799327.597809,5.791091814245992,-1.4313919771561985,0.7295600519038803,6.23354871099292,-1.5214963849430752,0.7437774981011492,0.4515383812939335,0.014217446197268946
1786799328.031131,5.867328242373893,-1.43133828874247,0.7280864615104581,6.289623611716783,-1.5231369734413238,0.7436830091636861,0.4321578154805108,0.015596547653228043
1786799328.231111,5.899764718287672,-1.4309828848104231,0.7270701261481562,6.31549834059263,-1.523912728267108,0.7438477185443934,0.4259934277893094,0.016777592396237107
1786799328.29775,5.910899926861036,-1.4313425390109502,0.7281028110472573,6.324120154748679,-1.5241822247529702,0.7438700152107455,0.42352114939421065,0.015767204163488202
1786799328.33121,5.915697780637116,-1.4314071160492163,0.7295642110684841,6.332746995390897,-1.524458807772617,0.7438627666500783,0.42730394903315894,0.014298555581594208
1786799328.53117,5.943774934727336,-1.4328864021231749,0.7270475389352842,6.35435820205329,-1.5251845773148085,0.7437568600165093,0.4208296241375617,0.016709321081225137
1786799328.697805,5.963546902913654,-1.433990133259891,0.727338474171667,6.380403113514771,-1.52612360956948,0.7434493926800446,0.42691647634357294,0.016110918508377647
1786799328.731137,5.967215207558346,-1.4342878097736442,0.7261155565448981,6.38474278780237,-1.526286493825733,0.7433923800283987,0.4275430248895964,0.01727682348350057
1786799329.031104,6.003351945182394,-1.4394980796144146,0.7274336207093525,6.419239166615368,-1.527630045964327,0.7432092364948422,0.4251228345360215,0.015775615785489694
1786799329.131162,6.017759915691388,-1.4412332342126628,0.7302667364302313,6.436401707334008,-1.528314630139553,0.7432588300476423,0.4276027586748226,0.012992093617410938
1786799329.197921,6.028126095693716,-1.4427569381881455,0.729295772260509,6.444986083530798,-1.528655946266314,0.743286959753835,0.4256182433218123,0.013991187493325952
1786799329.231163,6.032502562224679,-1.4434379567139775,0.7284841133589534,6.444986083530798,-1.528655946266314,0.743286959753835,0.4211944457046386,0.014802846394881608
1786799329.264581,6.037437666905139,-1.4441849274435508,0.7274724956889619,6.453578696798645,-1.5289950834351265,0.7432996677668495,0.42469532528642606,0.01582717207788764
1786799329.331088,6.047858046107689,-1.4455237216764159,0.7268192253835294,6.462182295179902,-1.5293313513691835,0.7432979873665906,0.42271539144437764,0.016478761983061196
1786799329.41449,6.059733197775016,-1.4469037083074814,0.7288670042395405,6.470798468915766,-1.529664592061256,0.7432927466311955,0.4193137500937977,0.01442574239165495
1786799329.531315,6.077400669269123,-1.4494047863600104,0.726419586434239,6.488068153376328,-1.5303200330101987,0.7432899301342926,0.41856308920329127,0.01687034370005358
1786799329.597825,6.087603531552257,-1.4510088086957917,0.7275114905102665,6.496721086653267,-1.5306412512731429,0.7432916886172671,0.4167955131748216,0.015780198107000598
1786799329.931268,6.135558358678637,-1.4524218778075761,0.7282452135742818,6.535783933363954,-1.532024739989433,0.743377866943392,0.4080651005657503,0.015132653369110183
1786799329.964534,6.139728250235724,-1.4524755477699012,0.7286196416295071,6.544453666998254,-1.5323176136724102,0.7434386764412424,0.41252565794285295,0.014819034811735299
1786799330.031174,6.148794798405432,-1.4527073852075922,0.7258783713255105,6.553086223690462,-1.5326050172621644,0.7435107269606999,0.41211065039249933,0.01763235563518939
1786799330.131167,6.163134608329611,-1.4529745555436102,0.7279015081022884,6.5659660628223335,-1.5330280851203808,0.7436137718895788,0.4107088364357666,0.015712263787290404
1786799330.5312,6.230817047361233,-1.4563693216247469,0.7259103150910166,6.612912564970996,-1.5345677358229806,0.7440598442380458,0.3900153542626123,0.018149529147029275
1786799330.564548,6.237031050992329,-1.4565684300415973,0.7266843075412017,6.6214413615116285,-1.5348560826945143,0.7441248367940222,0.3923012151286922,0.01744052925282047
1786799330.597815,6.242623830255062,-1.4566108495062668,0.7269618700240315,6.6257087608969965,-1.5350021460929952,0.7441503167300167,0.3910233490029516,0.017188446705985294
1786799330.631165,6.24818450784456,-1.4566978763874623,0.7265549229443157,6.629978590326204,-1.5351495989341897,0.7441735560279011,0.3897709509295799,0.017618633083585467
1786799331.064618,6.308384086445271,-1.4620342030138611,0.7259921959486293,6.685809302523542,-1.5372462501412467,0.7437558492972601,0.38484626250598036,0.017763653348630837
1786799331.131277,6.314625715710065,-1.4620160893466998,0.728894080855534,6.694449677112889,-1.5375961033998615,0.743445767142235,0.38727068076477217,0.014551686286701004
1786799331.397928,6.34645878806825,-1.4656590969853625,0.7270257790613273,6.728653029732516,-1.5389690153739264,0.742452745008368,0.3891616405755604,0.015426965947040738
1786799331.431182,6.351040152158469,-1.4663923575606996,0.7260048423116333,6.732896636674876,-1.5391403914231012,0.7423431293276411,0.38872438976487406,0.016338287016007813
1786799331.497881,6.361040653236034,-1.46772199274096,0.7260447746775056,6.7413790703985015,-1.53948420415499,0.7421305208275195,0.3870492559825984,0.016085746150013902
1786799331.797943,6.409404405850059,-1.474228525800509,0.726044485018248,6.779753184528078,-1.5410415257316596,0.7417479848575768,0.37632724433410364,0.015703499839328727
1786799331.931257,6.430589916516316,-1.476615735449296,0.7242100261286801,6.796909313036024,-1.5417259558308394,0.7419106688820897,0.3720608029135783,0.017700642753409546
1786799331.964744,6.43564406338675,-1.4770272371522852,0.7258033609793016,6.801200767164329,-1.5418950955094035,0.7419689889906318,0.3712674813723495,0.016165628011330146
1786799331.997846,6.440674424338823,-1.4775870742566943,0.7269883802308883,6.805492428931706,-1.5420633260082248,0.7420339340960553,0.37047181203845936,0.015045553865167038
1786799332.264682,6.48033130363111,-1.4807238104073013,0.7253331725039049,6.83983338350302,-1.5433735537301558,0.742450815240933,0.36492017725887493,0.017117642737028094
1786799332.297945,6.484584622366725,-1.4809319223167945,0.7261648515026344,6.8441293384970825,-1.54353302912131,0.742478181747587,0.3649538347111996,0.016313330244952517
1786799332.364656,6.493293321974509,-1.4812135745784898,0.728533134412785,6.852711277364035,-1.5438490155022846,0.7425460798756628,0.3648348463566846,0.01401294546287779
1786799332.864585,6.573276733055029,-1.4832065053204464,0.7294367835207277,6.916317264959102,-1.5461479484178875,0.7436278653598429,0.3487670164855297,0.014191081839115216
1786799333.097873,6.613224396106603,-1.4848822411416138,0.7279121645050787,6.94576551464997,-1.547249887590137,0.7445713855410158,0.3383390590008811,0.01665922103593709
1786799333.13126,6.618594327031742,-1.4849648816406684,0.7287929599349594,6.949968965552488,-1.5474118096952312,0.7446805189980401,0.33720730994183196,0.015887559063080703
1786799333.231323,6.633912555155815,-1.4857423988096259,0.7309831535003912,6.96258768835833,-1.547905918777377,0.7449678227180698,0.33450208728866276,0.013984669217678602
1786799333.43134,6.665552910269899,-1.4885557479335334,0.7265146307389909,6.987917118648982,-1.548908513722585,0.7449953866470705,0.327965149340994,0.018480755908079627
1786799333.497904,6.675143702980797,-1.4897098298823328,0.7291214161037319,6.9964332094823805,-1.5492649584218687,0.7448666644389121,0.3267625442479469,0.015745248335180206
1786799333.598013,6.687887432723206,-1.4910404262569634,0.7305118874039396,7.009254973350377,-1.549824432881593,0.7446300901479919,0.3266996412664099,0.014118202744052288
1786799333.631292,6.692009230900549,-1.4914139225831726,0.7321142528136407,7.013531663060969,-1.550015982599491,0.744548546757746,0.3268193320789151,0.012434293944105224
1786799333.797896,6.713126859248863,-1.493698245051,0.7282298691543774,7.0348970935916935,-1.55099258596932,0.7441169655020244,0.3268313406182226,0.015887096347647067
1786799333.831312,6.717652735690793,-1.4941885003584021,0.7289664723710548,7.0391650785113935,-1.5511894350464208,0.7440139507093717,0.3265260987138688,0.015047478338316878
1786799333.864615,6.722268208177344,-1.4947482995867896,0.729516609589251,7.043431649492199,-1.551386265915364,0.7439060587673282,0.32611932673031907,0.014389449178077163
1786799334.064638,6.752402920072794,-1.4986385643666456,0.7267749628037083,7.069033970703791,-1.5525604579626435,0.7432129328066254,0.3211896524371034,0.016437970002917024
1786799334.197871,6.773363583734448,-1.5013197684775004,0.7257354076536938,7.0861513845492015,-1.5533302975907164,0.7427409397009921,0.31708248686606216,0.017005532047298266
1786799334.231258,6.778596196174727,-1.5020855938231603,0.7252351022832835,7.090440788897885,-1.5535203754368048,0.7426267353311005,0.31605788515763256,0.01739163304781699
1786799334.331284,6.794248183105232,-1.5035794723729368,0.7246740294653521,7.10334530799539,-1.5540840659107522,0.7423802071852675,0.3131960194251868,0.01770617771991545
1786799334.397899,6.804546992450846,-1.5045584800765464,0.7241234811607206,7.1119806566114105,-1.5544537009732418,0.7422867315698578,0.3114562423961361,0.018163250409137244
1786799334.631292,6.840082095503892,-1.5062466516108768,0.7260738244448514,7.142286636127492,-1.5556989222834396,0.7423650981156803,0.30622395635905747,0.016291273670828943
1786799335.231324,6.8266561626710045,-1.5096898907501888,0.7276050191540611,7.2194625577530225,-1.5585711407917568,0.7427448623094208,0.39583612849632194,0.015139843155359767
1786799335.26468,6.832608090547314,-1.509863632279204,0.7259249834323175,7.223724250593738,-1.558725200960243,0.7428093196596869,0.39415644551806,0.0168843362273694
1786799335.497918,6.873442129257986,-1.5116159884470532,0.7280737974426833,7.253532967100633,-1.5598161808100022,0.7433695402975947,0.38313483730372333,0.01529574285491142
1786799335.531367,6.879034474160953,-1.5118537043568738,0.7282602672967103,7.257789419232213,-1.55997485968001,0.7434390650440993,0.38179962546546153,0.01517879774738895
1786799335.831265,6.923669930074924,-1.514372987462285,0.7279823317431569,7.296174047748563,-1.5614516918430092,0.743877636191001,0.3754673382465962,0.01589530444784415
1786799335.897997,6.932095797940645,-1.5153035727613893,0.7320298846186393,7.304726124905114,-1.5617925562563562,0.7439708996779838,0.3755190889422839,0.011941015059344529
1786799335.964641,6.939956736134132,-1.516145825330057,0.7287551559287759,7.313265055413308,-1.5621368235801394,0.7440520585367796,0.37613065969564674,0.015296902608003649
1786799335.998066,6.943993999312839,-1.5166743751910305,0.7272037578296705,7.3175263672426,-1.5623099853227238,0.744066825680773,0.37630976442726877,0.016863067851102476
1786799336.297975,6.985411739883254,-1.521473573389522,0.7284527083069794,7.355756199523794,-1.5638867061656117,0.7439356502403323,0.37276519770269034,0.015482941933352867
1786799336.398,7.001636152267209,-1.5231929326614018,0.7298218736241429,7.368519961571266,-1.564413690922846,0.7438979235608515,0.369192199864927,0.014076049936708634
1786799336.664736,7.044607589849742,-1.5273579694166868,0.729547470361463,7.402709148471957,-1.565796153470583,0.743857116615773,0.36015860434122815,0.014309646254310082
1786799336.697931,7.049856285203679,-1.527805573067237,0.7301686963236605,7.407000603105279,-1.5659651927821114,0.7438502011369144,0.35917714346292,0.013681504813253809
1786799336.931379,7.086613102116561,-1.5316082439512284,0.7312067036126328,7.43716891359813,-1.5671169815176489,0.7436874118555347,0.35234960963092077,0.012480708242901817
1786799336.998039,7.096349314854075,-1.5324450021487248,0.7285568707046001,7.4458327567845,-1.5674354578349003,0.7436073220538348,0.3512307050539046,0.015050451349234772
1786799337.031318,7.1016695711884115,-1.5329348366361801,0.7283546871980817,7.450172373379189,-1.5675929539075502,0.7435633855542413,0.35022191283187915,0.015208698356159567
1786799337.364862,7.151859176065713,-1.533233790670315,0.7292843313076706,7.493511528755278,-1.5691028925101385,0.7431996088795739,0.3435300897521354,0.013915277571903362
1786799337.531379,7.180964783561589,-1.5343843945676185,0.7304057312777571,7.515047873305401,-1.5698296908785638,0.743073041576147,0.33595815198227097,0.012667310298389856
1786799337.797974,7.230629138673679,-1.5357949628644254,0.7264976475306893,7.549579672833955,-1.5710084464957803,0.7428013374658451,0.3208885050458822,0.01630368993515574
1786799337.8313,7.236635667756584,-1.5357155885223146,0.7259239161635795,7.553905986361802,-1.57115948009157,0.742790504129443,0.3192439890075143,0.01686658796586349
1786799337.864679,7.242546329956291,-1.5359040406756859,0.7266308661295859,7.558233969770616,-1.571311611736811,0.7427846146338588,0.3176670930706988,0.01615374850427287
1786799338.164722,7.290505664620998,-1.539373179968551,0.7293197194615201,7.597213618051294,-1.572736832141016,0.7430202022451069,0.3085172636720444,0.01370048278358682
1786799338.29803,7.309085563132548,-1.5404560885250813,0.7267381214278748,7.614506600766336,-1.5734038082108164,0.7432376396174972,0.3071930377820911,0.016499518189622475
1786799338.331327,7.31285584475533,-1.5406490923149405,0.7276247319208844,7.618818481230109,-1.5735733295393362,0.7432743221425476,0.30772900467035347,0.015649590221663234
1786799338.431465,7.325173474088329,-1.5417531059254888,0.725018802347764,7.63170972198685,-1.5740869660901953,0.7433489038892249,0.30823684041472743,0.018330101541460975
1786799338.831382,7.3851413022776065,-1.5482863431756457,0.7265380605272719,7.682850504928815,-1.5761776607248497,0.7436488701268333,0.29901286751216766,0.01711080959956146
1786799339.170867,7.440647654145167,-1.554434852829475,0.7319296894991472,7.725490671858901,-1.5778861939142068,0.7440244132710353,0.2858067706317312,0.012094723771888138
1786799339.231334,7.451228756104381,-1.5554653422851807,0.7293917706798149,7.7340449866424335,-1.5782171294627043,0.7441093236165709,0.2837299139596035,0.014717552936756029
1786799339.331382,7.466863380205985,-1.5569672357691255,0.7281824275386315,7.74688859328085,-1.5787050665758005,0.7442593582576186,0.2808676792473699,0.01607693071898708
1786799339.364791,7.471754405165925,-1.5574098402943124,0.7292885946819587,7.751172482795232,-1.5788653510727566,0.7443106988593473,0.28024061277556017,0.015022104177388584
1786799339.564736,7.501056594635398,-1.5586246595839333,0.729036857962376,7.776879136645413,-1.5798025643103353,0.7445231000379465,0.2766343766227676,0.015486242075570478
1786799339.598017,7.5058936348786265,-1.5587979083135701,0.7293156526714358,7.781150824438149,-1.5799546206969364,0.7445454963973289,0.2760690617999044,0.015229843725893089
1786799339.898001,7.556336051479511,-1.5597284786107461,0.7250214608623127,7.819427939087743,-1.5812925019350796,0.7445952395317355,0.26397414348226367,0.01957377866942278
1786799339.931355,7.563071678124241,-1.5599225620650916,0.7265287024054836,7.823679554465728,-1.5814404492622351,0.7445960586618496,0.26149471252904644,0.01806735625636602
1786799339.965055,7.568555568205101,-1.560031131826142,0.7286918579425878,7.8279332348543,-1.581588753455693,0.7446059911203174,0.2602719827540148,0.015914133177729606
1786799339.99807,7.57481162454963,-1.5599954941262113,0.7296634285223713,7.832188790409331,-1.5817375163249705,0.7446234891790011,0.2582938656555037,0.014960060656629803
1786799340.031381,7.5808965577480905,-1.5601228055224197,0.7288388449482303,7.836446074404824,-1.5818868421123202,0.744646106824135,0.2564746161946182,0.015807261875904755
1786799340.098037,7.59332407980477,-1.5604064168854128,0.7286034352541684,7.844965732642965,-1.5821875743602405,0.7447000031347457,0.2525825414870989,0.01609656788057734
1786799341.231462,7.59332407980477,-1.5604064168854128,0.7254999774396828,7.995559262860114,-1.5893460714668155,0.7430109711560312,0.40327490139464084,0.017510993716348455
1786799341.331353,7.6208325400204355,-1.5572698676137087,0.7270350170898958,8.009689585385146,-1.590585676729081,0.7428355606637166,0.3902816225071131,0.01580054357382077
1786799341.564743,7.684465232629333,-1.5508237672283052,0.7270973984785191,8.042729006074413,-1.5942445254681974,0.7426795717428911,0.36088543003179707,0.015582173264372057
1786799341.964774,7.790351792588568,-1.5426129325333011,0.7268500078016179,8.099150563096163,-1.6035364157933738,0.7423746325659837,0.3147512533407018,0.01552462476436578
1786799342.198058,7.8547030371815625,-1.5422367531405896,0.724729796135117,8.131737880145533,-1.6110255646725928,0.7423496119897081,0.28544737660041136,0.017619815854591048
1786799342.231411,7.864112800560235,-1.5430950265485741,0.7250586434177293,8.136365674503791,-1.6122321322709483,0.7423481588859605,0.2808942269933513,0.01728951546823121
1786799342.331409,7.892448110544026,-1.5458437308218271,0.7277870793600295,8.150204632382058,-1.6160654290284968,0.7424064735733019,0.26715072795908396,0.014619394213272408
1786799342.464687,7.930937101706865,-1.5509953015208437,0.7267902381338687,8.168523937982856,-1.6216861198989914,0.742615198411313,0.24788040780708506,0.01582496027744429
1786799342.498154,7.939985690523508,-1.552244611889824,0.7272891287082736,8.173076486710224,-1.6231835450333465,0.7426843617874657,0.243646570881879,0.015395233079192105
1786799342.531403,7.949558138557488,-1.5539042157278513,0.727505387804883,8.177617362386009,-1.6247183990180891,0.7427589561238976,0.23880045671717395,0.015253568319014588
1786799342.998111,8.081719771923767,-1.5779387497307698,0.7273170690751213,8.240042257817777,-1.650379442006625,0.7435470802043218,0.17410819462927066,0.016230011129200528
1786799343.298099,8.170056367015496,-1.6071802789634473,0.7268022113584768,8.278863878409416,-1.671195445327064,0.7441282504428884,0.12624189502815425,0.01732603908441166
1786799344.131526,8.170056367015496,-1.6071802789634473,0.7245570381161393,8.380708890539884,-1.7487789875437745,0.7429983669173049,0.2538201724426355,0.01844132880116567
1786799344.198109,8.189139080174495,-1.623347514990669,0.7262032790349535,8.388387633517809,-1.7562959714769952,0.7428808140245989,0.2395313718315405,0.016677534989645415
1786799344.331455,8.227609209491415,-1.656547981777319,0.726043717120226,8.403442182345211,-1.7718757899220137,0.74272590778305,0.21028014094075334,0.01668219066282406
1786799344.364812,8.23690014599523,-1.6641029709248065,0.7263386823790148,8.40713770218342,-1.7758820802702358,0.7427001770263648,0.20365508788877396,0.01636149464735004
1786799344.631433,8.308486937201023,-1.7360625514699533,0.7278106968320956,8.435617605171943,-1.8094781692866748,0.7425394129022953,0.1468061976830112,0.014728716070199654
1786799345.698256,8.308486937201023,-1.7360625514699533,0.7243446289974161,8.525045215971005,-1.9675142452328669,0.7417737474653561,0.31696588877912224,0.01742911846793993
1786799345.864815,8.33930352752952,-1.801417281340865,0.7235201710300513,8.53478986710053,-1.9949795546288465,0.7416209193608068,0.2751022766159588,0.01810074833075548
1786799346.064863,8.37161131980645,-1.8797761489189286,0.7285758430535141,8.544778053642268,-2.028628736490845,0.7416367875923763,0.22835019276151358,0.013060944538862196
1786799346.398142,8.414100769861244,-2.015939110464392,0.7241036320783857,8.557126709572783,-2.0860981501694926,0.741456635112101,0.1593069687198604,0.017353003033715342
1786799346.631507,8.438113001625776,-2.117300545178295,0.725747305553675,8.56248882576146,-2.1272301572718675,0.7412997880212782,0.12477156256839596,0.015552482467603213
1786799346.864792,8.45648023487011,-2.219571604279751,0.7272118547247559,8.565065760036644,-2.1688880888700552,0.7412512990190403,0.1198316945135002,0.014039444294284387
1786799347.231555,8.45648023487011,-2.219571604279751,0.7247262692974809,8.563343193028091,-2.2348972724489604,0.7412593557979402,0.10795632418300984,0.01653308650045937
1786799347.398214,8.457636830812675,-2.295334515044927,0.7252019884674664,8.56018575557388,-2.264976188513056,0.7412876600858495,0.10694816482527876,0.016085671618383035
1786799347.531621,8.454417856572928,-2.357034288245658,0.7292611916357451,8.556579617797624,-2.288999180802396,0.7413734954885678,0.12274282586509103,0.012112303852822692
1786799347.831506,8.442896348217438,-2.4938998913769463,0.72675290395536,8.544926519249278,-2.342692719350067,0.741565917094019,0.18241097739213188,0.014813013138659015
1786799347.931485,8.434433088820374,-2.538951510946087,0.725804781434967,8.539964258463094,-2.3603576611289925,0.7416644724415957,0.2074429824280677,0.015859691006628762
1786799347.998209,8.42715025081922,-2.5665347955038493,0.7273590060033713,8.536412087881764,-2.371824223281461,0.7417581044044246,0.22327193279373866,0.014399098401053245
1786799348.298267,8.379385796205707,-2.6469502870977863,0.7260038151145988,8.518645452901719,-2.418869969753731,0.7423292235873823,0.2672337612332248,0.01632540847278352
1786799348.334484,8.37410616081397,-2.6545641079910585,0.7260362146632544,8.516524085759817,-2.4236686991249976,0.7424049708344956,0.27128500729179006,0.016368756171241228
1786799348.464843,8.348955683733159,-2.67750087139749,0.7257259623673042,8.507833874161772,-2.442136208518465,0.7427335935112017,0.283969723608042,0.017007631143897473
1786799349.131651,8.348955683733159,-2.67750087139749,0.7268076704796766,8.462574946294678,-2.528216588618464,0.7436035937431785,0.18760366177095675,0.016795923263501877
1786799349.431606,8.295075404526916,-2.757489993630423,0.7290540724323585,8.44451369762518,-2.564091955923428,0.7439378526407062,0.24440663745700297,0.014883780208347686
1786799349.464864,8.289335826064082,-2.7659882969094527,0.7291410614223611,8.44267202565705,-2.5678869661439747,0.7439753783497428,0.25051173097615137,0.014834316927381686
1786799349.498231,8.284428137342616,-2.773764394163953,0.7281772083625491,8.440863331190272,-2.571647377563996,0.7440172639291804,0.2555841510607045,0.015840055566631372
1786799349.53155,8.279106526502217,-2.782654841413008,0.7261771281603793,8.439085841112844,-2.5753766846362374,0.7440522965111271,0.2618350919568681,0.017875168350747872
1786799349.5649,8.273904410120558,-2.7925606763271094,0.7250713657983522,8.437337872300763,-2.5790799949126164,0.7440749111377551,0.2688577651796664,0.01900354533940296
1786799349.598218,8.269504711305165,-2.801412390298914,0.7250937034426268,8.435617319028012,-2.5827649396483308,0.744094801663842,0.2745907975888549,0.019001098221215207
1786799349.931576,8.240459053839773,-2.8997998987277454,0.7272712212676861,8.42001707200396,-2.6188790461047,0.744056913257527,0.33340307036005123,0.016785691989840923
1786799350.199185,8.221372867297351,-2.9804266333774616,0.7247414184458549,8.408894622471372,-2.6483897351722816,0.7434739755595194,0.3813304478182442,0.018732557113664505
1786799350.264855,8.216057705603685,-2.9998660926330776,0.7272027940395264,8.406228668876437,-2.655936498671946,0.7433681732773904,0.3930045303483859,0.016165379237863986
1786799351.264946,8.216057705603685,-2.9998660926330776,0.7272191787815104,8.370476708572474,-2.7721542302764504,0.7424563286751477,0.2751325512108632,0.015237149893637225
1786799351.398223,8.205222091229366,-3.016419200719262,0.7278934473678821,8.366452759818257,-2.788259878434004,0.7424017859861473,0.27937788895918203,0.01450833861826517
1786799352.198276,8.205222091229366,-3.016419200719262,0.7271495003625308,8.348430152282202,-2.8881880296398106,0.7424935350229543,0.19222846299890176,0.015344034660423556
1786799352.231728,8.204962560621945,-3.0213051624411342,0.728252472437444,8.347920643827733,-2.89245247124298,0.7425296179830585,0.19245786443499688,0.014277145545614545
1786799352.264919,8.20473584579675,-3.0253109185658245,0.7268837137549558,8.34743019654913,-2.896718777699704,0.7425664476435689,0.19208752283575203,0.015682733888613187
1786799352.364914,8.204651399594582,-3.0396690789053684,0.7259125168682432,8.34607409894504,-2.909493122950771,0.7426890830608656,0.1922138376919404,0.016776566192622355
1786799352.464935,8.205013478643819,-3.0553078081298146,0.7275173004136928,8.344881037552142,-2.9222064570802764,0.7428736755485129,0.1930774551473724,0.015356375134820133
1786799352.49832,8.205229243198321,-3.06145845825225,0.7285096763188927,8.344516165500293,-2.9264305404632034,0.7429482675128647,0.19399326098295547,0.01443859119397195
1786799352.531641,8.205505930136566,-3.06712873621722,0.7300908711982055,8.344166441550382,-2.9306483398331955,0.7430268813152325,0.19456010902207424,0.012936010117027053
1786799352.565066,8.205843986932738,-3.0728999225500893,0.7302027494959011,8.34383114503786,-2.9348600162017013,0.7431045945462728,0.19518061262994288,0.012901845050371619
1786799352.664944,8.207039907078643,-3.0904379385839102,0.7270890241712475,8.342904660261594,-2.9474627036786534,0.7432899146215843,0.1972337419248477,0.01620089045033679
1786799352.698309,8.207659631903445,-3.0960793608282753,0.7274615823350957,8.342619983039413,-2.95165467316421,0.7433327972998658,0.19766837578532004,0.015871214964770064
1786799352.731585,8.208331420506182,-3.1012324178042934,0.7277650905911183,8.342346285622298,-2.9558429288739503,0.7433718434879378,0.1977323634702149,0.015606752896819565
1786799352.764971,8.208957713412804,-3.1072765290308966,0.7275959548133475,8.342082973810266,-2.960027201736242,0.7434095280118471,0.198506169537927,0.01581357319849963
1786799352.798275,8.209507772686267,-3.1128319327523237,0.7274417086409225,8.34182946693996,-2.9642069030304072,0.7434433393502891,0.19899354318672782,0.016001630709366554
1786799352.831697,8.210153967679581,-3.118279871303876,0.7274660458884563,8.341585213765544,-2.968381798531261,0.7434761096299172,0.1993579812012882,0.016010063741460856
1786799352.931674,8.212243314479908,-3.133888638718372,0.7277250327539763,8.340902897441193,-2.980872161733785,0.7435845238769285,0.1999183096080659,0.015859491122952263
1786799353.098275,8.216127222808916,-3.1566631551900697,0.7301960774816979,8.339904937093056,-3.0015434097990195,0.7437514320940087,0.1984516514509023,0.013555354612310833
1786799353.465034,8.222707768193573,-3.1918591418156392,0.7283363369555718,8.338107018583758,-3.0464307251368448,0.7438673704632541,0.18565131663502332,0.015531033507682368
1786799353.631732,8.224700662050013,-3.202083919382212,0.7292933153793238,8.33738877733703,-3.0665647939487357,0.7436782357562285,0.17624994946153627,0.014384920376904642
1786799353.965035,8.229258530075313,-3.228604120505719,0.7293190642818353,8.336080215797141,-3.1064462109944126,0.7429152542083522,0.16227577575419402,0.0135961899265169
1786799354.064986,8.23042374303288,-3.236975632650125,0.7275648877840468,8.335716528914276,-3.118450281744114,0.7427382381000712,0.15853967820725037,0.015173350316024403
1786799354.265004,8.23302019738184,-3.2559773738810502,0.7279765353083867,8.335028837852088,-3.14256945696283,0.7423094362843479,0.15253562977323706,0.014332900975961183
1786799354.331641,8.233681513086795,-3.262462379953036,0.7247398735520798,8.33481115689833,-3.1506390183477584,0.7422239089018965,0.15077025256380122,0.017484035349816685
1786799354.465005,8.234803879429586,-3.2760286329134836,0.7284359944400746,8.33439230436443,-3.166793437823503,0.7421566064025089,0.14781807138286268,0.013720611962434348
1786799354.73184,8.23910794158035,-3.3042716872415703,0.7284083285262152,8.33360158100986,-3.1991132564991025,0.7421542043677042,0.14137660148996603,0.013745875841489008
1786799354.764962,8.239643595311126,-3.307856579710323,0.7272637443252373,8.333503680763988,-3.2031582670049703,0.7421496463513478,0.14061099645677205,0.014885902026110509
1786799354.898318,8.241781559020259,-3.321998238536116,0.7270619404620174,8.333101515997956,-3.2192787504627365,0.7421497571450947,0.13744318015989615,0.015087816683077238
1786799354.931763,8.242450109479028,-3.325551403411177,0.7269593964754476,8.332997042767385,-3.223284513062356,0.7421471103958218,0.13659159560362347,0.015187713920374213
1786799354.965112,8.243003579651624,-3.3293037926626528,0.726359596083794,8.3328907210721,-3.2272804943917204,0.7421458904611263,0.13597224563426294,0.015786294377332366
1786799354.998317,8.243668407490643,-3.332856649563422,0.7261921521127435,8.332782588930778,-3.231267665717098,0.742146853898736,0.1351357057652564,0.015954701785992564
1786799355.265014,8.248904240340968,-3.368306446562921,0.726357760504019,8.33181882839183,-3.2629769611443877,0.7422764579550672,0.13404898138433252,0.015918697451048236
1786799356.19846,8.248904240340968,-3.368306446562921,0.7286313667351014,8.325828310617393,-3.3739945499488595,0.7428090714998825,0.07713408525432482,0.014177704764781085
1786799356.431846,8.247506275187604,-3.3953834951961395,0.7270028014223977,8.323568601568624,-3.4019615717598155,0.7431133608234339,0.07634624146459626,0.01611055940103623
1786799356.615,8.24521600203503,-3.418269669169091,0.7266492892126551,8.321830934380692,-3.4217868760784262,0.74334045055718,0.07669562310049777,0.016691161344524863
1786799356.648463,8.244667169228638,-3.423039403840157,0.7267543073001872,8.321470595306161,-3.4257709401448557,0.7433943131620266,0.07685198467072593,0.016640005861839446
1786799356.66502,8.244583818181628,-3.425018337799292,0.7269688797819402,8.321470595306161,-3.4257709401448557,0.7433943131620266,0.07689046044138541,0.016425433380086396
1786799356.698491,8.24417677476328,-3.4291994901226652,0.7275479426009273,8.320738341780016,-3.4337585443418943,0.7435077262510197,0.07669718716766591,0.01595978365009243
1786799356.931798,8.239239139627138,-3.46024960942293,0.7270975337664544,8.318060538402891,-3.4619265730619384,0.7438640696177383,0.07883923586649536,0.01676653585128396
1786799357.165092,8.23499641503437,-3.492802073493906,0.727029057460184,8.315221441490992,-3.4904565833536174,0.7441778293975905,0.08025930596487815,0.017148771937406493
1786799357.43181,8.233816898714977,-3.529029317253516,0.7316694237292083,8.312240950120414,-3.51919428926145,0.7445726862898591,0.07903834268535272,0.012903262560650774
1786799357.531773,8.232421989274629,-3.544128350493632,0.7303642224235831,8.31092678190984,-3.531461807731169,0.744660827600272,0.07952008408100968,0.014296605176688848
1786799357.565062,8.231992604723573,-3.549488875874923,0.7295802520130089,8.310036585021164,-3.539631435245051,0.7446724697410416,0.07866404513157406,0.015092217728032709
1786799357.731745,8.229020625173806,-3.5776239930011657,0.7309737371105277,8.307749936855927,-3.5601042708300654,0.7445794144826943,0.08065510016665471,0.013605677372166558
1786799357.931748,8.225416542750116,-3.6127280095771606,0.7303379478820579,8.304873240633766,-3.584850312408252,0.7445089408302656,0.08420530172153648,0.014170992948207783
1786799358.081847,8.223094387696124,-3.6386480588919654,0.7282687698945277,8.302868540202347,-3.601464551633505,0.7444012047599873,0.0880143659871849,0.016132434865459566
1786799358.298533,8.218474686328056,-3.674575067288612,0.7283425993919578,8.299729314502287,-3.6265677964659546,0.744322178978914,0.0943769709811265,0.015979579586956172
1786799358.331794,8.217693603515908,-3.679930511986481,0.7274338547047446,8.299192334644898,-3.6307654430535856,0.7443250691095034,0.09518007763608813,0.016891214404758714
1786799358.498527,8.21364975988458,-3.704988708826853,0.7281694391210233,8.295886811285795,-3.656004818630239,0.7443671462047923,0.09572018659593182,0.016197707083768997
1786799358.56504,8.211972336682486,-3.713943684587892,0.7283730515828298,8.294749445192933,-3.6644443653952656,0.7443938568733364,0.09644808082011706,0.016020805290506535
1786799358.598407,8.211029618819582,-3.718198961511124,0.7284558687650282,8.294749445192933,-3.6644443653952656,0.7443938568733364,0.09949153698462512,0.015937988108308154
1786799358.648345,8.209874217925494,-3.7240735234362625,0.7299469327821885,8.293597863209305,-3.6728724026013686,0.7444372346181142,0.09813869549957785,0.0144903018359257
1786799358.681709,8.208883602648129,-3.7287253359258834,0.7303852163119275,8.293017636702176,-3.677078192674455,0.7444622496190128,0.09872164449724875,0.014077033307085207
1786799358.748324,8.20679728707342,-3.737043203003619,0.729978279438836,8.291849027068013,-3.685473185471301,0.744500873405421,0.09946489423103788,0.014522593966585062
1786799358.998467,8.196017822843299,-3.774616096280965,0.7273183253159311,8.28706174849968,-3.719105755177426,0.7440230522518869,0.10663205131833427,0.016704726935955816
1786799359.065031,8.193143821682957,-3.784646419982057,0.7272641728340657,8.285838976155413,-3.7275746494014577,0.7438852787117066,0.10885576998890281,0.016621105877640874
1786799359.198508,8.186995685284941,-3.8071214775058837,0.7284097537745395,8.283373140282498,-3.744592495995406,0.7436620529758793,0.11488466982388765,0.015252299201339747
1786799359.298528,8.183144487482306,-3.8236259029797868,0.7297636705070817,8.281514692875096,-3.7574075038232464,0.7435305804062728,0.11858150655087238,0.01376690989919116
1786799359.331796,8.18182333704123,-3.8290446377192153,0.7297468597249522,8.280894747456557,-3.7616866818027552,0.7434837822969013,0.11980082882403585,0.013736922571949028
1786799359.431805,8.177848250663214,-3.8454768313146865,0.7297738640257002,8.279035351405408,-3.7745477477742977,0.7433006329646256,0.12357088754431798,0.013526768938925349
1786799359.598508,8.171389349301927,-3.8725962111901215,0.7271743999801521,8.276559824708514,-3.791762379379065,0.7429371604140105,0.13264590933197137,0.01576276043385838
1786799359.898607,8.164864202336291,-3.9200010908887304,0.7238858037926599,8.271029989357103,-3.8307690046018714,0.7422159019594865,0.13868503724935088,0.018330098166826625
1786799360.031817,8.161349556366686,-3.9410641339540087,0.7261539169362083,8.268021341594805,-3.852352594046086,0.7421466982948931,0.13873934941677146,0.01599278135868476
1786799360.182225,8.15696322776764,-3.9684459491076116,0.7275252719335427,8.265659410396022,-3.8694343225861614,0.742307913213831,0.14703116099795202,0.014782641280288389
1786799360.198476,8.15660776658237,-3.9714775332019796,0.7270613361439612,8.265659410396022,-3.8694343225861614,0.742307913213831,0.14934884616642977,0.015246577069869871
1786799360.281793,8.154025151644019,-3.98743861020985,0.7267043870268091,8.263903825337552,-3.882173690715168,0.7424159743727339,0.15216447091509816,0.015711587345924816
1786799360.63178,8.144365601834636,-4.052651998834363,0.7262109793895823,8.257463175328658,-3.9288573517668985,0.7428075322504089,0.1676787874860553,0.016596552860826508
1786799361.031774,8.1317547086332,-4.112226829071139,0.7279131623589832,8.250284549944887,-3.980194013438715,0.7432064039808385,0.17743164228851452,0.015293241621855302
1786799361.331809,8.122005692532392,-4.151924951492914,0.7287043873998253,8.244893289007244,-4.018347859948534,0.7436837354529494,0.18150537389515975,0.014979348053124064
1786799361.431745,8.117849299684192,-4.167478485408935,0.7293495206877505,8.243706185880042,-4.026763051994802,0.7437693684703591,0.18878768234141347,0.01441984778260863
1786799361.49845,8.115469868480506,-4.178248899622387,0.7280597996848774,8.241932638253454,-4.039379518746712,0.7438633741047393,0.18782315374691966,0.01580357441986191
1786799361.598487,8.11155410008398,-4.194670347301507,0.7282457966395227,8.240167745257715,-4.052009491718272,0.7439086844494105,0.19207704037863516,0.015662887809887782
1786799361.631757,8.110232654392865,-4.200031612088038,0.7276088688228755,8.239581511928261,-4.056225538980068,0.7439119134438016,0.19342004448465763,0.016303044620926133
1786799361.665114,8.108946246250117,-4.205450345580044,0.7282509784909351,8.238996374404536,-4.060445470474774,0.7439106659930238,0.1947805165751329,0.01565968750208868
1786799361.965177,8.0990262198241,-4.25541279641328,0.7258730550944996,8.233788796593267,-4.098644374213984,0.743670786949728,0.20672999370270864,0.01779773185522837
1786799362.031819,8.097313127223016,-4.266173298507633,0.7255916691290311,8.232647146205897,-4.107198304842064,0.7435614096649027,0.20877822037996832,0.017969740535871637
1786799362.165181,8.09363628216966,-4.287023189813083,0.7268322056279911,8.230382675177976,-4.124379256402461,0.7434207590520012,0.21249147059603035,0.01658855342401011
1786799362.33182,8.089713515123165,-4.311173118474012,0.7269440929363398,8.22759704770181,-4.145908310282697,0.7433825617364257,0.2152308653118284,0.016438468800085926
1786799362.365168,8.08891492816998,-4.316458098039794,0.7271188997352572,8.227047990199482,-4.150201116515525,0.7433866669651784,0.21615301693755537,0.016267767229921182
1786799362.398518,8.088172597563377,-4.321526210384315,0.7272337444238615,8.227047990199482,-4.150201116515525,0.7433866669651784,0.22054174767826162,0.01615292254131695
1786799362.698439,8.081607216760638,-4.3730727770644,0.7268017818557514,8.221683995703028,-4.192783185860313,0.7436191244039813,0.22831084226425158,0.016817342548229863
1786799362.831851,8.078494756026531,-4.39813964372633,0.7276650458415426,8.219569821584585,-4.2097426383533705,0.7437478266615767,0.2353627110561654,0.016082780820034115
1786799362.965219,8.075768735815918,-4.422765044997756,0.7275163200910333,8.217455806792078,-4.226702192191195,0.7439386967217464,0.24190053396478967,0.01642237663071311
1786799363.331841,8.06740542439813,-4.480981211936285,0.7288024494140112,8.211588651341469,-4.273401893790825,0.7444231545223892,0.2527409271438413,0.015620705108377986
1786799363.69864,8.056439476703506,-4.527717255356161,0.7291275740674056,8.205655206264796,-4.319913755388344,0.7446907970742411,0.2558273412819323,0.015563223006835547
1786799363.731895,8.055372307347955,-4.532577332147903,0.7293016028049968,8.205116768157376,-4.324116919852033,0.7446732324014127,0.2566693340422036,0.015371629596415914
1786799363.798527,8.053199519563336,-4.54253876067566,0.7297491441824393,8.204039740381013,-4.332527246807311,0.7446251990964717,0.25856838200677446,0.014876054914032433
1786799363.998546,8.04603627972224,-4.574807941977284,0.7276376434477204,8.200805190417585,-4.357864763902631,0.7443836393684954,0.2664915725327055,0.01674599592077497
1786799364.231842,8.038180686043713,-4.613129409929149,0.7302985690133946,8.197030174321467,-4.387752865731383,0.7437852396637467,0.27573129419895714,0.013486670650352028
1786799364.431879,8.03206838751854,-4.645421432965749,0.7290229896911714,8.193810025476594,-4.413657430520832,0.7432081543008018,0.2826214964906981,0.014185164609630374
1786799364.631845,8.027205727057138,-4.676611907450951,0.7239169696991149,8.19061539148534,-4.439788946098493,0.7427042229304576,0.28772874978403734,0.01878725323134267
1786799365.031898,8.020890907478453,-4.7418887623342725,0.725918788552669,8.184371828713209,-4.49184036162269,0.7422633894901549,0.29874774360015616,0.01634460093748591
1786799365.065179,8.020329277242869,-4.74811380759349,0.7263396196209819,8.183859167527784,-4.496140192183223,0.7422572901643523,0.3003876293716462,0.015917670543370344
1786799365.165193,8.01809278525889,-4.766778620811756,0.7279002714510224,8.182322247747791,-4.509021548376893,0.7422571315267157,0.3056305363336339,0.014356860075693256
1786799365.331878,8.01475725235379,-4.79741700525152,0.7278526856500148,8.179754357243102,-4.530454698651839,0.7423513039450583,0.31383581339113686,0.014498618295043508
1786799365.598521,8.006656229034068,-4.842166647353652,0.7287044413311313,8.17612168163881,-4.560426405338825,0.7424518962989187,0.328779718956482,0.013747454967787398
1786799365.798608,8.002086286240234,-4.871347054726872,0.7260394763813183,8.172420793235254,-4.590417906395534,0.7426995643750536,0.32853467192277824,0.016660087993735306
1786799366.365311,8.002086286240234,-4.871347054726872,0.7283968102771236,8.163338006782446,-4.662309509606842,0.7434966911873475,0.2640053269304098,0.015099880910223962
1786799366.431881,7.999880683237089,-4.882235545338257,0.7270471301244771,8.162271938194301,-4.670719116063597,0.7436403974977744,0.26666480746375304,0.01659326737329736
1786799367.165244,7.968728032469028,-4.910948914829778,0.7292047456430827,8.150741061534015,-4.763630700771691,0.7448282371053938,0.23416105342835306,0.015623491462311123
1786799367.398714,7.962259174113432,-4.949042122026767,0.7300019383357406,8.14716674275731,-4.793199208756135,0.7446465150856401,0.24182188188513562,0.014644576749899496
1786799367.63201,7.956866851339261,-4.9917525379542935,0.729340466349136,8.14358319726163,-4.822842643448542,0.744462828876715,0.25178075044877046,0.015122362527579036
1786799367.831875,7.952568759781928,-5.028004116857888,0.7286331933966871,8.140464164344994,-4.848415279456349,0.7442129798193091,0.2599169743882739,0.015579786422622033
1786799368.765374,7.952568759781928,-5.028004116857888,0.7259020120540581,8.125244247417957,-4.968861013285965,0.7430095690461249,0.18252323339909202,0.017107556992066786
1786799368.998706,7.945825038599485,-5.067158958697228,0.7295123106551202,8.121430514615456,-4.998820736407941,0.7432845636788323,0.18843406229356727,0.0137722530237121
1786799369.065237,7.9433385307747235,-5.078630641470616,0.7280892898372063,8.12035085358701,-5.00737224518379,0.7433643104833817,0.19081698422512386,0.015275020646175363
1786799369.198694,7.939341918286589,-5.099500523404007,0.7303169663941578,8.11820472130955,-5.024489989547749,0.7434133465393198,0.19395484653555664,0.013096380145162012
1786799369.231946,7.938372970096406,-5.104679785563007,0.7322596357195138,8.117670817354792,-5.028774984703808,0.7434162582831619,0.19470299644578204,0.011156622563648133
1786799369.298684,7.936337418158609,-5.115448784641289,0.7282640345127024,8.116606101378384,-5.037352962308252,0.7434125314855774,0.1964580250732068,0.015148496972875014
1786799369.331966,7.935547936934336,-5.120097369316752,0.7298973007957593,8.116075153215522,-5.041647391350957,0.7434067405544518,0.1968361624830862,0.013509439758692454
1786799369.46529,7.936615596448009,-5.149449447589278,0.7287570019432732,8.113956551077981,-5.058888974008921,0.7433419902224926,0.1991256225706991,0.01458498827921939
1786799369.498658,7.936510021086566,-5.158452659877656,0.7284749149475416,8.113422310671695,-5.063246192029136,0.7432914045084287,0.2009035333846665,0.014816489560887103
1786799369.865341,7.943769306093485,-5.262256553901326,0.7279104440401104,8.106977986764383,-5.113090369759807,0.7425090557013682,0.22110545885996696,0.014598611661257754
1786799369.965369,7.944264973767,-5.291339369376129,0.7260982402069559,8.104940509532355,-5.127118773911126,0.7423223177036458,0.22974993311938968,0.01622407749668986
1786799370.131985,7.946991967613124,-5.339377769956704,0.7227882752271029,8.101175485278219,-5.15069515760561,0.7420215293948119,0.24366716094545002,0.019233254167709046
1786799370.298767,7.947686242961781,-5.386045921280512,0.7259388335731142,8.096877455051555,-5.174352968124896,0.7419905230225141,0.25898247852038475,0.016051689449399942
1786799370.43198,7.948109538138706,-5.423430459280534,0.7286304686761379,8.093010952925198,-5.193207335581141,0.7421461850864279,0.27202776823889374,0.013515716410290035
1786799370.698739,7.948970967997339,-5.497683593025763,0.7217110584060065,8.083980129481962,-5.230522488748103,0.7423906653756732,0.29933681585070615,0.020679606969666753
1786799370.732039,7.948861319469749,-5.506586431188939,0.7221104721459682,8.08271596502481,-5.235153265454884,0.742370860621379,0.3026434033596008,0.020260388475410784
1786799370.832043,7.944014604399928,-5.536120889823675,0.726844258735845,8.078792763524396,-5.2490393313887855,0.7420354167783005,0.31714503522897075,0.015191158042455521
1786799371.198737,7.918110096967707,-5.642323039614366,0.7275592343142389,8.061152181202964,-5.299475223292158,0.7396761579277484,0.37149113450965776,0.012116923613509578
1786799371.298736,7.9148523273045415,-5.670536450671625,0.7232730585296435,8.05544160950837,-5.313098258270951,0.7391238323750431,0.38409296746653443,0.01585077384539957
1786799371.431975,7.907595504128509,-5.70860896242417,0.7240542561004051,8.047227043531853,-5.331188222869196,0.7385898169070428,0.40242189483472535,0.01453556080663776
1786799371.965376,7.907595504128509,-5.70860896242417,0.7218066658989669,8.007762588306308,-5.401155483831901,0.7389262044589007,0.323359067061941,0.017119538559933756
1786799372.031988,7.899395832319927,-5.727492545250641,0.7241216521483825,8.00210548024205,-5.409505657377717,0.7392018699064249,0.33416303301740924,0.015080217758042358
1786799372.398745,7.842339732887715,-5.831554510459343,0.7247947413867537,7.968149865221939,-5.453471127584189,0.7410776344904307,0.39846610119842724,0.016282893103677032
1786799372.465393,7.829536656419601,-5.850260176832892,0.7246757156007615,7.961446174406481,-5.461102665637478,0.7414385240629181,0.4109059374788099,0.01676280846215661
1786799372.531942,7.816142980471832,-5.868759126786168,0.7234120342090073,7.954576245255803,-5.468621072445573,0.741778811546018,0.4234078782099196,0.018366777337010642
1786799373.332025,7.816142980471832,-5.868759126786168,0.7263852121877643,7.858477142392606,-5.54954228344851,0.744365460179185,0.3220117611765033,0.017980247991420728
1786799373.365373,7.806136098917858,-5.877004167900757,0.7273264721992382,7.8538951794911265,-5.552526019888232,0.744369866522437,0.3279740817729992,0.01704339432319879
1786799373.398808,7.795058641637846,-5.885317000926395,0.7278089317962613,7.849266668719743,-5.555475740476547,0.7443645056582723,0.3342660127731442,0.016555573862011008
1786799373.965438,7.795058641637846,-5.885317000926395,0.7302206527209572,7.76432488124895,-5.599627908659543,0.7435539873321986,0.28733746965528134,0.01333333461124142
1786799373.998723,7.783731794257242,-5.891106412171058,0.7303898297854278,7.7591644762003025,-5.60178148571921,0.7434769895521878,0.29036608993282637,0.013087159766760004
1786799374.032017,7.773026504508637,-5.8967528482242635,0.7302254473382561,7.753991284824955,-5.603885528903845,0.7434009665135826,0.2934852744420645,0.013175519175326444
1786799374.432046,7.629225744499982,-5.96154258794847,0.726102620278135,7.689492104269799,-5.625592031052136,0.7423319130255657,0.34131336158852893,0.01622929274743068
1786799375.332112,7.629225744499982,-5.96154258794847,0.724921402249406,7.531427193980399,-5.647321665150995,0.7415163382635946,0.3290886579744551,0.0165949360141886
1786799375.465403,7.570781980797867,-5.966566490863751,0.7267341569314378,7.50724857202333,-5.64698892666083,0.741489419247615,0.325831725853061,0.014755262316177187
1786799376.198732,7.570781980797867,-5.966566490863751,0.7252570196741255,7.373540664763839,-5.627410840199159,0.739995273480429,0.3923400210640737,0.014738253806303558
1786799376.332062,7.51263148201009,-5.959213163510112,0.7253509592193068,7.34940957939326,-5.620479596169174,0.7397456870041281,0.3760077381349696,0.014394727784821315
1786799376.4988,7.43893229695507,-5.94153096827698,0.7237467866621622,7.319529720657495,-5.610410478597989,0.7395463254234712,0.35199112760374085,0.015799538761309018
1786799376.901208,7.269208542084848,-5.896749622882157,0.7237748945364587,7.249781285795892,-5.579991543022706,0.739904037005528,0.31735327230574367,0.01612914246906927
1786799376.932107,7.25318372555937,-5.890284488871545,0.7239452015732992,7.244131519085446,-5.5770658959697865,0.7399703054334061,0.3133493727158302,0.016025103860106915
1786799377.065432,7.197611507321821,-5.868313243173406,0.7217241457464632,7.221818756123498,-5.564767443472104,0.7402791045955271,0.3045095128413058,0.018554958849063996
1786799377.965361,7.197611507321821,-5.868313243173406,0.7275650660206548,7.099844958692534,-5.469075865378865,0.7420757232622534,0.4110337964926295,0.014510657241598501
1786799378.198775,7.186519993486456,-5.8052448095003495,0.7273477307486936,7.074941941529015,-5.443391108038023,0.7423944907584215,0.3786657667925687,0.015046760009727822
1786799378.23216,7.185953542985302,-5.797168954844441,0.7291337758705859,7.071377679106475,-5.439724860570128,0.742401265477077,0.3753583742440859,0.013267489606491045
1786799378.365528,7.178713625676792,-5.76050639232072,0.7264469937945891,7.057117318970612,-5.425206750240268,0.7422678402693461,0.35666722835699766,0.01582084647475701
1786799378.498783,7.165703099351342,-5.724119412084803,0.727447941915931,7.043015492771033,-5.411126947713427,0.7420358275512299,0.3361793145951597,0.014587885635298892
1786799379.000047,7.04752311757951,-5.612517681223417,0.7261402406290798,6.994210700428483,-5.364860391827741,0.7418499364021305,0.2533305090455915,0.015709695773050703
1786799379.232264,6.989077418285818,-5.574462716437083,0.7269170882285343,6.972930462645524,-5.346589820563511,0.7422508442303494,0.22844426202086393,0.01533375600181508
1786799379.46558,6.928808238331982,-5.53710244221518,0.728249648776229,6.951163179078188,-5.329429002456896,0.7425593886589235,0.20887316954746465,0.014309739882694461
1786799379.632133,6.886490251756433,-5.513025338602803,0.7296829425446962,6.93504466519606,-5.31747810825657,0.7426730008008855,0.20148511200718788,0.012990058256189263
1786799379.865442,6.837482777404319,-5.481924348712465,0.7236742213796599,6.911908256551218,-5.301015177826425,0.7426930886328043,0.19562024449662657,0.01901886725314439
1786799379.898777,6.831131971734625,-5.478395577915091,0.7247677414780291,6.908574500650215,-5.298691704269172,0.7427051846249525,0.1956804218315937,0.01793744314692336
1786799379.932103,6.824805102928864,-5.474272481324364,0.7270077842818785,6.905237905522982,-5.296377085058816,0.7427260488109467,0.19523372594308824,0.015718264529068215
1786799379.965518,6.818337309908197,-5.469799437111654,0.727333453037122,6.901899442064112,-5.294071859766426,0.7427602433331223,0.19458368731747663,0.015426790296000248
1786799379.998881,6.812538626412042,-5.465805863432027,0.7268034660988796,6.898559739345274,-5.291776224436926,0.7428066637451815,0.19412868700693542,0.01600319764630187
1786799380.098828,6.797187712761955,-5.45459916944224,0.72649051301828,6.888532333490348,-5.284948307212479,0.7429358628276218,0.19267914986140822,0.01644534980934176
1786799380.265534,6.780105824265361,-5.438241930739789,0.7248229172825562,6.871685071228659,-5.27370628119865,0.7430582615588271,0.18830490817896714,0.018235344276270937
1786799380.465581,6.767099168260425,-5.419321180169271,0.727992108612935,6.851156241120213,-5.260505005467,0.7426064946940619,0.17968908938724618,0.014614386081126973
1786799380.565492,6.75955000850819,-5.409112269015567,0.7251621035408178,6.840689280191529,-5.253994271131198,0.7423185166274345,0.1750576324441689,0.01715641308661675
1786799380.932268,6.729021952001749,-5.371065118095905,0.7252072417440326,6.800706126205385,-5.230748800371598,0.741567937551107,0.15756677902072524,0.016360695807074332
1786799380.965502,6.726313478107305,-5.367804768967801,0.725013595666557,6.796963196840007,-5.228712805827996,0.741561094250609,0.15600627220434046,0.016547498584052023
1786799381.098846,6.713877032663321,-5.35549607456634,0.7268242716625181,6.781873960000064,-5.220752904474895,0.7415989774788317,0.15092814188722553,0.014774705816313682
1786799381.198922,6.703333752376025,-5.347213751688296,0.7253807200523161,6.770455962051155,-5.214993807456817,0.7416202089702285,0.14828184205845132,0.01623948891791238
1786799381.232174,6.699778042039831,-5.344491271443039,0.7257617869864053,6.766630359357114,-5.213114415543795,0.7416256701001225,0.14740797331440877,0.015863883113717225
1786799381.265525,6.696573810649677,-5.342114230037785,0.7254115582849097,6.762794589749517,-5.211254821523636,0.741631981983551,0.1466607526956776,0.016220423698641295
1786799381.432233,6.6756292061763345,-5.331108107466637,0.7290700675130325,6.743445734546696,-5.202241620260648,0.7417106354282065,0.1456216091279701,0.012640567915173984
1786799381.465551,6.671276934888286,-5.328970813892727,0.7264110414667095,6.73953557872298,-5.2004917131501385,0.741733315483167,0.14548581300517224,0.015322274016457471
1786799381.498851,6.667207785234594,-5.327131596638002,0.7254506167360106,6.735606970585078,-5.198756466728751,0.7417445021893394,0.14546003759049012,0.01629388545332877
1786799381.532265,6.6632615002337765,-5.32572878478505,0.7264236173060185,6.731657857176764,-5.197034550680339,0.7417468340760823,0.1457404114680299,0.015323216770063874
1786799381.932187,6.603919575292581,-5.31397530589115,0.7255613819217259,6.683823745551021,-5.177801337367868,0.741558560604593,0.15788611759134952,0.015997178682867097
1786799382.032251,6.587303436253413,-5.310413426693922,0.7232224286042924,6.671806896456785,-5.173351024398558,0.7414763091005627,0.16101843655097062,0.018253880496270303
1786799382.065638,6.582397976220928,-5.309482590999767,0.7229899042333015,6.667799290494047,-5.171892281990449,0.741465426984783,0.16193973450903149,0.018475522751481566
1786799382.165518,6.566432664244774,-5.3068905616139554,0.723774179839133,6.655788319576584,-5.167586825565851,0.741494423379522,0.16549913599997187,0.017720243540389036
1786799382.198899,6.561379048169984,-5.3061665673065,0.7241786234138198,6.651793540164654,-5.166174722533294,0.7415332273119973,0.16665082347729174,0.017354603898177556
1786799382.232214,6.556850458051697,-5.305747912451076,0.7249960112893065,6.647806148584033,-5.164774080579259,0.7415874922082408,0.16776936225913638,0.016591480918934365
1786799382.298839,6.5469885582599305,-5.304389613008931,0.7286958871591758,6.639858751006791,-5.162006919097687,0.7417374041278613,0.16999324759019752,0.013041516968685496
1786799382.332203,6.542391210141959,-5.3039523301469,0.727905495740883,6.635901084145755,-5.160640216368323,0.7418294766248188,0.17112118072257868,0.01392398088393576
1786799382.365534,6.538264096554435,-5.303576459333748,0.7282247446695027,6.6319556458610975,-5.159284555632258,0.7419256765738946,0.17204144816085135,0.013700931904391922
1786799382.498838,6.52226085847978,-5.302362020295715,0.7252084615092865,6.6162967966247015,-5.153963437672645,0.7422566085613646,0.17568408290830353,0.017048147052078022
1786799382.565564,6.5145728383900305,-5.301843146192448,0.7280041792863076,6.608532147509721,-5.151353632824102,0.7423761352302736,0.17741320526976362,0.014371955943966008
1786799382.798889,6.496489357158446,-5.30030285875576,0.7275310140769808,6.581579602301285,-5.14240170968699,0.7427692983119717,0.1793686781344682,0.015238284234990851
1786799382.89891,6.491449980444326,-5.300239529305051,0.7300490008844999,6.570167524939063,-5.138642305499506,0.7429254982708245,0.17975014479254373,0.012876497386324681
1786799383.065589,6.482645028258594,-5.299974601641359,0.7300944888829715,6.551414211097742,-5.13249583240503,0.7430748317554814,0.18104789049662978,0.012980342872509931
1786799383.09886,6.480596944008097,-5.299870156463773,0.730031108070925,6.547683092078018,-5.131277816308777,0.7430745152456043,0.1814495203129435,0.013043407174679333
1786799383.132235,6.4782241734409345,-5.299819900545535,0.7288282213201195,6.543953160251464,-5.1300614864407645,0.7430637263046846,0.18203905862892605,0.014235504984565162
1786799383.265548,6.469516382623136,-5.29904779624316,0.7277496408038538,6.529013612474157,-5.12520509204584,0.742981691379483,0.18374222748889876,0.015232050575629152
1786799383.298912,6.467356227002951,-5.298755794087724,0.7266249906174724,6.5252706978220845,-5.123991988366374,0.7429681070044655,0.18410995008545894,0.01634311638699304
1786799383.332194,6.46548713115881,-5.298484912922867,0.7260245215953436,6.521524265224985,-5.12277922884777,0.742956985357263,0.1844251821488828,0.01693246376191937
1786799383.365576,6.462990256099815,-5.298284357233351,0.7259540424214218,6.517774059779716,-5.121567016365228,0.7429517983106616,0.1850142797438574,0.016997755889239796
1786799383.398859,6.4607347557005665,-5.29784049715991,0.726588055669693,6.514020319853121,-5.120355543089558,0.742957840467051,0.18531125240635216,0.016369784797358067
1786799383.465672,6.456463622334118,-5.297042581962564,0.7268433720149521,6.506505321727786,-5.117935566528746,0.7429981496599156,0.18596638044500455,0.016154777644963536
1786799383.498928,6.453749730869808,-5.296807455266394,0.7265194085846931,6.50274397637332,-5.116729195476755,0.7430205783348642,0.1866242635385949,0.01650116975017113
1786799384.3656,6.453749730869808,-5.296807455266394,0.725125340593162,6.40400593041106,-5.08515672980957,0.7400221365949022,0.2174177436882273,0.014896796001740209
1786799384.398906,6.450633976656129,-5.296802908460327,0.7250395796080307,6.400241309855459,-5.083937978433918,0.7399239457021703,0.21874848411459114,0.014884366094139678
1786799384.465641,6.44378086952856,-5.296595683980599,0.7238004889893811,6.392723713683188,-5.081497025430923,0.7397735453721378,0.2210752497971874,0.0159730563827567
1786799385.265662,6.44378086952856,-5.296595683980599,0.7252111939975325,6.303242831677187,-5.051041938420249,0.7410072362142042,0.2829268139322098,0.015796042216671635
1786799385.298949,6.441401582719877,-5.2960224679247565,0.7260459833010545,6.299555130777285,-5.049713115245514,0.741128505297424,0.2842335538707023,0.015082521996369502
1786799385.398944,6.433862267694024,-5.293595142139733,0.7257530815173804,6.2885446896444925,-5.045705384612565,0.741518231514625,0.28734392350815374,0.015765149997244654
1786799385.465674,6.429113713180621,-5.292057929344794,0.7268857522398587,6.281258615790593,-5.043020130780721,0.7417853693552118,0.28962208986514576,0.014899617115353037
1786799385.498944,6.426562445211412,-5.291287615069172,0.7269231689733127,6.277630979909477,-5.041673796289607,0.7419246056413489,0.29066757624939704,0.015001436668036217
1786799385.532262,6.423975139544601,-5.290480558977715,0.7261161170587004,6.274012492718332,-5.040324594703288,0.7420662929593577,0.2916621365642252,0.015950175900657282
1786799385.899017,6.391522544210381,-5.276488414799401,0.732027117649421,6.234422243022835,-5.025216355353353,0.743586052007043,0.29634127706324603,0.011558934357622008
1786799385.965587,6.384920117489209,-5.273689399962758,0.7318948716133685,6.227194215849973,-5.022399723258035,0.7437833684571487,0.29668832411518,0.011888496843780127
1786799385.999007,6.381740051705381,-5.272178471259046,0.7319276251773607,6.223570400813274,-5.020981928941132,0.7438738231295692,0.29684565237814553,0.011946197952208526
1786799386.032301,6.378419962895206,-5.270668528978377,0.7309689543901996,6.219939498144721,-5.019557744098794,0.7439595292383874,0.29693885564265604,0.012990574848187775
1786799386.432297,6.334802398903738,-5.252508292075014,0.7294232928664502,6.175607829405322,-5.0019198660732265,0.7441811298486947,0.29687955504520586,0.014757836982244421
1786799386.899143,6.280772681193406,-5.233764592088729,0.727385208939493,6.122465867004276,-4.9802527361929565,0.7439882741227787,0.2988800905019112,0.016603065183285692
1786799387.098972,6.253102482502528,-5.222848410786051,0.7275423891555008,6.099639450899115,-4.970746687906459,0.7439271109726227,0.29513756241415423,0.016384721817121806
1786799387.599025,6.187311555612198,-5.193010456217331,0.7280976760278276,6.04215323735789,-4.946157873823229,0.743572027047085,0.2863688788836102,0.015474351019257426
1786799387.799036,6.169843574761058,-5.180801363331281,0.7270630200822626,6.018809305681406,-4.935895203387053,0.7432863982442003,0.2877331708633061,0.01622337816193764
1786799387.932306,6.16203066501417,-5.172109590899848,0.7265053937591415,6.0032219631332895,-4.928961040331031,0.7431356458994259,0.29041594556223455,0.016630252140284463
1786799388.398985,6.12981326291082,-5.1320104243579445,0.7266959700590038,5.94694078433791,-4.9040045761587,0.7426584431377068,0.2922824151954003,0.01596247307870302
1786799388.46567,6.125886923245359,-5.126881632765778,0.726491466116077,5.938671913617066,-4.900446995034357,0.7424961389948135,0.2938062371609588,0.016004672878736526
1786799388.598976,6.116072671087372,-5.1136517676457265,0.7281197700985913,5.92196172199202,-4.893421469653791,0.7422196101486872,0.2935650604419994,0.014099840050095902
1786799388.632332,6.113699278257677,-5.1102271074969545,0.7281779325041036,5.917754038282972,-4.891687518493333,0.742150895940295,0.2935201680134035,0.013972963436191477
1786799388.698981,6.108908845503574,-5.103261183101671,0.7289966932441095,5.909307209078805,-4.888250671241567,0.7420171334261635,0.29337745904174317,0.01302044018205395
1786799388.865737,6.096198340979221,-5.085204302430602,0.7230053327098775,5.88802590046332,-4.879869208782272,0.7416247894818,0.2924008646941989,0.01861945677192245
1786799388.932364,6.091061688537879,-5.0783891629781595,0.7242382854371668,5.879448512034361,-4.876612518414756,0.7414407824162105,0.29239348618116506,0.017202496979043636
1786799389.065627,6.08127089394674,-5.064323790356498,0.7260619497487029,5.862186305192524,-4.870288176683306,0.7411382624064462,0.29265658441787407,0.01507631265774334
1786799389.099013,6.078976433824524,-5.061010163115416,0.7259566280306937,5.857851653780419,-4.868750912169342,0.741088648515653,0.29301840884814545,0.015132020484959319
1786799389.132341,6.076548245838741,-5.057690651079362,0.7264621779067714,5.8535107048984365,-4.867232784228524,0.7410480255755467,0.29329156775139226,0.014585847668775354
1786799389.199062,6.071849862550013,-5.050989160102805,0.7262443607098639,5.84481168097873,-4.864256348067992,0.7409868594113868,0.29396509823722866,0.014742498701522888
1786799389.49897,6.04978103070778,-5.019777616688338,0.7251264849824309,5.805395708781519,-4.851935047721061,0.7408498460903002,0.2964714379675341,0.015723361107869316
1786799389.665727,6.037882429716951,-5.0043769302864805,0.7234995567975543,5.783312039742429,-4.845925324674643,0.740987264638159,0.2998549562250875,0.017487707840604716
1786799389.965657,6.017416115144146,-4.9766497915432675,0.724815841850653,5.74284991419546,-4.836719350349663,0.7417281666063475,0.3081673686100311,0.016912324755694597
1786799390.099042,6.00914472605311,-4.965806618504846,0.7256933944960657,5.724977772866375,-4.833432923584079,0.7423168278872352,0.3134862874041037,0.01662343339116945
1786799390.16572,6.005471667780328,-4.961016317932436,0.7255688304415842,5.716039791635456,-4.83197379724677,0.7426010915196348,0.31689553968721457,0.01703226107805067
1786799390.199013,6.002558211209538,-4.958892996901131,0.7261133646924676,5.711593153919234,-4.831293301194712,0.742735298418205,0.3177142535491924,0.016621933725737392
1786799390.332399,5.986014202576954,-4.953994807918307,0.7269247238013014,5.69403002482432,-4.828902107054265,0.743242491797944,0.3176522373088887,0.01631776799664264
1786799390.465707,5.965872504623627,-4.95278006777246,0.7288860795766474,5.676675895891259,-4.8269901247167954,0.7436793830141852,0.3153692887334621,0.01479330343753782
1786799390.499148,5.961320468409839,-4.952858909602962,0.7284908210631879,5.672348207938111,-4.826580115317859,0.743779762694608,0.31535900368982567,0.015288941631420139
1786799390.532424,5.956638771838706,-4.95320638965239,0.7288131310064725,5.66802624230775,-4.826197127476949,0.7438748400254376,0.3153229215908776,0.015061709018965086
1786799390.632314,5.939826768319511,-4.955430902540726,0.7314214748497246,5.655048471601359,-4.825192522277461,0.7441205929977402,0.31314647367532505,0.012699118148015609
1786799390.732453,5.920368678828121,-4.9586954391300235,0.7322451422065487,5.641978901091928,-4.824368788228519,0.7443090265983694,0.3091027620232816,0.012063884391820712
1786799390.799,5.9066784727993005,-4.960837361555413,0.730591785091641,5.63319475638758,-4.823899543096935,0.744403436446983,0.30585177662804813,0.013811651355342014
1786799391.132422,5.8398009827432205,-4.977817787837413,0.7263843800190615,5.588507863099371,-4.822093282776789,0.7441412591779482,0.2956321252109014,0.017756879158886685
1786799391.199007,5.8256561552951,-4.979401031068875,0.7275492357226493,5.579513520312518,-4.821807870594121,0.7438118133850351,0.2922700822605524,0.016262577662385813
1786799391.232348,5.817979877480041,-4.979447888958603,0.726422373156943,5.575025305391388,-4.821658810327289,0.7436006318370887,0.2896969406709355,0.017178258680145664
1786799391.265767,5.810503759956479,-4.9795565375222495,0.7260457020801164,5.570550788334385,-4.82150134399053,0.7433732885167124,0.28733059842735614,0.017327586436595932
1786799391.399032,5.786384536611807,-4.982388786025699,0.7253309137135362,5.552829642802733,-4.820784348847694,0.7424563435014749,0.28401387736832157,0.01712542978793874
1786799391.432337,5.781128286628628,-4.983417144026738,0.7246401084149388,5.548447529861925,-4.820585530156988,0.7422509730169244,0.283997304643817,0.017610864601985687
1786799391.532414,5.768352868600061,-4.98697734648668,0.7304879059205769,5.535421405619634,-4.819948505400399,0.7417134369251118,0.2866281566783489,0.011225531004534939
1786799391.565718,5.764595502516526,-4.9882902735344405,0.7287895002007118,5.531117421856749,-4.819722844861478,0.7415581395075953,0.28797047098268214,0.012768639306883545
1786799391.599113,5.7611647418736895,-4.989558954429221,0.7273874843269423,5.526830392974612,-4.819490252111921,0.7414098312680399,0.2895443844764475,0.014022346941097608
1786799391.665775,5.755491440838058,-4.992162546526597,0.7264751267718629,5.51829539259466,-4.819003904654001,0.7411333172080867,0.2936764896232692,0.01465819043622385
1786799391.699117,5.7529186853418635,-4.9932346193982955,0.7260364445852991,5.51404055611828,-4.8187497973683495,0.7410015027101071,0.2958170274683001,0.014965058124807973
1786799391.732409,5.7507982352110325,-4.994310528889721,0.7259946788604433,5.509789859995885,-4.818487750589797,0.7408731754923252,0.2983264760173822,0.014878496631881899
1786799391.865736,5.746584177718285,-4.99670546658948,0.72337247951537,5.492921270335962,-4.81737043683327,0.7404627563792087,0.31065402537117376,0.017090276863838683
1786799391.899048,5.745566926685524,-4.997188980671417,0.7238836869266686,5.488742333204808,-4.817074160790361,0.7403916004791896,0.3136880937449178,0.016507913552521014
1786799392.032396,5.741597345758321,-4.9975436346818904,0.7271325242780929,5.472100439356136,-4.815822123878802,0.7402236701225082,0.32504044371263285,0.013091145844415286
1786799392.19908,5.736119864417383,-4.9957445982930775,0.7247580151587827,5.45130446445401,-4.814116436779605,0.7402424445223938,0.33779964640458193,0.015484429363611163
1786799392.465792,5.72288098029489,-4.989601074735091,0.7235087014387287,5.417703154719002,-4.811155876717214,0.7402557071663448,0.35351972210736166,0.016747005727616116
1786799392.632456,5.710174760735399,-4.985160966889744,0.7250424236756983,5.396567678115361,-4.809259333334496,0.7406038471384766,0.3595702809700158,0.015561423462778334
1786799392.799057,5.6938463535449335,-4.981546451870094,0.7274905032680459,5.375498750521423,-4.807390719533017,0.7412466534656366,0.3628710727747228,0.013756150197590689
1786799393.33237,5.618120982162655,-4.987325205182569,0.725795679603072,5.308799786414722,-4.801573819511649,0.743404536538104,0.36080906227199727,0.017608856935032002
1786799393.399189,5.607311453381555,-4.9875221708326425,0.7284123591612728,5.300577321634978,-4.800829916768221,0.7436525416680038,0.3590819200488671,0.015240182506730982
1786799393.465822,5.5961965052195435,-4.987620106095862,0.7273520325864498,5.292356116620131,-4.800069743794211,0.7438451689628567,0.3570631878865733,0.016493136376406925
1786799393.565767,5.579479596159683,-4.987900048086203,0.7285789739814011,5.280004586914798,-4.79888949961583,0.7440318511880208,0.3541331227028834,0.015452877206619697
1786799393.832434,5.537817688441481,-4.988161018107667,0.7300021326875611,5.246939604877207,-4.795437797144575,0.7443390467104535,0.3489302213859006,0.014336914022892389
1786799394.065735,5.5050475015031175,-4.986065752457847,0.729685102294981,5.217936695239705,-4.7919825267853495,0.7443296760935812,0.3465557870829291,0.014644573798600291
1786799394.33255,5.476145808156628,-4.981091499054292,0.730864431842477,5.184524824214608,-4.787466642409596,0.7437257870301827,0.3500476873027313,0.012861355187705703
1786799394.365854,5.4732660460812665,-4.9804289309936465,0.7290844927562905,5.180313053502003,-4.786858129349297,0.7436315740832843,0.3511283399419395,0.014547081326993783
1786799394.399128,5.470167785851215,-4.9796470813374505,0.7285113719733923,5.176101922870082,-4.786241137994465,0.7435360897488749,0.35196674657022475,0.015024717775482532
1786799394.432438,5.46768604852504,-4.97889427740183,0.7294721631446249,5.171894035932503,-4.785616085158408,0.7434386072232568,0.35334030948991396,0.013966444078631901
1786799394.465912,5.465020663898996,-4.97802146583214,0.7295295829641849,5.167690434420529,-4.78498336894668,0.7433397448852244,0.3544981977540621,0.013810161921039454
1786799394.53243,5.458737226613067,-4.976065683404906,0.7287116718724477,5.159294541829476,-4.783696407458962,0.7431233244342605,0.3559099040464761,0.014411652561812871
1786799394.565837,5.455938481692154,-4.9751224280229795,0.727937798007097,5.15509897799874,-4.783042577680504,0.7430157745892382,0.3569300714286866,0.015077976582141162
1786799395.03256,5.400465131357604,-4.953867545267332,0.7278578910752488,5.095725535128237,-4.773244681536347,0.7421599534030797,0.3542468636592568,0.014302062327830933
1786799395.065807,5.396277104238336,-4.952292864421983,0.7284934614739207,5.091450954208111,-4.772514417277518,0.7421476620796349,0.3538916102423516,0.013654200605714206
1786799395.099112,5.3921262255560585,-4.950658100136948,0.7285413404816903,5.0871766276857535,-4.771782497341906,0.7421394788588282,0.353540292635154,0.01359813837713797
1786799395.132439,5.387420721875169,-4.948907673596819,0.7276535092320945,5.082903190288445,-4.77104927370436,0.7421307675659222,0.35265356577805534,0.014477258333827736
1786799395.199128,5.37921957275431,-4.945847371831345,0.7249023567725845,5.074360105500811,-4.769580032713009,0.7420993717988909,0.3521497829247457,0.017197015026306328
1786799395.599242,5.32181462179721,-4.932490080391208,0.7268283060915789,5.023241352149236,-4.760759134554215,0.7423451876234278,0.3444379698963954,0.015516881531848936
1786799395.66576,5.314362869786391,-4.93087004353004,0.7254603903162897,5.0147855863075534,-4.759302027239066,0.742502789082654,0.3452276538613033,0.017042398766364264
1786799395.732411,5.305983962157366,-4.9293212079368445,0.726175387844112,5.0063900343006535,-4.757856154171558,0.7426799976165067,0.345190941757378,0.016504609772394763
1786799395.999192,5.2645338881659764,-4.9226489963329945,0.7271692831995649,4.973327808614997,-4.752153988249502,0.7434646503223022,0.3374455934648457,0.01629536712273738
1786799396.065888,5.253203496612194,-4.9205812728687475,0.7288387385297889,4.965127098766508,-4.750732056714638,0.7436735249149267,0.33442004608562526,0.0148347863851378
1786799396.1991,5.230485290155673,-4.916219778619748,0.7280235545365474,4.948733196721848,-4.7478742432655725,0.7440093984464282,0.3282140481881091,0.01598584390988078
1786799396.232555,5.224802904482776,-4.915256131656782,0.729429570687719,4.944630364977399,-4.747155140485556,0.7440740615248738,0.32673321705275227,0.0146444908371548
1786799396.332465,5.208196139632589,-4.911947696369047,0.7290230397482724,4.932299712014111,-4.74498311872622,0.7442073975641633,0.3224841220278692,0.015184357815890892
1786799396.432441,5.191884116557262,-4.90812773097853,0.7282083014261032,4.919924928825043,-4.742784923446711,0.7443144717027711,0.31827667805617205,0.01610617027666794
1786799396.465866,5.1871969563708555,-4.907222205763397,0.7277273260820429,4.915790432454754,-4.74204618061481,0.7443550945594929,0.31771783158662653,0.016627768477449956
1786799396.499202,5.181969522311611,-4.906170576581596,0.7285508901697684,4.91165160086742,-4.741304432433413,0.7443919344495347,0.31662694790588747,0.015841044279766292
1786799396.665817,5.158216850805581,-4.901142793272784,0.7286304000823355,4.890888086072576,-4.737550233655955,0.7445748151184634,0.3134121791118845,0.015944415036127868
1786799396.99915,5.124376618580046,-4.888181562253012,0.7282381749858956,4.8491213590090645,-4.729853190415307,0.744828421578551,0.3175426447743148,0.0165902465926554
1786799397.032488,5.120619853154352,-4.886999973722378,0.7282676100878871,4.844967919847855,-4.729080520056166,0.7448576398204201,0.317683084506941,0.016590029732532985
1786799397.065814,5.116969154770163,-4.885698637306038,0.728425715940415,4.840822553361587,-4.728308697630695,0.7448840436052236,0.3178498679888276,0.016458327664808592
1786799397.099169,5.1137011214377335,-4.88451122565061,0.7288204771028443,4.836684068250125,-4.727537684929652,0.7449080948393336,0.31840091118465824,0.016087617736489368
1786799397.132498,5.109689018330155,-4.883082028344353,0.7294226930308463,4.832551037842093,-4.726767441598614,0.7449300085763509,0.3181818823542478,0.015507315545504663
1786799397.165795,5.105193467672216,-4.881570315798623,0.7293985937008871,4.828422030725927,-4.7259979584456,0.7449482691260606,0.3174983254785611,0.015549675425173493
1786799397.299242,5.088160898928288,-4.875217601899207,0.7299169600097924,4.811920947070954,-4.722927011078761,0.7449787092195604,0.3154376880694228,0.015061749209767994
1786799397.332494,5.084262854159315,-4.87372161246475,0.7284297241689045,4.80779445806299,-4.722161094976211,0.7449767920564896,0.315286162876629,0.016547067887585087
1786799397.532656,5.056494391924925,-4.863551447430374,0.7297129429212914,4.782980769917682,-4.717587910768624,0.744942752516948,0.3100242820463055,0.015229809595656563
1786799397.56677,5.051996911441035,-4.862021148784871,0.731387783094958,4.778836111454259,-4.716831135253239,0.7449537768380546,0.30934925679356434,0.013565993743096638
1786799397.932665,5.001954744226563,-4.8477833893485975,0.728212723722975,4.732984826433313,-4.708643451460316,0.7443804815591396,0.3028279032606844,0.016167757836164642
1786799397.967663,4.997430349546379,-4.846629050142096,0.7285207594117536,4.728774494073229,-4.707910515416881,0.7442934356764653,0.30235542091439466,0.015772676264711682
1786799397.999224,4.993379506796831,-4.845418724292309,0.7285398392879329,4.724556414968523,-4.7071795259302345,0.744209575148022,0.3022845193917808,0.01566973586008913
1786799398.132515,4.977926127082429,-4.842219354812826,0.7299890384527596,4.707631514509935,-4.704278559406793,0.7439003388383308,0.30345813652456843,0.013911300385571201
1786799398.165826,4.9740876417455375,-4.841425668311235,0.7284910403668936,4.703401331748799,-4.70356146921835,0.7438327323024477,0.30377230915798303,0.015341691935554125
1786799398.232608,4.966101742477269,-4.840036135825723,0.7276685055783726,4.694957119010598,-4.702139260384401,0.7437089816934382,0.3041955869031667,0.01604047611506565
1786799398.265859,4.961833229954358,-4.839195224253687,0.7284874606496692,4.6907442487398034,-4.701434199086222,0.7436533928960469,0.3040844221447986,0.015165932246377745
1786799398.29919,4.956951818176199,-4.8381724986789,0.7281336177501204,4.686537056380115,-4.700732847748685,0.7436040263301864,0.3033377672579728,0.015470408580065986
1786799398.332522,4.952277154402512,-4.837406948375217,0.7262620882317663,4.682334570043924,-4.700034793699711,0.7435628416211262,0.30288629505209447,0.01730075338935988
1786799398.49922,4.927008257500191,-4.832442818196614,0.7258361038296209,4.661361737524343,-4.696582824373333,0.7434983292819813,0.2983722699865726,0.017662225452360403
1786799398.532714,4.9216154080924035,-4.831375226634329,0.7261895720739273,4.657171269998605,-4.695898363725373,0.7435334800641158,0.2971273843923243,0.01734390799018848
1786799398.599191,4.910502536729577,-4.8294311588337955,0.7275420484276865,4.648793857896535,-4.69453424013556,0.7436475604077145,0.29442929754155744,0.016105511980027964
1786799398.665936,4.9000889134293475,-4.827588169816802,0.7295660961046623,4.640420877294458,-4.693175329220711,0.7437969328940993,0.29239408459690197,0.01423083678943704
1786799399.065979,4.8412249251345365,-4.815950442782712,0.7238796651079668,4.589948753575955,-4.685027600586631,0.7438957848842684,0.28333814604079965,0.02001611977630169
1786799399.099228,4.836379972872196,-4.815024095060547,0.7248033506988146,4.58569358544247,-4.684341217559869,0.7438573253407371,0.282704225851727,0.01905397464192249
1786799399.132549,4.832503068648697,-4.814281487887602,0.7273177099531505,4.581430641155039,-4.683653378596207,0.7438316951167442,0.2830213186044518,0.016513985163593703
1786799399.365886,4.807286336810416,-4.807077040042978,0.729851585739383,4.551461806321686,-4.678812027946524,0.7437782217293368,0.28617844735039555,0.013926635989953806
1786799399.399256,4.8045100701181855,-4.806439642412722,0.7296576923614062,4.547178663426095,-4.678119638281215,0.7437480126191551,0.2875508239084702,0.014090320257748923
1786799399.432556,4.801410409503617,-4.805685182728329,0.7295268099619091,4.542899557693028,-4.677427981880878,0.7437118624554698,0.2885788801576788,0.014185052493560724
1786799399.499259,4.794831118045327,-4.803817606561025,0.7275109741603452,4.534354444558504,-4.676047407091359,0.7436186484281831,0.29012638849866595,0.01610767426783799
1786799399.532607,4.79133014838271,-4.802821269884492,0.728993684717455,4.5300879898453,-4.675358626183933,0.7435619863653626,0.2906788450101262,0.014568301647907678
1786799399.565934,4.787715116884191,-4.8017820864165515,0.7282123794421743,4.525825339686575,-4.6746709552405,0.7435002885275956,0.29110736004002397,0.015287909085421325
1786799399.599305,4.783489810219436,-4.800568761157009,0.7270892411242899,4.521566094495659,-4.673984439408443,0.7434337539874157,0.2909082731224641,0.016344512863125882
1786799399.632505,4.780047503562473,-4.799617760911549,0.7262751249545839,4.517309728936999,-4.6732991023490005,0.7433630088554051,0.29152622817885254,0.017087883900821166
1786799399.799251,4.758418667771794,-4.792963110316512,0.7293807378921362,4.496034397043475,-4.669888249870071,0.7430548929930723,0.2898153322368274,0.013674155100936058
1786799399.999295,4.7313458044322525,-4.784787600970578,0.7254749072973232,4.470408811396545,-4.665827358956039,0.742551265448639,0.28677456915611377,0.017076358151315807
1786799400.066063,4.723010688569632,-4.782597299343244,0.7271828526890467,4.461836059765778,-4.664483703620331,0.7423321865450123,0.2866409046619599,0.015149333855965619
1786799400.099236,4.718152897563209,-4.7813442271581055,0.7279489945007643,4.457543730000271,-4.663814085432863,0.7422179672816703,0.2858854183616283,0.014268972780905997
1786799400.132589,4.713799958479361,-4.780084741832095,0.7287541504319694,4.453247306166422,-4.663145996583979,0.7421012160423696,0.28559123720364865,0.01334706561040011
1786799400.165909,4.709952275399774,-4.77912311184753,0.7284841306717789,4.448946801138142,-4.662479502174845,0.7419822202519981,0.28588387375298535,0.013498089580219252
1786799400.265935,4.696618355261538,-4.775459574589716,0.7232632051252776,4.436018673248408,-4.660489856683404,0.7416332017137205,0.2848336888445634,0.01836999658844285
1786799400.332571,4.688764522718455,-4.773342873415561,0.7269046933949543,4.427372853344751,-4.659171069208076,0.7414342499035781,0.2852381560976087,0.014529556508623753
1786799400.3992,4.68014881491508,-4.771516561589491,0.7235008651923686,4.418703510794875,-4.657858172768901,0.7412565403644866,0.2850822274288582,0.01775567517211807
1786799400.432561,4.676617307700884,-4.770674664549345,0.7237980230331732,4.414360127529212,-4.657203906058048,0.7411791025250214,0.2857524130855008,0.017381079491848195
1786799400.465894,4.672685996361876,-4.769837015175914,0.7247055008621476,4.410011844043699,-4.65655119680422,0.741115645022638,0.2860618585904407,0.01641014416049047
1786799400.499235,4.668476991709977,-4.768887704386705,0.7254551153719571,4.405659708059401,-4.655900195266224,0.741069039804968,0.2860753428779177,0.015613924433010906
1786799400.532551,4.6647236211604195,-4.768165711300887,0.7258613706603713,4.401306737999658,-4.65525131849457,0.7410420679066634,0.2865974780715101,0.015180697246292119
1786799400.565878,4.661342193148582,-4.767488418588807,0.7267462530328253,4.3969573655105245,-4.654605169072038,0.741024761442225,0.2874751556337877,0.014278508409399704
1786799400.632627,4.653523784583927,-4.766083519518292,0.7271944783996275,4.388279155069036,-4.65332211941384,0.7409916934303404,0.28821840128626064,0.013797215030712962
1786799400.732578,4.641677426997788,-4.764447111283464,0.7286880243828191,4.37532563688664,-4.651420990342902,0.7409663012800388,0.2893409409507817,0.01227827689721972
1786799400.965912,4.607872079887663,-4.759251597430382,0.7278885819352732,4.345327484065142,-4.647062546693456,0.7409985061684327,0.2855101537614095,0.013109924233159487
1786799400.999231,4.60272999426964,-4.7585015023896995,0.7269283806717083,4.341057944266887,-4.646444994866665,0.7410466223986114,0.28465579676321906,0.014118241726903125
1786799401.332672,4.5538996797699545,-4.7484467088463065,0.7272159266250641,4.298564733824648,-4.640290103302774,0.7417146296422356,0.27729728802062226,0.014498703017171488
1786799401.732635,4.506702748318182,-4.738204393709536,0.7260843408643389,4.247779755354551,-4.632816392046215,0.7428401849089248,0.27954918561826075,0.016755844044585855
1786799402.099236,4.471922523129082,-4.728650541187586,0.7276227227134625,4.202165281888549,-4.6259633240672695,0.7444065673728616,0.28864101191898917,0.016783844659399083
1786799402.599278,4.408610005253785,-4.71370662401877,0.7290476148580369,4.140154514300962,-4.616638963300823,0.7450777682662387,0.285465376849761,0.016030153408201797
1786799403.132626,4.343362982856145,-4.70117873549835,0.7293888248166488,4.072485848714535,-4.606707366138831,0.7449465268720659,0.2868784785051582,0.015557702055417066
1786799403.29933,4.320249777436251,-4.6978150069616795,0.7294619193909568,4.051330472846293,-4.60364428244015,0.7448470813223004,0.2849310754165935,0.015385161931343538
1786799403.332614,4.315843450766675,-4.69715884472507,0.7289124888171024,4.0470997355977705,-4.60303192823261,0.7448009339979527,0.28475087506654595,0.015888445180850308
1786799403.365928,4.310849385258656,-4.696293362961044,0.7297107859304575,4.042866625712575,-4.602419004858225,0.7447485224340608,0.2839492111683866,0.015037736503603294
1786799403.399296,4.305417169449511,-4.695479910353479,0.7305766460995157,4.038630646917607,-4.601805324712559,0.7446916270694095,0.2827542689326971,0.014114980969893831
1786799403.566019,4.280145332437962,-4.691257057238335,0.7268700610580393,4.017397283847022,-4.5987200005522935,0.7443116466687464,0.27856712637793857,0.017441585610707078
1786799403.63277,4.2706426509095845,-4.689783287617489,0.7295750692810639,4.0088739618001865,-4.597475246529393,0.7441557993291152,0.2775673270534095,0.014580730048051382
1786799403.799338,4.246821126779902,-4.68559524118158,0.7289831146811363,3.9874657815881296,-4.594326780221336,0.743821209778388,0.2749456801726386,0.014838095097251647
1786799403.832618,4.242204536346147,-4.684723606673895,0.7281359808845007,3.983168905388123,-4.593690541965746,0.7437646725381413,0.2745659792763475,0.01562869165364056
1786799403.865984,4.237308220238812,-4.683936231279261,0.7265926842180438,3.978867753127095,-4.593052115186033,0.7436919520843436,0.27395510142899243,0.017099267866299783
1786799403.999355,4.2207168321162545,-4.680657662881795,0.7267303812998381,3.9616104829057366,-4.590474492913868,0.7433436458042727,0.27435215389471024,0.016613264504434566
1786799404.199296,4.2003953859647405,-4.675619607072052,0.7277858286604443,3.935604821066295,-4.586541491768469,0.7428967577491599,0.27937242864190504,0.015110929088715586
1786799404.232627,4.197230576456744,-4.67500543130594,0.7284874084603664,3.931277062362573,-4.585881734393404,0.7428256240757842,0.2804894026703965,0.014338215615417815
1786799404.265978,4.193660447054588,-4.674265045699902,0.7281715053215064,3.926956528047789,-4.585221759061259,0.7427564426365529,0.2811755453608952,0.014584937315046509
1786799404.299347,4.190375705116988,-4.673501291012114,0.7273027578490515,3.92264385886162,-4.584561731265182,0.7426886926901171,0.2821180369761677,0.01538593484106554
1786799404.332636,4.1874168490421475,-4.672673697636381,0.7261004597894714,3.91833916873559,-4.583901769361424,0.7426232650924526,0.2833429958351045,0.016522805302981225
1786799404.432767,4.176311921286378,-4.6696191948087185,0.7250454215995494,3.9054641308980353,-4.581922277641647,0.7424638986490337,0.28469154332163743,0.017418477049484293
1786799404.699283,4.143741701488488,-4.659681221553648,0.726751818622415,3.871237824061944,-4.576641472782208,0.7423987383090789,0.2848753465790345,0.015646919686663874
1786799404.765939,4.1345542290370885,-4.657215161869634,0.7262594155703151,3.862696956657816,-4.575324651883824,0.7424671201123837,0.2839232857150569,0.016207704542068546
1786799404.899312,4.117175212225322,-4.652577366486084,0.7267697934846108,3.845634706422397,-4.572701174646029,0.7426687654828749,0.2830449651814669,0.015898971998264066
1786799404.932651,4.113380677526758,-4.651571313683902,0.7261932761529639,3.841373214960525,-4.572047953911796,0.742726026411166,0.2833937621775826,0.01653275025820211
1786799405.265991,4.070836601523942,-4.642917388573423,0.7255646575559757,3.798770533868213,-4.56557763440868,0.7431683979846703,0.2828451568330533,0.017603740428694614
1786799405.499345,4.044943361492046,-4.6382362656395975,0.7275963816048345,3.7690573128285942,-4.561133391240104,0.7437136244797469,0.2864576148190104,0.01611724287491234
1786799405.632723,4.028049233744764,-4.635959346658023,0.7257864664847581,3.752288541065377,-4.558643709759642,0.7440764105015072,0.28639425157641984,0.018289944016749105
1786799405.766107,4.009198529070089,-4.632897140637344,0.7276179460318493,3.735619544112153,-4.556173677646214,0.7444124779253725,0.28413368470486877,0.0167945318935232
1786799406.332698,4.009198529070089,-4.632897140637344,0.7289898523957806,3.6642555457306254,-4.54549814004575,0.7445231042358166,0.35584300900753785,0.015533251840035955
1786799406.465969,3.994164728862369,-4.62929879080594,0.7301935200587434,3.647234602706068,-4.542904044940974,0.7444238816222132,0.3575256138347284,0.014230361563469796
1786799406.532737,3.98696061352484,-4.627847024905138,0.7288797371704133,3.638691047381352,-4.541594184556282,0.7443313285334635,0.3587913644027944,0.015451591363050188
1786799406.70017,3.971740434092743,-4.624122063632086,0.731193145957599,3.6173266677992575,-4.538298536547678,0.7440615400417535,0.36465709308820754,0.012868394084154522
1786799407.032723,3.9338246636987373,-4.6126413324536735,0.7293623405467626,3.574802385171881,-4.5316942120699375,0.7437794436753634,0.36803455378134614,0.014417103128600783
1786799407.066062,3.9295949503461376,-4.6114675906825005,0.7291380004054996,3.570553428092834,-4.531034553091723,0.743785161733334,0.367940604225803,0.01464716132783439
1786799407.099401,3.925302894528533,-4.610307023022054,0.7289724772185399,3.5663041922872547,-4.530375352549468,0.7437934409573832,0.3677895324169245,0.01482096373884334
1786799407.132773,3.921461263202608,-4.609161425305561,0.7289434224071506,3.5620544740423887,-4.52971668572801,0.7438012826702957,0.3680824727435459,0.014857860263145062
1786799407.166052,3.916764006670553,-4.607866166368166,0.7294289282215785,3.557803959718707,-4.529058604905448,0.7438028042066229,0.367509111521567,0.01437387598504447
1786799407.366133,3.891026830879452,-4.601066364426419,0.729261122970242,3.532246724724964,-4.5251216702273975,0.7436550219595517,0.366729820370813,0.01439389898930965
1786799407.432814,3.88318398328078,-4.598932781679873,0.7276801522760271,3.5236945438694023,-4.523813698786357,0.7435705964985947,0.3672540451282595,0.01589044422256758
1786799407.73278,3.8470117435149054,-4.591090667132088,0.7295436762226044,3.4849798654956765,-4.517962278115579,0.7429686210540418,0.36934379916587146,0.013424944831437413
1786799407.932763,3.8244094606811734,-4.5862293424506655,0.7252641327337312,3.4591826754345814,-4.514123561573919,0.7423627792910613,0.37227657500493594,0.017098646557330066
1786799407.9994,3.8162029705705214,-4.585108136389203,0.7250496366986167,3.450643211122892,-4.512860770018524,0.7422067096884623,0.37263067462959587,0.01715707298984559
1786799408.032809,3.81128437178193,-4.584264202598994,0.7241034730513567,3.4463811243783824,-4.512231477216608,0.7421413902877753,0.37194501407018304,0.018037917236418566
1786799408.066082,3.8066675663188994,-4.583496377626053,0.7259040762144633,3.442121670888963,-4.5116030538093925,0.7420921034357907,0.3715674365229298,0.016188027221327395
1786799408.132729,3.797025502214767,-4.581948123899224,0.7265062927872961,3.433604291273617,-4.510347451750328,0.7420474907993962,0.37040738763435266,0.015541198012100188
1786799408.166024,3.7921051548330844,-4.581154548730585,0.7270153826011407,3.429346167364049,-4.509719997177709,0.7420436463215399,0.3697255443502927,0.015028263720399115
1786799408.19936,3.787638494480085,-4.580521063986969,0.7269420694810668,3.4250885143485577,-4.5090926107133615,0.7420446074994745,0.3695192985899801,0.015102538018407774
1786799408.399404,3.757607538139302,-4.575502726497528,0.727336547143166,3.3995387929964718,-4.505321510894046,0.7420971622751463,0.3648816647513872,0.014760615131980348
1786799408.53278,3.738688223028109,-4.572428419458641,0.7238365546865095,3.3824872681724174,-4.502791670328831,0.7421558265701282,0.3629440687894962,0.018319271883618704
1786799408.632926,3.7253072809993366,-4.5700532692162055,0.7260799816959376,3.369684456682763,-4.500881788128336,0.7422025724714505,0.3622875749605361,0.016122590775512924
1786799408.799425,3.705307196673504,-4.566215281607191,0.7260704972193761,3.34832059035577,-4.497671123150255,0.7423156702976772,0.36350754978242544,0.01624517307830109
1786799408.999435,3.6859240660173853,-4.561479192621667,0.7254032928691037,3.322687304701885,-4.4937785447737015,0.7426121466027851,0.36949197892512925,0.017208853733681417
1786799409.032812,3.68270346035647,-4.560713966015729,0.7246262208698978,3.3184355477566627,-4.493128949679686,0.7426848676220836,0.37048461045361125,0.018058646752185825
1786799409.332762,3.6519159211459,-4.55219857057532,0.7246203524904568,3.2806073960592985,-4.487319592389346,0.7434597046942942,0.37693408258267563,0.01883935220383748
1786799409.399485,3.643955009969066,-4.55000708356805,0.725372134443862,3.2722617691405342,-4.486035759273252,0.7436139547442885,0.3771580512326991,0.018241820300426537
1786799409.432863,3.6398745242384667,-4.548849821525599,0.7259334016337669,3.2680906028124133,-4.485394515351554,0.7436945299471532,0.3771602578647116,0.017761128313386387
1786799409.599483,3.619858185392748,-4.54274166423123,0.7269060101955933,3.2472439999438603,-4.482198005469402,0.7441865696942459,0.37750081564681004,0.017280559498652592
1786799409.732793,3.6030368052872195,-4.538542238011175,0.7305994590094277,3.2305667435285104,-4.4796562687821,0.7445576739136529,0.37709614726032953,0.013958214904225219
1786799410.899507,3.6030368052872195,-4.538542238011175,0.7273751544166163,3.082962152623728,-4.457843596293629,0.7443448028681215,0.5262983138089158,0.01696964845150528
1786799410.932852,3.598427212692133,-4.537829867730977,0.7273801111307717,3.078701697407856,-4.457214802612718,0.7443043844898553,0.525940490893721,0.01692427335908353
1786799411.132798,3.5732547947465325,-4.5331859248164985,0.7264898548831654,3.0530366815756658,-4.453401987361592,0.7440813574778075,0.5263006383682858,0.01759150259464204
1786799411.166148,3.5689495157385416,-4.532273515815038,0.7266035204384057,3.048745107914612,-4.45275988136273,0.7440604004813056,0.5262461819179882,0.017456880042899914
1786799411.1995,3.565168131354939,-4.531586174696281,0.7267159602836669,3.044450371085232,-4.452115947530024,0.7440423279864363,0.5267470957358533,0.017326367702769407
1786799411.499688,3.5384907308464184,-4.523290625501167,0.7314879455089371,3.005837801149624,-4.446269914249178,0.7441501649257997,0.5381926546101687,0.012662219416862519
1786799411.73281,3.5137754386345224,-4.5165549644814575,0.7317660941949641,2.976198724117762,-4.441734395198043,0.744334270554637,0.5427585481395285,0.012568176359672889
1786799411.999482,3.481137649976579,-4.507254227622362,0.7330760089379306,2.942298721222265,-4.436547598297001,0.7439789642173606,0.5434582031505742,0.010902955279430082
1786799412.199521,3.4560102915423014,-4.500571768294714,0.726801341321142,2.9166694078397515,-4.432657167835759,0.7437178341779062,0.5436000200409736,0.01691649285676411
1786799412.23275,3.4519977771712425,-4.499588764507269,0.7269727745212093,2.912380534038194,-4.43201008301667,0.7436428539138591,0.5438323705688358,0.01667007939264975
1786799412.299398,3.4441385668614997,-4.4974136443138875,0.7287785378576823,2.903781933531506,-4.430716592939602,0.7434815942553229,0.5444573333565721,0.01470305639764058
1786799412.332821,3.4402850067054978,-4.4962762462487404,0.729200859620071,2.899472271963644,-4.4300702655459725,0.7434024181527816,0.5448501132786687,0.014201558532710656
1786799412.366079,3.4365264600686087,-4.495331294282483,0.7284954286521204,2.8951560043601168,-4.429424285072239,0.7433223647884665,0.5453674946098819,0.014826936136346114
1786799412.39951,3.4332711507487246,-4.494554260329148,0.7275495800646951,2.8908334963650293,-4.428778699848624,0.7432398142262774,0.5464110478841111,0.015690234161582328
1786799412.432764,3.4291998206051746,-4.49360539368294,0.7268131172102962,2.8865053881593736,-4.428133580704822,0.7431594536733107,0.546629495455845,0.016346336463014532
1786799412.466227,3.425615963771025,-4.492856932605487,0.727367522691269,2.882172128335737,-4.42748897581538,0.743088040246217,0.5473610984053667,0.015720517554947966
1786799412.532836,3.4188339520575988,-4.491499151179326,0.7273020587599474,2.87349615815868,-4.426202165620099,0.7429621565953054,0.54923310695702,0.015660097835358044
1786799412.599494,3.411617906499563,-4.490076421158788,0.7285190233187044,2.864826675536817,-4.424921092915167,0.7428360455951875,0.5506594837613251,0.014317022276483016
1786799412.766135,3.392576402277346,-4.487002378144417,0.7258671184250907,2.8432574917870395,-4.421750591407444,0.7425506514436935,0.5531808574911328,0.016683533018602814
1786799412.899526,3.3747579818466464,-4.483834629574998,0.7276201803228396,2.826102157818813,-4.419239374875233,0.7423268781661149,0.5524452553596498,0.014706697843275274
1786799413.099587,3.3461387867194854,-4.480098493486805,0.7275241047582293,2.800394456623222,-4.41547640106256,0.7421120882290607,0.5495569930967186,0.014587983470831456
1786799413.132824,3.3408598388254247,-4.479289076210889,0.7275934901885742,2.796105597032964,-4.414847225453565,0.7420774530629208,0.5485525827848303,0.014483962874346612
1786799413.399548,3.3045766567836132,-4.473258922505077,0.7268296424428152,2.761725124507856,-4.409772865646046,0.741906205187564,0.5465512469198528,0.015076562744748778
1786799413.832884,3.2613372762334647,-4.46265178863193,0.7287545843380785,2.7058455914864026,-4.401362267457868,0.7422552388049273,0.558862610333591,0.013500654466848783
1786799413.866177,3.2586627227187424,-4.461946524290021,0.7285444380872453,2.701584572040796,-4.400712676950721,0.742311836316924,0.560433448343988,0.013767398229678651
1786799414.032799,3.2423965186215167,-4.456894685748682,0.7300724455410554,2.6804194662131176,-4.397475167731588,0.7425488876409219,0.5651096234846973,0.012476442099866425
1786799414.066159,3.2388042627568865,-4.455919206600417,0.7267188746463457,2.6762043387172274,-4.396829017959768,0.7425805698635811,0.5656945509044767,0.01586169521723546
1786799414.099416,3.2355292107703817,-4.454905696798375,0.7257617080507182,2.671991677902448,-4.396183082027431,0.7426094960976581,0.5665888248425077,0.016847788046939982
1786799414.1662,3.227468095987447,-4.452618087966007,0.7274424015520953,2.6635702203131286,-4.394891773883463,0.7426796246289485,0.5668449007687777,0.015237223076853268
1786799414.399619,3.199011969739475,-4.444775174724801,0.726058128663839,2.634093017080843,-4.390382903079808,0.7428978695763185,0.5675314460782137,0.01683974091247953
1786799414.466207,3.1914495909130145,-4.442671971544113,0.7275609668915513,2.6256509087291326,-4.389098034269048,0.7429310522593623,0.5683294075764248,0.015370085367811037
1786799414.532818,3.183047589575201,-4.440598209587964,0.728992686910512,2.617196552544623,-4.3878154094345065,0.7429955480148626,0.568307504877967,0.014002861104350561
1786799414.79951,3.151687633952457,-4.433257773445306,0.7266897693166738,2.5833004250061147,-4.3827218373525145,0.7432461267827132,0.5706293894732271,0.01655635746603934
1786799414.899554,3.141242261223703,-4.4310444524904975,0.725363425118954,2.570539644626165,-4.38082604488567,0.7432800565715665,0.5729078154935934,0.017916631452612464
1786799414.932945,3.1379851200332425,-4.430387907991974,0.7257765135037576,2.5662829172788304,-4.3801961950429344,0.7432967628917972,0.57390122554583,0.017520249388039644
1786799414.999582,3.1313470600385167,-4.429164664913017,0.7255958507422533,2.5577799164347,-4.378941592627775,0.7433467043054045,0.5757617781787967,0.017750853563151203
1786799415.099544,3.1207029271240323,-4.427585440576543,0.7274482443859087,2.545072731531695,-4.37707448175631,0.7434462675188275,0.5778420883239743,0.01599802313291876
1786799415.199556,3.1086212942860643,-4.425873678251509,0.7297075906372038,2.5324288251682243,-4.375223695275679,0.7435904876117857,0.5784143689808932,0.013882896974581893
1786799415.232856,3.1042992028413834,-4.425255992861793,0.7289767022069734,2.528225681554295,-4.374609426834699,0.7436452497782289,0.5782955789027286,0.014668547571255464
1786799415.29959,3.095404155704553,-4.423736478557594,0.7286051480708284,2.5198294924999707,-4.373382811704616,0.7437291316896762,0.5777730390807528,0.015123983618847814
1786799415.332845,3.0907805890491336,-4.422910995150134,0.7285340808851836,2.515635795876433,-4.372747237915692,0.7437579614307557,0.5773282737347485,0.01522388054557211
1786799416.16626,3.0907805890491336,-4.422910995150134,0.7271842556707311,2.417055021226046,-4.32151215606897,0.7437150431416875,0.6813133385642388,0.016530787470956376
1786799416.199525,3.0834934260621307,-4.416352234362589,0.7272749722907816,2.4134687590922983,-4.318473973740567,0.7437233768463223,0.6771360337852559,0.01644840455554064
1786799416.232797,3.0757375894554437,-4.409979753717954,0.7273051205220938,2.4099106727339064,-4.315397990750416,0.7437325978180495,0.6725111098836632,0.016427477295955617
1786799416.332892,3.0511310890795307,-4.38916185353969,0.7271970571101896,2.399392238095865,-4.305961762033771,0.7437705861042697,0.6570279941586219,0.016573528994080156
1786799416.366196,3.042664652354628,-4.381509912065118,0.7274472596573216,2.395932778865096,-4.302751864390389,0.7437920721176284,0.6515097437957582,0.016344812460306835
1786799416.432892,3.0248123174749666,-4.365497197126226,0.7278764036547088,2.389073820224011,-4.296242551518509,0.7438492827417176,0.6394995252735951,0.01597287908700873
1786799416.599585,2.977038179777532,-4.3228104545305435,0.7272854707236127,2.3721960089440204,-4.279488961587803,0.7439983515719927,0.6063916254116497,0.016712880848379963
1786799417.399632,2.977038179777532,-4.3228104545305435,0.7255911119123422,2.292383028280385,-4.1912121329242105,0.7432903910665772,0.6971877757972988,0.01769927915423508
1786799417.599589,2.9185325738733234,-4.274471591953064,0.7292707494329757,2.272350460733682,-4.1676040460061525,0.74296417431573,0.6549595374664966,0.01369342488275438
1786799417.999564,2.7830809235166525,-4.158134937593691,0.7290538997557865,2.231902043900896,-4.118401571876326,0.7425284973404004,0.5526091726398598,0.01347459758461389
1786799418.232889,2.705977881971395,-4.088464011916811,0.726356912827355,2.207901026739658,-4.088268490875617,0.742373093154546,0.4980768936078183,0.016016180327190987
1786799418.266148,2.694979578578722,-4.07954979570481,0.7266978197291257,2.204450505619533,-4.083882887899415,0.7423722767489723,0.4905482107868382,0.0156744570198466
1786799418.299582,2.6840957486214068,-4.070655674233008,0.72773222216914,2.200994973104082,-4.079477997521107,0.7423809645192099,0.4831813248601817,0.014648742350069854
1786799418.466331,2.6323490080178717,-4.027667532042266,0.7302259476256393,2.183650652850443,-4.057185495961619,0.7424734830137264,0.44966823784196736,0.012247535388087094
1786799418.899624,2.4950694270905363,-3.9082792361543524,0.7279640337086245,2.138124411241466,-3.997568191220996,0.7429735771967814,0.36794328616837957,0.015009543488156862
1786799418.966258,2.470736369559978,-3.8863006763179726,0.7288885255438776,2.1310611422835315,-3.988200859852527,0.7431487953142007,0.35463066340868155,0.01426026977032313
1786799419.166137,2.396601467734068,-3.8178355622296603,0.7292442569215126,2.109683269569128,-3.9597068343712567,0.7434978807865674,0.3200773504909254,0.014253623865054799
1786799419.399654,2.3110058856416904,-3.7395293660914493,0.729636462384981,2.084242306092559,-3.9256149735249655,0.7436039730667928,0.2933420772815178,0.01396751068181179
1786799419.432911,2.299058496739011,-3.728984378232846,0.7308906466359346,2.080557546126823,-3.920666816105772,0.7435895692216367,0.290662729649568,0.012698922585702044
1786799419.466357,2.2872238120855197,-3.7183357482196495,0.7293973714866995,2.0768596688504584,-3.915699083155809,0.7435690923579731,0.28845339092502287,0.014171720871273608
1786799419.499601,2.2757165731756888,-3.7075578978532606,0.7276002809090181,2.073148586677545,-3.910711743524256,0.7435434414481212,0.2868889578997888,0.015943160539103163
1786799419.69973,2.2052405282309056,-3.6488380997161523,0.7262436953211772,2.0506162744062832,-3.880393243330533,0.743466745157704,0.27843570964425096,0.017223049836526783
1786799420.73301,2.2052405282309056,-3.6488380997161523,0.7278595597926193,1.9293593399292688,-3.7147166319480913,0.7439299010053101,0.28363781670954563,0.016070341212690797
1786799420.766163,2.192599293162996,-3.637413102703592,0.7294428826218781,1.925300073216305,-3.709049801828467,0.7439098978525682,0.27673216228985276,0.014467015230690161
1786799421.033061,2.096891625875031,-3.547322237750799,0.7295763761781568,1.8925058219282187,-3.6630654025914433,0.7438297682545236,0.23488302846803014,0.014253392076366778
1786799421.166231,2.0450450369972444,-3.4988614635035424,0.7261619813777793,1.8759319417332785,-3.639746354644684,0.7438846538983908,0.2201085903403375,0.017722672520611438
1786799421.233044,2.017169494478993,-3.472701763944563,0.7262285972504622,1.8675979492443424,-3.628004482567043,0.7439400924044273,0.21561674692707494,0.017711495153965084
1786799421.26639,2.0026212048957657,-3.4594543322308255,0.7276002983888983,1.8634178030584712,-3.622111331429583,0.7439777567453246,0.21409083696277134,0.016377458356426344
1786799421.766241,2.0026212048957657,-3.4594543322308255,0.7293175293317792,1.7993281491961362,-3.531732281479828,0.7443266201098772,0.2157595153019539,0.015009090778097978
1786799421.999568,1.8990623836123401,-3.3703973540239183,0.7266838662781164,1.7682557622690058,-3.4881146073501004,0.7439848735459555,0.1759764868325282,0.01730100726783912
1786799422.799659,1.8990623836123401,-3.3703973540239183,0.7268987653745448,1.6585583921438365,-3.3348687145513973,0.7436174874805307,0.24311407638195376,0.016718722105985906
1786799422.932931,1.8384232986051263,-3.3105767694635078,0.7276560587960655,1.640184575672644,-3.309003153699448,0.7436147706554859,0.198244968502291,0.015958711859420327
1786799422.966238,1.8227803519396595,-3.2941972350363997,0.7283653894008464,1.635589467757986,-3.302527211065676,0.7436039137397791,0.1873761340762611,0.01523852433893269
1786799423.066388,1.7800477362301554,-3.2450347004931,0.728503989037124,1.6213064215837505,-3.282395649044659,0.7435572714024747,0.16307864805774294,0.01505328236535075
1786799423.132975,1.7498382396240886,-3.2094988815265726,0.7296437435645473,1.612023896919151,-3.2693403441367144,0.7434817286475066,0.1502457776528678,0.013837985082959303
1786799423.433007,1.60633025633213,-3.060463701686368,0.7309799755215888,1.5690833185436388,-3.2102568417662494,0.742745351221568,0.15435452435743724,0.011765375699979264
1786799423.899688,1.60633025633213,-3.060463701686368,0.7265054164337711,1.4971470398094804,-3.119700012382634,0.7409200092058378,0.12421721006018584,0.014414592772066692
1786799423.999697,1.557763493051701,-3.016319910881697,0.7247179458309969,1.480820022200541,-3.1008094605352605,0.7404940041882935,0.11427502661249002,0.015776058357296563
1786799424.299875,1.4072235410014255,-2.8912439571720725,0.7222908464716147,1.4298724331196246,-3.0456791871998403,0.7391526119103423,0.15608719546430253,0.01686176543872764
1786799424.333022,1.3904878050802827,-2.878168263186631,0.7208258946918832,1.4240258939906756,-3.039708260051243,0.7389792737077732,0.16498476897817008,0.01815337901588998
1786799424.399648,1.357284693657381,-2.8516390608013316,0.722336205981654,1.4122185114836143,-3.0278634824918744,0.7386268739767652,0.1845881121338318,0.01629066799511114
1786799424.799635,1.357284693657381,-2.8516390608013316,0.7241535460617208,1.3383017343906831,-2.959830903808889,0.7369116753278646,0.10984456124857991,0.012758129266143836
1786799425.234546,1.357284693657381,-2.8516390608013316,0.721933154312903,1.252644191158968,-2.892865327518574,0.7358913631820503,0.11246883937589816,0.013958208869147337
1786799425.266294,1.3384264269342236,-2.842954129272293,0.7208993529213659,1.2458786191836144,-2.8880643721865704,0.7358451370370789,0.10295645067322802,0.014945784115713012
1786799425.732972,1.3384264269342236,-2.842954129272293,0.721632020425338,1.150341435761434,-2.8259471805768186,0.7355754417027768,0.18885232380989866,0.01394342127743875
1786799425.76631,1.318460266748926,-2.838939490616764,0.7211385551509252,1.1434690393407023,-2.8217544689155525,0.7356261928127507,0.17583303057363192,0.014487637661825481
1786799426.066396,1.1144348989822275,-2.8015284953257353,0.7201971100351763,1.081246773711174,-2.78385722383731,0.7365174734729732,0.03759954115444472,0.01632036343779697
1786799426.099704,1.0902843801182662,-2.7958211012841496,0.7208480469846926,1.0743322828650974,-2.7795830507988915,0.7366508728072816,0.022762769830061307,0.015802825822588962
1786799426.399658,0.9043638072505109,-2.73871332917979,0.7226987547716974,1.01291245284355,-2.740241908734504,0.7379915121414425,0.1085594077707607,0.015292757369745114
1786799426.766336,0.7061657991594574,-2.647620936060311,0.7234484215806491,0.9408996392119848,-2.6901514734318623,0.7393884577771683,0.23855570057099548,0.01594003619651918
1786799426.833007,0.6777838055501396,-2.634588348001948,0.723427097888979,0.9286012995667846,-2.68126874006348,0.7395616296011738,0.25512442906904875,0.01613453171219481
1786799426.866306,0.6654212183047092,-2.628244127357748,0.7240658597409289,0.9226731938616616,-2.677001589261616,0.7396474355791527,0.2618317570869927,0.015581575838223838
1786799427.099873,0.5677296559806747,-2.5733685596219873,0.7247805041390628,0.884945801525484,-2.6505737612056066,0.7403466754058505,0.3264762260040889,0.01556617126678772
1786799427.466389,0.44026964048944583,-2.5001851495549796,0.7253060355917647,0.8346324289444702,-2.6197205999016537,0.741829284103571,0.4120809784588516,0.01652324851180631
1786799427.566431,0.41479032534067845,-2.485575024357497,0.7237931204367147,0.8222205045136374,-2.613311050904753,0.7422543355812391,0.42698459384267085,0.018461215144524368
1786799427.599636,0.40691527113193554,-2.481113883668766,0.724018856960811,0.8181873718289543,-2.6113496227313155,0.7424011381314053,0.4314001489810907,0.01838228117059426
1786799428.133003,0.29972709100359396,-2.456836620837963,0.7244839958675776,0.7592871629870925,-2.590561991785054,0.7444825051552493,0.47862086728058106,0.019998509287671662
1786799428.399867,0.2659577310768658,-2.460414404182742,0.7310638027403423,0.732229037124034,-2.5867537429781087,0.7450821671580504,0.4830844226118064,0.014018364417708096
1786799428.733169,0.21647529845982083,-2.467223360143483,0.729350634725603,0.6982280401733177,-2.58719754237894,0.7450793891833338,0.49646702665085213,0.01572875445773081
1786799428.766411,0.2122888984606189,-2.4682717380771706,0.7292309888629303,0.6947175755842488,-2.587537144152626,0.7449970561857179,0.4969523775952771,0.015766067322787625
1786799428.899825,0.1958976393171045,-2.4725197441609774,0.7295922068152579,0.6803982709586662,-2.58942150553652,0.7446869065465617,0.49840433773571496,0.015094699731303729
1786799429.399828,0.1638259097887931,-2.4892979670470488,0.7282781044083554,0.6233175150616512,-2.6036288149829616,0.7435771746045411,0.47350193041419897,0.015299070196185705
1786799429.433053,0.1631457702916285,-2.4908813268023793,0.7275003704355097,0.6194464081690395,-2.604935131643808,0.743508229584587,0.4703387529495512,0.016007859149077208
1786799429.566417,0.16345212444819157,-2.495975100746234,0.7280600639131564,0.604089041617487,-2.610532733684802,0.7431960903792129,0.4552849042489199,0.015136026466056496
1786799429.699649,0.1641450363746812,-2.501512789746827,0.7272927623059672,0.5890547290737533,-2.616661828033643,0.7429130210163831,0.4402357867870336,0.015620258710415946
1786799429.933127,0.1648543071707977,-2.513114509851935,0.7268203563970259,0.5634279686123944,-2.628555630014897,0.7424880449619553,0.4149549563741105,0.015667688564929394
1786799429.999817,0.16560700433511413,-2.5164740120376887,0.7265033696442356,0.5562413014565863,-2.632206912982924,0.7423715538156567,0.4074177934857366,0.015868184171421107
1786799430.033092,0.16597556839299127,-2.5183191983956896,0.727442310461921,0.5526702791718665,-2.634071112570783,0.7423262388612792,0.40364750089596263,0.01488392839935826
1786799430.066394,0.16640734961521278,-2.5204450831985645,0.7283197243567336,0.5491147197907634,-2.6359600443559685,0.7422879468291639,0.3997607252318348,0.013968222472430236
1786799430.099838,0.16685429523660125,-2.522118999599777,0.7288514549893607,0.5455750864265113,-2.6378725464240964,0.742255811583494,0.3960155568685672,0.013404356594133304
1786799430.133016,0.16739972460533964,-2.5240796833215544,0.7287803492392155,0.5420517831191938,-2.639807178635096,0.742229111639453,0.39211862761186717,0.013448762400237513
1786799430.166332,0.1679297483691025,-2.526361265526712,0.7273152148079871,0.5385450297389003,-2.6417629739567685,0.7422034694111651,0.3881665120710315,0.014888254603177997
1786799430.199735,0.16849834806296385,-2.5281666545857795,0.726560276094391,0.5350546686723777,-2.6437395271146538,0.742173867944009,0.3843444094081334,0.01561359184961797
1786799430.266403,0.1698844922004529,-2.5322381821751687,0.7274542173804096,0.5281213662863611,-2.647753904555963,0.7421065403056524,0.3764007705518143,0.014652322925242767
1786799430.366413,0.1722076607366511,-2.538783092092952,0.7264623180010886,0.5178354027562534,-2.6539185759509163,0.7420003165388647,0.36430030976760963,0.015537998537776043
1786799430.39967,0.1730667724792139,-2.5412739441734105,0.7267609820357399,0.5144360961688581,-2.656009314772637,0.7419677107876262,0.3601350030514487,0.015206728751886334
1786799430.433066,0.1737359197903532,-2.543242520938096,0.7274879695851614,0.5110510831344887,-2.658116077490044,0.7419415752134942,0.3563389586009006,0.014453605628332866
1786799431.06644,0.18382625202211078,-2.598457741574913,0.7261958944891547,0.449479973919423,-2.699976938647991,0.7420027535110164,0.2843906597134599,0.01580685902186174
1786799431.133121,0.18540452155489487,-2.604969650788979,0.7261051706277738,0.4433063706113013,-2.7044359736293178,0.7421716186960203,0.2764180043450354,0.01606644806824653
1786799431.166456,0.18618387438376005,-2.6083838420593644,0.727110564181053,0.4402351649626013,-2.7066640522715293,0.7422597540825223,0.27239871138484145,0.015149189901469295
1786799431.1998,0.18718814348148372,-2.6120756748978304,0.7271116433080337,0.4371731347739756,-2.708890432947537,0.7423502730992024,0.268077588111596,0.015238629791168745
1786799431.233115,0.18793183546192718,-2.615446714004268,0.7259106301871213,0.4341194925376789,-2.711115014894017,0.742442666267418,0.2641226728086392,0.01653203608029663
1786799431.466642,0.19347486922355508,-2.6381626158452427,0.728254555878985,0.4129270246781953,-2.726634834954893,0.7430606933473797,0.23661483911173778,0.014806137468394653
1786799431.499897,0.19429193858082633,-2.6413367277313125,0.7284025837822135,0.4099178726639078,-2.728839931211166,0.7431180218329273,0.23270443499950333,0.014715438050713847
1786799431.599695,0.19677836222117123,-2.650183930639782,0.7263240926445076,0.4008994233793776,-2.73543418737203,0.7432343260542084,0.2212080782459503,0.01691023340970077
1786799431.866448,0.20373584456907445,-2.6706880914059963,0.7269587045814895,0.3768347082388872,-2.7528807176535643,0.7434412076398672,0.19162161781295145,0.01648250305837773
1786799431.899831,0.2046879542805409,-2.6731383133548148,0.7267832146627663,0.3738223962904938,-2.7550424328575382,0.7434722653165959,0.18792217608769468,0.01668905065382964
1786799432.099817,0.20859047768539182,-2.6829825966234266,0.727044010898137,0.3557725440431001,-2.767865983839737,0.7436904245748641,0.1699051208252385,0.016646413676727145
1786799432.13322,0.2096542198155725,-2.6849690758060727,0.7268396121616251,0.3527800843910914,-2.769965712720528,0.7437315885373731,0.1664615312835296,0.01689197637574802
1786799432.166537,0.210650876979556,-2.6868043337789436,0.7275152125746077,0.3497929935744885,-2.772054193303219,0.7437743576596838,0.16318108701509035,0.016259145085076088
1786799432.199801,0.2116440109143856,-2.6885060771724403,0.7280660000174995,0.34681071452522,-2.774132877553632,0.7438186369618067,0.16000620834373763,0.015752636944307175
1786799432.233198,0.21295349441772193,-2.690679828376498,0.7281932808603342,0.3438324727024322,-2.776202545161184,0.7438632919606976,0.15634398627092527,0.015670011100363368
1786799432.466454,0.22192184680520244,-2.706539322895196,0.7277536749197162,0.32301537618679,-2.790493503125476,0.7440818446732814,0.13140854637718288,0.016328169753565214
1786799432.49984,0.22311053371614814,-2.708990661609481,0.7287041187198589,0.3200361957863596,-2.792512995152471,0.7441022147010714,0.12794750551775247,0.015398095981212556
1786799432.53317,0.22423753245005626,-2.7114811392542455,0.7304092002983794,0.3170541195919708,-2.7945282643889917,0.7441224228770581,0.12454615145326173,0.013713222578678685
1786799432.566435,0.22529824499053785,-2.713777573283096,0.7289772359173238,0.3140689796202208,-2.7965385308723327,0.744139411918111,0.12136564352311997,0.015162176000787175
1786799432.633142,0.22694024930242046,-2.718050703152956,0.7298784789952771,0.3080878251023319,-2.8005449581009256,0.7441597159059393,0.11571616636245326,0.014281236910662187
1786799432.666423,0.22798172993815174,-2.7205168112768665,0.7298849104300321,0.3050913282192965,-2.802541585082853,0.744170157908849,0.11257865545920671,0.014285247478816876
1786799432.699815,0.22859989520222934,-2.7224325044701354,0.7305329764501023,0.3020908257363024,-2.804533173275765,0.744174234569841,0.11018818761144789,0.013641258119738708
1786799432.89995,0.23225726399353616,-2.7353020534968393,0.7285691603323081,0.2839760728889828,-2.816403238980232,0.7439891759446419,0.09618855171160115,0.015420015612333748
1786799432.933677,0.2328081201576679,-2.737577698904224,0.7279228563832296,0.2809343930843005,-2.818370075343453,0.7439378951766163,0.09404013098941746,0.016015038793386727
1786799432.966472,0.23307017586358747,-2.739434584528652,0.7283745702979721,0.2778859456650865,-2.820334258681465,0.7438863255950562,0.0924835688159378,0.01551175529708404
1786799432.999924,0.2333874818292732,-2.7411235022803164,0.7277899946177748,0.2748310193725797,-2.8222954074066795,0.7438341200667956,0.09113970038323992,0.016044125449020785
1786799433.299879,0.23197226551894573,-2.758049302316027,0.7272339341126574,0.247115908247669,-2.839712260701805,0.7435297855331312,0.08305521469126738,0.01629585142047385
1786799433.599747,0.23072945232865003,-2.7784166507446613,0.7281149483263724,0.2193714499464928,-2.856340859126594,0.7435053711559361,0.07874761247215051,0.01539042282956371
1786799434.033157,0.22585232796213336,-2.8087498312885995,0.7255804007328229,0.1789025047904981,-2.8789827001428465,0.7436364142697539,0.08448042236723066,0.01805601353693098
1786799434.066508,0.22518959872761304,-2.8108243441060976,0.7260475676750916,0.1757500401309539,-2.880659653515467,0.7436410278299567,0.08556424717447628,0.01759346015486507
1786799434.099839,0.22460204204457035,-2.813028060852709,0.7262284880070814,0.1725904774922447,-2.882326824945165,0.7436433478846929,0.08664595519655019,0.017414859877611488
1786799434.16649,0.22329290174871363,-2.8167804267299763,0.7260225723962593,0.1662491778682995,-2.8856334942960413,0.7436496371018686,0.0894132615857516,0.017627064705609263
1786799434.433168,0.21821006051861944,-2.8287424151271887,0.7291598438837186,0.1406377567357042,-2.898473512376192,0.7439012004749481,0.10430670274598307,0.014741356591229549
1786799434.466558,0.21742605326974843,-2.8298962385300643,0.7278963863173881,0.1374108509211932,-2.9000337846221185,0.7439083755549885,0.10640351487942142,0.016011989237600388
1786799434.566486,0.21549244831330666,-2.8328744950478972,0.7265764853389118,0.1277017572175983,-2.904643863813681,0.7438915460229081,0.11339333197371512,0.017315060683996242
1786799434.633165,0.21422027066277496,-2.835247375341188,0.7274194786636425,0.1212120446780015,-2.9076543629549017,0.7438946124276872,0.11786985176934407,0.016475133764044636
1786799434.666582,0.2136140772170973,-2.8362572416884193,0.7267128587750703,0.1179634148270846,-2.909141517279405,0.7439059119344568,0.12025459177956971,0.017193053159386462
1786799434.699824,0.21320806109892926,-2.837379806668201,0.7265496293363429,0.1147122001966297,-2.910616760272553,0.7439231049140842,0.12273991196074385,0.01737347557774127
1786799434.733181,0.21254797680450632,-2.838826220660701,0.7273046742843565,0.1114581282375265,-2.912080644968432,0.743948638042145,0.12484137200444417,0.016643963757788427
1786799434.766523,0.21201695408754936,-2.840204023360388,0.7280632967623129,0.1082009965152274,-2.913533926295459,0.7439809512299418,0.12710242999693258,0.01591765446762894
1786799434.799868,0.21161628783320574,-2.841462222383658,0.7290957519874327,0.1049403005673428,-2.914976818816885,0.7440157854843418,0.12955370372122443,0.014920033496909069
1786799434.9665,0.20762792907861313,-2.8483681332842705,0.728294695797922,0.0885535531848545,-2.9220481318101563,0.7441294848624168,0.14002660167719083,0.01583478906449476
1786799434.999845,0.2064406458108536,-2.8498521950078373,0.7281793594870152,0.0852524724177915,-2.9234385368128577,0.7441157416995445,0.14177984014165126,0.015936382212529354
1786799435.099878,0.20321029711692581,-2.8537578305508084,0.7280425707973555,0.0752803031539243,-2.9275734667313507,0.7440006426879662,0.14769844785952146,0.015958071890610714
1786799435.199877,0.19955876481411222,-2.8576360856816008,0.7281376190613345,0.0651965308782156,-2.931655768960232,0.7438536057454006,0.15340183643266303,0.015715986684066152
1786799435.733361,0.17124328758242374,-2.877181847344704,0.7279467251974774,0.00957477828516,-2.952583421920183,0.7427726308040709,0.17838751174580852,0.01482590560659347
1786799435.866562,0.16331394077606548,-2.881432151928981,0.7266298257271881,-0.0046140960651361,-2.9575039193973374,0.742459303566615,0.1843549276886832,0.015829477839426898
1786799435.933277,0.15904837214988055,-2.883786924604498,0.7272556255468962,-0.0117268655734653,-2.959906527820039,0.7423355397648982,0.18697159092535068,0.015079914218002033
1786799436.233346,0.1372559761199827,-2.8957037877279954,0.7229506855603239,-0.0440893948928237,-2.9703216933267296,0.7421256044178464,0.19609685215146624,0.019174918857522427
1786799436.466558,0.11767391889150408,-2.9039859892259963,0.7264140547732452,-0.0697180286655967,-2.9779875244962395,0.7425824972920201,0.20147448779335875,0.016168442518774917
1786799436.499883,0.11507819215596556,-2.9049933465504347,0.726569786466203,-0.0734069222270982,-2.979049653590964,0.7426546257758012,0.20251166622315306,0.016084839309598253
1786799436.933265,0.08440950421177748,-2.9133579908349683,0.7266608360741577,-0.1221509617805062,-2.99216250752295,0.7433049242551125,0.22108228776040778,0.016644088180954864
1786799436.966583,0.08238151608847243,-2.913599975713657,0.7266179902264424,-0.125959673740754,-2.9931185809464185,0.7433005002475319,0.22300058286386054,0.01668251002108956
1786799437.066599,0.07565007941646741,-2.9148763410223695,0.7260945632570149,-0.1374236734688361,-2.995940478388848,0.743289035326883,0.22797328469713005,0.017194472069868016
1786799437.133261,0.07059107346332924,-2.9156452975401206,0.7256675431249235,-0.1450948803424671,-2.997785544833445,0.7433161903543737,0.23079742393390051,0.017648647229450143
1786799437.199915,0.06568023700337298,-2.9164440010165027,0.7246479371425388,-0.1527891013740105,-2.9996040569471942,0.7433701850990987,0.23376151675039974,0.018722247956559857
1786799437.23325,0.06255675215728129,-2.9169088527630453,0.7254800750335436,-0.1566455825405789,-3.000504232430009,0.743409930681805,0.23460147279728763,0.01792985564826144
1786799437.499877,0.03753624363929056,-2.9207888731949305,0.7279826095886888,-0.187741610549075,-3.0075152634736098,0.7440277965429033,0.2413950669721407,0.01604518695421453
1786799437.566541,0.03122233952901098,-2.921493383566009,0.7280848407575079,-0.1955923778448446,-3.0092244533609303,0.7441996719037415,0.2431905767597571,0.016114831146233577
1786799437.60009,0.02782624270818543,-2.921878162220189,0.7281766736136938,-0.1995316611387508,-3.01007381090261,0.7442840544620152,0.24386489884398244,0.016107380848321418
1786799437.766759,0.010864947763175717,-2.923592691491594,0.7274133919371588,-0.2193759931897079,-3.0142769699962613,0.7446763692197159,0.24745611582416246,0.0172629772825571
1786799438.233279,-0.03553863765027088,-2.9314550246294777,0.7314226709281434,-0.2761412388537765,-3.0257258672789997,0.7454811306068065,0.25841169377515427,0.014058459678663149
1786799438.400204,-0.054583170307009085,-2.9345625083890217,0.7300400040053036,-0.2965654037928132,-3.029662309607744,0.7454758377123165,0.25999879521762925,0.015435833707012958
1786799438.433261,-0.058738241783980905,-2.9352557425027377,0.7307052941466208,-0.3006629110782801,-3.03044096100891,0.7454419789527402,0.2599764824656718,0.014736684806119449
1786799438.499956,-0.06720894811659181,-2.936647150413621,0.7292521909447583,-0.3088773698117051,-3.031991045494072,0.7453362407722471,0.25979623625780107,0.01608404982748879
1786799438.533315,-0.07160180557032178,-2.937215347360522,0.7293880938366275,-0.3129941089670107,-3.0327624571322733,0.7452707781909522,0.2596141258192517,0.015882684354324716
1786799438.566605,-0.07604352849087713,-2.937845570559497,0.7292237883755748,-0.317117610983266,-3.0335315402376457,0.745206750874212,0.2593694624330219,0.015982962498637177
1786799438.800113,-0.10643534066917015,-2.9425076165869517,0.7301928984674223,-0.3462105046327088,-3.038858098158908,0.7447362433085627,0.2584096448526829,0.014543344841140393
1786799439.133293,-0.14563263117784672,-2.9459637929926847,0.7290431227378652,-0.3884721529225857,-3.0463084627711665,0.7439960324353064,0.2627548021904949,0.01495290969744123
1786799439.166621,-0.14898366851204686,-2.9462671332786914,0.7296923958128172,-0.3927364320975611,-3.047043560235867,0.743937964435555,0.26376371620416356,0.014245568622737848
1786799439.199954,-0.15233284292911742,-2.94662663162241,0.7300407560576385,-0.3970054793676142,-3.047776797634486,0.7438764971686322,0.26475659596322676,0.013835741110993727
1786799439.233259,-0.15511730368078952,-2.946765108848172,0.7299058322606502,-0.4012779887532261,-3.048508078648854,0.743812254293421,0.2663582451871799,0.013906422032770815
1786799439.266659,-0.15842562919385553,-2.9469544970527313,0.7289362698268492,-0.4055506265073418,-3.049236954343692,0.7437440647409077,0.2674555390465261,0.01480779491405848
1786799439.399942,-0.17016704440261946,-2.946938578054928,0.7286338793038756,-0.4225889127905925,-3.052121802071578,0.7434379476082924,0.2734598878355141,0.014804068304416829
1786799439.433276,-0.1732494403115607,-2.946957858414622,0.7272216542388708,-0.4268281013648034,-3.052834869761341,0.7433561378403127,0.27479461216200846,0.016134483601441985
1786799439.499969,-0.17983541086981292,-2.9468110568184205,0.7287496975390688,-0.4352792866191596,-3.0542519145749787,0.7431966276459206,0.2771193092754683,0.01444693010685183
1786799440.333297,-0.15310826767471394,-2.970781640292314,0.727613841710987,-0.5401072080249877,-3.0718531818819668,0.7431271056846643,0.39997954491641646,0.01551326397367736
1786799440.966695,-0.22736652143774072,-2.9798862349712683,0.7289370759737034,-0.6181017953742868,-3.0855567051785697,0.7445207708383783,0.4047719142580175,0.015583694864674924
1786799441.00005,-0.23187080119694142,-2.980537801587519,0.7287489314696187,-0.6221853188472171,-3.086286929081696,0.7445628904485065,0.4043863259982303,0.01581395897888782
1786799441.033326,-0.23589793053636565,-2.981044381807388,0.7282412638501458,-0.6262732736065962,-3.087018623323452,0.7446037424507763,0.4045039534319847,0.01636247860063056
1786799441.233347,-0.2620054985838061,-2.9841574899072416,0.7273090636758716,-0.6509103745673069,-3.091439311744504,0.7448464118416017,0.4034307770367355,0.01753734816573016
1786799441.299993,-0.27000269926552756,-2.9853003220810552,0.7287322825050974,-0.6591705607307282,-3.092924390692363,0.7449050884320494,0.403775388727259,0.016172805926952027
1786799441.433321,-0.2849536412761918,-2.9871812895926184,0.7290934225247011,-0.6757717031942209,-3.095911590105968,0.7449357986662628,0.4056612327682887,0.015842376141561698
1786799441.833294,-0.3192988719703872,-2.9879372759345832,0.7294846968196651,-0.7261403007893399,-3.105001175250554,0.744526290209786,0.4233484436330276,0.0150415933901209
1786799441.866657,-0.322847497105466,-2.9879786302103972,0.7273020705358576,-0.7303358946028249,-3.1057620349701525,0.744461944924067,0.4241694526150674,0.01715987438820943
1786799442.066691,-0.34449213234879206,-2.9887248133397772,0.7295556690761285,-0.755449637213098,-3.1103397549688574,0.7439824793490646,0.428574689910336,0.01442681027293613
1786799442.100047,-0.3482985263896695,-2.988955271377623,0.730013285049481,-0.7596322985152784,-3.111106954708549,0.7439067915938116,0.4290879931105754,0.013893506544330525
1786799442.133377,-0.35219762830224755,-2.9891359472646943,0.7299219992159314,-0.7638172175044193,-3.111876187922876,0.7438362085811004,0.42952980442781036,0.013914209365169072
1786799442.20005,-0.3596644759807099,-2.9894084476095655,0.7269033199614697,-0.7721973019804828,-3.113421733424826,0.7436879749708419,0.4307698081180439,0.016784655009372207
1786799442.333352,-0.375476416105127,-2.990235870663118,0.727206856120033,-0.7890124275172883,-3.1165461197731705,0.7434386990822737,0.43239601266075844,0.016231842962240672
1786799442.368631,-0.379728083721173,-2.9905020449605244,0.726724654025147,-0.7932293839455499,-3.1173348992839807,0.7433974806062126,0.43251577800478597,0.016672826581065614
1786799442.400009,-0.38359257625083787,-2.99073915193517,0.7263487957871496,-0.7974507992638721,-3.118126709004246,0.7433624359928981,0.43301988228201893,0.01701364020574847
1786799442.49999,-0.3950675377697743,-2.991866601228868,0.7288759898825031,-0.8101367395080762,-3.1205198487326253,0.743327863677649,0.43455045774332607,0.014451873795145898
1786799442.533361,-0.3987785640878687,-2.9921640737472015,0.7298553057116568,-0.8143699199095027,-3.1213230487419152,0.7433335248373754,0.43519905314160445,0.01347821912571856
1786799442.566709,-0.4024823432676895,-2.992493555475417,0.7308228630878215,-0.8186045381320816,-3.1221289017346923,0.743338940656266,0.43584745503274575,0.012516077568444528
1786799442.93336,-0.43988493523034006,-2.9985784753701434,0.728129296326753,-0.8652586444417809,-3.1311594662626856,0.7433074678948468,0.4455564067930657,0.015178171568093757
1786799443.033367,-0.45049593805455956,-3.0004784562699114,0.7287695921029277,-0.877897632111143,-3.133648570206021,0.7433875702985989,0.4476678314645735,0.014617978195671233
1786799443.066701,-0.4544303186336125,-3.001164455627416,0.7273304561132391,-0.8820970620415456,-3.134478684923327,0.7434109467272118,0.44796375651374926,0.016080490613972653
1786799443.100038,-0.45854346777767846,-3.0017666175364055,0.7266622015100326,-0.886291835583037,-3.135309181732459,0.7434297085881968,0.4481096769901376,0.016767507078164212
1786799443.166716,-0.46682588517076856,-3.0031514518282707,0.7282415669061033,-0.8946720669932839,-3.1369716015917293,0.7434631237005097,0.44828583268135896,0.015221556794406399
1786799443.200032,-0.4706389681141087,-3.0039393537926737,0.7283410472848687,-0.898859119522862,-3.1378035692604,0.743479967886335,0.44865591075491856,0.015138920601466266
1786799443.233353,-0.47503447086429,-3.0047511196844896,0.7276678716395643,-0.903045039001436,-3.138636044674937,0.743491850979229,0.44846206035380537,0.01582397933966473
1786799443.266663,-0.4797854561418458,-3.0056844517361476,0.7282120163691825,-0.9072308087058708,-3.139469081250105,0.74349985294852,0.44789268415857214,0.01528783657933741
1786799443.299995,-0.48421849629997266,-3.0064806224311162,0.7280641319743618,-0.9114171219719084,-3.140302686479779,0.7435112742443208,0.44766841590873374,0.015447142269959024
1786799443.333362,-0.4886114290807978,-3.0073971780666753,0.727065682011067,-0.9156042446241908,-3.141136797310413,0.7435264466465359,0.4474473715210919,0.01646076463546886
1786799443.733351,-0.5670025223879194,-3.0434356228037602,0.7281255944319168,-0.9670402951952416,-3.1512616385786845,0.7436527212935835,0.41431469844857904,0.015527126861666685
1786799443.766641,-0.573714834772053,-3.0465135672230086,0.7275401962415827,-0.9714673312525984,-3.152098134886832,0.7436530120743488,0.4115278233428,0.016112815832766025
1786799443.800037,-0.5806455430897548,-3.0492602660323582,0.7272592251739163,-0.97591333602594,-3.1529282519291684,0.7436499253897808,0.4086363657734639,0.01639070021586453
1786799444.400046,-0.6528870016994299,-3.0696774571742678,0.7309193312822552,-1.0575418595277988,-3.165565930308858,0.7435354989251391,0.4158607378007455,0.01261616764288398
1786799444.433372,-0.6565300201573074,-3.070300300082894,0.7311606110029418,-1.0619916706565913,-3.1660845707391125,0.7434918737895102,0.4166218627613619,0.012331262786568375
1786799445.233425,-0.6565300201573074,-3.070300300082894,0.7290936505172704,-1.1713937999394226,-3.174818799884709,0.7421832920866641,0.5253654238074184,0.01308964156939374
1786799445.300044,-0.6620524147779512,-3.0655951069371867,0.7264229393096288,-1.1808625944324482,-3.175492930036208,0.7421631181375409,0.5303221040415298,0.01574017882791212
1786799445.333371,-0.6647715129358616,-3.0633460101544094,0.7268022091957759,-1.1855725644875954,-3.175837818964058,0.7421633717957375,0.5328115448699082,0.015361162599961675
1786799445.966724,-0.6647715129358616,-3.0633460101544094,0.7278427532511095,-1.270317362313069,-3.183665917757875,0.7427882218155013,0.6173837184957748,0.014945468564391828
1786799446.033435,-0.6760935079660935,-3.0656355053853797,0.7268247403981463,-1.2788101868948951,-3.1846440955730126,0.7429423051475577,0.6143536763114649,0.016117564749411395
1786799446.066716,-0.6820105576028022,-3.066817552001517,0.7275742080643592,-1.2830511271549876,-3.185144408070238,0.7430183038324599,0.6125773511277766,0.015444095768100685
1786799446.100053,-0.6879698781132485,-3.068226283640314,0.7274864025589892,-1.2872929850104586,-3.1856518890909458,0.7430953653310094,0.6107183960520366,0.015608962772020174
1786799446.133412,-0.6940515980657457,-3.0697843955151662,0.7266155627243229,-1.291538204315854,-3.186166014530128,0.7431724334029765,0.6087158005940175,0.016556870678653524
1786799446.266724,-0.7186456726359801,-3.076590101879928,0.7260019533971862,-1.3085914435968102,-3.1882812673688776,0.743466475576078,0.6004256233063744,0.017464522178891828
1786799446.366754,-0.7371660716422769,-3.081526709279331,0.7253670320208974,-1.3214922219845502,-3.189915009000419,0.7436459794176942,0.5942937602652828,0.018278947396796807
1786799446.533433,-0.7660269627086459,-3.089406332158117,0.7279135242774681,-1.3432128918522084,-3.1926765069870804,0.7439856235561751,0.5863517082865217,0.01607209927870701
1786799446.633432,-0.7824266680621762,-3.093213323648426,0.7242810509359318,-1.3563140173526589,-3.1943228597815163,0.7441947495633339,0.5827262032659122,0.01991369862740211
1786799446.733403,-0.7976795089186764,-3.0966474904114487,0.7261754198177848,-1.3693980860672144,-3.19593890716963,0.7443657670479719,0.58027658655041,0.018190347230187087
1786799446.966725,-0.8254614643195979,-3.0999689207304857,0.7278593611845707,-1.3997680225389462,-3.19954588635371,0.7446553508764826,0.5828752824545594,0.016795989691911872
1786799447.166758,-0.8400761253961117,-3.097782669349567,0.7270231969341029,-1.4257477017943831,-3.2024614410902976,0.7447593440581514,0.5949528054005497,0.017736147124048474
1786799447.200112,-0.8420912238148761,-3.097417621471403,0.726140358763715,-1.430059881550104,-3.2029317586604398,0.7447722435394271,0.5973611768651462,0.018631884775712093
1786799447.23342,-0.8441832905388373,-3.097010632772881,0.7258135904500999,-1.4343643275021394,-3.203397978571743,0.7447851254335456,0.5996931913380418,0.018971534983445726
1786799447.266773,-0.8463718298736781,-3.0965531360284664,0.7272375715755627,-1.438663642118361,-3.2038607857526915,0.7448017893932354,0.601933985202221,0.0175642178176727
1786799447.36675,-0.8536852426822217,-3.094693974598948,0.7305503045029667,-1.4515542209243972,-3.2052360238844413,0.7448791326243449,0.6080023518084279,0.014328828121378256
1786799447.600099,-0.8729154243944189,-3.087966326440905,0.7286997119426813,-1.4818150267842212,-3.2084481644706497,0.7448077701535942,0.6207049211062249,0.01610805821091288
1786799447.800261,-0.8919581067531848,-3.0827319996426734,0.7297280109023657,-1.508008526159016,-3.2113000034121275,0.7444890736234439,0.6293233277444614,0.014761062721078133
1786799447.966749,-0.909439907273553,-3.0797317231874612,0.7303700443937277,-1.529896030929081,-3.2137923947560934,0.7441927061696634,0.6347740267552513,0.013822661775935718
1786799448.033449,-0.9166643203102617,-3.0789104676062298,0.7289677109041541,-1.5386427957158253,-3.2148238966629523,0.7440630108924624,0.6366550746407241,0.015095299988308275
1786799448.233495,-0.9402327849675455,-3.077729369788221,0.7266762646497804,-1.5648534128893048,-3.218049140618336,0.7435942667693417,0.6401879153117378,0.016918002119561293
1786799448.333441,-0.9518717112009897,-3.0783490943318434,0.7284002802201172,-1.577978674840325,-3.21974075800751,0.7433783275984224,0.6418734551877346,0.014978047378305215
1786799448.366784,-0.9548751033170874,-3.078737791949238,0.7284409277158043,-1.5823599237421533,-3.220316578284991,0.7433286386070845,0.6432586980400514,0.01488771089128027
1786799448.466781,-0.9652574498787271,-3.080282686390918,0.726478640588779,-1.5954597179238708,-3.2220704123059343,0.7432348202302291,0.6459556160212518,0.016756179641450153
1786799448.50012,-0.9688912502773059,-3.08090434350644,0.72612334377591,-1.599803498723,-3.222662174056002,0.7432108515449167,0.6466417460703567,0.017087507769006693
1786799448.800105,-1.010926598777492,-3.0893876133598006,0.7282232924894837,-1.6386481731932954,-3.228122876963345,0.7431371668773663,0.6428700089086439,0.014913874387882609
1786799448.900123,-1.0262688108878548,-3.092234832608071,0.7277006564391503,-1.6515952110192471,-3.2299841492577865,0.7432175261267858,0.6403186557790971,0.015516869687635548
1786799448.933514,-1.0318093623496116,-3.09324943867661,0.7267402235248345,-1.65591061060599,-3.23060619583157,0.7432558708973371,0.6390377506934127,0.016515647372502662
1786799449.033465,-1.046678765326662,-3.0958598442967955,0.7267939017702271,-1.6688467863490073,-3.2324716274604723,0.7433946930493736,0.6369896590071309,0.016600791279146487
1786799449.100137,-1.0562260365234832,-3.097566821743264,0.727250027750473,-1.6774564006212531,-3.2337110080695317,0.7435032608311505,0.6359735880895442,0.0162532330806775
1786799449.133492,-1.0613160359677243,-3.0985145440202535,0.7278205502580156,-1.6817554048286938,-3.2343284801019907,0.7435602422130008,0.6351302509459082,0.015739691954985147
1786799449.166802,-1.0654479481970744,-3.0995358674946782,0.7287691978018136,-1.686050305988141,-3.2349441568506947,0.7436165449936539,0.6352028741450669,0.014847347191840332
1786799449.93352,-1.0654479481970744,-3.0995358674946782,0.7261689025310575,-1.7841228306912515,-3.2484327009642184,0.743992198251253,0.7339372273875167,0.017823295720195476
1786799449.966812,-1.0685550658485312,-3.0994038505702872,0.7268501411076831,-1.7883410516016691,-3.248989950543647,0.7439514200086252,0.7351651968039948,0.017101278900942152
1786799450.033471,-1.0751178353424595,-3.0991267339293413,0.7271308255138195,-1.796787668200468,-3.250103727814267,0.7438773949502211,0.7372932932963887,0.016746569436401626
1786799450.066811,-1.0783395337842,-3.0989112651043302,0.72693339728297,-1.801017785164313,-3.2506609565021227,0.7438448744401024,0.7384387746165167,0.01691147715713237
1786799450.300168,-1.1033434819968277,-3.0970622171446145,0.7290639730817767,-1.830787736255344,-3.254590025967688,0.7437203083084788,0.7443051481793791,0.014656335226702066
1786799450.700173,-1.1503582136976205,-3.0983749118663466,0.7249203185822161,-1.8825094535417977,-3.261562129996994,0.7429989514994585,0.7501169949858391,0.018078632917242432
1786799450.733519,-1.1540909552450904,-3.098451210986844,0.725002995013119,-1.886861865687035,-3.2621613015277644,0.7429478177452289,0.7508356683954438,0.017944822732109844
1786799451.500198,-1.1540909552450904,-3.098451210986844,0.7278465243029913,-1.9863849379567435,-3.276220702211236,0.7427868873567963,0.8510671334672752,0.014940363053804973
1786799451.600217,-1.175544544147146,-3.1057657563815075,0.7282547818117172,-1.9996131937846084,-3.278059522461047,0.742891512868055,0.8418873328095524,0.014636731056337782
1786799451.833558,-1.2258566052966642,-3.1234884092703785,0.7286374479810707,-2.031113748400528,-3.282154878901972,0.7432786951754378,0.8207399802039317,0.014641247194367102
1786799451.866889,-1.232668198920799,-3.1259841850584276,0.7291066580831035,-2.035667398786506,-3.2827003197728324,0.7433413323163753,0.8181489240137086,0.014234674233271849
1786799451.900182,-1.2399124206512404,-3.1282254233808198,0.7297009664253378,-2.0402310317860857,-3.2832325841727403,0.7434056480023328,0.8151914494311014,0.013704681576995004
1786799453.066908,-1.2399124206512404,-3.1282254233808198,0.7293523885921464,-2.2023964947030823,-3.2878153086948627,0.743414731725355,0.9756251966293106,0.014062343133208643
1786799453.633592,-1.258331043310908,-3.077583711072601,0.726565750178736,-2.2782864924260124,-3.2785986430670664,0.7435730992922504,1.0395749713533575,0.017007349113514314
1786799453.766903,-1.2660483349791054,-3.0646899768196474,0.7273810618801365,-2.296644273598721,-3.275807291453359,0.7436767252527057,1.0519973903187196,0.016295663372569158
1786799454.666904,-1.2660483349791054,-3.0646899768196474,0.7283155088035915,-2.414359352944021,-3.259161545665729,0.7428693973357753,1.16466191878548,0.014553888532183756
1786799455.300373,-1.376686950601845,-3.054168551768735,0.725785148955995,-2.4951547994430103,-3.250013917569803,0.7419662812071484,1.1354848022748423,0.016181132251153363
1786799455.333625,-1.3824099382957151,-3.0538525514286197,0.725815104973939,-2.499476818884512,-3.249525561253633,0.741946945840206,1.1340751044275528,0.016131840866267066
1786799455.466918,-1.4028949046373087,-3.0517105279539205,0.7256834663764128,-2.5167602454177973,-3.24755103943564,0.7419381227892604,1.1309507077363963,0.016254656412847623
1786799456.600412,-1.4028949046373087,-3.0517105279539205,0.7266436164436612,-2.662762704647835,-3.23133277501548,0.741910133855552,1.2726079620774056,0.01526651741189089
1786799457.333607,-1.4220487309582603,-3.0524713632388987,0.7224446904613762,-2.757271461553501,-3.22485124845734,0.7414553071194836,1.3463040388879972,0.019010616658107438
1786799457.366937,-1.4277699800697123,-3.0522857083737076,0.7240936504527783,-2.761522903173935,-3.2246420595685867,0.7415662080360921,1.3448433260741828,0.017472557583313786
1786799457.60044,-1.4639973549060212,-3.052282909143457,0.7241862353285812,-2.7912748880385623,-3.223291712326761,0.7423893337297773,1.3382487290203529,0.01820309840119616
1786799457.83371,-1.496443777743025,-3.052726448138147,0.7288852450915755,-2.820927037313023,-3.2220686665636675,0.7433382717649767,1.3352650268101998,0.014453026673401204
1786799457.900297,-1.5047687956743694,-3.0528598046070523,0.7292381603165086,-2.829353922051912,-3.2217309474970075,0.7436211729425715,1.3353064142441502,0.014383012626062897
1786799457.933649,-1.5093459761861328,-3.0528424879626974,0.7286562531414122,-2.833559636078913,-3.221563080414042,0.7437516345967491,1.3349188946762887,0.015095381455336843
1786799458.166974,-1.5334060976320445,-3.0506848326009353,0.7257709490699229,-2.8629488927641225,-3.22039011124789,0.7443066424109603,1.34032978243724,0.01853569334103744
1786799458.266966,-1.5407243904615802,-3.0496835224155756,0.7301869608052659,-2.8755721550733555,-3.2198818613926643,0.7444400194790104,1.345654498480057,0.01425305867374449
1786799459.200345,-1.5407243904615802,-3.0496835224155756,0.729356551308572,-2.992936759550924,-3.215431832883946,0.7447451167495305,1.4616406081384044,0.015388565440958457
1786799459.267572,-1.5475931237787954,-3.048716097831504,0.7281207695842555,-3.0014905041001256,-3.215162574244161,0.7446992271113866,1.4633940077830767,0.016578457527131052
1786799459.766995,-1.604976364333061,-3.050260279382734,0.7295921790939839,-3.0661344822509613,-3.2133807550017828,0.743770091527261,1.4702351291965396,0.014177912433277151
1786799459.800442,-1.6093581031759538,-3.050128601127827,0.7291751151134601,-3.070414031522052,-3.2132720795503418,0.7436473287517015,1.4701361230536023,0.01447221363824136
1786799459.833667,-1.6134368607649747,-3.050125792542388,0.7295907247460335,-3.0746869676484296,-3.2131636778199977,0.7435172338242615,1.470317389852512,0.013926509078228011
1786799459.867006,-1.6185218098646483,-3.05007751260004,0.729987907914729,-3.078954151281855,-3.2130553401221325,0.7433806531331302,1.46949800820592,0.01339274521840117
1786799460.033698,-1.6418460906123398,-3.0493935701258956,0.7286269302286404,-3.1002412363137304,-3.212506122200831,0.7426904826771392,1.4674883664444427,0.014063552448498773
1786799460.133701,-1.6562092071499173,-3.049436643046804,0.7257197326122883,-3.113005770386882,-3.2121622625224635,0.7422749969552956,1.4658566962335606,0.01655526434300736
1786799460.433734,-1.6953816067592802,-3.047075654031909,0.7250706338610723,-3.1514667317548577,-3.211010527681244,0.7416215204922596,1.465284454988795,0.01655088663118731
1786799460.600399,-1.7137283020442464,-3.0456207191969193,0.7251124320167368,-3.172899202752571,-3.210271709275377,0.7416821968725205,1.4684310218759882,0.016569764855783653
1786799461.533762,-1.7137283020442464,-3.0456207191969193,0.7297964731244445,-3.2905667542504315,-3.205115801342926,0.7439078288738441,1.5848842814492037,0.01411135574939959
1786799462.267083,-1.7204001667225342,-3.042323081312308,0.7277608805459447,-3.384114099305089,-3.2007314589378413,0.7442117395078213,1.671238242612723,0.01645085896187659
1786799462.500456,-1.755423475664433,-3.0411561593464214,0.7263256768054118,-3.4139503137740834,-3.199308628452434,0.7438762354036319,1.6660502622112945,0.01755055859822008
1786799462.533698,-1.7604962478934936,-3.04071388913183,0.727381149439321,-3.418229809093856,-3.199099705737579,0.7438412697760134,1.6652827468126563,0.01646012033669242
1786799462.567065,-1.765559229231023,-3.0403407836883183,0.7279454540027058,-3.422513562114968,-3.1988890590351704,0.7438125261581164,1.6645225191863102,0.01586707215541061
1786799463.06709,-1.8413463623079478,-3.040437932811926,0.7284050269594144,-3.487230284599813,-3.1954781305828512,0.7434656795571551,1.6531700906391036,0.015060652597740698
1786799463.367136,-1.9089623835989638,-3.051659102386236,0.7301508763100218,-3.52700553188315,-3.193067709174004,0.7432773601429695,1.6242105848020627,0.013126483832947677
1786799464.000498,-2.0569669923270513,-3.0762231962643862,0.7268273371376872,-3.615910344615136,-3.1842209315531043,0.7417438476188665,1.5626797133356225,0.014916510481179257
1786799464.667119,-2.0569669923270513,-3.0762231962643862,0.7255078383750116,-3.709791486023594,-3.1650342288031568,0.7423370532259428,1.6552088105323253,0.01682921485093114
1786799465.167151,-2.178260254533307,-3.0593097294707525,0.7256191187252079,-3.7779392870700033,-3.1415642541766085,0.7428378350707672,1.6017923754257686,0.01721871634555927
1786799465.400448,-2.237956599618226,-3.0437751490334537,0.7280381274718597,-3.809014121591368,-3.1274781418497235,0.7428561346234447,1.5732857109739447,0.014818007151584989
1786799465.467126,-2.2556426395070845,-3.037765635824722,0.7274935325820506,-3.817801432897148,-3.1230632946557373,0.7428808683075981,1.5644857897622308,0.015387335725547513
1786799465.600462,-2.290542928837754,-3.025754689027664,0.7259428959562316,-3.835226375963236,-3.113702899952422,0.7429577863826154,1.5471851342448735,0.017014890426383822
1786799465.76715,-2.3334026733998625,-3.0083328773101883,0.7260881088761861,-3.856686886598354,-3.100998739983389,0.7431296763465753,1.5261001789806317,0.017041567470389207
1786799465.900455,-2.3687532733983003,-2.992392635786422,0.7258636239092726,-3.8735560466633303,-3.090031680376649,0.7433681374231631,1.5079670982666094,0.017504513513890485
1786799465.93383,-2.377619532875508,-2.98816208750763,0.7262782164572185,-3.877726138609684,-3.087178984036762,0.743444164937745,1.50337093704966,0.01716594848052655
1786799465.967156,-2.3860710482159355,-2.983476349761681,0.7265031397306718,-3.881864299972222,-3.084291300291853,0.7435268420113523,1.4991868149933971,0.01702370228068051
1786799466.000544,-2.3939171074598478,-2.97874593926213,0.727530796352418,-3.885954946397893,-3.081380149968401,0.7436158623862487,1.4955636710050866,0.01608506603383064
1786799466.067162,-2.4073844134196403,-2.9696028584648784,0.7290388399973587,-3.893968536406711,-3.0755072667587924,0.7437954749266716,1.4903516693765009,0.014756634929312895
1786799466.100506,-2.413674451798328,-2.965250000132453,0.7288635877098716,-3.897887367059723,-3.0725498792902477,0.7438822871584982,1.4880864362986466,0.01501869944862666
1786799466.133844,-2.419296730530867,-2.960980664569188,0.7285585755792149,-3.9017466342552014,-3.0695801042200537,0.7439673912834242,1.4864224013868905,0.015408815704209267
1786799466.667213,-2.364201352010283,-2.9625391911527585,0.72912356389152,-3.958141887048869,-3.019531782893359,0.7440365971035932,1.5949591169532855,0.014913033212073157
1786799466.700502,-2.364823894775766,-2.9569641282047057,0.7286767251645472,-3.9614820603520746,-3.0162359387664672,0.7439782667006823,1.597757943253224,0.015301541536135166
1786799467.000592,-2.369036508772647,-2.9047833393940063,0.7280433383143773,-3.9913779730141896,-2.9861243917389717,0.7432525932578369,1.6243793255868468,0.015209254943459594
1786799467.33386,-2.398037589495784,-2.841543627493708,0.7259240558327814,-4.023585809710493,-2.953655515081747,0.742757346098727,1.6294097371691876,0.0168332902659456
1786799467.833925,-2.4836656501906527,-2.765320124780976,0.7245869678082536,-4.0684268471898895,-2.910305737409889,0.7430675418045932,1.5913795522702416,0.018480573996339622
1786799468.400554,-2.579683245275186,-2.684986420170796,0.7275597095656537,-4.119202509485558,-2.8652510772883244,0.7440042903667189,1.5500370677762985,0.016444580801065145
1786799468.467186,-2.5901211252010747,-2.6761522517578973,0.7295835636444115,-4.125321774154351,-2.859993414372996,0.7441298155255563,1.546169009396525,0.01454625188114489
1786799468.500672,-2.5952699079098585,-2.671928700236751,0.7305874181008752,-4.128386283350299,-2.8573673327801004,0.7441871039693982,1.5442905513805296,0.013599685868523004
1786799468.800621,-2.6297636213337903,-2.6383137872419855,0.7291974034753763,-4.1561284535210525,-2.833776394042572,0.744093603321856,1.5388291755732115,0.014896199846479719
1786799468.833853,-2.6331912239323585,-2.6350077143743156,0.7267732712174916,-4.159243087167388,-2.8311479034225235,0.7440469918985636,1.5386049730333553,0.017273720681072025
1786799469.000617,-2.643255191312361,-2.620546993909882,0.7285635500456227,-4.174943962474312,-2.817985146862552,0.7438420513348445,1.5443614589677406,0.015278501289221813
1786799469.233886,-2.655254325436854,-2.597860094038607,0.7308715651828911,-4.197103024676689,-2.799760137793274,0.7436285770275199,1.555011588064767,0.012757011844628852
1786799469.700586,-2.691465605226061,-2.547456468188844,0.7274467784729535,-4.243088731574145,-2.7638628324042025,0.7423922269809992,1.5666416439923687,0.014945448508045689
1786799469.733904,-2.6938713140602664,-2.543952106256083,0.726389917740398,-4.2464670399289615,-2.761346345551969,0.7422539332627714,1.5677416060259348,0.015864015522373487
1786799469.767231,-2.696012869078991,-2.5409001474212776,0.7266091357185853,-4.249856200900787,-2.7588389055771945,0.7421173020101286,1.5690527085326365,0.01550816629154328
1786799469.833876,-2.7018363104014127,-2.5337961427052798,0.7242104694150617,-4.256667605824387,-2.753851611357117,0.7418631177042758,1.570326324847885,0.01765264828921409
1786799469.933893,-2.7108349825608395,-2.524179129650951,0.7259561466314793,-4.26697051416141,-2.746438297459276,0.7415648242926544,1.57192777518073,0.015608677661175019
1786799470.133949,-2.731455317440095,-2.5066707081626394,0.7243719265092061,-4.287860905861519,-2.731874707959727,0.7413124645777595,1.5726141285115198,0.016940538068553335
1786799470.16722,-2.7345765116138807,-2.5042006333363487,0.7248165941166025,-4.291380330521548,-2.729479264519351,0.741306655161155,1.5730189421088305,0.01649006104455253
1786799470.200569,-2.737598333933835,-2.5019668349833024,0.7255593941582931,-4.294911115118555,-2.727092116832365,0.7413119103945747,1.5735007120967268,0.0157525162362816
1786799470.400563,-2.75920006182534,-2.4895730984138935,0.7279065045188625,-4.316159097437529,-2.7130643797700738,0.741509126423548,1.572917604776762,0.01360262190468553
1786799470.467243,-2.7674927625075734,-2.484719180828891,0.7271453320055314,-4.323255230425699,-2.708497334878527,0.7416170335220312,1.5717740037335388,0.01447170151649979
1786799470.500664,-2.771771740618931,-2.481946199609489,0.7257983263344895,-4.326811681970468,-2.7062276099868767,0.7416625809376276,1.5711306025405596,0.015864254603138117
1786799470.733924,-2.8044407435846086,-2.463694962650212,0.7241045667140915,-4.351927260278873,-2.6905064381032764,0.742053331449949,1.5640198095765103,0.017948764735857492
1786799470.800588,-2.8133978463237237,-2.458985606095945,0.725482800790009,-4.359151870672273,-2.6860658417191723,0.7422425630818774,1.5623446921855737,0.016759762291868374
1786799470.833876,-2.818392696866301,-2.4561961754997585,0.7257769305365152,-4.362765504816789,-2.6838557982914257,0.74235715630064,1.5610625464043775,0.01658022576412488
1786799471.133937,-2.853462514666941,-2.436953364742696,0.7266273278616419,-4.395163109893675,-2.664297305522678,0.7434918967810318,1.5583728670417223,0.016864568919389922
1786799471.267282,-2.8672002641793535,-2.42981271060193,0.7284765254349376,-4.409462502723494,-2.6557693321314315,0.7439497465031092,1.5587267904453976,0.015473221068171616
1786799471.334011,-2.8732990075789324,-2.4265592200506534,0.727570897606885,-4.416594702182326,-2.6515319231615457,0.7441420040090468,1.5596071037688928,0.01657110640216186
1786799471.800658,-2.9002473316442283,-2.407493638919284,0.7291200594002982,-4.466042875191517,-2.622366460372678,0.7450244503606298,1.5804701875049376,0.015904390960331583
1786799472.235427,-2.936125186412391,-2.3825209567640093,0.7278746990053825,-4.512077107078536,-2.595599768706084,0.7443970737430637,1.5902914941450066,0.016522374737681256
1786799472.367239,-2.9471966706062105,-2.375026467114638,0.7309447491326222,-4.526505741014229,-2.5873008468605314,0.7441058204424211,1.5935110768895027,0.013161071309798933
1786799472.400649,-2.9503880221298124,-2.3729478345763106,0.7303023578629779,-4.530132328363414,-2.585221761654448,0.744015384635581,1.593942374489949,0.01371302677260311
1786799472.533974,-2.9622757171147573,-2.3652608585631616,0.7268008269503412,-4.54472134829896,-2.5768838100074567,0.743616757706629,1.5965332596698276,0.016815930756287845
1786799472.567278,-2.965166839545178,-2.3633184678073182,0.7280544808339743,-4.548388621898065,-2.5747937029325705,0.7435069680236722,1.5972830015961268,0.015452487189697939
1786799472.600654,-2.9681347913744336,-2.3615859457974073,0.728644910845508,-4.55206281641393,-2.57270188780954,0.7433888342738871,1.5979355210637218,0.014743923428379158
1786799472.634231,-2.970966784578902,-2.359942993391634,0.7284380259012133,-4.555742919329348,-2.570608799219906,0.7432642833679315,1.5987168226486639,0.014826257466718173
1786799472.667282,-2.973772611876695,-2.358444714469402,0.729172417958337,-4.559428271123414,-2.5685145967880865,0.7431409783823302,1.599510307925064,0.013968560423993193
1786799472.700598,-2.976992565935422,-2.356409049871817,0.7295998377863913,-4.563118597429542,-2.5664192936355943,0.7430242124221929,1.5999687779044334,0.013424374635801595
1786799472.767294,-2.982013965030465,-2.3540239220149215,0.727265744686866,-4.570502707623337,-2.5622310951355423,0.7427804319456419,1.6020757511064088,0.015514687258775917
1786799472.800612,-2.9849714953399973,-2.35246636772756,0.7270550460581444,-4.574188465820132,-2.5601420142598608,0.7426528424095095,1.6027288458827547,0.015597796351365045
1786799472.833926,-2.987844751873909,-2.3509661157917057,0.7281137879441686,-4.577865933752096,-2.558058196600349,0.7425236051378201,1.6034508064655308,0.01440981719365153
1786799472.96728,-3.0009637311304815,-2.3447085180572955,0.7266511206058901,-4.592473029109302,-2.549783408843407,0.7420150335378705,1.6046674285919722,0.015363912931980361
1786799473.000619,-3.0046343808611855,-2.3428499606664066,0.7256494785960638,-4.596100438871954,-2.5477278107124497,0.7418910420959092,1.6045993728154773,0.0162415634998454
1786799473.13394,-3.020446698721633,-2.335503487069381,0.7255996637595626,-4.6105449476173535,-2.539532630206967,0.7414417476310198,1.6031345334658265,0.015842083871457135
1786799473.200673,-3.028623404971644,-2.331317019078958,0.7244888428273238,-4.617749103691239,-2.5354357618517507,0.7412926352163947,1.6021813091788912,0.016803792389070815
1786799473.467296,-3.0606643865052887,-2.315075677228779,0.7260478010538209,-4.646534021429054,-2.518952421005399,0.7413566775259288,1.5989209566536409,0.01530887647210788
1786799473.533931,-3.068311098948617,-2.310934963021701,0.7251368452961559,-4.653698811429982,-2.514813069615331,0.7414603262284636,1.5984431429472552,0.016323480932307732
1786799473.733928,-3.0889171538400597,-2.298874242862141,0.7260137537177037,-4.675097167154686,-2.5023414307428027,0.741840233284311,1.5991766416449595,0.01582647956660732
1786799473.800731,-3.0953169479102596,-2.295340240560432,0.7260399409428252,-4.682204459681337,-2.4981606452236207,0.7419422300981253,1.599796265642204,0.01590228915530012
1786799473.833987,-3.098418255225967,-2.2935030378235868,0.7267349721902854,-4.685755408933616,-2.4960644278356683,0.7419911664158417,1.6002094726204839,0.015256194225556352
1786799473.867366,-3.101158737044694,-2.29197250790164,0.7272023268386685,-4.689304949080045,-2.4939638622915408,0.7420397558467478,1.6009400045131295,0.014837429008079273
1786799473.900685,-3.1037653705232824,-2.2902776207758047,0.7275861350483918,-4.692853471609391,-2.491858671402219,0.742088494222508,1.6018226846268295,0.014502359174116242
1786799474.000675,-3.110646215697481,-2.2855321621320117,0.7281661617543387,-4.703475298755755,-2.4855259978394177,0.7422339734900764,1.6053354858587112,0.014067811735737679
1786799474.133966,-3.1193982738942774,-2.278829793510589,0.7282516703387755,-4.717528017207681,-2.477076642646124,0.7424175798948867,1.6103789894478673,0.01416590955611119
1786799474.167316,-3.121775056520606,-2.276994545973933,0.7278242313842631,-4.721021657644906,-2.474964182344449,0.7424571661268216,1.6114532782964266,0.014632934742558446
1786799474.233975,-3.126836354895834,-2.2733274318491716,0.7269098796098374,-4.727993488601766,-2.470735449342251,0.7425278366987131,1.6132805373486483,0.0156179570888757
1786799474.40065,-3.1413372941211803,-2.2625221436780074,0.7262109131829899,-4.745393349915456,-2.460117053277078,0.7427497100327276,1.6161805525465749,0.01653879684973769
1786799474.433963,-3.144334114798895,-2.260241759478497,0.7254336189247815,-4.748875120015639,-2.4579829150895023,0.7428109033201095,1.6166797462838258,0.01737728439532793
1786799474.467327,-3.147359845471563,-2.257981641540821,0.725372959227957,-4.752358619467608,-2.455845103550376,0.7428789643394293,1.6171490389346352,0.017506005111472378
1786799474.500772,-3.1504389800657693,-2.255625197451606,0.7249582103316424,-4.755843990035856,-2.453703565550099,0.7429553187201018,1.617578525434118,0.01799710838845936
1786799474.534019,-3.1534762151824465,-2.253296258671074,0.7241869279340868,-4.759331327819678,-2.451558372461696,0.7430419466633165,1.6180477460655665,0.018855018729229678
1786799474.567309,-3.1565667142258853,-2.2508073981896897,0.7248156781632327,-4.762820554278874,-2.4494097696009844,0.7431400633225221,1.6184851870237065,0.01832438515928947
1786799474.600773,-3.159646568059849,-2.2484050556219337,0.7259539446365043,-4.766311382529554,-2.447258035365975,0.7432478438410036,1.618923819581408,0.017293899204499308
1786799474.633949,-3.1628225990896714,-2.24595099134813,0.7272310633620493,-4.769803560581267,-2.4451033406125906,0.743363825581505,1.61927436489744,0.0161327622194557
1786799474.800719,-3.1788659423459737,-2.2336280902687973,0.7276198553814558,-4.7872832591149415,-2.4342908500241336,0.743988385355904,1.620886118157261,0.016368529974448154
1786799474.83397,-3.1820140904425913,-2.231129955759426,0.7263874931650147,-4.790784661535817,-2.4321202985950423,0.7440921514661204,1.6212772336429082,0.01770465830110568
1786799474.867337,-3.185088446964942,-2.228705920972233,0.7272553625687685,-4.794289525811374,-2.4299462962494047,0.7441846388238804,1.6217354287312769,0.01692927625511187
1786799474.900675,-3.1882018618645613,-2.2261570476993233,0.7280709432385433,-4.797798515274846,-2.427768476993823,0.7442679176685528,1.6221740212109672,0.01619697443000956
1786799475.134052,-3.232201973417827,-2.209922988830607,0.7265082587583085,-4.822642486389334,-2.4123056539962184,0.7446222397925786,1.6032653456183124,0.018113981034270088
1786799475.26737,-3.261541587766136,-2.196550553280481,0.7296794407177303,-4.837304733338426,-2.403088766576848,0.744695255736663,1.5892411788320657,0.015015815018932677
1786799475.50074,-3.3157949442097965,-2.174762762737394,0.7310089627279418,-4.863776297169503,-2.3860015162110466,0.7445066863366595,1.562327776134082,0.013497723608717704
1786799475.567356,-3.331643000451987,-2.168409056461452,0.7301088582549825,-4.871465449858349,-2.3808844386959764,0.7443407113799126,1.5544127391885068,0.014231853124930138
1786799475.600744,-3.3396318405923933,-2.165238708104099,0.7300714048006262,-4.875323489600188,-2.378285589334844,0.7442375179865661,1.5503992435609695,0.014166113185939966
1786799476.134007,-3.4629717540872944,-2.1154083544647526,0.7280910431830654,-4.936944279273819,-2.333010952555401,0.7427064445187741,1.4899482862504119,0.014615401335708711
1786799476.334018,-3.508375728383783,-2.091180532102322,0.726399324413859,-4.9592503553401865,-2.314286825678542,0.742408854022203,1.4679283365952172,0.01600952960834401
1786799476.500761,-3.546557585403372,-2.070585102260298,0.7268583639938891,-4.977279170352056,-2.2979133825712523,0.7422775245470344,1.448669182618037,0.015419160553145295
1786799476.534008,-3.553871441675539,-2.0656175101445373,0.7274075139529833,-4.980813827738932,-2.2945548044013053,0.7422775267168638,1.445190941656465,0.014870012763880447
1786799476.700734,-3.590912986043426,-2.0420163086776464,0.7314685291609314,-4.998087334507254,-2.2773376587696728,0.742338914666485,1.4267150327881644,0.010870385505553637
1786799477.134051,-3.6832416991814125,-1.9733809771394566,0.729166385307033,-5.039642481821513,-2.228999498528817,0.7421720427948373,1.3802767518233292,0.013005657487804245
1786799477.400843,-3.735795795207322,-1.9200437976780886,0.7276533777167938,-5.062641502520125,-2.196391350472891,0.7417763573990822,1.35531822866443,0.014122979682288372
1786799477.967523,-3.837757959329158,-1.7918769179411322,0.7269894512376158,-5.103784792546372,-2.11984665573802,0.7417618183063528,1.3078180650750186,0.014772367068736969
1786799478.100827,-3.8591404017192263,-1.7552761220349145,0.7243184718886223,-5.111716484124772,-2.100518100007023,0.7418219518302218,1.2992839818794495,0.01750347994159951
1786799478.167431,-3.86887622706925,-1.7359830633990558,0.7249375633865922,-5.115414995834859,-2.09066747913976,0.7418620988307201,1.2960169508170047,0.016924535444127864
1786799478.200771,-3.873464270345474,-1.7261366336692139,0.7255309434129096,-5.117196120841289,-2.085697005305441,0.741896541326184,1.294663113241791,0.01636559791327441
1786799478.234059,-3.878585816645621,-1.716489323556288,0.7257659267820435,-5.118931030270617,-2.080697556247376,0.7419396684682756,1.2927118339840487,0.01617374168623209
1786799478.400802,-3.898841896640191,-1.6647965899475534,0.7244701994504017,-5.126893362719028,-2.0552908132371104,0.7422571204638255,1.2886411997762977,0.01778692101342383
1786799478.534081,-3.915615478469945,-1.6240095524731781,0.7285761037018137,-5.132381799379205,-2.034500291955067,0.7425451559356598,1.2841428763573954,0.013969052233846146
1786799478.667517,-3.9300664158147667,-1.5800550068612138,0.7298292993609274,-5.137064401931063,-2.013315149235757,0.7427901199070377,1.2824034035588041,0.012960820546110252
1786799479.067427,-3.9657341782333067,-1.4488327930243747,0.7261146480445364,-5.146086695773365,-1.9474591668929528,0.7432442909971957,1.2813509770474598,0.017129642952659285
1786799479.600778,-3.989746535544372,-1.2615638876173587,0.7252931436708645,-5.14560545476907,-1.855472678537963,0.7427468874228597,1.2995143296955447,0.017453743751995154
1786799480.234122,-3.989746535544372,-1.2615638876173587,0.7259026109420011,-5.125279102914154,-1.744189902973106,0.7417021620577947,1.2338403795692428,0.015799551115793564
1786799480.26741,-3.98641882094389,-1.2476852675559693,0.726906435625902,-5.123607890371455,-1.7383930854973946,0.7416772167854586,1.238544767949211,0.014770781159556656
1786799480.500765,-3.966260952104385,-1.157533808364928,0.7236881234095517,-5.110241648449978,-1.6982092865656726,0.7415880746919133,1.2653149040215061,0.01789995128236166
1786799480.53411,-3.9634462365432874,-1.1449945446859118,0.7236802058925781,-5.108095379194611,-1.692534231411022,0.741599548219674,1.2688661743113192,0.01791934232709591
1786799480.600799,-3.955682041243472,-1.1188044841384854,0.7255463681119277,-5.103628022660026,-1.681243055542465,0.7416724075471381,1.2783259063530572,0.016126039435210404
1786799480.634119,-3.9516796343803677,-1.1057055378369158,0.7260479999009171,-5.101307920106901,-1.6756301416301236,0.7417317263509937,1.2831442823593038,0.01568372645007665
1786799480.667441,-3.947647761713491,-1.0926065198839998,0.726211436541882,-5.0989308702294505,-1.6700409041939204,0.741803318867733,1.2879764221978398,0.015591882325850959
1786799480.700773,-3.9431131876395753,-1.079674720710961,0.7263142442046606,-5.096497268494656,-1.6644765062157407,0.741885132108079,1.2931697360746957,0.015570887903418429
1786799481.000821,-3.9015265201019083,-0.965610136516545,0.7275118549197147,-5.0720403410345,-1.6155587724085512,0.742304228879013,1.3388561663943197,0.014792373959298333
1786799481.334157,-3.841123350629542,-0.8759725288287882,0.7229283045070156,-5.039960992390167,-1.5646412657671485,0.7424731670137454,1.3825615069639592,0.01954486250672982
1786799481.467507,-3.813418405901252,-0.8497452952229927,0.7261817120791055,-5.026587866556095,-1.546739984871211,0.7427131629725049,1.3991360683162226,0.016531450893399358
1786799481.534107,-3.8008407928284793,-0.8391759635185537,0.7277215936979583,-5.019870251126124,-1.5383615306866292,0.7427989107831022,1.405308961592999,0.015077317085143926
1786799481.56746,-3.7936487256045037,-0.8342642172301576,0.7281736885872292,-5.016499294394708,-1.534291790387684,0.7428381814846556,1.4090429790362473,0.01466449289742644
1786799481.667503,-3.774704951970558,-0.8266299194651916,0.7268507010434786,-5.006380405084874,-1.522566373568157,0.7429395277062703,1.4146914751824031,0.016088826662791655
1786799481.83416,-3.739068539817111,-0.8194007753732422,0.7268559475317755,-4.989405523875222,-1.5041460437060017,0.7430708323144828,1.425559067947602,0.016214884782707273
1786799481.867498,-3.731725170753099,-0.8182860855143766,0.7280213237857331,-4.985981848358876,-1.5005560916536105,0.7430876267961016,1.427813774480381,0.015066303010368487
1786799482.034202,-3.692811524460213,-0.8150197952941385,0.7278197670697396,-4.96875365125624,-1.4827745916936954,0.7431245927186512,1.440112766087219,0.015304825648911558
1786799482.067524,-3.6850897703469756,-0.8141452220199934,0.7274229709108412,-4.965300060093705,-1.4792306230889771,0.7431074013092973,1.4426631542700799,0.01568443039845613
1786799482.36765,-3.6115824688681375,-0.7939160611544996,0.7258009794892234,-4.934774321358264,-1.4475087199036736,0.742824961365756,1.4758116553500544,0.017023981876532646
1786799482.700867,-3.539559396603415,-0.7415988246124228,0.7273913649708852,-4.903891471027871,-1.4140384427564705,0.7421239505545507,1.5210447229956952,0.014732585583665525
1786799482.734109,-3.5327100310149584,-0.7363881400025806,0.7254105639294562,-4.901029347551922,-1.4108400810919903,0.7420299258358122,1.52551079080007,0.016619361906355934
1786799482.834124,-3.5142513684409313,-0.7177426015210805,0.7238477774439177,-4.892664415317752,-1.401354464233016,0.7417311915402236,1.5386187658548565,0.017883414096305894
1786799483.33417,-3.441368411256261,-0.6020228682036806,0.7246756775246463,-4.854800757878172,-1.354391066622836,0.7408847368720985,1.601202330896882,0.016209059347452204
1786799483.367443,-3.436558109172299,-0.5942643454976514,0.7253032642669993,-4.852422112262995,-1.3511741536512267,0.740876217707872,1.605485388574774,0.015572953440872728
1786799483.400794,-3.4316136516976834,-0.5858450222519559,0.7253245772898137,-4.850054781836712,-1.3479418475132354,0.7408721046717305,1.61020707076556,0.015547527381916781
1786799483.567618,-3.4097706122998583,-0.5503460050477148,0.7250253987471941,-4.838359460129615,-1.3315730892596018,0.7408932052185306,1.6282450224857923,0.015867806471336565
1786799483.600841,-3.405376345914415,-0.5433477465529712,0.7255441273289344,-4.836048194421163,-1.3282674958492484,0.7409234732120779,1.6318458723007654,0.015379345883143491
1786799483.76754,-3.3847418505947027,-0.5122218228776997,0.7236744309639618,-4.82463235608829,-1.311660812798876,0.7412253647593642,1.6469327145991024,0.0175509337954024
1786799484.43425,-3.3847418505947027,-0.5122218228776997,0.7294182541450209,-4.781528832114159,-1.2447449723125092,0.7429664266336682,1.577214010906613,0.013548172488647259
1786799485.600842,-3.3847418505947027,-0.5122218228776997,0.729043769297187,-4.717158304114997,-1.1151758475672533,0.742770794610172,1.4624934740028512,0.013727025312985086
1786799485.934229,-3.3732667962708422,-0.4647977753035026,0.7257294262036746,-4.701946691527004,-1.0751482095121847,0.7419438103356848,1.4621620691963841,0.01621438413201015
1786799485.967637,-3.3722164378933197,-0.4598235466239324,0.7271223326679108,-4.700489536567927,-1.0711131723399068,0.741861241026531,1.4621848143003742,0.014738908358620129
1786799486.034222,-3.3705696002513275,-0.4500042635870509,0.7249928542237648,-4.69760500639572,-1.0630344204702382,0.741702377784099,1.4617896368523884,0.016709523560334172
1786799486.534269,-3.357201313923981,-0.39451267911364246,0.7235677872640841,-4.6770102351888925,-1.0029381244463238,0.7411750746021588,1.4532986999164077,0.017607287338074706
1786799486.667678,-3.3548512603220106,-0.38329897122824136,0.7235070772562369,-4.671686969087149,-0.9871023227724002,0.7410568623538734,1.4486665493532127,0.017549785097636494
1786799486.767605,-3.3537272917403116,-0.37770463038140145,0.725128600203445,-4.667737164615471,-0.9752707399609744,0.7410496116755823,1.443505178837769,0.015921011472137203
1786799486.867626,-3.3530188413741877,-0.3730818894570563,0.7269533415250038,-4.663853779621464,-0.9635680919047848,0.7411228003697032,1.4376933576430266,0.014169458844699445
1786799486.9009,-3.352784419816965,-0.37167903581220413,0.7272335745095937,-4.662574794708634,-0.95969816075635,0.7411397882486473,1.4357288453809578,0.013906213739053652
1786799486.934273,-3.35268854496243,-0.3700088869843928,0.7272918707158045,-4.661302717311921,-0.9558406556275106,0.7411552892766253,1.433760758713066,0.01386341856082085
1786799487.600886,-3.35268854496243,-0.3700088869843928,0.7249289338953193,-4.636677863191768,-0.8793760070076256,0.7415905906852671,1.3813339322147276,0.0166616567899478
1786799487.934298,-3.3475340519726324,-0.341177867414729,0.724169968501629,-4.624693099792547,-0.8410715365888436,0.7418950562432257,1.3715060750534904,0.017725087741596757
1786799487.967597,-3.34687024377456,-0.33831048731862984,0.7249765168289884,-4.623500497532167,-0.8372383160456731,0.7419850861905216,1.3706618047817245,0.017008569361533166
1786799488.000906,-3.34657933051411,-0.33587500467256665,0.7248175561874232,-4.622309163961791,-0.8334079719194899,0.742090633008222,1.369315763966068,0.017273076820798816
1786799488.034287,-3.3460041692239564,-0.33356263688851,0.7240301523056041,-4.621120269849741,-0.829584937077436,0.7422102023184977,1.3681955972593316,0.018180050012893578
1786799488.167569,-3.3445556675467203,-0.3223879089751238,0.7258652628763845,-4.616400869073714,-0.8144253324558277,0.7427878257123189,1.3637048957720908,0.016922562835934407
1786799488.334288,-3.3419049062791077,-0.30604966209741363,0.7287600304868191,-4.6105744531176365,-0.7958043348381975,0.743565867154661,1.3599198721053054,0.014805836667841854
1786799488.46766,-3.3395970013459735,-0.29164870036684304,0.7287178156068749,-4.605926322220496,-0.7810831149874212,0.7441337431595564,1.3576214476508233,0.015415927552681508
1786799488.60095,-3.337204689129495,-0.2767594618531206,0.7291733318600477,-4.60123615158876,-0.7664082177512067,0.7444341557883687,1.3555557687677229,0.015260823928320955
1786799488.901041,-3.3305659302816517,-0.2459403704202267,0.7266715093111716,-4.590356472020055,-0.7332458414694579,0.7446283120008054,1.3507549115839086,0.017956802689633733
1786799489.067643,-3.326312392046025,-0.23023075406713572,0.7313634540114579,-4.584055258697128,-0.7146439845959359,0.7445172090921682,1.3478031371543406,0.013153755080710372
1786799489.134299,-3.3247494693999533,-0.2250109249268489,0.7285748939467575,-4.5814797370788,-0.7071649163318359,0.7445088620988664,1.3460473383681217,0.0159339681521089
1786799489.467713,-3.3145752777158335,-0.20242290941844676,0.7308959113857724,-4.568244538518211,-0.6698358379649159,0.7444594955825019,1.3379691555686801,0.013563584196729539
1786799489.600945,-3.3100875544567856,-0.19156088798403578,0.7289545449382934,-4.5628024674177965,-0.6549400279529751,0.7443379523220993,1.3356701990062019,0.015383407383805947
1786799490.000943,-3.2906010907405894,-0.1504632710103545,0.7274902666453337,-4.545726711661858,-0.6091929074241555,0.7434500746217392,1.3363282544410027,0.015959807976405505
1786799490.034359,-3.2889344412807744,-0.14716979125070512,0.7283125830430326,-4.544265915731807,-0.6053527385908859,0.7433392618308928,1.336334061520823,0.015026678787860237
1786799490.101007,-3.285369742207508,-0.1402893681760402,0.7278462623280979,-4.5413209394914,-0.5976452138193522,0.7431337767861923,1.3366330010526266,0.015287514458094398
1786799490.134346,-3.283850388247079,-0.1374258315003515,0.7280496728161919,-4.539837190017797,-0.5937771919901511,0.7430364901663039,1.3363230935829586,0.01498681735011198
1786799490.234301,-3.279670960425051,-0.1276747172071463,0.7267052061279377,-4.53534371820209,-0.5821178298962694,0.7427380191777644,1.3353773314288264,0.016032813049826733
1786799490.26768,-3.2781311900621213,-0.12452976675710756,0.7269063140385194,-4.533832586088072,-0.578213716441886,0.7426411341913516,1.3351461051821638,0.01573482015283223
1786799490.334358,-3.275288074366934,-0.11799414945420814,0.7246979061247172,-4.530791955008741,-0.5703802542981053,0.7424604418860697,1.3345198320603822,0.01776253576135256
1786799490.36763,-3.274037255422598,-0.11527971587163409,0.7251874071255051,-4.529262885127017,-0.566451770987333,0.7423766558302501,1.3338469195466842,0.01718924870474503
1786799490.400988,-3.272622404339719,-0.11194987197815871,0.7262922792945705,-4.527728254473096,-0.5625159665162854,0.7423005103847885,1.333529339979577,0.016008231090217984
1786799490.934359,-3.250144544906225,-0.05398607515534465,0.7241889383205301,-4.502868089449031,-0.499732494231196,0.7420168414722816,1.3296639233922363,0.017827903151751534
1786799491.034319,-3.2448730419453575,-0.040689860474654976,0.7290053384290132,-4.498169876934551,-0.4880998051267045,0.7421747009193744,1.3307624187538054,0.01316936249036127
1786799491.200989,-3.2350917032219466,-0.01885265295026191,0.7278416734710019,-4.49028633843104,-0.4687679287932617,0.7424648747602297,1.3333931632097755,0.014623201289227783
1786799491.234328,-3.2328993847998557,-0.014163282381840992,0.729074274508088,-4.488698741572614,-0.4649042827157341,0.7425109864626995,1.3342411603053148,0.013436711954611491
1786799491.26774,-3.230962688517771,-0.00998828287378125,0.7288247957362332,-4.487106742153216,-0.4610401387958632,0.7425510442463549,1.3346706186226032,0.013726248510121719
1786799491.500977,-3.2174975995968227,0.016690931773175044,0.7266400796711365,-4.475822795637451,-0.4339364196487764,0.7427889796958217,1.336580453560596,0.016148900024685164
1786799491.534317,-3.215899684077549,0.019885697965486747,0.7278274267492377,-4.474190817967034,-0.4300560601629986,0.7428275549001423,1.3363173886965019,0.015000128150904568
1786799491.567658,-3.214038211377062,0.023289985319536254,0.7282078616605853,-4.472553885673232,-0.4261736311318785,0.7428751301777643,1.3363679302358045,0.014667268517179033
1786799491.86776,-3.1974226083583654,0.048512467415967285,0.7260875684997766,-4.457697894399084,-0.3913421337187929,0.7431955034557212,1.3348280289027625,0.017107934955944537
1786799492.000981,-3.189550844513296,0.0620635651626611,0.7270611110921512,-4.451049005899134,-0.3759443737963218,0.7433208945886476,1.3353758144323813,0.01625978349649637
1786799492.034407,-3.1872882672373835,0.06595878627912549,0.7267281518094216,-4.44938166857522,-0.3720961657239834,0.7433700614157353,1.3359535525889197,0.01664190960631362
1786799492.067677,-3.1850057999560657,0.06961598780219028,0.7263647986753584,-4.447712166931428,-0.3682473040064772,0.7434260083994122,1.3364698393580157,0.017061209724053783
1786799492.634322,-3.1850057999560657,0.06961598780219028,0.7252635957811241,-4.419053855483331,-0.3024827769309697,0.7441645920599762,1.2889267217598401,0.01890099627885211
1786799492.901044,-3.1692448923616334,0.09883827941741724,0.7286730285677602,-4.4054476910045,-0.2712230311565609,0.7446823537988175,1.2904040967682127,0.01600932523105736
1786799493.467718,-3.137001865065906,0.17041682640704844,0.7284365701103955,-4.376913147340804,-0.2054430922727957,0.7450282113832155,1.2956275183796457,0.01659164127281998
1786799493.501041,-3.1345609531077163,0.1749798355821934,0.72892360881929,-4.375226074263685,-0.2015569635508863,0.7450021195759494,1.2965453728868646,0.016078510756659448
1786799493.734378,-3.1230547535026245,0.2238766430143636,0.725501785972959,-4.363257903795398,-0.1740398892700347,0.7447517678360697,1.3024751132598884,0.019249981863110666
1786799494.201111,-3.0940416029694418,0.34435353412092456,0.7268040237154779,-4.336578052975892,-0.1149002669750264,0.7432160345487613,1.3246927505711321,0.016412010833283364
1786799494.301058,-3.0882103413779323,0.369916136918826,0.7267542001105757,-4.330254218237409,-0.1017983423065793,0.742723530390016,1.328603606029659,0.015969330279440364
1786799494.334354,-3.08582995337236,0.3789617161928373,0.7258348241029011,-4.328095102622347,-0.0974216702310692,0.7425726684000379,1.3304750399394203,0.01673784429713676
1786799494.467749,-3.0765084182113602,0.4131111318209284,0.7267100750363494,-4.3191861029290495,-0.0798959840440029,0.7420795803251985,1.3369008356601377,0.015369505288849061
1786799494.50106,-3.0741500590892934,0.42164663169188443,0.7263283634559838,-4.316889562968848,-0.0755188365351871,0.7419771004843531,1.3384972832621833,0.01564873702836922
1786799494.567717,-3.069075265962504,0.43875062647444746,0.7267922489113731,-4.312212952025287,-0.0667816015305281,0.7417974577318123,1.341996326396315,0.015005208820439209
1786799494.701059,-3.0583685805539442,0.47239365319145504,0.725564428119316,-4.302522912798661,-0.0494214569687776,0.741554136142662,1.3491519601715862,0.015989708023345983
1786799494.901158,-3.0415463026985505,0.5217995000988762,0.7236739825782001,-4.287120827232653,-0.0238218853589148,0.7414070081899784,1.3598377081244786,0.017733025611778253
1786799494.934391,-3.0381270216022984,0.5304618350945276,0.722717091818069,-4.284450164923329,-0.0196204452898137,0.7414118024916995,1.3623185724236644,0.018694710673630488
1786799495.101037,-3.023307280657558,0.5722714411924519,0.7262462133687715,-4.27064189649288,0.0010504432636551,0.7416023121176152,1.371910008832876,0.015356098748843694
1786799495.134391,-3.019749906556666,0.5805356815181406,0.7280091849325397,-4.267788057294061,0.0051110752087994,0.7416676061547859,1.3743044434339422,0.013658421222246142
1786799495.201051,-3.012913031200974,0.5967492270353625,0.7261398169223994,-4.261986822940455,0.013153646202143,0.7418194108174637,1.3786838430831436,0.015679593895064348
1786799495.267759,-3.004417933000075,0.6132316814650561,0.7263385735858053,-4.25605880651848,0.0210878498035129,0.7419701311936684,1.3846440674905336,0.015631557607863056
1786799495.33442,-2.996555182249751,0.6290839697077607,0.7234451211135945,-4.249999095395811,0.0289131481374896,0.7421050645332572,1.3897217917508677,0.018659943419662706
1786799495.634524,-2.966844122935242,0.6603709127940088,0.7258345772785048,-4.222259177673961,0.0615628209669807,0.7426435826137103,1.3909126825585234,0.016809005335205573
1786799495.734435,-2.957475424128607,0.6660613676109689,0.7236134179000516,-4.212932287484336,0.0715050100235784,0.7428358595395502,1.3891253356319548,0.0192224416394986
1786799495.902333,-2.9420670470699077,0.6670658270579983,0.7280625046890643,-4.197080800241529,0.0873975545379405,0.7432859769538654,1.3824163001123455,0.015223472264801141
1786799496.101098,-2.921570471120079,0.6608584913945011,0.7277835375508589,-4.177123393839514,0.1061254862664691,0.7439081553403479,1.372640465936981,0.016124617789489037
1786799496.201236,-2.9099483521716794,0.656971625922353,0.7286241499382986,-4.166772036578509,0.1155017183091379,0.7442172423407976,1.3685011635130684,0.015593092402498954
1786799496.234511,-2.9055544655140144,0.6560253803200613,0.7295193191328827,-4.1632832869505965,0.1186320301310199,0.7443193393155794,1.367725630782598,0.01480002018269666
1786799496.2678,-2.9014178701834847,0.6548434721111454,0.7294013924784373,-4.159782448211644,0.1217625305901364,0.7444139731565332,1.3666223697309041,0.015012580678095966
1786799496.334458,-2.8928552652192745,0.6525462006672235,0.7274291295732621,-4.152757490666624,0.1280220051689929,0.7445628506546077,1.3647268039245986,0.017133721081345588
1786799496.401103,-2.882832349227887,0.6511214941614639,0.7282950687928545,-4.145726741255306,0.1342702942406656,0.7446482483480834,1.3645649153755466,0.01635317955522886
1786799496.534459,-2.861845054267428,0.6514340978410867,0.7332072446429352,-4.13177028906663,0.1466727458771667,0.7446935876831756,1.36656288710628,0.011486343040240432
1786799496.96775,-2.789407735500856,0.7005960741720751,0.7293067636931916,-4.088838685885349,0.1854089943297546,0.743599554370485,1.3978335101340236,0.014292790677293388
1786799497.034521,-2.7788143771195273,0.7087987434112415,0.7274466006003935,-4.082563833973464,0.1912061474511968,0.7433295940062332,1.4027347367337821,0.015882993405839763
1786799497.101133,-2.769325824801174,0.7172064803409397,0.730055595856373,-4.076373602201753,0.1969784149230331,0.7430818824132726,1.4067733052827847,0.013026286556899525
1786799497.401114,-2.7211735239408843,0.7697722787620255,0.7237230065338731,-4.049130290711459,0.2230173407385486,0.7416820208896653,1.4361093748962213,0.01795901435579217
1786799497.901238,-2.6450594625691513,0.8405239837235443,0.7246844762619578,-4.003446055031844,0.2681719788956689,0.7406814479726144,1.4740423847409867,0.015996971710656616
1786799497.935012,-2.6404919398210485,0.8452064612970096,0.72446874350639,-4.000385240920455,0.2712103600430616,0.7406935285316752,1.476069549387756,0.016224785025285238
1786799498.034508,-2.6271838944774015,0.8574859284121992,0.7217378532642353,-3.99121746455546,0.2803018804188529,0.7407722366535379,1.481124237043564,0.019034383389302523
1786799498.134538,-2.6150441637421347,0.8683360493459268,0.7256753934758574,-3.9820793816557423,0.2893504444124873,0.740918678867833,1.4845907239829588,0.015243285391975614
1786799498.301167,-2.597628304681459,0.8802172397003157,0.7261312971227948,-3.966893353119868,0.3043669987944199,0.7413914804671277,1.4854259566960637,0.015260183344332878
1786799498.501145,-2.580914448427305,0.8882478892260749,0.7273052385208616,-3.948914955832907,0.32218944687638,0.7421377099713459,1.4804889558579446,0.014832471450484275
1786799498.534516,-2.577693765729599,0.8899293204178097,0.729127582261645,-3.945954092881645,0.3251382507946225,0.7422675195457875,1.480245005120547,0.013139937284142533
1786799498.601143,-2.571017907853221,0.8934283820593047,0.7274052527970303,-3.940052794872943,0.3310331402771201,0.7425353794205439,1.4800489619794155,0.015130126623513651
1786799499.034531,-2.523559137356016,0.9141085846196283,0.7310970606313228,-3.9023029266847873,0.3696897398716006,0.744080533345651,1.482338124426892,0.012983472714328204
1786799499.101171,-2.516463625063047,0.9171323535405471,0.7288735058094958,-3.89661254003097,0.3757160783274226,0.7442577996714106,1.482545989355065,0.015384293861914755
1786799499.301135,-2.49570075990639,0.9311284670457592,0.7296994222208992,-3.879790039067461,0.3939229702615073,0.7447331075598554,1.48468612119324,0.015033685338956215
1786799499.401164,-2.4860084457653415,0.9381448284939967,0.7284210441116312,-3.8715142970443632,0.4031074113081385,0.7449325159833803,1.485224394398813,0.01651147187174906
1786799499.56778,-2.470275551754003,0.9526049016214736,0.7275866868009755,-3.8578644833033726,0.4185977109144778,0.7452032783905952,1.486797471979657,0.0176165915896197
1786799499.934632,-2.441278822418536,0.992287544637236,0.7328359178668579,-3.828424371912683,0.4534170421936496,0.7451174955893135,1.4881378275835953,0.012281577722455639
1786799500.034523,-2.431426319578878,1.005054000937468,0.7278050387583184,-3.820420057447384,0.4631619171396447,0.7448703990265432,1.4909562818274287,0.017065360268224805
1786799500.13449,-2.4216278289627833,1.0182701940365357,0.7298409655122727,-3.812372154861456,0.473045585099189,0.7445903694227136,1.4938004064165453,0.014749403910440884
1786799500.33451,-2.403866117557439,1.0429845857260476,0.7264561222867854,-3.7961845512847376,0.4931159648941395,0.7439771738180693,1.4969656379063692,0.017521051531283915
1786799500.401144,-2.3975625565302714,1.051273952586761,0.7275927117155142,-3.790773033837147,0.4998657692504746,0.7437865115648123,1.4983612444026562,0.01619379984929814
1786799500.434602,-2.3946999680275987,1.0551374961586455,0.7288588945447647,-3.788066085011764,0.5032475897662845,0.7437002203070453,1.498683290337655,0.014841325762280588
1786799500.467897,-2.391831362142676,1.0589817549586806,0.727548740888739,-3.785358962981612,0.5066327063324023,0.7436264588151157,1.4990025503041262,0.01607771792637669
1786799500.56782,-2.383817723086782,1.069572298888212,0.7300119419392112,-3.7772425863496304,0.516796817754027,0.7434667338292991,1.4990642354823283,0.013454791890087914
1786799501.001194,-2.3570132109650173,1.0942362403915238,0.7288237379840556,-3.742152290513412,0.5608644955745989,0.7425395432811932,1.4842828867373041,0.013715805297137562
1786799501.134578,-2.348997563026692,1.1018693136908022,0.7253314204976812,-3.731495024000748,0.5742771183577952,0.7423522358059182,1.4797475305524292,0.01702081530823707
1786799501.334633,-2.334558284587943,1.115337261027233,0.7269994463038716,-3.715608305762104,0.5943278954100564,0.7422375512899605,1.4760589148289318,0.015238104986088907
1786799501.467894,-2.3243337902299266,1.1246109354166174,0.7275223843133596,-3.705057520874112,0.6076991418327728,0.74233955411039,1.474311982827944,0.014817169797030405
1786799501.534561,-2.3194595977777506,1.1289589384692884,0.7262945724285247,-3.6997938233676,0.6143904796819024,0.7423807535293651,1.473127039027373,0.01608618110084037
1786799501.567814,-2.316641841311883,1.1315343989032807,0.7267386704818771,-3.697164164347224,0.6177390429356034,0.7423986996054027,1.4730334525097681,0.0156600291235256
1786799501.801233,-2.2988341221216464,1.1493640913548913,0.7255093737477379,-3.678790951382001,0.641249898980817,0.7424964483365398,1.4705308167849624,0.016987074588801887
1786799501.834568,-2.2963537865594645,1.1519775474457443,0.7264467426576401,-3.676169937490946,0.6446207113720539,0.7425036370409583,1.4701372621228517,0.016056894383318254
1786799502.034622,-2.2818855135703933,1.1677073369191486,0.7276003702049678,-3.660459177271927,0.6649127530647756,0.7426071792286091,1.4674016968113268,0.015006809023641265
1786799502.134511,-2.2755837481092156,1.1752649432769207,0.7263548836857112,-3.652615967044511,0.6750945136220068,0.7427070700271666,1.465055695421524,0.01635218634145541
1786799502.201204,-2.2715698309551184,1.1805907102971527,0.7261199610843835,-3.647402348267117,0.6818777552992678,0.742792085465206,1.4634308071021989,0.01667212438082255
1786799502.33455,-2.263106637066721,1.191839714513705,0.7251228584451826,-3.637070381839674,0.6953459982165227,0.7430139374976666,1.4609183352511883,0.017891079052483994
1786799502.367838,-2.2605487805779956,1.1952634656208632,0.7255500772858996,-3.634508170356765,0.6986895417589304,0.7430799811348462,1.460941500067982,0.017529903848946593
1786799503.06791,-2.2605487805779956,1.1952634656208632,0.7285056991177,-3.581280231929317,0.7677495167391069,0.7446442797634434,1.388200181197597,0.01613858064574336
1786799503.134593,-2.255794160680783,1.2013416075341603,0.7303659646501464,-3.576169023560273,0.7742867916241006,0.7447102664355894,1.3877195661645787,0.014344301785442992
1786799503.167871,-2.253215879554597,1.2045956172536545,0.730205414261596,-3.573606493109545,0.7775560585266366,0.7447358858477748,1.387729857386436,0.014530471586178817
1786799503.201223,-2.251148804729805,1.2070713637268302,0.7300161197088733,-3.571039079241405,0.7808260545302023,0.7447535022319641,1.3870095170410457,0.01473738252309087
1786799503.267885,-2.2468828973643906,1.212220829204685,0.7292404680953168,-3.565887914070136,0.7873699633797107,0.7447648423586952,1.3857389697512132,0.015524374263378382
1786799503.301297,-2.2445555129042334,1.2148637782156217,0.728927119215366,-3.5633033287250813,0.7906450273010661,0.7447544818824378,1.3853004549049144,0.015827362667071743
1786799504.068002,-2.2445555129042334,1.2148637782156217,0.7290350704942857,-3.5031972582124635,0.8655500478027637,0.744408093846608,1.3062155738190746,0.015373023352322268
1786799504.301246,-2.224188152433665,1.2337581935659345,0.7308479116180762,-3.484438373761234,0.8886970898077109,0.7442400751860406,1.3066360570882123,0.013392163567964466
1786799504.401298,-2.2158671976917534,1.2420082911551316,0.7295189842726586,-3.476328090400495,0.898701532842395,0.7441462828355672,1.3063771248576415,0.014627298562908564
1786799504.534579,-2.2054261109524105,1.2530945282912158,0.7309511226331443,-3.465440025539861,0.9121338167925946,0.7438914603554131,1.3053310965956633,0.012940337722268769
1786799504.567895,-2.2028865949532626,1.2556085503915775,0.7302280111182275,-3.4627031447714645,0.915510517029986,0.743805805031691,1.3049154805933831,0.013577793913463476
1786799504.634579,-2.1983549489422165,1.26054430888905,0.7287110892735463,-3.4572187868805004,0.9222769124415569,0.7436172734523052,1.303519464361032,0.014906184178758886
1786799504.667892,-2.1957972504718257,1.2633226830008846,0.7273585227920153,-3.454476515835534,0.925659970762305,0.743519783576666,1.3031844076311065,0.016161260784650744
1786799504.734579,-2.1909046465770228,1.2686135455617138,0.7289948669342661,-3.4490008560610432,0.932413989251797,0.743322633014812,1.3022427630749365,0.014327766080545978
1786799504.80128,-2.185836070390322,1.2744671770411846,0.7284540717449295,-3.443543054690154,0.9391434814042268,0.743130620423521,1.3016408257319703,0.014676548678591472
1786799504.83458,-2.1831983865852127,1.277580766496174,0.7287553681256836,-3.4408211632662944,0.9424982664058132,0.7430390444117768,1.3014973416391755,0.014283676286093172
1786799505.001413,-2.168296607919054,1.2950813890336772,0.7262151891800367,-3.4272523991682675,0.9592018949282712,0.7426242447616493,1.3029906825762174,0.016409055581612653
1786799505.501261,-2.121087126947043,1.3470596988339008,0.7260252863676699,-3.3862743330602307,1.0092688711218345,0.7418966810966776,1.3095042229022773,0.01587139472900767
1786799505.601336,-2.1119006076273097,1.356649467310535,0.7253609829317325,-3.3779861968722216,1.019301120262481,0.7419216761346791,1.3102582289570595,0.01656069320294662
1786799506.067936,-2.0769000423945223,1.3859522886167261,0.7256722004742319,-3.339322899927014,1.065678838670579,0.7427594016384336,1.3024156609780568,0.017087201164201704
1786799506.1013,-2.074045888954766,1.388382801744383,0.7258690148344156,-3.3365935991509508,1.0689319989623736,0.7428679975593103,1.3023346482067115,0.01699898272489475
1786799506.201293,-2.0650389193668675,1.3961941887182256,0.725437763918387,-3.3284271574479978,1.0786571931496842,0.7432022588577447,1.3026816893149449,0.017764494939357722
1786799506.368005,-2.0490655722124935,1.410010551048067,0.7287648703914699,-3.314862547930544,1.0947969466869865,0.7438155609171063,1.3044545220555857,0.015050690525636456
1786799506.46798,-2.0390294446848,1.418823267478452,0.7278573140969055,-3.306744646164556,1.1044572984612933,0.744172534710902,1.306111708292578,0.016315220613996484
1786799506.534731,-2.032940793444373,1.4240093453148528,0.7267726094451685,-3.3013372477069245,1.110895891516934,0.7443866279182936,1.3064721964646147,0.017614018473125048
1786799506.567929,-2.0297697037103655,1.4268433249914678,0.7281120019914327,-3.2986342736387004,1.1141159700837455,0.7444791132830093,1.3068342264139698,0.01636711129157664
1786799507.068037,-1.9869541570606495,1.4707293585266066,0.7266704683516942,-3.257926571890993,1.1628183874392577,0.7446629914840855,1.307738523320174,0.017992523132391303
1786799507.567981,-1.9432973219266239,1.5199382417648142,0.7286324793676336,-3.217092574009546,1.2120204206080438,0.7441059099434535,1.3104837766317172,0.015473430575819846
1786799507.601324,-1.9398921836141583,1.5235241599498484,0.7284814080856652,-3.214363544320946,1.2153106431037306,0.7440895029981485,1.3112104412444494,0.015608094912483272
1786799508.067973,-1.896158191623247,1.5672689967558602,0.7289335077673723,-3.175828659744365,1.2616479985948783,0.7442677969986381,1.3156597970213408,0.015334289231265785
1786799508.101307,-1.8934763224128732,1.5700109180329433,0.7295462412631333,-3.173060812548786,1.2649647741853702,0.7443181764518982,1.315442745722009,0.014771935188764962
1786799508.20133,-1.8859444678930724,1.5772454319809182,0.7274183025316704,-3.1647521466029187,1.2749117302262905,0.744450085220781,1.3140604043741375,0.017031782689110653
1786799508.301402,-1.879011253640024,1.5837728472671233,0.7291899617872313,-3.1564530376442703,1.2848342453667678,0.7444933679313672,1.3119534287565586,0.015303406144135945
1786799508.901369,-1.8920161717705284,1.5800983507111046,0.7278199412031694,-3.1069502373991926,1.3439834019114738,0.7442480290287117,1.237665161855842,0.01642808782554228
1786799508.934657,-1.8889013103587764,1.5830621747661675,0.7281919979662529,-3.104193919976232,1.3472873037050803,0.744195020149595,1.2379523079725963,0.016003022183342153
1786799509.134746,-1.8697539486949717,1.6001510602193032,0.7264716653050894,-3.087609252799303,1.3672149926351438,0.7439139647086023,1.2399317534915482,0.01744229940351283
1786799509.167988,-1.8667772547419388,1.6029002340391263,0.7265475107697916,-3.0848390451034846,1.3705524912649067,0.7438848978387648,1.2400241927926443,0.017337387068973142
1786799509.268012,-1.8579881464218748,1.6112134079630034,0.7296467570596631,-3.076535171420513,1.3805859451306528,0.7438195513468472,1.2401797767846077,0.014172794287184098
1786799509.501337,-1.8353164777919861,1.6318236766456184,0.7269998175816896,-3.057151394291405,1.404096521552916,0.7434668643782409,1.2428757863695623,0.01646704679655131
1786799509.534736,-1.8327774467083062,1.634603166745349,0.7261793470004817,-3.054380034589693,1.4074559366544597,0.7433905406486129,1.2425412455353202,0.017211193648131173
1786799510.234903,-1.8383097307727718,1.6548559166806531,0.7276375351620599,-2.996548031674781,1.4776600065527443,0.7429322531824593,1.1717142792688116,0.01529471802039939
1786799510.301332,-1.8321645471956867,1.6616050771502808,0.7274726140383582,-2.991028619553305,1.4843563621287608,0.7429112289152473,1.1723408400196862,0.015438614876889134
1786799510.468035,-1.8189116108436665,1.6762060552261082,0.7297464186226936,-2.97719842898205,1.5011159581650606,0.742881330727915,1.1714456432809794,0.01313491210522133
1786799510.601489,-1.8092711940364228,1.685684625937415,0.7253345427846026,-2.966109019025151,1.5145323673208302,0.7428974704444962,1.1694301385521966,0.017562927659893535
1786799511.568111,-1.8092711940364228,1.685684625937415,0.7264844864367821,-2.8868475900077906,1.6105650200194894,0.7431861337076225,1.0801915776138538,0.016701647270840447
1786799511.835474,-1.7900282941178172,1.707056765587668,0.7261440063546118,-2.864722334370115,1.637531587482553,0.7430630938297768,1.0769405882147611,0.016919087475164907
1786799511.934958,-1.783515579719953,1.7146218476166974,0.7276714060960997,-2.856459740730213,1.6476374306794692,0.7431085990665186,1.075033062169918,0.0154371929704189
1786799511.968105,-1.7813416336797683,1.7172108428751833,0.728025921111629,-2.853718377680935,1.650994667141211,0.7431309456209985,1.0744191281820035,0.015105024509369458
1786799512.101446,-1.771299600595655,1.7290033959841744,0.7292434637232146,-2.842813445529931,1.6643662641852048,0.7431870063555952,1.0734616335449692,0.013943542632380623
1786799512.168108,-1.7655047616526716,1.7350362892440503,0.7286774422262231,-2.8373872713168677,1.6710266502971778,0.7432028675204806,1.0737920415062334,0.014525425294257488
1786799512.301401,-1.7530103871848475,1.7490793000309293,0.7273638065197685,-2.82655865905792,1.6843230389872808,0.743207000762012,1.0754995422528146,0.015843194242243452
1786799512.368124,-1.7463466319769823,1.7566964362975328,0.7249380931694636,-2.821146839713151,1.6909673044368825,0.7432183349113692,1.0768081562306568,0.01828024174190568
1786799512.401528,-1.7435226519863136,1.7600953757316569,0.7250151496350347,-2.81844026522161,1.6942894123574237,0.7432297583385055,1.0769300348950608,0.018214608703470803
1786799512.568092,-1.7280997972088379,1.7776769908941903,0.7269773489680406,-2.804898771530739,1.7108960121965502,0.7434110141816942,1.0788678001574208,0.016433665213653637
1786799512.60144,-1.72464364114601,1.7813130215280635,0.7267236315796171,-2.802189056804264,1.714215276721058,0.7434571424574389,1.0796324514223834,0.016733510877821822
1786799512.868099,-1.7021595158215308,1.8041355152150413,0.7282687328375703,-2.780477198515458,1.7407502530980692,0.7438663568147864,1.080179020470236,0.01559762397721609
1786799513.001603,-1.6921751571596395,1.8133258946046462,0.7292119240486017,-2.7696025975622374,1.7539959720190157,0.7441437688446129,1.0790597430385913,0.014931844796011173
1786799513.401619,-1.6622338898772,1.8397893388201518,0.7294261361426041,-2.737207833544782,1.7933152632436045,0.7445043910369652,1.075978075643239,0.015078254894361098
1786799513.53477,-1.650030325078717,1.8507971743777172,0.7270952268043553,-2.726413768420141,1.8064011343568636,0.7444409988230191,1.0772986240913303,0.01734577201866372
1786799513.601514,-1.643450009185478,1.8567435616893782,0.7299541519184307,-2.720997946045564,1.812969692220888,0.744379684712099,1.0784366962783085,0.014425532793668316
1786799513.701465,-1.63426194006397,1.8646964643428963,0.7295384558053166,-2.7128485939373053,1.8228603896640692,0.7442931251559606,1.0793977149587684,0.014754669350643956
1786799513.868208,-1.6192623276451352,1.8790089972584765,0.728495941913976,-2.6992084440506816,1.8394410489077069,0.7441709556392552,1.0806707347180782,0.01567501372527913
1786799513.968151,-1.6100825066430986,1.8875566448927228,0.7286336469378949,-2.6909947530434373,1.8494447636024491,0.7440847327805773,1.0815839310537625,0.0154510858426824
1786799514.134919,-1.5970301520428085,1.9009136147887158,0.7302437184885567,-2.677261019578632,1.866207699570774,0.7439098233419489,1.0807882437037855,0.013666104853392147
1786799514.501479,-1.5703572192734776,1.9313257937820543,0.725645505227482,-2.6471405470265434,1.9030668533030817,0.7425168048914768,1.0771540756289049,0.01687129966399481
1786799514.568159,-1.5654459114070312,1.938154647579198,0.7261485535783823,-2.641760213126552,1.909668020386976,0.7420961997148884,1.0766912110790023,0.01594764613650612
1786799514.60165,-1.5626920851023482,1.9415351402783478,0.7251323173309708,-2.6390821746878226,1.91295877635836,0.7418990310315012,1.0767693502011992,0.0167667137005304
1786799514.768157,-1.5466800501618811,1.9583363824477764,0.7274068192120328,-2.6257513511283626,1.92936406450061,0.7410659613789463,1.0794601742429992,0.013659142166913552
1786799514.901539,-1.5335402585131381,1.972283976801062,0.7248388172925407,-2.615077657613664,1.9424967587333508,0.7406005674228038,1.081947514444829,0.01576175013026304
1786799515.468271,-1.486498177440889,2.014362609663278,0.7247378534410404,-2.5689644830891587,1.998871632919948,0.7408376195384891,1.082577144236971,0.016099766097448787
1786799515.501526,-1.484007327497141,2.0167533882397892,0.7257781797408239,-2.56625183699503,2.00216598513165,0.7409572366170775,1.0823428156863082,0.015179056876253538
1786799515.668246,-1.471619451710085,2.0268559558027666,0.7278823021852101,-2.552797086523112,2.018478176868181,0.7417892266683969,1.081210092997549,0.013906924483186756
1786799515.734795,-1.4658071173960319,2.031943489518164,0.7264146219108988,-2.5474651685170326,2.024933273326167,0.7421833228748012,1.0816807674568039,0.01576870096390237
1786799515.768154,-1.4633754220978092,2.034217890452475,0.7258898935365911,-2.5448076736927328,2.028149471981473,0.7423686418083766,1.0814492778176907,0.016478748271785526
1786799515.968214,-1.444952292229269,2.0505224778173203,0.724594443293832,-2.5289266713309297,2.047366109740172,0.7433795986390308,1.0839789745231543,0.018785155345198756
1786799516.001643,-1.441933770151702,2.0532320352454767,0.7244127845983308,-2.526285195004393,2.050563480760398,0.7435230394996789,1.0843547084617198,0.0191102549013481
1786799516.301641,-1.415441196592916,2.0768648103055396,0.728497609034012,-2.502501142535003,2.0793999157343497,0.7447002106841284,1.0870629019661873,0.016202601650116444
1786799516.334903,-1.4126391591434524,2.079419515192599,0.7300060534090604,-2.499855928736304,2.082614150012952,0.7448160151571004,1.0872214630771189,0.014809961748039946
1786799516.368137,-1.4095439116949577,2.082085316379257,0.7296930787117032,-2.497209721632258,2.0858312514223583,0.7449201175641921,1.0876722604424143,0.015227038852488883
1786799516.501545,-1.399427095784213,2.092489705541044,0.7303028531853931,-2.486605310580888,2.0987405555892344,0.7452060578103707,1.0871961846211613,0.014903204624977628
1786799516.56823,-1.3946558850108357,2.097313906641256,0.7312946095538737,-2.4812879843475435,2.105223821299099,0.7453060660705361,1.0866608882529982,0.014011456516662357
1786799516.601523,-1.392309625784196,2.099733021701839,0.7312584922466885,-2.4786274611243218,2.108470218084816,0.7453366913900968,1.0863529711740523,0.014078199143408354
1786799516.66849,-1.3876033300265462,2.104458979185588,0.7312100647019515,-2.4733073076255963,2.114966517100099,0.7453616850625234,1.0857548228432712,0.014151620360571937
1786799516.701487,-1.3853426263335258,2.106895149267707,0.7303177830682496,-2.4706484314348973,2.1182152674624497,0.7453577079797103,1.085364839886883,0.015039924911460778
1786799516.7349,-1.3831748342240147,2.109270626354039,0.7289315951166105,-2.467990343854954,2.121464295873256,0.7453433892930079,1.0848840378179498,0.016411794176397376
1786799516.868215,-1.3722969586576956,2.1210288326754747,0.7291018194269743,-2.457357105719923,2.1344707418111666,0.745187525634462,1.0851434041931578,0.016085706207487727
1786799516.90151,-1.369317003155751,2.1242080616861694,0.7287447828921295,-2.454696659216326,2.137726437668889,0.7451283754825455,1.0854638383103248,0.016383592590415996
1786799517.00161,-1.359946735490903,2.1341374258546333,0.7268272840065564,-2.446702070544015,2.147510313752047,0.7449752888548065,1.0868376108679338,0.018148004848250077
1786799517.168273,-1.3434473148526889,2.15125796777186,0.7282001827291736,-2.433301655278931,2.163901744839804,0.7448903183122795,1.089927680373548,0.016690135583105836
1786799517.368188,-1.3244738802398797,2.171634211994834,0.7321896631535862,-2.417096212180679,2.1836881593224127,0.7447799250843798,1.092688820251185,0.0125902619307936
1786799517.834858,-1.2870722850871852,2.2058442648947363,0.7226881929333896,-2.378686205185888,2.2303332633566915,0.7430149736597459,1.0918885756334877,0.020326780726356297
1786799517.934933,-1.2801686082907258,2.2118402017488297,0.7272537747634316,-2.3704409482074817,2.240301038292364,0.7427187428073706,1.090643752287756,0.015464968043939042
1786799518.034855,-1.2725548369610777,2.2185335931209953,0.7267199890476886,-2.362219631582384,2.2502298152445186,0.7425671324796216,1.0901256877690741,0.015847143431932942
1786799518.468257,-1.2327764926351448,2.252169325513143,0.7279465575674859,-2.3266699813422167,2.2931660464132357,0.7427389217838449,1.0946614525780511,0.014792364216358989
1786799518.634871,-1.2174778228019982,2.265756678203074,0.7262688256590057,-2.3130140887339907,2.3097113504467965,0.7428568936562843,1.0964176773402856,0.01658806799727852
1786799518.868252,-1.1982640956491764,2.284250964263263,0.7284737457803303,-2.293895342596601,2.332961302430275,0.7431391840504497,1.0967135115115128,0.014665438270119346
1786799518.901525,-1.1955898169672918,2.2870135287933966,0.7280643173607398,-2.291167296812471,2.3362875801526783,0.7431874784997194,1.0966849805123033,0.015123161138979602
1786799518.93491,-1.1932796791594247,2.2893341262661204,0.7275292494866873,-2.288440311944296,2.339614690283282,0.7432306181161931,1.0963142554576422,0.015701368629505774
1786799518.96821,-1.1909407980126965,2.2917151685919244,0.7278396884062796,-2.28571535978326,2.342941415697782,0.7432682777434026,1.0959723853694852,0.0154285893371231
1786799519.00159,-1.1887782626120578,2.293866818307695,0.7280227720861274,-2.282993721565916,2.3462661754679304,0.7433017914921562,1.0954693803317412,0.015279019406028826
1786799519.101513,-1.1817986278353565,2.3013983380899377,0.7275047386315755,-2.2748571829997184,2.356217328085507,0.7433805664370547,1.0944323307916926,0.015875827805479248
1786799519.134877,-1.1791794540962197,2.30429289575467,0.7266990280455066,-2.272155234323049,2.359525230059305,0.7434004519186732,1.0943704431842014,0.016701423873166643
1786799519.234906,-1.1714572868142832,2.313094383525976,0.7289902100896891,-2.264075127187013,2.369425242831644,0.7434634248209844,1.094068969860165,0.014473214731295259
1786799519.268213,-1.1683442030128037,2.316523199528063,0.7279664962044949,-2.261388211136176,2.3727193031565097,0.7434800906676571,1.0944876453196837,0.01551359446316214
1786799519.901694,-1.1683442030128037,2.316523199528063,0.725956251624399,-2.210036337564877,2.4356150859732515,0.743371267360451,1.048477649072563,0.017415015736051975
1786799520.10154,-1.153164896735633,2.3320510306928157,0.727643789296881,-2.193613837828679,2.4556256839120114,0.7435757706378696,1.0477617543792506,0.01593198134098861
1786799520.16825,-1.148985567940595,2.336465015317217,0.7289699042190219,-2.188133591902215,2.462288927693232,0.7436835213078439,1.0467379197434985,0.014713617088822017
1786799520.201578,-1.1467874695552056,2.3385227450043637,0.7295687495569498,-2.185397146391605,2.4656136332572944,0.7437424030093108,1.046356609715411,0.01417365345236099
1786799520.40167,-1.1329089958477734,2.350163586316901,0.7271889532831184,-2.169071171740635,2.48542085570249,0.7439623510968809,1.0449529097871708,0.016773397813762525
1786799520.434945,-1.1303991611622468,2.3524562735321566,0.728275057962944,-2.166361977596402,2.4887042927343286,0.743965416346654,1.0448839551695213,0.015690358383710024
1786799520.668259,-1.1101924088617254,2.370356342000349,0.7280345817245388,-2.147396209817164,2.5116860977201214,0.7439004564665239,1.0467883379978111,0.015865874741985087
1786799520.734895,-1.1044025237006867,2.375499430888354,0.7294647400633778,-2.1419647307888314,2.5182715943682683,0.7438670530764175,1.0473391161616936,0.014402313013039736
1786799520.768241,-1.100954465106631,2.378482082679359,0.7273357543653448,-2.139245879842044,2.5215695726337084,0.74384947434695,1.0481045232679331,0.016513719981605224
1786799520.901644,-1.0885500134398405,2.3888185211850845,0.7270009889647792,-2.1283502272383616,2.534799058756546,0.7437920977621516,1.0499975247423696,0.016791108797372445
1786799520.968354,-1.0821026402183214,2.3943796970837266,0.7297987767636209,-2.122892276340038,2.5414356455514,0.7437845911367228,1.05112726091473,0.013985814373101868
1786799521.101584,-1.0703158056140862,2.404997482160063,0.7272036255867657,-2.111964560906358,2.5547462473434,0.7438304030131079,1.0523577443416634,0.01662677742634222
1786799521.168312,-1.0650506691174981,2.409936519641309,0.7271183279806924,-2.1064977008702352,2.5614176367170733,0.7438328842122682,1.0524060284781287,0.016714556231575806
1786799521.434922,-1.0442961215260442,2.430895035394141,0.7286565642165992,-2.084603384517492,2.5882210528206,0.7438254210047048,1.0521362445957405,0.015168856788105645
1786799521.468274,-1.0420015121736195,2.433448771727339,0.7286985490543699,-2.08187776975504,2.591566620218688,0.743857216850137,1.0518288287991893,0.015158667795767022
1786799521.668338,-1.0260848002561145,2.451236911801928,0.7266144853376807,-2.065637203548329,2.6115296913070143,0.7439599344401095,1.0518379030782667,0.017345449102428856
1786799522.234942,-0.9759691666272468,2.5060401125125886,0.7295023965791977,-2.0196249155752466,2.668075243727884,0.7437012221701547,1.056159413185419,0.014198825590956976
1786799522.401653,-0.9625753337096016,2.519997802700635,0.731413770304999,-2.005943864740107,2.684809932482024,0.7437578248003797,1.056305320287573,0.012344054495380674
1786799522.434933,-0.9603350710731701,2.5223450683346957,0.7323232205009462,-2.003201187032944,2.688158706953556,0.7437396202843979,1.0559658605130426,0.011416399783451658
1786799522.468308,-0.9575948187501744,2.524899473352805,0.7303390056356492,-2.000455193224855,2.6915095251973127,0.7437018436934569,1.056085541054843,0.013362838057807691
1786799522.534954,-0.9531122658102121,2.5293735767964076,0.7285281604886381,-1.9949513152226,2.698219737761591,0.7435578895289633,1.0554324378913076,0.01502972904032518
1786799522.568284,-0.9509023097683794,2.531442711657921,0.7268396781047657,-1.9921959640315643,2.701576160270632,0.7434661452575184,1.0551008789426874,0.016626467152752733
1786799523.468324,-0.9509023097683794,2.531442711657921,0.7248799785070741,-1.9180051100665096,2.791769089284175,0.7428736989431992,1.00152765774715,0.017993720436125127
1786799523.535028,-0.9454015757741766,2.536639185250679,0.724129972690234,-1.912511298893926,2.7984779525692103,0.7428685607621318,1.0019285187195972,0.018738588071897766
1786799523.801686,-0.9251991842916698,2.5574672301843027,0.7262147325087414,-1.8905799505506924,2.8253403631211302,0.7432396351372557,1.0018562966874285,0.017024902628514305
1786799524.16834,-0.89600503144099,2.59055355817318,0.7296966708352551,-1.8610315442997536,2.861684932285475,0.7442913147558309,1.002391337027793,0.014594643920575745
1786799524.401777,-0.8747442576742225,2.6143844273836505,0.7283013873483049,-1.8423616276611536,2.8846536045444315,0.7444314888126539,1.0046535735384567,0.01613010146434901
1786799524.535038,-0.8624556025984468,2.6271332548023936,0.7279787189124047,-1.8316214745241188,2.897841909262773,0.7444638246089544,1.006263217505836,0.016485105696549707
1786799524.60172,-0.8564531140445577,2.633214341536987,0.7263343429988648,-1.826229646604943,2.9044528040973083,0.7444879151473219,1.0069939556307828,0.018153572148457142
1786799524.935017,-0.8312320564794016,2.6572902811703876,0.729022291775281,-1.7990723290938857,2.9376314513320403,0.74464190363975,1.007623920409834,0.01561961186446903
1786799525.00169,-0.8269522745887353,2.6611604169532415,0.7283727146074809,-1.793618076323834,2.9442713492741155,0.7446467273172211,1.00727085346681,0.01627401270974027
1786799525.268423,-0.8071301430234947,2.6951160099490736,0.72634562281579,-1.771830087521983,2.97073918766006,0.7444921316021603,1.0033016091918163,0.018146508786370363
1786799525.401758,-0.7918703292272672,2.720041463231566,0.7291559626894721,-1.760738274446059,2.9841666519408387,0.74436866302452,1.0042246813254454,0.015212700335047846
1786799525.601755,-0.76809595226906,2.760481826145594,0.7284542297850146,-1.7434821710330173,3.0047929723685587,0.7442322208297382,1.0055178824483575,0.01577799104472355
1786799526.001823,-0.7252361004535884,2.8415333101087485,0.7274466655415782,-1.7066159095842983,3.046673429844432,0.743531747876671,1.0025910424966897,0.01608508233509276
1786799526.035062,-0.7212235117302683,2.848141494266273,0.7277083186345044,-1.7034067756562363,3.050139314375662,0.7434774228652941,1.0027397884123344,0.0157691042307897
1786799526.235075,-0.6960887014190426,2.8865523537115125,0.7273631170943803,-1.6837180696323284,3.070696606395446,0.7432134597196809,1.0046496278573434,0.015850342625300606
1786799526.301767,-0.6874937906248043,2.899338725374064,0.727171587564974,-1.6769884825524424,3.0774328954891086,0.7431395690922014,1.0053940912805972,0.015967981527227337
1786799526.334984,-0.6832753005048241,2.9057767814448416,0.7281737287199918,-1.6735917915120986,3.0807753197101624,0.7431045217871548,1.005659604814651,0.01493079306716305
1786799526.368486,-0.6789711354431072,2.912177201404795,0.7275437267747427,-1.6701737629393802,3.084099774831881,0.7430713893779177,1.0060019980145702,0.015527662603175063
1786799526.43501,-0.670397296318935,2.924503933318534,0.7273620058735127,-1.6632730567244458,3.0906918193125312,0.7430153026919186,1.0066879799878288,0.015653296818405882
1786799526.468368,-0.6657502442336501,2.9311484828953716,0.7262303700397222,-1.6597902730486227,3.093957761975536,0.742995047382729,1.007284686789725,0.016764677343006795
1786799526.501686,-0.6611689515757554,2.937421420652141,0.7269554505829853,-1.6562860184376922,3.097202680736963,0.7429736626828665,1.0078630997482732,0.01601821209988119
1786799526.668382,-0.6382925467515086,2.9683289734733163,0.7264160192854102,-1.6384332495093967,3.1130881630997527,0.7429128675794079,1.0105625405160954,0.016496848293997668
1786799526.80183,-0.6184555763933764,2.992402701102792,0.7261071244800283,-1.6237368424628509,3.125362969785251,0.7428111561441013,1.014035924885483,0.01670403166407297
1786799527.368427,-0.5266526958902731,3.088067444882589,0.7261062761643984,-1.5567625127325742,3.172621792537143,0.7426848152997291,1.033574222038343,0.016578539135330694
1786799527.901848,-0.4381944805878766,3.1359921626610068,0.7258371268505379,-1.4872625939142432,3.208277296232633,0.7431459335837105,1.0515555367804452,0.017308806733172588
1786799528.168449,-0.40749133690241196,3.1357022723599433,0.7273577757165816,-1.4524269910377643,3.221887594785321,0.7427745870956804,1.0484838725916785,0.015416811379098894
1786799528.301726,-0.39448863325796185,3.130577313094455,0.7281168978964757,-1.4348056304303056,3.227885017776364,0.7424997703191568,1.044858001833811,0.014382872422681103
1786799528.601835,-0.3641912517010223,3.1057051939774207,0.7261991639385639,-1.3942037499974584,3.24016031622334,0.7419188795611746,1.0387511379271894,0.015719715622610764
1786799528.66838,-0.3566204201172019,3.1002682177427308,0.7259813416029969,-1.385062529404529,3.2427568422994564,0.7418712940140495,1.038265948725775,0.01588995241105262
1786799528.935067,-0.31868954395260185,3.0829340375135175,0.7265065126035589,-1.3489432417238116,3.252850771461611,0.7418431683794552,1.044171622984861,0.015336655775896268
1786799529.301813,-0.2514688566868972,3.0865482635085035,0.7247273846132218,-1.3023813174529129,3.2660691607552264,0.7420046412115947,1.0661354288933234,0.01727725659837287
1786799529.435099,-0.22895989993395133,3.091321443017812,0.7222697239538386,-1.2864377793381276,3.270782711539457,0.7423497528246645,1.0725976936058328,0.02008002887082594
1786799529.635104,-0.19427342777497375,3.1033650223088265,0.7262155748188115,-1.2633901872979425,3.277901716636923,0.7431163595906518,1.08326991242251,0.016900784771840316
1786799529.66841,-0.18793520882199105,3.1055545013556936,0.726865723080304,-1.25961533097839,3.2791045713840865,0.7432528988217845,1.0856417047221492,0.01638717574148052
1786799529.70182,-0.18144932359226176,3.1077611899592563,0.7278622139645616,-1.255849661240119,3.280314344799928,0.7433871598039101,1.0881684965037806,0.015524945839348492
1786799529.735118,-0.1751391909756041,3.110217537552444,0.72914965924141,-1.2520903141951576,3.2815320008715654,0.7435168645706604,1.0904918005864035,0.014367205329250399
1786799529.868589,-0.14954221322195918,3.1209481477728205,0.7319892771578282,-1.237068427832203,3.2864876777320022,0.7439252182584541,1.1000530002884374,0.011935941100625902
1786799529.901767,-0.14324876572482376,3.12355072959261,0.7313593324989681,-1.2333071076020967,3.287749473570792,0.7439713778698783,1.1023558482723455,0.012612045370910208
1786799530.00178,-0.12436873045972383,3.1310548620772622,0.7283933219817842,-1.2219736059496256,3.2915919873572603,0.7439856961788689,1.109282935635615,0.015592374197084702
1786799530.068439,-0.11223529687621144,3.1364327999450814,0.728416184622402,-1.214367162680863,3.2941982229529176,0.743922071429295,1.113366327099434,0.015505886806893021
1786799530.13516,-0.1002796345417472,3.141318571484996,0.7275929101420581,-1.2067175237278676,3.2968353223763995,0.7438297076186685,1.117313860307146,0.016236797476610443
1786799530.235087,-0.083441867062706,3.1480402295367376,0.7287207359695393,-1.1951798388518649,3.300836190822168,0.7436819559295815,1.1221888984048147,0.014961219960042182
1786799530.501819,-0.04523603265755938,3.1585768620203414,0.727086990796155,-1.1642025773254918,3.311656381571829,0.7434162374868432,1.1293889796665302,0.016329246690688137
1786799530.635194,-0.02901707991299225,3.1619038004552795,0.7276393114637563,-1.1486220422451967,3.317136895875423,0.7432393102438208,1.130315259382362,0.015599998780064572
1786799530.736193,-0.020193651238865545,3.162872043313681,0.7265776425639429,-1.13687644562019,3.321294636504709,0.743120935783604,1.1278644339195438,0.016543293219661193
1786799530.901869,-0.006395662712106169,3.161358161534005,0.727095662189536,-1.11739043059012,3.328286145315784,0.7428997831056842,1.123465320346726,0.015804120916148134
1786799530.93514,-0.0026278350102980196,3.161225155639626,0.7273747181937151,-1.113501212153149,3.329699211883698,0.742846911444048,1.1235760622548405,0.015472193250332889
1786799531.101897,0.01452829479832315,3.1597023556235335,0.7264442822109539,-1.0940326276606862,3.3368842140961914,0.7426284539388728,1.1226311637287623,0.01618417172791886
1786799531.135136,0.01797808330338522,3.159420583274092,0.7279922625898357,-1.0901336027832178,3.338348844666892,0.7425943095533619,1.1224646237484477,0.014602046963526183
1786799531.168498,0.021543425504804387,3.159245445022476,0.7261199559201129,-1.086233287438222,3.339823654415324,0.7425642683588993,1.1223982071646335,0.016444312438786413
1786799531.201803,0.025103810915987467,3.158858309795621,0.7256826065631634,-1.082332449593466,3.3413088680401843,0.7425376914243682,1.1223650374521275,0.016855084861204794
1786799531.535173,0.06305756288971438,3.159367741637097,0.7228686460527576,-1.0434730343462644,3.356753889058079,0.7424265514891091,1.1239978887049162,0.019557905436351497
1786799531.768614,0.0893588508737969,3.1642136767748195,0.7243451931670154,-1.0165820683121822,3.3682295403826124,0.7424552016483534,1.124601169007734,0.018110008481338036
1786799532.035237,0.11624877009371197,3.1759204347858443,0.7246347541882949,-0.9861190881952328,3.382058631206103,0.742783830929743,1.1214757469566394,0.018149076741448056
1786799532.335183,0.14702996296199833,3.1926291304100185,0.7281693281543421,-0.9525071126218202,3.398300288958956,0.7437530142091512,1.1186073511479702,0.015583686054809087
1786799532.401787,0.1551773949987074,3.1968616761425674,0.728105251515558,-0.9450881088426376,3.402002065696493,0.7439748790109149,1.1192259639454336,0.01586962749535681
1786799532.635159,0.18373903825781102,3.211957402963655,0.7267865014055154,-0.9190891231569768,3.415220546030342,0.744557419050343,1.121403521904078,0.017770917644827633
1786799533.13572,0.2291011366402459,3.2341802160853037,0.725465366602388,-0.863257909150334,3.444395627634258,0.7443716081139492,1.1124022672456229,0.018906241511561173
1786799533.168486,0.23171357216264757,3.2354423107747956,0.7274203786651158,-0.8595094873734506,3.4463756458484296,0.7442948160140369,1.1114227987173058,0.016874437348921134
1786799533.202213,0.2340760198339599,3.236666563469719,0.7283560177720427,-0.8557556974391988,3.448360066488615,0.7442266234144056,1.110201473244822,0.015870605642362867
1786799533.601833,0.25690443516874006,3.244801508055118,0.7291525920574585,-0.811074678867088,3.4721048654279048,0.7436091444807468,1.0919002721355524,0.01445655242328825
1786799533.635167,0.2591808558154065,3.245491758489398,0.7298738158161443,-0.8073773739728753,3.4740821727249727,0.7435679292234683,1.0907795538097993,0.01369411340732396
1786799534.138112,0.3024421359905512,3.261753219639347,0.7279648048169842,-0.7517369447800808,3.5041475307880217,0.7429202852678106,1.081687818370742,0.014955480450826397
1786799534.201857,0.3075876186108847,3.2639804415730036,0.7271129068986775,-0.7442847927674476,3.508222572024156,0.7428642221405498,1.0798563738322726,0.015751315241872343
1786799534.268482,0.31297104336501413,3.2663643247053358,0.726774989924197,-0.7368286261603983,3.512311154946453,0.7428138237623769,1.0782250180001012,0.016038833838179944
1786799534.435248,0.32628368293502097,3.272630243244554,0.7249546229608533,-0.7181633817473801,3.522591112241795,0.7427043790268757,1.0739413889749942,0.01774975606602236
1786799534.468583,0.3287716538270449,3.273789155101735,0.7259111630169213,-0.7144260871803112,3.524656363392609,0.7426937856279704,1.0729379679359416,0.016782622611049125
1786799534.768626,0.3514490613086055,3.2880330046346646,0.7250520946105643,-0.6810880982687408,3.54313733974408,0.742873741153414,1.0635841328732163,0.01782164654284968
1786799535.435223,0.413476735165378,3.322599951899936,0.7283174215944013,-0.6087817959160701,3.5828981693384025,0.7445297671727847,1.0548780338837487,0.01621234557838347
1786799535.468671,0.41657644646791714,3.324091386052369,0.7283564360967303,-0.605174397509836,3.5848473368067038,0.7446163267459873,1.0544991479479953,0.016259890649257036
1786799536.668531,0.41657644646791714,3.324091386052369,0.7288567103161608,-0.4737124876860347,3.653409081652696,0.7445065781814596,0.9492441892961417,0.01564986786529876
1786799537.168676,0.4627185059066929,3.3450430431393263,0.7259035241175374,-0.4164862555338107,3.6825765226641023,0.7428588193380768,0.9417695378062274,0.0169552952205394
1786799537.401977,0.48766022837634676,3.3566200231747887,0.7252567100712238,-0.3898062537638241,3.696087929095417,0.742744641109591,0.9408431784466438,0.01748793103836721
1786799537.437564,0.4919902305470326,3.3585853770915137,0.7244091227481017,-0.3859986463880757,3.698008731275245,0.7427527508216054,0.9413143371834445,0.01834362807350376
1786799537.501873,0.49961212702744806,3.3620840043921625,0.7272551213905014,-0.3783812927509472,3.701844732645134,0.7427760982478933,0.9414402783167665,0.015520976857391844
1786799537.535287,0.5037577627144504,3.36417064879903,0.7281210293578587,-0.3745687529405585,3.7037611034623623,0.7427910871071072,0.9416895162425443,0.014670057749248455
1786799537.602007,0.513053697718476,3.3702232392197793,0.7285354594022379,-0.3669122945651425,3.707601516475133,0.7428054075659039,0.9424246651799196,0.014269948163666002
1786799538.26871,0.513053697718476,3.3702232392197793,0.7290978729221995,-0.2849631730166033,3.746528753559775,0.7435093329495943,0.8822906358454095,0.014411460027394796
1786799538.935312,0.6346998072399493,3.4549449275754225,0.7277046287634088,-0.1960143154832417,3.779370492619357,0.7432824987310911,0.8918171903175207,0.01557786996768229
1786799539.101957,0.6691235633447645,3.4726412666337594,0.7310790670104185,-0.1727783022128692,3.785825881950002,0.7430693020243498,0.898266861517337,0.011990235013931372
1786799539.135324,0.6763401159474054,3.4758762510113446,0.7306940795106501,-0.1680864897918853,3.7870152428693102,0.7430334666958712,0.8999243105588218,0.012339387185221096
1786799539.16868,0.6837490890812165,3.4796382124263787,0.7295010165224286,-0.1633805482266351,3.788169383524333,0.7429953171685325,0.9015653642107195,0.013494300646103907
1786799539.201934,0.6910820564447359,3.482704110641072,0.7292972933427981,-0.158660407849372,3.789287716624081,0.7429551297759186,0.9033580481083722,0.013657836433120463
1786799539.635334,0.7866496577755285,3.521255156567375,0.7252823303461226,-0.0958762268355176,3.800341810373004,0.7420015567715347,0.9256032072875139,0.016719226425412126
1786799539.668689,0.7947321951282499,3.5235347571552755,0.7248244029756158,-0.0909454770074366,3.800906979844335,0.7419804545216737,0.9280949783503614,0.017156051546057927
1786799539.835357,0.8354507342965871,3.5336925741438505,0.7256937477908972,-0.0661505124647259,3.8030680126466665,0.7420302531196986,0.9409824307765466,0.016336505328801376
1786799539.902,0.8527420754700831,3.5367274546679823,0.7278700633053407,-0.0561786877270595,3.803614160375472,0.742100956557614,0.9472937598518594,0.014230893252273336
1786799540.068695,0.8950199422549134,3.544956682614899,0.727182455857621,-0.0311322538585519,3.8041624580106377,0.7422713250212853,0.9617408821321369,0.015088869163664365
1786799540.101972,0.9032630294004185,3.5463941012516558,0.7271499349581668,-0.0261013897431193,3.804129372398192,0.742293082028102,0.9644406117345867,0.015143147069935137
1786799540.135274,0.9119954458321575,3.5476544065383937,0.727258854467485,-0.0210627503225339,3.80404818901654,0.7423122461418593,0.9676442368478705,0.015053391674374361
1786799540.235312,0.9385930368685454,3.5502333026336665,0.7248470960035815,-0.0058999829671547,3.8035123976187526,0.7423621401139192,0.9778636737678849,0.017515044110337663
1786799540.501941,1.0106494157277486,3.5545573576319685,0.7264236763640689,0.0348464714931795,3.7998864959122702,0.7425021591235298,1.0061698524932103,0.016078482759460888
1786799540.568682,1.029312222788769,3.5538352017519044,0.725781919958143,0.0450912406694749,3.798469386062994,0.7425714796738663,1.014168046123235,0.016789559715723268
1786799541.001994,1.1490590096965452,3.5403456228942827,0.7276877564049967,0.1118633465229119,3.784108944666275,0.7431232451478482,1.065455489801197,0.0154354887428515
1786799541.035327,1.1588544664835205,3.5389791470455476,0.729033499062494,0.117001991785458,3.782626354537346,0.743167032815165,1.0699628688664988,0.014133533752671013
1786799542.168829,1.1588544664835205,3.5389791470455476,0.7300775663670876,0.2736407336022955,3.709655998948648,0.7427662842643732,0.9015175764548718,0.01268871789728554
1786799542.502023,1.18725573253421,3.4838215684184073,0.7294370215207218,0.3150468426979569,3.6855173561649854,0.7420609907814723,0.8952259705259347,0.01262396926075049
1786799542.802101,1.2354299364575616,3.4448566578092734,0.7258502229940996,0.3497389505218672,3.665962734259984,0.7414241152982615,0.9128726195977015,0.01557389230416184
1786799543.102149,1.2895450644356234,3.4205437369012484,0.7251738760570937,0.3825007429756385,3.648590365619119,0.7408897056018848,0.9352725089311622,0.015715829544791116
1786799543.368814,1.3472724840616235,3.40110546712813,0.7252245604266828,0.4113881365377737,3.634448441130993,0.7410834225692458,0.9645353572869388,0.015858862142562935
1786799543.502043,1.3740996478037326,3.391187236136599,0.7235328702935807,0.426015931698215,3.627637621667439,0.7413537451269423,0.9771241055066293,0.01782087483336159
1786799543.668803,1.4045015134003473,3.3809554416084735,0.7275471347748289,0.4444083982364628,3.6193002216020194,0.7418744516634278,0.9892355755507702,0.014327316888598896
1786799543.902101,1.43827936514735,3.364934878426693,0.7281052573653654,0.4701197279650926,3.6079188117927927,0.7427043218118753,0.9981854912504697,0.014599064446509935
1786799543.968821,1.4472155920048526,3.3601261198072327,0.7262309963211246,0.477436954675364,3.604726359246935,0.7429104258874251,1.0001499300377916,0.01667942956630042
1786799544.602152,1.4785761407031295,3.3127179008158287,0.7259667139464401,0.5476071953183961,3.575634168647706,0.7440109398593013,0.9673821071124926,0.018044225912861256
1786799544.635458,1.4808097702364367,3.3100089809753985,0.7264796181586743,0.5513754554695288,3.574183038214358,0.7440548720784222,0.9662484556180799,0.017575253919747902
1786799544.802119,1.4902804784824228,3.2975236115358,0.7288055253357023,0.5703795732799272,3.56708591948613,0.7443370485551617,0.9585830758259188,0.015531523219459387
1786799545.035494,1.5083522079777918,3.281726279161552,0.732015089033031,0.5973262201524837,3.5576995001211524,0.7445925786217021,0.9519083827658494,0.012577489588671109
1786799545.168837,1.5197086664057708,3.2742259636241804,0.7285102708057347,0.6129039427892959,3.552645925617215,0.7445644107325247,0.9485844622432703,0.016054139926789945
1786799545.235536,1.5259822887520529,3.270413473058403,0.728303681461462,0.6207480231514689,3.550203662655985,0.7445381628682541,0.9474870056166889,0.01623448140679218
1786799545.368854,1.5386348069807612,3.2644731304782826,0.7305920598012546,0.6365683544224529,3.5454780477826207,0.7444928063875981,0.9448214902193687,0.013900746586343438
1786799545.602137,1.561477184601565,3.259855617849449,0.7311261165251972,0.6647048908767987,3.537692138544351,0.7443927104904872,0.9388256915020099,0.013266593965289952
1786799545.835421,1.5915638644768733,3.254535813572402,0.7302491890436814,0.6932394538781068,3.530490855768794,0.7440922606611552,0.9397541870038322,0.013843071617473779
1786799546.235501,1.6406531591271982,3.2454879564973655,0.7259029191102556,0.7433122506750761,3.518944784199004,0.7430373025780102,0.9380828015683494,0.017134383467754533
1786799546.268772,1.6448983198333813,3.2448571099421732,0.7260856397988551,0.7475110028295002,3.5180179475693416,0.7429687652076279,0.9380409585581007,0.016883125408772792
1786799546.502206,1.6679436753257828,3.240934604060884,0.7282553691235106,0.7768311367794671,3.5116577770142543,0.742704502820095,0.9313284021914071,0.014449133696584404
1786799546.668892,1.680329430127464,3.238431654419049,0.7262246192961281,0.7976861452476084,3.507221010944046,0.7424790415896884,0.9226629322372413,0.016254422293560222
1786799546.702381,1.6821655792844645,3.237954099894856,0.7266071268030047,0.8018517403081877,3.5063408897600565,0.7424347738543638,0.9203172953211829,0.015827647051359195
1786799546.902253,1.6907772532285108,3.2354997541081527,0.725338467699129,0.8265939038532711,3.501149382288504,0.742332121737716,0.9040921337395688,0.01699365403858699
1786799547.235603,1.7124691450142038,3.2284224249271625,0.7284614267067367,0.8671025091707945,3.492804912788593,0.7426033464376955,0.8857442344633145,0.014141919730958796
1786799547.368749,1.7220003826290666,3.224968419801117,0.7236347158642891,0.8832361751027181,3.4895439017921124,0.7427042722724927,0.879503030977194,0.019069556408203625
1786799547.468842,1.7292690815521725,3.2227462503943674,0.7262819165498972,0.8953518463041544,3.487120696484698,0.7427660332258917,0.8748210119728878,0.016484116675994587
1786799547.502112,1.731640690688423,3.221884927059092,0.7268064700535427,0.8993936295691912,3.486317379052228,0.7427868884889988,0.8732466389335263,0.015980418435456056
1786799547.968914,1.772169785820906,3.2139459098641283,0.7262155013303272,0.9561553374671156,3.475270125594169,0.7430911607840633,0.8568371640218821,0.016875659453736147
1786799548.135552,1.7850402585668128,3.212131407012804,0.7277023612118573,0.976453874010516,3.471387223028376,0.743174810817183,0.849132215516361,0.015472449605325678
1786799548.30218,1.8008405214913112,3.210319009867449,0.7274516139983711,0.9965153516284672,3.467542770269068,0.7434317977510007,0.8444542863826571,0.01598018375262955
1786799548.368773,1.8083953460618214,3.2090464749396728,0.7287712141057568,1.0044846486280423,3.4660077156114,0.7435812216020153,0.8439795546433684,0.014810007496258493
1786799548.568807,1.8307170947050075,3.2053052673115476,0.7300909013377069,1.0282818663795237,3.461372333931669,0.7440264198897817,0.8423019875704942,0.013935518552074755
1786799548.602188,1.8344985627207562,3.2046887323011517,0.7303711202822359,1.0322406682275145,3.4605914209170603,0.7440555146472931,0.8420830810066071,0.013684394365057195
1786799548.70212,1.8454847489339603,3.2032106499588764,0.7270707162611538,1.0441280226963892,3.4582246115738844,0.7440512881409834,0.8409546499691755,0.016980571879829598
1786799548.902236,1.8653893789273523,3.1997362164287346,0.7276242417207193,1.0680168648758506,3.4533585100506903,0.7438508440128547,0.8367360360274164,0.01622660229213546
1786799548.968789,1.8716489166122394,3.1984133942175714,0.7276171939751406,1.0760146111902014,3.4516931723261144,0.7438324534758463,0.8349758044177817,0.01621525950070568
1786799549.102188,1.882761143324353,3.1952128461065934,0.72844937266237,1.092043516142153,3.448298050479716,0.7438348745950025,0.8302327906131111,0.01538550193263255
1786799549.268863,1.8929663545679059,3.1913790763022645,0.7320835774598087,1.112108364954579,3.443938661302257,0.7438249884353746,0.8206860203015127,0.011741410975565914
1786799550.00228,1.8929663545679059,3.1913790763022645,0.7280563284171809,1.2002447642610146,3.423605216687825,0.7435191464631767,0.7306108279759359,0.015462818045995808
1786799550.068809,1.8987654731065073,3.188780617499272,0.72590350848915,1.2083431474531798,3.421676328581186,0.7435984378385552,0.7286449066595468,0.017694929349405197
1786799550.935509,1.8987654731065073,3.188780617499272,0.7299048041366245,1.3145847384158826,3.3958381610021684,0.7443239088689998,0.6197902525089692,0.014419104732375287
1786799551.002241,1.9068984722730273,3.1865066725244433,0.7309803180413861,1.322713224783925,3.393806106925221,0.7444293097222885,0.619875357541164,0.013448991680902411
1786799551.102222,1.91966785852479,3.182712261787089,0.7287137328601355,1.3349123449309273,3.390735332772374,0.7445196935093829,0.620654983658853,0.01580596064924733
1786799551.168844,1.9283539332685111,3.1799874060685327,0.7294964819039986,1.3430607749754162,3.388669330013008,0.7445125571805709,0.6213825122465821,0.015016075276572227
1786799551.33564,1.9479446697231122,3.173401376501399,0.7264430469652289,1.3635332661178008,3.3834228922170837,0.744318790984745,0.621003804921873,0.017875744019516082
1786799551.368868,1.9516406583268275,3.1720622071695987,0.7273511336015055,1.367649601622403,3.3823582378687624,0.7442692377191338,0.620701196098875,0.016918104117628285
1786799551.568843,1.9706624442267906,3.1642994590438644,0.7271509268995421,1.3924771084588772,3.3758685787894507,0.7441279502965664,0.6156783047395588,0.016977023397024338
1786799551.76899,1.984930394557091,3.156509049835038,0.7310241224580394,1.4173550955057577,3.369255973945982,0.744152254847128,0.6061377515151801,0.01312813238908861
1786799552.102304,2.015759725719403,3.1404842870305036,0.7260040355654732,1.4585815932258943,3.358118835657925,0.7438276520876763,0.5981741118480598,0.0178236165222031
1786799552.135584,2.0193869618511444,3.138658408245481,0.7254440730277206,1.4627129485992227,3.3569957508099075,0.7438196878391443,0.5979608283057481,0.01837561481142369
1786799552.468919,2.056104594960536,3.121039094788341,0.7318969280821591,1.5040913092802513,3.3457387607230977,0.7438579544794317,0.5959937981545905,0.01196102639727259
1786799552.502259,2.060395821494046,3.11900006652973,0.7309863385869686,1.508245057407957,3.3446106908161606,0.7438043880269586,0.5964651038172852,0.012818049439989987
1786799552.602228,2.070499899856255,3.114115259627469,0.7311303818779796,1.520741751658463,3.341221944496064,0.743620216623674,0.5948205341293028,0.012489834745694317
1786799552.702268,2.080637485440783,3.10937469890864,0.729054052254681,1.5332912902099405,3.337827929315821,0.7433907530009277,0.5931093793872729,0.014336700746246711
1786799552.735631,2.0838390413891754,3.1079979350040916,0.7286412713641044,1.5374858892813938,3.33669573846033,0.7432866501040923,0.592287474224989,0.014645378739987946
1786799552.768904,2.0868822741898536,3.106801376143473,0.7282203025830786,1.5416851596459762,3.3355634693754617,0.7431790655867612,0.5912461323398663,0.014958763003682596
1786799552.90228,2.099719111038862,3.1018685541330777,0.7248889076617115,1.5585099981570174,3.331038463349185,0.7427871345299204,0.5877296582243167,0.017898226868208855
1786799552.968855,2.1059051958705,3.0996096451473125,0.7257167476014174,1.566908037911794,3.328786431712844,0.7426319888989983,0.585696112150376,0.01691524129758093
1786799553.002215,2.109332980831462,3.0984456701699505,0.726095894876334,1.5710981600957747,3.3276642757607373,0.742578724536018,0.5850110181880014,0.016482829659684062
1786799553.135535,2.1235601655803333,3.093027833154804,0.7271935907930303,1.5877951052378596,3.323200967075171,0.7424982487450205,0.5831156587354671,0.015304657951990208
1786799553.202245,2.1316795800421513,3.090126629077325,0.726365080902115,1.596106318292948,3.320982664427287,0.7425112622772366,0.5832094201555591,0.016146181375121582
1786799553.402222,2.158377029506638,3.0809124810193373,0.7276257086088436,1.6209648837701016,3.3143512304729974,0.7426388415904132,0.5859227458732393,0.015013132981569588
1786799554.568889,2.125332527462229,3.101459922856995,0.7264562453085948,1.7663839834962436,3.275150237470089,0.7430307393814289,0.3987635672998429,0.01657449407283418
1786799554.902218,2.1627343034507094,3.083382314636174,0.7265885683072089,1.8077589502737803,3.2640439797992573,0.743470424988878,0.3983040780893206,0.016881856681669194
1786799555.002264,2.173190790998054,3.078676428124161,0.728556455751304,1.820175551182002,3.260744149179296,0.7436456709272419,0.39720072330321254,0.015089215175937865
1786799555.202377,2.193036039819048,3.0703600579607273,0.7313471297492433,1.8450330857473476,3.2541908641711674,0.7439845915990202,0.3935731461299288,0.012637461849776876
1786799555.335713,2.205437878745644,3.0660592763607175,0.727082721970074,1.8616005060466376,3.2498611229698757,0.7441198282939232,0.3898810814613759,0.01703710632384925
1786799555.535657,2.2266378446691273,3.0586953786174558,0.7296213090266324,1.886352450058725,3.2434400886055927,0.7439766217967154,0.3872011849849611,0.014355312770083062
1786799556.235599,2.2702287817255535,2.9949452651866877,0.7245534377517217,1.9735572373104364,3.2209178280004798,0.7424528071113486,0.372931098743835,0.017899369359626993
1786799556.535653,2.2956691807713145,2.983780389951244,0.725197733956853,2.0117856831993004,3.2109494082528767,0.7424921378305661,0.36358713270665566,0.01729440387371306
1786799556.869033,2.3262283026572317,2.9691348261144603,0.7262221588694939,2.0532100110617795,3.200089786738876,0.7428353772955308,0.35760198738643045,0.016613218426036913
1786799557.402311,2.3869589299864087,2.9442778999934682,0.7292243585104229,2.1195089199838217,3.182822951404895,0.7431868310709367,0.3583758493582738,0.013962472560513861
1786799557.435683,2.390411378314394,2.9428569827440243,0.7279121384794114,2.1236799301638145,3.1817473316552958,0.7432040167286933,0.3580701945644935,0.01529187824928191
1786799557.468977,2.3940840187192816,2.9412503601380147,0.7266952362511777,2.127854066170193,3.1806723705957345,0.7432209775520733,0.35805207264573463,0.01652574130089557
1786799558.06897,2.4604342827501853,2.9205070881623385,0.7283264602429929,2.202657880334684,3.161610095008592,0.7439320093120716,0.3529579770349198,0.015605549069078739
1786799558.935741,2.4604342827501853,2.9205070881623385,0.729095745713778,2.310553966213305,3.1339636662263035,0.7434917223340405,0.26082143317598155,0.014395976620262485
1786799559.135727,2.4782019122619436,2.9119953982544797,0.7267130319788125,2.335536020978533,3.1274495811461267,0.7435041671899596,0.2584067751843926,0.016791135211147057
1786799560.535787,2.4782019122619436,2.9119953982544797,0.7274512712098026,2.51069125264953,3.082259070038184,0.7435733672117725,0.17333572963497562,0.0161220960019699
1786799560.569039,2.482978910419634,2.910109260057833,0.7274986817162286,2.514826359628706,3.0812040517063077,0.7435755878142277,0.17403358224882762,0.016076906097999166
1786799560.735836,2.5070517925892166,2.901441379332246,0.7273738427170111,2.535537650669216,3.0758871914567623,0.7435450196095149,0.17675628836999213,0.016171176892503802
1786799561.002375,2.5394471190531243,2.8900160858726647,0.728294368892464,2.5688792478039546,3.067243593336197,0.7434933006125742,0.1796547789638279,0.01519893172011022
1786799561.035766,2.54350583190124,2.888595885355028,0.7280458864671157,2.573063048907291,3.066153729596706,0.7434648489195967,0.18000115868764513,0.015418962452481089
1786799561.069037,2.546565239497529,2.8875125896579603,0.7284673872064737,2.577251267256003,3.065061685572449,0.7434303065624627,0.18018133576940248,0.014962919355988924
1786799561.135734,2.5532629419251944,2.8850838727609083,0.7262195982711835,2.585641855789033,3.0628709389773494,0.7433508415696398,0.18071146885809738,0.017131243298456278
1786799561.202454,2.5592769564847027,2.8830111538506213,0.7260717071929103,2.5940507664479355,3.06067179645684,0.74325912381776,0.18103182535292972,0.017187416624849794
1786799561.235767,2.562128133084077,2.881950617244621,0.7271613106112984,2.59825927804489,3.059569980941092,0.7432165603545269,0.1812569943370974,0.016055249743228472
1786799561.269081,2.5648246195115236,2.880920224307661,0.7281317745641153,2.602467114460998,3.0584676733966925,0.7431812871230459,0.1814939505990307,0.015049512558930611
1786799561.335739,2.570045861712732,2.878785318748719,0.7266508724055963,2.61087209775717,3.056264203273633,0.7431267768854062,0.1821140741452014,0.016475904479809844
1786799561.435895,2.57865649055134,2.874826553979423,0.7287268993144569,2.6234347466292007,3.052967605176977,0.7431085926662998,0.18368267838624341,0.014381693351842917
1786799561.469066,2.581291414405974,2.8736335268293445,0.7288878764876783,2.6276079964653625,3.051871965254076,0.7431109123659738,0.18415799386871823,0.014223035878295542
1786799561.502536,2.5844052261062744,2.8721817312078155,0.7287194148673881,2.631775153243757,3.0507778048420318,0.7431087637840027,0.18477139257625572,0.014389348916614586
1786799561.602407,2.594533618146154,2.86724104697513,0.7282742178519298,2.6442540961734937,3.0475013658438392,0.743074632850541,0.18699173375824912,0.014800414998611178
1786799562.635916,2.594533618146154,2.86724104697513,0.7273820833876931,2.773556785208072,3.014022647549673,0.7433306364925113,0.23150406608114718,0.01594855310481824
1786799562.835707,2.619464160113404,2.8586570740828643,0.7255119010832544,2.798430223269949,3.00770395298804,0.7433650286395783,0.23290303534545542,0.017853127556323956
1786799563.135764,2.66046135493901,2.8451158216171692,0.726128561395517,2.835742711212609,2.9982223272960047,0.7434085408339195,0.232734088475014,0.017279979438402537
1786799563.202487,2.669758887077478,2.841971039832743,0.7268775231622256,2.844054808079866,2.9961032151009688,0.7434086241344963,0.2326710027721241,0.016531100972270618
1786799563.235737,2.6736904579405047,2.8407648205076406,0.7265496332598833,2.848214948816387,2.995041191510271,0.7434173646638023,0.23293775255468369,0.01686773140391895
1786799563.635749,2.7152504612894313,2.8245944803720944,0.7266683657039038,2.898209147697046,2.9821887440746666,0.7438711655577095,0.241474290316704,0.017202799853805684
1786799563.902522,2.738854605935971,2.813691835741477,0.7296401721178635,2.931303243707708,2.9735965349715534,0.7438962425747129,0.250211892235478,0.014256070456849401
1786799564.535786,2.813513867772261,2.7820187643421543,0.7274133991228525,3.010187232875134,2.9531320477919465,0.7430134098766112,0.2606917112488559,0.01560001075375872
1786799565.835781,2.813513867772261,2.7820187643421543,0.7289888074243532,3.172149900025901,2.9118956661220623,0.7440356838879744,0.38142864764799944,0.015046876463621128
1786799566.069279,2.834709848010854,2.773188934635563,0.7268240806148112,3.2013855849644983,2.9043477976366168,0.7439494773373796,0.38942745590703703,0.01712539672256841
1786799566.135804,2.8406388317791755,2.770824518777171,0.7289096279214218,3.209719754002908,2.9021854028871674,0.743949780454245,0.39176065272520755,0.015040152532823203
1786799566.16912,2.843232491908736,2.769579434369568,0.7287583169125141,3.213876977074199,2.9011053444542774,0.7439602336848784,0.393289205810663,0.015201916772364266
1786799566.202591,2.8462015398358234,2.7682289287737354,0.7277858737941543,3.218027489599854,2.900026233370033,0.743976822026405,0.3944934301313177,0.016190948232250757
1786799566.402502,2.8665155380523895,2.758004301245448,0.7294208844508618,3.242830012067736,2.8935676618138597,0.744162284532469,0.39998750990755705,0.014741400081607181
1786799566.569135,2.8863947320666137,2.749531110142716,0.7282076287140848,3.263434128908,2.888202178803508,0.7444831192609983,0.401731716514943,0.016275490546913463
1786799567.102462,2.950248772283907,2.7224164342773345,0.7280615435175789,3.3295227392515403,2.871133972501706,0.7449819680678889,0.40738881697327306,0.016920424550309954
1786799567.135842,2.953645897959009,2.7211485330491847,0.7276498210332871,3.3336897418599847,2.870068266620397,0.7449435684795725,0.408179384993841,0.017293747446285423
1786799567.269164,2.9673873754856372,2.716116224268302,0.7234877889716078,3.350388281280025,2.8658099487992272,0.7448227447862047,0.411215156582612,0.02133495581459688
1786799567.402609,2.9825843053600614,2.710955425360792,0.728645746903492,3.367039180507483,2.861580032191537,0.7448389069718874,0.41290837144278864,0.01619316006839533
1786799567.602655,3.0086547466395634,2.702944674533067,0.7285799150472984,3.391891959249389,2.855282806173717,0.7448338413550236,0.41240473746152895,0.016253926307725264
1786799567.669193,3.0185386566529178,2.6995795328999184,0.7303597615173316,3.4001774533750924,2.8531839899033598,0.744780644437622,0.4113909337538582,0.014420882920290423
1786799568.335876,3.0185386566529178,2.6995795328999184,0.7253142564147778,3.4840085175166267,2.8317721744667304,0.7428773059891715,0.48387713921706627,0.017563049574393697
1786799568.502581,3.0334051231425994,2.692672841805906,0.7283559860320237,3.505091481084793,2.826313330073885,0.7425051893151979,0.49025279231563296,0.014149203283174261
1786799568.669264,3.0543130556467486,2.686446911955107,0.7266902709090866,3.5260617083380428,2.8208616152331505,0.7423806498410525,0.4905243151703856,0.015690378931965898
1786799569.435944,3.0543130556467486,2.686446911955107,0.7254709367638188,3.626429490614265,2.792881991069718,0.7425896594993161,0.5819326775719628,0.017118722735497305
1786799569.669235,3.10733470580102,2.6783525919414775,0.7276562187393258,3.657686776653248,2.7824381724546186,0.7427015589427257,0.5601082127250886,0.01504534020339987
1786799569.769226,3.125132155521612,2.673779501948166,0.728556697002696,3.670795693104673,2.777697615846624,0.7427887786196613,0.5554706748730066,0.01423208161696532
1786799570.335889,3.1312081557850333,2.629600849733512,0.7274745135304338,3.740980919425264,2.7485444487166077,0.7425408111969408,0.6212651632085096,0.015066297666507023
1786799570.369651,3.1310952937579524,2.6270153475722076,0.7273562549008896,3.745145301135945,2.74665336867828,0.7425055793225881,0.6255962497130956,0.015149324421698473
1786799570.602573,3.1364165343094115,2.603047791831242,0.7272040553407998,3.774763059613567,2.733024035374596,0.7423151979175149,0.6514446332985868,0.015111142576715086
1786799570.735971,3.1424276779677633,2.588128718183128,0.7255177187650308,3.791818856313265,2.725158640134528,0.7422073800520143,0.6636912701120649,0.01668966128698346
1786799571.30271,3.235832855787607,2.5383394273389417,0.7259007203892605,3.861398624738623,2.69418550974102,0.7426096829728775,0.644686383199887,0.016708962583617093
1786799571.335963,3.2403634360240536,2.5360495943124333,0.7263657574222031,3.8653418142256992,2.6925121624700576,0.7426342438020693,0.6442658678325575,0.01626848637986622
1786799571.469255,3.2630025113003063,2.5259526808803763,0.7261144616148353,3.88103355642344,2.685953368512677,0.7425073033326117,0.6384062913057814,0.01639284171777644
1786799571.53594,3.2753769529444496,2.5202162731352833,0.7273415266609963,3.888869352052001,2.682714487592176,0.7423908405634153,0.6346484014510848,0.015049313902419037
1786799571.635922,3.29487648606096,2.5124558077702295,0.7275691443619716,3.9006730725397807,2.6778708237070257,0.7422162694186194,0.6279742285211727,0.01464712505664778
1786799571.86926,3.3407555906744326,2.495565387284766,0.7279357138637848,3.928643283931511,2.666516466765237,0.7417789258377344,0.6122386883060125,0.013843211973949665
1786799571.902678,3.3477021641316416,2.4929178755765147,0.7264003369776771,3.932691520944314,2.664880151240519,0.7417220408075522,0.609740577488203,0.015321703829875077
1786799571.969284,3.359919198019525,2.4885120654734956,0.7270097142146437,3.940820246254583,2.6615943230853047,0.741613498835971,0.6061381820514113,0.014603784621327387
1786799572.002579,3.366209095194782,2.486246233190837,0.7270253805775408,3.944899275594739,2.659944252062378,0.7415724536080063,0.6041964305184475,0.01454707303046543
1786799572.035889,3.372845150652745,2.483895081276904,0.7261119341862697,3.948985607067559,2.658289810306014,0.7415269738181036,0.6019562667096399,0.015415039631833882
1786799572.169292,3.395233552033173,2.475147880598022,0.7252398554587719,3.9653891651203774,2.651628098712207,0.7412372268891512,0.596843941512751,0.01599737143037927
1786799572.635969,3.436755412666287,2.4444445058598614,0.7257893853860377,4.023065083743954,2.627816678537698,0.7409384504038519,0.6143161922917156,0.015149065017814212
1786799572.702717,3.4407602208066432,2.440892379072385,0.7247637150749328,4.031248001934768,2.624396712921034,0.7409824035916492,0.6183442893751444,0.016218688516716484
1786799572.935996,3.4577520281215426,2.424003768412778,0.7252762271334448,4.059645914355636,2.612520335547983,0.7414268892639369,0.6307255713623972,0.0161506621304921
1786799573.06933,3.4679638979213796,2.413206764437276,0.7257265906816495,4.075776908811558,2.605811105344123,0.741863418708562,0.6375994732930266,0.01613682802691252
1786799573.102774,3.471055321633393,2.41031231724672,0.7264007964451966,4.079799850384901,2.604146579553665,0.741978662517004,0.6388596266230734,0.015577866071807334
1786799573.135946,3.47372798282593,2.407724834809153,0.7272510756870876,4.083818442301592,2.602488197274155,0.7420942163547192,0.6404241845073447,0.014843140667631594
1786799573.169271,3.476086800411925,2.405371163030852,0.7270370011037335,4.087832555612934,2.6008364067076224,0.7422108621577441,0.6422145517598241,0.01517386105401064
1786799573.569302,3.519740694624425,2.3756680287457126,0.7261510635093622,4.135618543078549,2.5816466669020555,0.7436729895944351,0.6494095191735509,0.01752192608507286
1786799573.769353,3.542746243357002,2.363597329588797,0.7260023241607209,4.159284185446385,2.572526465503687,0.74445116251993,0.6509765109970974,0.018448838359209185
1786799574.102644,3.582409781936582,2.3486005967076964,0.7285703775276169,4.1987071490233046,2.557891620236133,0.7449010523012852,0.6508649454438357,0.01633067477366834
1786799574.702741,3.582409781936582,2.3486005967076964,0.726572675580828,4.27092816167822,2.5320366982116407,0.7443846385219051,0.7125351658528971,0.01781196294107701
1786799575.069341,3.6217605841203375,2.3295029339331093,0.7272585220373291,4.315786351833467,2.515963304954949,0.7439353675297945,0.7186370684924355,0.016676845492465397
1786799575.20282,3.6317947734266935,2.324175219554899,0.7261399462580429,4.332070452118441,2.510079737313774,0.7439050660829907,0.7245319288273967,0.017765119824947773
1786799575.936123,3.6317947734266935,2.324175219554899,0.725926219502128,4.420833966567143,2.477901105702112,0.743519929998605,0.8038746770383286,0.017593710496476955
1786799575.969339,3.635359950803283,2.321992404702459,0.7249100999645864,4.424904734623324,2.476437542719957,0.7435250058320038,0.8045087111490334,0.01861490586741732
1786799576.002734,3.6384687333717323,2.3201815911325814,0.725421910944777,4.4289795613513965,2.474974532008611,0.7435313636751112,0.8055235711623493,0.018109452730334152
1786799576.136006,3.6530643607673694,2.312398477615791,0.7285461751616148,4.4453154339168695,2.469130236000939,0.7436376649107358,0.8076054773173812,0.015091489749121001
1786799576.169337,3.657023908556428,2.310233219980998,0.7280356906349863,4.449406068260143,2.4676721030679207,0.7436896852700392,0.8078715794755882,0.015653994635052904
1786799576.2028,3.6605127645528768,2.3083486691249013,0.7277785666830838,4.453498631007224,2.4662154081311374,0.7437438309710239,0.8085471487061313,0.015965264287940095
1786799576.802788,3.7335529482727785,2.2815859699859704,0.7288088612167923,4.526783894821685,2.440386731593573,0.7440244529757772,0.8089703433686732,0.015215591758984903
1786799576.836041,3.738839072696596,2.2793677150217584,0.7292322163084551,4.530816101223695,2.4389696023602885,0.7440329144410591,0.8078987412767978,0.014800698132603984
1786799576.869347,3.743776539744141,2.277410723221529,0.7297439466436138,4.534847556820625,2.437551875415728,0.7440376439006304,0.807117428063915,0.01429369725701668
1786799576.90275,3.7486927977440585,2.2754030412963115,0.7293572429077719,4.538878790786744,2.436133178080735,0.7440352872635039,0.8063672119274162,0.014678044355731945
1786799576.936029,3.7531498256758846,2.273540422665764,0.7284899113567394,4.54291042472298,2.4347131037809504,0.7440259970715035,0.8060387316655975,0.01553608571476417
1786799577.102795,3.7769185165310035,2.2628799859880053,0.7296547389969948,4.5630888509796055,2.427581270174876,0.743904865247319,0.8032373919208635,0.01425012625032418
1786799577.136043,3.781522396316215,2.2609469462215666,0.7293590000065315,4.567130584078902,2.4261468041185323,0.7438645191417824,0.8027896472482389,0.014505519135250888
1786799577.169366,3.7860490124146375,2.2587769996543026,0.7296610704920434,4.571175010204728,2.424709135554994,0.7438200327293801,0.8024688817209366,0.014158962237336703
1786799577.236039,3.794812928919173,2.2552035751995634,0.7318812980511921,4.579272257729386,2.421823639476597,0.743720196705059,0.8019592785030001,0.011838898653866892
1786799577.469454,3.821336432994823,2.242174165470778,0.7283300452900597,4.607734632387739,2.411597404447926,0.7431598025911275,0.804441646058885,0.014829757301067725
1786799577.569416,3.8308075704423867,2.237304961696731,0.7302441898160066,4.620005503926132,2.4071467080643107,0.7429173752411203,0.8072667446539608,0.012673185425113753
1786799578.469408,3.8308075704423867,2.237304961696731,0.7255510589217748,4.729477726187446,2.3667544743332414,0.7417034165691043,0.9079456069328601,0.016152357647329474
1786799579.105406,3.8308075704423867,2.237304961696731,0.7263438391315566,4.806453974545217,2.338435807183357,0.7428040168345358,0.9808737705472725,0.01646017770297914
1786799579.436098,3.8782640162966984,2.214688634441175,0.725818747081809,4.846140552858507,2.32386712658178,0.7437892537021971,0.9740148526449572,0.017970506620388016
1786799579.469507,3.8826578495881745,2.212796051180716,0.7263307420761957,4.850102928467293,2.322407425862593,0.7438521695250432,0.9736347539540043,0.017521427448847438
1786799579.50275,3.8877948546291625,2.210400231211624,0.7264621595664835,4.8540670481733095,2.3209457038121752,0.7439215001737016,0.972575063184892,0.0174593406072181
1786799579.536104,3.8924980145435937,2.2082952650522327,0.7264970833631211,4.858032637216183,2.319481968399713,0.7439962871085126,0.9719154235738722,0.01749920374539149
1786799579.569399,3.8972451209537677,2.206319116236134,0.7272266854943279,4.861999445323335,2.318016229986085,0.7440758797998992,0.9711988218742076,0.016849194305571302
1786799579.636086,3.9063998523573487,2.2020071811448827,0.7292527687840814,4.869935388370575,2.3150789747900027,0.7442472382893602,0.9701473906981452,0.014994469505278829
1786799579.769632,3.923425319651118,2.193869276107103,0.7278894678540948,4.8858111471970975,2.309181807416949,0.7446014807718736,0.9692695501966644,0.016712012917778796
1786799579.802725,3.9275586603087214,2.1918561036321553,0.7279759759844117,4.889781083066891,2.307702475143375,0.744681452214435,0.9691709718367125,0.016705476230023386
1786799579.869457,3.9354957656986915,2.1881552215789335,0.7276498571378919,4.897725356133719,2.304736376514255,0.7448269251886339,0.9692661917114487,0.01717706805074204
1786799580.036123,3.951550606356752,2.1790516526248545,0.7310598634228327,4.917620764730771,2.29727502786948,0.745143014209092,0.9732771020398213,0.014083150786259324
1786799580.069449,3.9547618427505067,2.1772487317509857,0.7300816452022326,4.921598886546794,2.295777695221981,0.7451969503994121,0.9740754511013261,0.015115305197179518
1786799580.436084,3.9904793484393224,2.155147936174978,0.729958203918469,4.965171271441832,2.27929665634707,0.7447980430442185,0.9825666641438122,0.014839839125749488
1786799580.736112,4.027393911432818,2.1329226157698273,0.726917156701491,5.000990180586908,2.2657302449762766,0.7438496113114496,0.9826126203576874,0.016932454609958514
1786799580.902859,4.047506084126127,2.120522146279184,0.7286379398415179,5.021084558873244,2.258150266942009,0.7433663115126546,0.9832581279034025,0.01472837167113672
1786799580.938503,4.051488714308569,2.1181674981426055,0.7289347509953106,5.025125944504731,2.256629848120881,0.7432919332260057,0.983433413295258,0.014357182230695154
1786799580.96944,4.055436547878029,2.1158069288925336,0.7274093251826178,5.02917464143346,2.255108158649384,0.7432235032879525,0.983651720606809,0.015814178105334697
1786799581.002838,4.059389640872013,2.1135462655596986,0.7271233786715989,5.033229894549461,2.253585520448413,0.7431599784329068,0.9838576282127117,0.01603659976130789
1786799581.03613,4.063284568316074,2.1113184861548304,0.7278463598277539,5.037291107418766,2.252062199035422,0.743100596774278,0.9841227214784847,0.015254236946524058
1786799581.102837,4.070361063605007,2.1072535082882595,0.7281456602237684,5.045429762742779,2.2490141820827008,0.7429922093516772,0.9853197738160342,0.014846549127908837
1786799581.169502,4.078271763772958,2.102798124002414,0.7257844993544219,5.053587333378938,2.2459654050361872,0.7428897563671586,0.9857673816243065,0.017105257012736685
1786799581.202754,4.081888882272937,2.1008590099750974,0.7252855960220428,5.057672554554456,2.244440999807084,0.7428325196005706,0.9862908105094156,0.01754692357852783
1786799581.23612,4.085099888819265,2.0992800922164143,0.7257952023284137,5.061759953610689,2.242917331039725,0.7427754876905293,0.9871659123648742,0.0169802853621156
1786799581.26943,4.089056266574883,2.0970848473935666,0.7267883722431812,5.065846901320716,2.2413953142764496,0.7427231798064206,0.987393262575314,0.015934807563239395
1786799581.46949,4.112893541898703,2.0854743169162435,0.7269312989818761,5.090274607498516,2.2323254792183245,0.7425046445497724,0.9883516637627004,0.015573345567896246
1786799581.502779,4.117352961363481,2.083291118363013,0.7270077644345829,5.094327101799661,2.230824389477803,0.7424843423971123,0.9880508778230215,0.015476577962529325
1786799581.602802,4.131488746893675,2.0764999284183245,0.7284523092190155,5.106464391264312,2.226331912605924,0.7424449095832341,0.9864213757829524,0.013992600364218566
1786799581.636153,4.136281772047262,2.0740905259870743,0.7288755519300926,5.110506383726131,2.2248364714984907,0.7424382781133485,0.9858184082725245,0.013562726183255935
1786799581.936166,4.180055233543476,2.052436224420742,0.7263713060881369,5.146902141730258,2.211361691001363,0.7424530740767127,0.9798215387498921,0.016081767988575746
1786799582.202865,4.215101870014363,2.033788730551116,0.7249275154705952,5.179290521477916,2.1993161341258323,0.7428272381589234,0.9782939624393534,0.01789972268832818
1786799582.236174,4.219188946635999,2.031662148622174,0.7259057989476296,5.183333311249556,2.1978071970761675,0.7428926630963467,0.9783550137561824,0.016986864148717085
1786799582.269562,4.223101696210815,2.0296058058842616,0.7249847133934927,5.187374780186725,2.1962974459241207,0.742957919528883,0.9785748225555319,0.01797320613539033
1786799582.402887,4.237037696183872,2.022343437657723,0.7257603329845825,5.2035307826933135,2.1902493216530017,0.7432264630320714,0.9809695571987859,0.01746613004748887
1786799582.469475,4.243595696789017,2.018697585068799,0.7277332735534935,5.2115889788888525,2.1872254046762625,0.7433913548808592,0.9825541309119097,0.01565808132736568
1786799582.5028,4.246451869748488,2.0170892631450514,0.7281569103426349,5.215605577215508,2.1857164979365087,0.7434818902201306,0.9837144163884579,0.015324979877495704
1786799582.902847,4.287027303275992,1.989829255713221,0.7279871434325176,5.26318997936429,2.1677960531110454,0.7443654820196581,0.9922528665435566,0.01637833858714055
1786799582.936219,4.290913278127803,1.9872555511401777,0.7278576616860711,5.267139111684133,2.166308960113556,0.7444005880661877,0.9925104540344849,0.016542926380116563
1786799583.302832,4.337290746890336,1.9607877900284811,0.729308740911315,5.310801183255724,2.149929488801861,0.7447181936682145,0.9917142491298634,0.015409452756899422
1786799583.402812,4.349156478426138,1.954023494808914,0.7287352391351115,5.322796566641168,2.14545768770692,0.7447412163095402,0.9922812462149445,0.016005977174428643
1786799583.436162,4.353286216710616,1.9515558147721013,0.7289696055718574,5.326805289372053,2.143966419920757,0.7447448263583442,0.9923513620735627,0.015775220786486743
1786799583.469518,4.356682663291265,1.9496080869846095,0.7285686130722513,5.330819004511343,2.1424749036998443,0.7447473974981341,0.9930454270956134,0.01617878442588283
1786799583.536215,4.364205134578071,1.945786650418317,0.7314454025604884,5.33886125141055,2.1394911599977484,0.7447488017070057,0.9937182614354912,0.013303399146517347
1786799583.602877,4.371623598431258,1.941772247248219,0.7290120113381435,5.346922012602765,2.136506841825944,0.7447447879384592,0.9945494251221544,0.01573277660031569
1786799583.769491,4.389857255740857,1.9329284349789868,0.7277914387434811,5.3670781569418216,2.1290700449199527,0.744677318009209,0.9967107007021944,0.016885879265727932
1786799583.902882,4.407217311821199,1.9248778196775624,0.7288698786674926,5.383144473829683,2.123162531796486,0.7446455043105494,0.9958667845681054,0.01577562564305679
1786799584.036194,4.425959137873643,1.9157448175452367,0.7300255202169138,5.399177983819447,2.117276780757108,0.7446159087214546,0.9938662154938732,0.014590388504540752
1786799584.069591,4.430724121342538,1.913399637258527,0.7304093084506882,5.403187859184488,2.115805311718824,0.7445909436399243,0.9933044742027813,0.014181635189236097
1786799584.202855,4.450565485898284,1.903736821601738,0.7300980664350717,5.419262169964053,2.1099050887173854,0.7443924517217049,0.9903931643975967,0.014294385286633182
1786799584.236205,4.455600599486723,1.9014237032419452,0.7291471983156248,5.423292855131676,2.108424616351596,0.7443237520382053,0.9895845995484397,0.015176553722580532
1786799584.269567,4.460494091433046,1.8989425045457533,0.7281816448805893,5.427328763415567,2.1069416181824345,0.7442484372690489,0.9889554662476947,0.01606679238845954
1786799584.702887,4.5167067427957175,1.8704767255798858,0.7280439659213164,5.480231809239737,2.087409507756835,0.7434424618033582,0.9876438556731796,0.015398495882041785
1786799584.769546,4.523890943238424,1.866301923734317,0.7263858539659276,5.488431945470446,2.084362792705336,0.7433057114544412,0.9888831516226524,0.016919857488513657
1786799585.002927,4.54595267744359,1.8537008803350434,0.7300099917639481,5.5171037022593685,2.0736713647524074,0.7429495473705827,0.9957516392231283,0.012939555606634623
1786799585.436243,4.597593941867321,1.8230363523924886,0.7269024903048891,5.569720996763322,2.0539824414378107,0.7431294572285165,0.9991832198881757,0.01622696692362746
1786799585.469542,4.602182485154486,1.8202608406250878,0.7257898331540391,5.573751787370926,2.052476209992064,0.7432026044916199,0.9989348761453778,0.01741277133758079
1786799585.769642,4.639448908539174,1.7980117793099364,0.7298945954556474,5.609945839352843,2.038997773524294,0.7438904187697836,0.9999692705909683,0.01399582331413618
1786799585.836217,4.6473947164495915,1.7937718804367677,0.728676796281108,5.617988998721953,2.0360165061329347,0.7439475559029407,1.000367792093726,0.015270759621832664
1786799586.0363,4.6703323370541785,1.7818335179195601,0.7287106040641139,5.642210109967728,2.0270718259014373,0.7439221033444521,1.0023413755728208,0.015211499280338159
1786799586.402913,4.718014902334534,1.7596739011126388,0.7268890402338,5.68644200776754,2.010831424946844,0.744072629214474,1.0004654718259292,0.01718358898067407
1786799586.438408,4.722592525089768,1.7575749034600634,0.7272407692676761,5.690441995306019,2.0093650736240365,0.7440891027765308,1.0000654412532612,0.01684833350885473
1786799586.569556,4.742391830640511,1.747701890338642,0.7284392665152434,5.706445398144728,2.003495744420196,0.7441677150661048,0.9974115383348563,0.015728448550861418
1786799586.902892,4.789348203380159,1.7238346931151092,0.7302290640364243,5.746609705760788,1.9887112363805048,0.7439844780206886,0.9932316784679409,0.013755413984264275
1786799586.936298,4.793702023445422,1.7216117245497127,0.7301822283859661,5.750653705574959,1.9872162314582007,0.743894399000924,0.9931275225370866,0.013712170614957886
1786799587.369722,4.837432877262167,1.6944148855367867,0.726761519353736,5.803557788312126,1.967534383053492,0.7428848849984095,1.003987850362279,0.016123365644673537
1786799587.402896,4.840782540096396,1.6923055862133178,0.7267180136978377,5.807615320007981,1.9660166527046368,0.7428438470023478,1.004830021561547,0.016125833304510118
1786799587.969578,4.840782540096396,1.6923055862133178,0.7286171012423662,5.876238476039285,1.9403326566651116,0.7428435556010806,1.064747116904415,0.014226454358714391
1786799588.236315,4.874841426295275,1.6734122535387197,0.7253543867972416,5.9086869637423645,1.92826775344473,0.7427234022081319,1.0647947788807026,0.01736901541089031
1786799588.469607,4.902774390709978,1.6605415115991637,0.7274644064656295,5.937215470240663,1.917731201570228,0.7427315871051253,1.0659338082864347,0.015267180639495836
1786799588.502933,4.906649557359552,1.6585775050774396,0.7271462527189669,5.941276898571318,1.9162361288354568,0.7427718985607605,1.066227790661922,0.0156256458417936
1786799588.836299,4.952488028137981,1.6365474026023885,0.7274817635869038,5.981502101657625,1.901466009314571,0.7432124093293497,1.062568506819121,0.01573064574244598
1786799589.003033,4.977739006091366,1.6245703875639648,0.7275482076229768,6.00148165742585,1.8941307992883496,0.743576866359654,1.0586367798874068,0.016028658736677248
1786799589.036252,4.9827251615023425,1.6221506473943572,0.7270260814878741,6.005473553153314,1.89266347754163,0.7436476456530557,1.0579184580575838,0.01662156416518168
1786799589.202985,5.005858438954696,1.6118367642769924,0.7293045860205176,6.025453013983616,1.8852846058018544,0.7438547548767752,1.0556262688390292,0.014550168856257595
1786799589.469667,5.037751087538588,1.5964699287951707,0.7293419793727228,6.05759532700564,1.873406225909957,0.7437211242171955,1.056776222969546,0.014379144844472669
1786799589.703012,5.061993335738497,1.5812590601793972,0.7284450526812222,6.085886422718293,1.862929308754196,0.7434802884593711,1.061929932950948,0.015035235778148914
1786799589.736288,5.0654675303854875,1.5788456838848186,0.7293274421043221,6.0903199628584135,1.86128155151618,0.7434702306667748,1.0630581017377898,0.014142788562452657
1786799589.903086,5.084132867369386,1.5668450923418724,0.7266090916585791,6.110384734449131,1.853805822649926,0.7435331479496766,1.0656168896107046,0.0169240562910975
1786799589.936292,5.088168968354661,1.564356104009336,0.7276674794623559,6.114385195822876,1.852312733783727,0.7435515702163421,1.0658511932489076,0.015884090753986224
1786799590.002964,5.096614930721139,1.5592487033354014,0.7274009276793914,6.122382456557506,1.849326498722736,0.7435813352050397,1.0659944392149694,0.01618040752564831
1786799590.036314,5.10144413531368,1.5565061634965502,0.7269354121662526,6.126381434783492,1.8478328377556132,0.7435916154445702,1.0655363433404408,0.016656203278317627
1786799590.069643,5.105214815236897,1.5540665584509505,0.7263828861897237,6.130381634770231,1.846338649438018,0.7436030242374061,1.066015939393987,0.01722013804768241
1786799590.102938,5.109542239879491,1.5516810742628342,0.7267449534828095,6.134383386359645,1.8448439397373764,0.7436160199109177,1.0659473913904016,0.016871066428108206
1786799590.136364,5.113847780742042,1.5489829188900492,0.7280012915507983,6.1383869449250925,1.8433487273624607,0.7436348905830379,1.0659886153906708,0.015633599032239598
1786799590.269744,5.13137746532105,1.5383126412964152,0.7255332774187143,6.154417258760165,1.8373658844902503,0.7437430445185977,1.0658533019251282,0.018209767099883423
1786799590.302952,5.1363312331700035,1.535594892775018,0.726017254850462,6.158429562890125,1.8358699160331688,0.7437720129907753,1.0652934268122303,0.017754758140313354
1786799590.436308,5.153691982636587,1.5254457628858324,0.7285976391108332,6.17449616764715,1.829888099516589,0.7439280959577482,1.0652353357208328,0.01533045684691503
1786799590.469784,5.1574897562491495,1.5231175019812802,0.7285448601186982,6.178516900037248,1.8283935847243944,0.7439546019139641,1.0656875316184684,0.015409741795265886
1786799590.936361,5.218179837952802,1.4953232635012357,0.7294419520480442,6.235042328144251,1.8075049695115293,0.744069363207574,1.063704254727719,0.014627411159529813
1786799591.569972,5.218179837952802,1.4953232635012357,0.7287776187711152,6.313189015838362,1.7784550124466796,0.7443464473943668,1.1310210815517612,0.015568828623251596
1786799591.969881,5.31727685154989,1.4713857178070033,0.7286626930694723,6.364754995298068,1.757242054168024,0.7439598161740794,1.085782808239233,0.015297123104607069
1786799592.003016,5.32516452628231,1.4692697393611147,0.7287401404660071,6.369062365851399,1.7553342115589423,0.7438980955700256,1.0823842116877138,0.015157955104018517
1786799592.069779,5.342229263037898,1.4643436554169307,0.7276301411655558,6.377668414307212,1.7514468934315437,0.7437737694041024,1.074505702758154,0.016143628238546648
1786799592.103048,5.350040021431639,1.4620892546386048,0.7276548923677079,6.381965232658362,1.74946640421997,0.7437097338732461,1.0711933848128583,0.016054841505538264
1786799592.269742,5.3908479541807965,1.4486741889821344,0.7283242247664752,6.4033588317284025,1.7391816984518955,0.7433800997707449,1.0533626584470073,0.015055875004269748
1786799592.502992,5.447903741771395,1.429621789532161,0.7286478377514133,6.432948010111487,1.7236331850156776,0.7428551195993537,1.0279858516846587,0.0142072818479404
1786799592.536422,5.456435495210539,1.4259614482606038,0.7300782432807397,6.437131631898285,1.7212950056119336,0.7427843606299405,1.0242005773343719,0.012706117349200796
1786799592.636359,5.480378040590515,1.4153066415954656,0.7253483979787049,6.449602702443528,1.7141000840027247,0.742625475017026,1.0142356562306747,0.017277077038321154
1786799592.669748,5.4878149985050895,1.4119801284525106,0.7257280057274036,6.453719182037888,1.7116490059989262,0.7425861926971532,1.0113220693409648,0.01685818696974961
1786799592.703017,5.495019413591785,1.40826828953438,0.7265962397197707,6.457796123468509,1.7091844112422498,0.7425529420316839,1.008706848090542,0.01595670231191315
1786799592.903062,5.520416636511168,1.3902324002902111,0.7277204079066195,6.481278499353161,1.69422248536698,0.7422974494269716,1.0078023076423104,0.014577041520352108
1786799592.936441,5.5238687960380695,1.387681533074362,0.7274667616015909,6.485054886343516,1.6916888715347365,0.7422153977035665,1.0081166410859561,0.014748636101975632
1786799592.969826,5.527196319630291,1.3851414050586561,0.7270595202019687,6.488808060353632,1.6891371530939043,0.7421230350785196,1.0085189907584706,0.015063514876550888
1786799593.269734,5.533134589004738,1.3576254351721766,0.724366767076667,6.521770585757066,1.6653251625637022,0.7413054731440003,1.0354130848657885,0.016938706067333276
1786799593.336409,5.533969935744535,1.3506871947273618,0.7235199375660859,6.529090994275265,1.6597431644416238,0.7412304750872756,1.0420084037796158,0.017710537521189673
1786799593.436494,5.534943630513872,1.338488807338709,0.7257289325586955,6.540123310298627,1.6511889044013754,0.7412514183659932,1.0526953687345562,0.015522485807297648
1786799593.4697,5.535256507642052,1.3343344728669286,0.7273728384015448,6.543809275054526,1.6483007081010457,0.7412854195560185,1.0562923276832246,0.013912581154473691
1786799593.503087,5.535862395201878,1.3295869029625411,0.7280025091434107,6.547497590765605,1.6453990877241689,0.7413261406376369,1.059784461552052,0.013323631494226218
1786799593.669843,5.538743081920005,1.3053584031786905,0.7254421201036427,6.565904775103363,1.630807468668544,0.741549889321729,1.0774870013932978,0.01610776921808632
1786799594.036483,5.577202105106553,1.2435240295853653,0.7253786388155112,6.60521168469784,1.5996509560362502,0.7422408200003469,1.0879476473961467,0.016862181184835623
1786799594.30309,5.618010375635712,1.2033163747010425,0.7253044359330576,6.632277431737495,1.5786350766802733,0.7425983974540509,1.0814812939430585,0.017293961520993273
1786799594.436376,5.639129947504191,1.1859820454560657,0.724453211188532,6.645533889920844,1.5685621454015877,0.7427216489262906,1.0766691358937095,0.018268437737758547
1786799594.6364,5.6780925203453165,1.156877763315066,0.7249206756043334,6.665320291353904,1.5537996455374448,0.7429625860029512,1.0640327309051822,0.0180419103986178
1786799594.803109,5.7103271125333,1.1312589207186912,0.7276815089455722,6.681994950491704,1.5415551842884037,0.7431738818808761,1.0547423435237755,0.015492372935303922
1786799594.96977,5.741524752868091,1.1069177798059877,0.7281302612474341,6.698909499623601,1.5292289013699203,0.7431832836491035,1.0463900977726706,0.015053022401669391
1786799595.003036,5.748079929763158,1.101738763841924,0.7287501629060082,6.702320479772889,1.5267466722721643,0.7431716105089462,1.0446084192227834,0.014421447602937953
1786799595.03641,5.753785202476968,1.0976811993276776,0.7293309241433741,6.705738919675984,1.5242587926166429,0.7431653916819473,1.0431607367923836,0.013834467538573203
1786799595.069753,5.759754178309089,1.0930722531261212,0.7294768875743777,6.709162831554989,1.5217664267288629,0.7431640173624406,1.0417079654774322,0.013687129788062968
1786799595.103066,5.765535284216212,1.0886738127126916,0.7289005767208802,6.712590906505262,1.5192701196647191,0.7431664645239291,1.0403497158504074,0.014265887803048938
1786799595.436587,5.808217641768657,1.0472902374945066,0.7268306878272592,6.747036876615146,1.4940738183870497,0.7427272963200362,1.039710115307585,0.015896608492776965
1786799595.472191,5.812148464200769,1.043711466023594,0.7272795871559714,6.750502745688409,1.4915258493254246,0.7426605834870467,1.0397338503089064,0.015380996331075258
1786799595.503054,5.815852335018335,1.0400259610038103,0.7275385848885106,6.75397509068938,1.4889711177188678,0.7425992793181682,1.0400125280234573,0.015060694429657517
1786799598.436618,5.751136967343583,1.0481441774985867,0.7283056266757536,7.066043363410852,1.2828401818440365,0.7442913501301327,1.3356874802416672,0.015985723454379097
1786799598.603183,5.76714067310712,1.0338110957725046,0.7278231126472336,7.0840280859458815,1.2718725003635991,0.7443308670438694,1.3382323006298467,0.016507754396635765
1786799598.636457,5.770720572320572,1.0306019019315147,0.7293518590575117,7.087632292156655,1.269679088833763,0.7443212868529684,1.3384372899537436,0.014969427795456736
1786799599.436629,5.770720572320572,1.0306019019315147,0.7277405988088711,7.175493824359829,1.216945000790821,0.7445593665741743,1.417078558209614,0.016818767765303222
1786799599.469866,5.774019284924952,1.0282684712543353,0.7274300359322946,7.179189285600232,1.2147581956282714,0.7445642522631731,1.4174911456848096,0.017134216330878527
1786799599.96989,5.839918534612153,0.9860927502312449,0.7306181192834792,7.23397660976343,1.1824057886036752,0.7444862435825568,1.4078127453356502,0.013868124299077578
1786799600.003279,5.844735565315845,0.982921792281989,0.7305252861088791,7.237620577011433,1.1802477580553397,0.7444073158118663,1.4067928747952219,0.013882029702987131
1786799600.069898,5.853559941064289,0.9765639345535112,0.7305854789990185,7.244918577839622,1.1759192854307694,0.7442248178763186,1.4055680033540554,0.013639338877300067
1786799600.436633,5.899340539592992,0.9445350012602118,0.7277396514313339,7.285274370123904,1.1517771792858071,0.7431394919809526,1.4013428927150127,0.015399840549618737
1786799600.469921,5.903492720547375,0.9413688614516134,0.7275709247688199,7.288960174329089,1.14955180443069,0.7430624985030845,1.401021128761382,0.015491573734264574
1786799600.536517,5.910136282172961,0.9364858104321995,0.7264485646249771,7.296337796358416,1.145086365257876,0.7429266831074245,1.4018091273078614,0.0164781184824474
1786799600.569835,5.913454006601281,0.9338452611185368,0.7260370203700437,7.300029143614086,1.1428464701582417,0.742865645296152,1.4022382522104215,0.01682862492610826
1786799601.036562,5.9958408627039885,0.8956863036748896,0.7260052909124215,7.3511689520993,1.1114628225562395,0.7427871293947153,1.3723970766525626,0.016781838482293754
1786799601.136569,6.0186247665918655,0.8836823964596134,0.7270741503089858,7.362197875538605,1.104601307416332,0.742950347447088,1.3616144330547875,0.015876197138102177
1786799601.169854,6.026773386237984,0.8787304729691804,0.7269859259646422,7.365907406439309,1.1022788527702734,0.743014453529201,1.3576648342548523,0.01602852756455886
1786799601.203228,6.03481466013901,0.8743470326903084,0.7268610583753352,7.3696323689229635,1.0999372950656108,0.7430826716825646,1.353746387681903,0.016221613307229377
1786799601.269859,6.050578892433746,0.8659126190032125,0.7261314192358278,7.377122507151503,1.095195109816128,0.7432197541273433,1.346212621520771,0.01708833489151551
1786799601.53651,6.115047101441059,0.8324745025793809,0.7314493762790355,7.407382621191056,1.075404839708376,0.7437801474882153,1.314970054527898,0.012330771209179803
1786799602.103219,6.115047101441059,0.8324745025793809,0.7313732980033895,7.471037313551821,1.028462958020636,0.7435898759663658,1.3700806290165692,0.012216577962976372
1786799602.169854,6.130921185345672,0.8226099483807797,0.7283157123172315,7.478343576711974,1.0224328634016833,0.7434965482550179,1.3621586905066292,0.015180835937786408
1786799602.269864,6.1534283065229305,0.8077846080262296,0.7294141283741298,7.489192291028098,1.0131712914506368,0.7432207118485439,1.3514618426094014,0.013806583474414102
1786799602.36988,6.176273761889093,0.792144118321996,0.728714879300118,7.499910497150371,1.0036284633830277,0.7428442353441679,1.3404252441441964,0.014129356044049857
1786799602.436523,6.1911649475980886,0.7801911499451764,0.7282717557069642,7.506977347503726,0.9971043209350254,0.7425943439978172,1.3335717436622243,0.014322588290852978
1786799602.503265,6.2056291174185745,0.7688472598987244,0.7263764805336905,7.513974010244839,0.9904506999025536,0.7423514373476378,1.3269794433999722,0.015974956813947228
1786799602.603261,6.228193419236464,0.7516665498050361,0.7254372855762113,7.52432352059475,0.9802273180985436,0.7420217982501557,1.3161281337506463,0.01658451267394434
1786799602.76993,6.26465523536864,0.7206985070844732,0.7276103981309682,7.541115252646668,0.9625584142352748,0.7417388164560935,1.2991714245612145,0.014128418325125347
1786799602.969887,6.306462187905157,0.6808262789155151,0.7268677904627405,7.560353532244077,0.9403875085745655,0.7417245554022234,1.2804747304613953,0.014856764939482847
1786799603.036576,6.319847283634553,0.6670433327632093,0.7260224811267737,7.56652404075236,0.9327621886454808,0.7416814193467,1.2746801352139892,0.015658938219926255
1786799603.069885,6.3265688461736485,0.6596096575275744,0.7252449832720201,7.569564313786307,0.9289026193675128,0.7416499758790345,1.2718319196348777,0.016404992607014335
1786799603.270001,6.365034883809759,0.6142200769538033,0.7246426066804583,7.58715844018866,0.9050720941745306,0.7415471231187684,1.256256694699606,0.016904516438310035
1786799603.369906,6.3844852270746735,0.5894312230026942,0.7222290191854674,7.5955129946759,0.8927322782887638,0.7416255694714703,1.2484309288217967,0.019396550286002845
1786799603.403234,6.390356977729221,0.581673677931343,0.7236911066344062,7.598227641017635,0.8885593336698434,0.741676967488212,1.2462465024748688,0.017985860853805824
1786799603.870024,6.390356977729221,0.581673677931343,0.7322908225028172,7.63221857095068,0.8271668162365073,0.7427505146311928,1.2658937939943693,0.010459692128375608
1786799603.903355,6.39528612593663,0.5724703543547649,0.731377248665728,7.634352848218998,0.822557744041185,0.7427788593583116,1.264053022917844,0.011401610692583608
1786799604.069947,6.418504816813589,0.5210321321231568,0.7270704101578987,7.644429242390353,0.7990187852500371,0.7427989186648214,1.2570470462724948,0.015728508506922645
1786799604.103253,6.423210729519354,0.5104842980112619,0.7264915088242956,7.646323606285649,0.7942108637987432,0.7427886455666869,1.255589850805222,0.016297136742391305
1786799604.169919,6.431736613831065,0.48973865502860264,0.7268289912295566,7.649989077637279,0.7844953224273475,0.7427742247060144,1.25340358964937,0.01594523347645782
1786799604.271617,6.444422981007511,0.4569721737892841,0.7268668285642328,7.655170819746897,0.7696835706371827,0.7428208166409368,1.2504794067599265,0.015953988076704007
1786799604.403227,6.460445120587264,0.41286581569644265,0.7265252338657898,7.661462143854602,0.7495248149860201,0.7429614505844019,1.247309573434197,0.016436216718612062
1786799604.970093,6.460445120587264,0.41286581569644265,0.730215313348776,7.67974502008246,0.6593168968281831,0.7437336913343175,1.2439575476277311,0.013518377985541563
1786799605.536717,6.460445120587264,0.41286581569644265,0.7270617836502398,7.683100459671559,0.5635775954121307,0.7438602631306971,1.2319091357467902,0.016798479480457318
1786799605.569902,6.4604946797147305,0.40004400018551833,0.7285074940756294,7.68280298741983,0.5578415906508548,0.7438239133479907,1.2324518970903369,0.01531641927236127
1786799605.603262,6.459187501211438,0.385333700694662,0.7281827966873465,7.68244923489389,0.5520981569002734,0.7437820712613447,1.234576710028726,0.015599274573998123
1786799605.903401,6.448166298024564,0.2657271458402144,0.7276898094906911,7.676709485394552,0.5001888326425488,0.7433556381632129,1.2507160532316701,0.015665828672521864
1786799606.169957,6.427709918959585,0.15744957001351556,0.7277499251332249,7.667700560499813,0.4540219047974228,0.74273857444926,1.2749635056998783,0.014988649316035052
1786799606.536652,6.385641452302911,0.008452985325020784,0.725232506756464,7.649245492878035,0.3910946217794102,0.7418263055384634,1.3202688337252653,0.016593798781999403
1786799606.869951,6.331974556216792,-0.12235060620619898,0.7246872201183073,7.626422207907033,0.3352339400968959,0.7411847978410888,1.3729451336385539,0.016497577722781487
1786799606.970019,6.313027305495499,-0.16146421957067889,0.7249314719917348,7.618474629071484,0.3188512094986078,0.7411048418339156,1.391005257370983,0.016173369842180763
1786799607.103428,6.285777426279025,-0.21414658025941116,0.7236309136185842,7.607107563505557,0.2973465058958486,0.7410713149667625,1.416876320900211,0.01744040134817826
1786799607.136636,6.277583842271236,-0.22800524625825103,0.7245441122828215,7.604129822890319,0.2920358194476036,0.7410752785532588,1.4248392711871491,0.01653116627043738
1786799607.270039,6.246249055382936,-0.2784075273411058,0.7287722097825488,7.591683231608696,0.2710768091391423,0.7411619841934066,1.4533155743311321,0.012389774410857868
1786799608.270016,6.246249055382936,-0.2784075273411058,0.7289461793269724,7.472423516290981,0.1317409300061513,0.7431104009968886,1.292952267350759,0.014164221669916266
1786799608.403371,6.1999304950156935,-0.31750478567442225,0.7260528249682155,7.453243203664566,0.1159495019724152,0.7433707694066285,1.3261505816234445,0.017317944438412947
1786799608.503433,6.163550138490773,-0.34658980886537155,0.726936143694763,7.438380958374567,0.104594412633162,0.7435755163095504,1.352316834567559,0.01663937261478743
1786799608.903433,6.163550138490773,-0.34658980886537155,0.727729086728866,7.375007671472482,0.0636450760459378,0.7440976179743709,1.279031670841783,0.016368531245504858
1786799608.93672,6.149753020773916,-0.3545532498988723,0.7275831550968699,7.369449757752121,0.0605702009975588,0.7441025783331285,1.2884050642866323,0.016519423236258657
1786799609.236778,6.026159797736899,-0.41990053168263264,0.7283376172395728,7.317547742980603,0.0353629932041899,0.7437327019454796,1.3692872971780357,0.01539508470590678
1786799609.570038,5.903843438976676,-0.44041997747082845,0.727246403195524,7.2576629073177426,0.0134879360076836,0.7425970982113107,1.4278863914113427,0.015350695015786675
1786799609.670079,5.870667756672737,-0.44188437086669324,0.7264527542240117,7.24054398773766,0.0087218745183725,0.7420561997480757,1.4420842128033526,0.015603445524064008
1786799609.703346,5.860284132523248,-0.44151360943955575,0.7259425282554677,7.234948290126734,0.0073120346560259,0.7418775733811501,1.446079529278219,0.015935045125682445
1786799610.003513,5.790982242510459,-0.40886532749621085,0.7218987908439067,7.186491430155892,-0.0022842708787886,0.74072017127653,1.4535315780549647,0.01882138043262327
1786799610.10345,5.767276781393641,-0.3952683108415474,0.7262522230093625,7.170722749800773,-0.0047042023682582,0.7403708893112665,1.4567775770740594,0.014118666301903948
1786799610.270095,5.726980292243406,-0.37093779789771053,0.7232516197027349,7.144383120935399,-0.0085331751124468,0.7398350333885795,1.4629996204374742,0.016583413685844595
1786799610.336721,5.710668787177029,-0.3610334576987439,0.7237936434191373,7.133856961881278,-0.0100760178129321,0.7396918345879778,1.4658225353804653,0.015898191168840503
1786799610.370001,5.702542435713623,-0.35639988113309595,0.7248408976165625,7.128617053253354,-0.0108562758970265,0.7396462939552811,1.4673408594837913,0.01480539633871869
1786799610.403395,5.694093238252695,-0.35157745508178406,0.7254698451799458,7.123402361984334,-0.0116427697724087,0.7396203866400571,1.4691766951115468,0.014150541460111299
1786799610.436717,5.685677874311489,-0.34694420766933104,0.7257388898869739,7.118217325564126,-0.0124362105941287,0.7396115247381629,1.471076095755237,0.013872634851189058
1786799610.470063,5.676890437156645,-0.34286622309500403,0.7261559145435152,7.113064727633925,-0.0132375254484708,0.7396150619223214,1.4735167698197629,0.013459147378806158
1786799610.503341,5.668166946422759,-0.33872174479412637,0.7256587099348906,7.1079505387634665,-0.0140461260427655,0.7396268969144754,1.4759373462939038,0.013968186979584796
1786799610.536704,5.659130227157787,-0.3349562662801074,0.7243635848851671,7.102883181493137,-0.0148601910300001,0.7396409751809201,1.4788117157172425,0.015277390295753035
1786799610.770074,5.586866690245233,-0.3234438667402964,0.7231788277395781,7.069059119802161,-0.0206436752553406,0.7398110692832389,1.5128061191703301,0.01663224154366083
1786799610.836783,5.566772975654395,-0.321264062604652,0.7247495489859412,7.0600141612475165,-0.0223012995602744,0.73997714572225,1.5228749036078704,0.015227596736308802
1786799610.870113,5.556746891201354,-0.3205635807697368,0.7250816256041241,7.055602207780348,-0.0231305068127997,0.7400793605029474,1.5280817038105614,0.014997734898823278
1786799610.97009,5.525895872488604,-0.3209114881219912,0.7208213331934298,7.042776831751144,-0.0256326591873043,0.74038928150085,1.5453534972265357,0.019567948307420258
1786799611.003414,5.516159784692908,-0.32149869737430425,0.7212954726477292,7.038619020706749,-0.0264784797546851,0.7404898578901402,1.5507801437109567,0.019194385242411016
1786799611.103411,5.49017949810128,-0.32539326722650214,0.7222754763922947,7.026440766615562,-0.0290738790447489,0.7407982281120943,1.5645778551895462,0.018522751719799557
1786799611.436887,5.392974216796767,-0.3549883746567698,0.7276324573157736,6.988208153447845,-0.0387818283295125,0.7424097249003715,1.626271162070922,0.014777267584597853
1786799611.603428,5.346827063993824,-0.3714998171294658,0.7276321689970353,6.969561367715557,-0.0444235192870812,0.7431838289648026,1.6553686976276734,0.015551659967767306
1786799611.836798,5.2887653121580955,-0.3907778696470818,0.7296439127674288,6.943371375884524,-0.0531138687960543,0.7436674267111089,1.6887090346151967,0.014023513943680066
1786799612.036856,5.245693430555839,-0.402126713898848,0.7290504982506961,6.92081631140539,-0.0610877234053556,0.743612219426541,1.7094865483479296,0.014561721175844866
1786799612.072694,5.238804033348816,-0.4040354352639964,0.725997335845038,6.917055419508781,-0.0624525441139625,0.7435817320203342,1.7126606747030362,0.01758439617529617
1786799612.503536,5.181063681283515,-0.4005177071721359,0.726596633618042,6.868065750300625,-0.0812055528372493,0.7433440531941422,1.7169555127533143,0.016747419576100153
1786799612.570103,5.172238102245938,-0.4005505727584967,0.726445776082576,6.860540127511458,-0.0842907711008715,0.7433509802886591,1.7176681840973174,0.016905204206083102
1786799612.603427,5.168228605761804,-0.4003736740718708,0.7265134649556615,6.856773466387701,-0.0858598438039123,0.7433578746927053,1.7175862993677937,0.01684440973704382
1786799613.003436,5.1178213803406924,-0.3978382104922618,0.7294166836743796,6.811389082780547,-0.1062936778793561,0.7436424043631132,1.7184789138199763,0.014225720688733623
1786799613.103493,5.1052349286335525,-0.39794839993437336,0.7281626080472147,6.8000526319630605,-0.1119012996154556,0.7435966247070697,1.7187873606470259,0.015434016659854999
1786799613.270096,5.084186931893694,-0.4010535127527569,0.7299242928162358,6.781259908436852,-0.1216949991193656,0.7434740078313256,1.7199121683541034,0.013549715015089725
1786799613.336723,5.075801235021793,-0.4029629007999799,0.7285571128370623,6.77378856430413,-0.1257664728314901,0.7434152701662187,1.7204647134079365,0.014858157329156407
1786799613.470131,5.058606240473447,-0.4096180808687434,0.7284326701025498,6.758924379152952,-0.1341738373273497,0.7432838202216141,1.7224840504407082,0.014851150119064349
1786799613.570065,5.045944822487722,-0.41512694210106,0.7293807387367787,6.7478173285700525,-0.1407216721074754,0.743178018816609,1.7238527428870496,0.013797280079830387
1786799613.60346,5.042132098917506,-0.4169478671356746,0.7293314155005394,6.744114089498641,-0.1429540636367161,0.743141088815524,1.7238953856363644,0.013809673314984616
1786799613.903583,5.008390566311649,-0.443087491136004,0.7269029524344394,6.7111976401353575,-0.1638494008447397,0.7428497423155864,1.7255508806562543,0.01594678988114706
1786799614.136784,4.97827992603524,-0.4663407690205114,0.7306253046986336,6.686384954550843,-0.1807108079958018,0.7428210800923334,1.7318219490107134,0.01219577539369976
1786799614.436835,4.945598242716695,-0.4947453959493386,0.7257613314898833,6.655292064655621,-0.2027910843518495,0.7425387625277049,1.734442355581901,0.01677743103782159
1786799614.536796,4.936703387147825,-0.5037936682559325,0.7267848605845311,6.645121323310328,-0.2101728994922118,0.7424830651371018,1.7334661809366643,0.01569820455257076
1786799614.870217,4.9169117440928725,-0.5248911087218304,0.7253089878634393,6.611898225192777,-0.2346186069597114,0.7425319326786962,1.7196619715486756,0.01722294481525688
1786799614.970145,4.913257100680249,-0.5290510617745652,0.7255680500571495,6.602111436409703,-0.24187868535929,0.7425627562856063,1.713095718600736,0.01699470622845678
1786799615.070164,4.909975938359179,-0.5331191748074997,0.7256083843534421,6.592453904446379,-0.2490578229517457,0.7426454575810408,1.7062892363216267,0.01703707322759873
1786799615.103487,4.908715403884806,-0.5345046624918037,0.7266460302680237,6.5892605477747646,-0.2514344138335798,0.7426918074590312,1.704218514841201,0.016045777191007526
1786799615.17012,4.905933497208139,-0.5377040514741356,0.7253376660602561,6.582905148123198,-0.2561693749830652,0.7428073859873542,1.700439852520433,0.017469719927098115
1786799615.337246,4.898990765475293,-0.5445788054466041,0.7284245801988789,6.5671408820539705,-0.2679419973553287,0.7431892887339453,1.6909325045762127,0.014764708535066395
1786799615.370179,4.897234874767006,-0.5463100791181692,0.7271040088794591,6.564002154615036,-0.2702899905406968,0.7432588437154101,1.6894674469992956,0.016154834835950926
1786799615.603471,4.8852038388289145,-0.5568512285812527,0.7281887813197483,6.542051613622282,-0.2867560419220195,0.7434774108385145,1.6787185465986305,0.015288629518766195
1786799616.13679,4.857261987040253,-0.5437511147693507,0.7277981544263794,6.491618454758196,-0.3249280033114539,0.7434200733860767,1.648940453042373,0.015621918959697334
1786799616.470204,4.834125975901786,-0.567085236227705,0.7287159472096961,6.460056795383296,-0.3488578054153979,0.7435322161605157,1.6405103600095776,0.014816268950819556
1786799616.870227,4.798872572423142,-0.5990658988200263,0.7262092960599613,6.422448170961832,-0.3769151106495377,0.7437569256020243,1.6387033584072,0.017547629542063015
1786799617.003615,4.786957479093186,-0.6095072957892613,0.7255758557090585,6.409795772810316,-0.3861584194152486,0.743619333223276,1.6381357844001398,0.018043477514217532
1786799617.303673,4.76258135080303,-0.6282320939105526,0.7275788314330992,6.380839584506794,-0.4068646232714146,0.7431664028232642,1.6333288915607889,0.015587571390164978
1786799617.336924,4.759497253930896,-0.6303480770397337,0.7281125983854737,6.377578916887536,-0.4091561138758445,0.743110029720944,1.6331301701226453,0.014997431335470268
1786799617.370153,4.757284649016105,-0.6317559171344383,0.7273019302675133,6.37430877209423,-0.4114461043801788,0.7430497255614886,1.6319630596960206,0.015747795293975297
1786799617.436809,4.752720944253317,-0.6347832662802472,0.7282871949598662,6.367748038514731,-0.4160154285027546,0.7429218868526897,1.6297766356296508,0.014634691892823515
1786799617.603551,4.741303049308254,-0.6409546434029922,0.7266685713480897,6.351311564816585,-0.4273146180887605,0.7426046166124713,1.6241211409330303,0.015936045264381637
1786799617.636837,4.738893138120805,-0.6424403300551157,0.724797502913761,6.348021314727573,-0.4295527020001469,0.7425586020750387,1.623149602140448,0.01776109916127766
1786799618.070232,4.698789823912249,-0.662187660475567,0.7274300555164556,6.304817314233088,-0.4583471971388042,0.7427320961286427,1.6189117437833351,0.015302040612187096
1786799618.103554,4.695857652218975,-0.6635597003755386,0.7265859956858325,6.3014579238015225,-0.4605485103132576,0.742800111553029,1.618383692267212,0.016214115867196566
1786799618.336844,4.671519162383019,-0.6755433143817324,0.7289802143827224,6.277793214278385,-0.4759399186605226,0.7432544645520351,1.6186283839645823,0.014274250169312719
1786799618.603555,4.642934199153095,-0.6898502760313872,0.7281994366668335,6.2503947633620935,-0.4935445951750912,0.7437825726844526,1.619402786777757,0.01558313601761907
1786799618.903656,4.611947171138938,-0.7063137188617064,0.72675816167273,6.219196493003712,-0.5133346994899551,0.7442626136127284,1.6187931568154275,0.01750445193999839
1786799619.036863,4.596217181639074,-0.7146128280828343,0.7284184122206123,6.205354512429335,-0.522017067989809,0.7445295667475362,1.6206221262677545,0.01611115452692391
1786799619.903557,4.596217181639074,-0.7146128280828343,0.7305788650313779,6.113541320136615,-0.5778155274628994,0.7449914185077393,1.5234782711690396,0.01441255347636139
1786799620.070318,4.578454501206316,-0.7207967747840065,0.7282614706845082,6.09537946554459,-0.5884974923361883,0.7448889812244842,1.522683305079845,0.01662751053997602
1786799620.570326,4.511472855592933,-0.7429815419656725,0.7252513069768444,6.040409911892534,-0.6204336970966435,0.7436216301578125,1.533840440335348,0.018370323180968096
1786799620.636926,4.502169805370808,-0.7462744146495114,0.727456735449455,6.032988873135753,-0.62472570095473,0.743416221863715,1.5356370365531014,0.015959486414260038
1786799621.070306,4.442400809560066,-0.7688144057398596,0.7254236882280167,5.984280580077707,-0.6529298233179829,0.7428443102987985,1.5462284640940434,0.017420622070781766
1786799621.236886,4.423185828071635,-0.777369746190602,0.7286660847064292,5.9654797365869445,-0.6638508308508889,0.7426804985836538,1.5464659855241996,0.014014413877224574
1786799621.537001,4.382514538063717,-0.7964801629386036,0.7258634636645278,5.931981492240858,-0.6833474753054184,0.7425058413147719,1.553591595979489,0.016642377650244122
1786799622.370283,4.382514538063717,-0.7964801629386036,0.7294211184817939,5.83919567647416,-0.7371802496974296,0.7441777454981807,1.4578876564094907,0.014756627016386803
1786799622.67042,4.346407413594711,-0.8078672916427306,0.7291354296669446,5.806319433915408,-0.7561674208127085,0.7449214607941194,1.4608271573737603,0.015786031127174804
1786799622.770329,4.332839419095432,-0.8123071909726118,0.7290361831864203,5.795396911432624,-0.7624856166539403,0.7449578301253267,1.4634058246635642,0.01592164693890641
1786799622.8038,4.328180880512735,-0.8137714882879428,0.7297085442966604,5.79175019305719,-0.7645974124705135,0.7449553073333955,1.4643951728800346,0.015246763036735111
1786799622.90361,4.314429929657297,-0.8186972757752476,0.7303520934079484,5.780786189775034,-0.7709553887792698,0.744922426918163,1.46713324867253,0.01457033351021464
1786799623.270328,4.2638405640465065,-0.8372527338275492,0.7314964672458655,5.739839702438134,-0.7948557846528927,0.744401481987894,1.4766079228529643,0.012905014742028542
1786799623.870382,4.197691440034034,-0.8272993629212754,0.7257776484841927,5.672920898057193,-0.8345225629179689,0.7429692538811802,1.4752471414774861,0.017191605396987497
1786799624.00368,4.178479852910616,-0.8361092419922526,0.7260287887386127,5.658198967477426,-0.8433205309206024,0.7427549234047898,1.479736686273065,0.016726134666177117
1786799624.036978,4.1734136054142486,-0.8383446745838945,0.7263540026421773,5.654513595358155,-0.8455244056755109,0.7427229184157941,1.4811173919545975,0.016368915773616766
1786799624.070312,4.167986596488313,-0.8408614790547009,0.7265823572700362,5.650826080516993,-0.8477298730086364,0.742701720176661,1.4828553908692343,0.016119362906624857
1786799624.136988,4.158472591282975,-0.8451098330339271,0.7275433501719837,5.643445794193286,-0.8521443551075372,0.7426816873766237,1.484989864565584,0.015138337204639973
1786799624.170331,4.153499991949552,-0.8472450653730975,0.7264007055601536,5.639753377610413,-0.854352920839193,0.7426813517128045,1.4862703818611536,0.0162806461526509
1786799624.270337,4.139094631063661,-0.8541552661881351,0.7258316282819894,5.628667697296726,-0.8609822322429604,0.7427079649249309,1.4895887107226913,0.016876336642941414
1786799624.403686,4.120962505026185,-0.8629560438831775,0.7267193278349701,5.613872215052392,-0.8698234052276487,0.7428416908669502,1.492925504820106,0.016122363031980114
1786799624.47034,4.111730353143079,-0.8669573808799734,0.726690115621231,5.606475068269095,-0.8742396740176814,0.7429653885112004,1.4947624544356533,0.01627527288996944
1786799624.50367,4.10807081596219,-0.8686907664659067,0.7265716026853911,5.602778359750698,-0.8764455360042149,0.7430382348678108,1.4947276601136636,0.016466632182419727
1786799624.736963,4.082403468263139,-0.8787324002864737,0.725022104640849,5.576966962043643,-0.8918242111773195,0.7436435215262394,1.4946208323363448,0.01862141688539032
1786799624.970345,4.057912576079555,-0.887048481638848,0.7294341107342917,5.551482297506774,-0.9069783380021386,0.7442770580535996,1.4937026852552828,0.014842947319307909
1786799625.037041,4.049827664331723,-0.8898359712029313,0.7308788885143037,5.544256059436564,-0.9112745195453468,0.74446560954858,1.4945821621612718,0.013586721034276272
1786799625.170335,4.032759757392296,-0.8958406223622289,0.7296578631240873,5.52982576416893,-0.9198592481328206,0.7447512832575977,1.497258669378823,0.015093420133510338
1786799625.203676,4.028434639312499,-0.8972187588134795,0.7290891164533075,5.526214628982725,-0.9220093818001796,0.7447795228270637,1.497985137591362,0.015690406373756183
1786799625.270366,4.018813677674768,-0.901296262714884,0.726493599423758,5.518977301685519,-0.9263215394355256,0.7448044756520797,1.5003723415472625,0.018310876228321726
1786799626.070376,4.018813677674768,-0.901296262714884,0.7268076040321312,5.423660765443057,-0.9811075106111538,0.7427767713037475,1.407112353474947,0.015969167271616347
1786799626.236986,3.9831938373912883,-0.9283021876689015,0.7267792590858894,5.401914583609256,-0.9922228303826464,0.7423571413376074,1.420159992505846,0.015577882251718078
1786799626.670388,3.889281906430612,-0.99439848799703,0.7287753330374975,5.34341816154855,-1.018265440723976,0.741653930482917,1.4543321078353777,0.012878597445419415
1786799626.837075,3.8502587637041406,-1.0150752805431509,0.7248731514534492,5.320277422303971,-1.0268526302322467,0.741731704326384,1.4700658361438597,0.016858552872934807
1786799626.937029,3.827770620512061,-1.0254602612856256,0.7265763306431747,5.306322216123037,-1.0315373526110625,0.7418682524880311,1.4785640844828942,0.015291921844856393
1786799627.003812,3.8140731097231506,-1.0306641485537777,0.7245464445698631,5.29714588652422,-1.0344237700373269,0.7419179441646961,1.4830775421541968,0.017371499594833084
1786799627.137027,3.7938266372337397,-1.0356689946253188,0.727141218431947,5.279201177452228,-1.0396233551532292,0.7420563554349315,1.4853798038537043,0.014915137002984524
1786799627.437057,3.7691227567788443,-1.024275122165041,0.7260375571323809,5.239806746799213,-1.0490170231586162,0.7420830363165203,1.4708920967110433,0.016045479184139344
1786799627.570408,3.760043290336784,-1.0157266369264415,0.7297449895277698,5.2219997395980124,-1.0524791251091443,0.7420287243317635,1.4624183412840932,0.012283734803993696
1786799627.603783,3.7570865987202238,-1.013466860696545,0.7293396751918148,5.217472106986229,-1.0533037079373175,0.742029208821883,1.4609287481432631,0.012689533630068195
1786799627.903739,3.7272706194301026,-0.9854776738772624,0.7270377131867598,5.175848620051561,-1.0602791905403943,0.7421606240443198,1.4505080112772795,0.015122910857560012
1786799628.137055,3.6930760665543203,-0.9689051452553902,0.7269606075865468,5.143616261464914,-1.065428813822046,0.7423817940161902,1.453748147254135,0.015421186429643408
1786799628.170458,3.687286266610867,-0.966576197586709,0.7266691774747522,5.139109836767596,-1.066154196023024,0.7424095916868697,1.4552345022831246,0.01574041421211747
1786799628.670487,3.5773564870998364,-0.9749882358176413,0.7255365802743059,5.0752267442892105,-1.0770320247906635,0.7428370800790501,1.5013421469606893,0.01730049980474424
1786799628.703756,3.570542488153626,-0.9756778624220935,0.7258805989781807,5.0711663765075,-1.0777820527975357,0.7428784871645625,1.5040935210253794,0.016997888186381815
1786799628.770364,3.556554392785794,-0.9772483152522665,0.7262215379478354,5.063085638268393,-1.0792994222885357,0.7429858774495204,1.5099837158269882,0.01676433950168499
1786799628.903773,3.5250371408756305,-0.9832552958074269,0.7275387937655811,5.046992593961344,-1.0824168697439869,0.7432669715645928,1.5251824215230498,0.0157281777990117
1786799629.303835,3.4385971950226426,-0.9974862473302527,0.7298325311293309,4.998234694362458,-1.0923651806035073,0.7439486567915005,1.5625207650863473,0.014116125662169576
1786799629.370461,3.4241881994153145,-0.9998619437869929,0.7281503521971371,4.990009724770836,-1.0940673512485906,0.744005726274908,1.568652832229521,0.015855374077770934
1786799629.503759,3.3990254998971676,-1.0038765147000086,0.7272296660777838,4.973509687784407,-1.0974692546077998,0.7440634374848107,1.577263471608465,0.01683377140702691
1786799630.570498,3.3990254998971676,-1.0038765147000086,0.7269957185530616,4.840625728740623,-1.125121358066198,0.7437403205982674,1.4466898533702357,0.016744602045205892
1786799630.937224,3.345010029812093,-1.003711343957681,0.7286041843551835,4.795041184547769,-1.136124831108554,0.7429087689374743,1.4560644495638004,0.01430458458229078
1786799631.170511,3.3133189350205936,-1.0090583835661882,0.7273994483329318,4.7660019387798025,-1.1438158991447605,0.742234726121707,1.4589199763577805,0.014835277788775247
1786799631.670504,3.2349871791305675,-1.0275117715061588,0.7240497331679018,4.704153203333107,-1.161769625015432,0.7416769427090432,1.4752877610486752,0.017627209541141386
1786799632.003806,3.1844995593947796,-1.0380316259122144,0.7256928957317822,4.662899595167514,-1.17445147781839,0.7423617394013096,1.4846807878351915,0.016668843669527367
1786799632.537147,3.135432736127214,-1.042536099084731,0.7281618741390756,4.597701675628054,-1.1948439014542247,0.7429070398259574,1.470179621029871,0.014745165686881778
1786799632.670599,3.124000111491037,-1.0437601308552105,0.7269492727259519,4.581668593448686,-1.1998854311926013,0.7430974489943752,1.4660056318780492,0.016148176268423353
1786799633.170583,3.068483193900874,-1.047508173774318,0.7265406759155628,4.521868757881032,-1.2189331821193743,0.7437735837844298,1.4634603278094096,0.017232907868866998
1786799633.537173,3.026262087305445,-1.0559811563605819,0.7295665699572452,4.477630741316281,-1.2333973286602298,0.7440819286471,1.462172174553559,0.014515358689854763
1786799633.970653,2.978185275986515,-1.0712011333329452,0.7288293010590924,4.425455765284931,-1.2508176479925948,0.7447019915076903,1.4583737386323703,0.01587269044859796
1786799634.037173,2.969774499303323,-1.073660450358939,0.7282748839071702,4.417543710279064,-1.2534732289630213,0.744823110557206,1.4588928417120435,0.016548226650035747
1786799634.703868,2.969774499303323,-1.073660450358939,0.7302335374744814,4.338371959888032,-1.2796941848732342,0.7451088280233044,1.3840191143466267,0.014875290548822973
1786799634.903888,2.9504333105461833,-1.0767736860262989,0.7278576077254432,4.314227445989516,-1.2874625684912682,0.7446206092048433,1.3799725537357492,0.01676300147940013
1786799634.9706,2.9448764561573415,-1.0772602076638937,0.7291840151251483,4.3061522923129,-1.2900328974118476,0.7444686440814153,1.377804093332428,0.015284628956267032
1786799635.470676,2.8901914198133953,-1.0818233334785419,0.7279099148435717,4.245745535543295,-1.308927233210984,0.743378973703065,1.3744464856610294,0.015469058859493345
1786799635.604008,2.8731682835444774,-1.083963742006319,0.7267883920151063,4.229459749200207,-1.3139620573711486,0.7431280463005099,1.3756546677423178,0.016339654285403626
1786799636.003906,2.82239738146114,-1.0907685454522524,0.7286636851765309,4.179939707609194,-1.3292414756536408,0.7428087852929665,1.3783288815526964,0.01414510011643555
1786799636.103995,2.8110836576303613,-1.092764288276924,0.72721729383883,4.167465922423424,-1.3330909874425054,0.7428421126711187,1.377508537388056,0.015624818832288612
1786799636.437671,2.7712869015512185,-1.1006910590320584,0.7274841190036425,4.126135073316433,-1.345832773723198,0.7429660587836723,1.3768471334237709,0.015481939780029763
1786799636.470748,2.766213562429093,-1.1017699034518176,0.7269924427142249,4.122039133524568,-1.3470918914139256,0.7429888106241456,1.3778410129670449,0.01599636790992065
1786799636.670663,2.736942606123091,-1.108104653808819,0.7288001801965955,4.097512932430718,-1.354603801733779,0.7431316808041801,1.3827195821122131,0.01433150060758459
1786799636.737257,2.726468671710274,-1.110196576553942,0.7280934390957953,4.089340037238507,-1.3570938295604096,0.7432051036560934,1.3850547326798788,0.01511166456029811
1786799636.770584,2.7209956787284324,-1.1112042391632169,0.72791356708448,4.085253145728338,-1.3583360522379475,0.7432481587694819,1.3864604463520052,0.015334591685001953
1786799637.037368,2.684065228509905,-1.1183461377394415,0.7308884481055447,4.052507676857449,-1.3682090701573977,0.7435090647550153,1.391066576205438,0.012620616649470673
1786799637.470781,2.6393776393989836,-1.1223784470411036,0.7285355837255807,3.99905908344032,-1.3839914944024232,0.7437390311589834,1.3846208924539631,0.01520344743340274
1786799637.770669,2.6041268787103418,-1.125106726795061,0.7275826506020582,3.962078755182656,-1.3947275189253343,0.743250266781468,1.384459703409108,0.015667616179409816
1786799637.803881,2.5993063570634187,-1.1255157777577387,0.7272934767115263,3.9579592495418425,-1.395919588610584,0.7432105138260114,1.3852999325646878,0.01591703711448511
1786799637.870688,2.5913328152144186,-1.1257613351449212,0.7286190120764292,3.949710620478779,-1.3983060738818065,0.7431597743569363,1.3854497091009756,0.014540762280507047
1786799637.903932,2.5863259532682976,-1.1261758197833707,0.7284806348515678,3.945582441915724,-1.399500513271791,0.7431467957979361,1.3864647813776843,0.0146661609463683
1786799637.9373,2.5817872447877233,-1.126557428413468,0.7276453177371968,3.941452244765708,-1.400695770508385,0.7431409909320099,1.3870258623297849,0.015495673194813153
1786799638.003932,2.5733279479458404,-1.1272727406483645,0.7274631905703346,3.933186927351372,-1.4030889275958334,0.7431404201375044,1.3875485623401063,0.01567722956716977
1786799638.870758,2.5733279479458404,-1.1272727406483645,0.72669827827195,3.8259420412874143,-1.4345255174029008,0.743771706805763,1.2897466168442957,0.017073428533812995
1786799638.937283,2.5629603606129825,-1.1288133980079238,0.7280632822029456,3.8178253690283066,-1.436935021624587,0.743731830521476,1.2921397464227158,0.015668548318530373
1786799639.004014,2.5521038151200153,-1.1304346435737374,0.726883993731467,3.8096905285686193,-1.439349076328415,0.7436340272814811,1.2949719952982017,0.016750033550014143
1786799639.137264,2.5310598290743793,-1.133967715339392,0.7301287230740119,3.793313056099448,-1.444202797362696,0.7433497020884724,1.2998188393977086,0.01322097901446051
1786799639.205307,2.521046327241237,-1.1357709143370152,0.7267142124191244,3.78506582466084,-1.446642928478311,0.7432235957234181,1.3016860985019285,0.016509383304293745
1786799639.304076,2.5065608755755817,-1.138146234941393,0.726425110832086,3.772632970455109,-1.4503153877248411,0.7430637307067135,1.303989313369619,0.016638619874627447
1786799639.637415,2.465840217125095,-1.1429697989524106,0.729124209528722,3.730891704069015,-1.4625810779942867,0.7430512254214376,1.304801377340554,0.01392701589271561
1786799639.737275,2.4559855821755923,-1.144517111358143,0.7284206521244938,3.718341183186922,-1.4662491976312253,0.7430103396118525,1.3027099442094952,0.014589687487358671
1786799639.870722,2.443697505013072,-1.145562436638784,0.7251388764896475,3.70164267729005,-1.4711182886345406,0.7428493357448573,1.2993893447399198,0.017710459255209865
1786799639.970634,2.4332224925935226,-1.1463057917362283,0.7261934500914958,3.689170242298004,-1.474749686671745,0.7427051071097324,1.2981834007982709,0.016511657018236536
1786799640.070679,2.4215556801018123,-1.146894021266577,0.7282448332299034,3.676732711519649,-1.4783696595382718,0.7426415839667807,1.2982085652800632,0.014396750736877295
1786799640.170647,2.408609542024647,-1.1472630001096362,0.7270284978771621,3.664321416341568,-1.4819838937485446,0.742637889860091,1.299557766295498,0.015609391982928988
1786799640.20396,2.404253478210702,-1.1474988306001688,0.7275391274039887,3.660188219429519,-1.4831884919844829,0.7426446415946897,1.3000229317057037,0.015105514190700942
1786799640.870714,2.404253478210702,-1.1474988306001688,0.7262890818625317,3.577577177897464,-1.5075266563518297,0.74331846178909,1.2273176196739375,0.017029379926558286
1786799640.903944,2.4006518684885183,-1.1480573966475913,0.7262927031714667,3.5734542326103997,-1.5087584740453317,0.7433826455542805,1.2270169732019867,0.017089942382813805
1786799641.070726,2.383022810805282,-1.1515084842817667,0.7305259367058277,3.5529277239825303,-1.5149150381650636,0.7437754417150344,1.2250476844929745,0.013249505009206741
1786799641.137322,2.375414677251548,-1.153014057352731,0.7258637983408623,3.5447848306041294,-1.517367333499587,0.7439650986734616,1.2248182989287788,0.01810130033259927
1786799641.270691,2.3584848741835205,-1.1567544829292444,0.7286499713362707,3.5286126402308904,-1.5222503618535177,0.7443672499831894,1.2258818158312144,0.01571727864691863
1786799641.837401,2.281344887067597,-1.1694434538417686,0.7290319138545164,3.460064240191996,-1.5429632821568895,0.7454170320448342,1.2364854934751799,0.01638511819031785
1786799642.070742,2.2547409998043015,-1.1731993284421913,0.7318117437035774,3.431516964269285,-1.5515254311497504,0.745339371526891,1.2360955911790894,0.013527627823313626
1786799642.270798,2.2361815020195763,-1.1742555247483193,0.7281674667949042,3.4068739139201587,-1.5588754996408196,0.7449499348101803,1.2322553503101175,0.016782468015276164
1786799642.470726,2.214730454823561,-1.1756337932394778,0.7296308977508333,3.382366677153752,-1.5661612121172444,0.7443057573464477,1.2312132279149903,0.01467485959561432
1786799642.537434,2.2066989490915803,-1.1762960461560763,0.7294597029597936,3.374222314899834,-1.5685810880403896,0.7440647196819936,1.2316648747911951,0.014605016722200048
1786799642.870764,2.1635371170066406,-1.1800758260492399,0.7275041891078684,3.33340661137231,-1.5807386325020651,0.7428141400771837,1.2365780680256468,0.015309950969315311
1786799642.937432,2.1552228352016245,-1.1809214039998714,0.7271324996039528,3.325184807881305,-1.5831988679541402,0.742650690543744,1.2371896279560413,0.015518190939791232
1786799643.037388,2.1427782671701547,-1.1823692399971624,0.7279065360499419,3.312794779530888,-1.5869160353412004,0.7424553610451847,1.2379809161775899,0.014548824995242793
1786799643.070703,2.1387685162199466,-1.1828432658358874,0.7274600380036977,3.308651618818017,-1.588161785059876,0.7423994532605165,1.238107255358119,0.014939415256818744
1786799643.104059,2.134779362903149,-1.1831479459508587,0.7268934736571843,3.3045028015890767,-1.5894106725676886,0.7423473101510603,1.238265854350096,0.015453836493875994
1786799643.470691,2.09537968713779,-1.1926906809558342,0.727959084244463,3.258967736493505,-1.6031795869009369,0.7416799502972948,1.233871261723623,0.013720866052831848
1786799643.504043,2.0922692429641505,-1.193604670231022,0.7268297230079591,3.2551049515534243,-1.604353692760184,0.741561038135074,1.2332484115858333,0.014731315127114897
1786799643.537397,2.0888836044573527,-1.1944645382817312,0.7254485405978588,3.2513623066274,-1.6054942640223504,0.7414466346520546,1.2330053399889904,0.015998094054195833
1786799643.604025,2.081662975181265,-1.196286114496738,0.7256819884853162,3.2442394502365275,-1.6076731013458017,0.7412408578814526,1.2332166530260085,0.015558869396136377
1786799643.637414,2.0777401525593264,-1.1972399650823,0.7256515419056754,3.240854852681883,-1.6087119116297162,0.7411515731515511,1.2337523934877308,0.015500031245875734
1786799643.870822,2.0503199949654434,-1.201189002043823,0.726378026971237,3.220115509554013,-1.615111667294293,0.7408130100468121,1.2408680505031908,0.014434983075575114
1786799644.037502,2.0341416205569507,-1.2029719528412424,0.7249909210790572,3.2080040398718577,-1.6188656200080518,0.7410174309265228,1.245359595405802,0.016026509847465675
1786799644.070742,2.0314811580520424,-1.2034197345362552,0.7249761373370642,3.205824585525594,-1.619541922880874,0.7410823197248122,1.2458893053891438,0.01610618238774797
1786799644.104039,2.0288581911420938,-1.2038038897373202,0.7253251853850308,3.203720432195989,-1.6201950160540586,0.7411481929800059,1.2464681526334729,0.015823007594975125
1786799644.937372,2.004193975131022,-1.205664931949427,0.7264431767495138,3.170526075508768,-1.630474278410685,0.7438861170807987,1.2412870535103495,0.017442940331284906
1786799645.337534,2.001062930243465,-1.205765981123392,0.7254348780440519,3.1641341787378763,-1.632424459202643,0.7452096358878015,1.2388592276732862,0.019774757843749602
1786799645.570737,1.9987858102257712,-1.2060501979631473,0.7298302857423147,3.1619759487168757,-1.6330750771701503,0.7458292101169308,1.239097068733806,0.01599892437461614
