idx,sec,nanosec,t,filename
0,1786799101,509899028,1786799101.509899,000000_1786799101.509899.png
1,1786799102,243253604,1786799102.243254,000001_1786799102.243254.png
2,1786799102,276652893,1786799102.276653,000002_1786799102.276653.png
3,1786799102,909948385,1786799102.909948,000003_1786799102.909948.png
4,1786799103,43282041,1786799103.043282,000004_1786799103.043282.png
5,1786799103,109924284,1786799103.109924,000005_1786799103.109924.png
6,1786799103,510028745,1786799103.510029,000006_1786799103.510029.png
7,1786799103,543296418,1786799103.543296,000007_1786799103.543296.png
8,1786799103,843312719,1786799103.843313,000008_1786799103.843313.png
9,1786799103,876686610,1786799103.876687,000009_1786799103.876687.png
10,1786799104,143253324,1786799104.143253,000010_1786799104.143253.png
11,1786799104,509981580,1786799104.509982,000011_1786799104.509982.png
12,1786799104,609901830,1786799104.609902,000012_1786799104.609902.png
13,1786799104,676608158,1786799104.676608,000013_1786799104.676608.png
14,1786799104,843256240,1786799104.843256,000014_1786799104.843256.png
15,1786799105,310038149,1786799105.310038,000015_1786799105.310038.png
16,1786799105,343587568,1786799105.343588,000016_1786799105.343588.png
17,1786799105,443341521,1786799105.443341,000017_1786799105.443341.png
18,1786799105,576654338,1786799105.576654,000018_1786799105.576654.png
19,1786799105,643290993,1786799105.643291,000019_1786799105.643291.png
20,1786799105,709978041,1786799105.709978,000020_1786799105.709978.png
21,1786799105,810049758,1786799105.810050,000021_1786799105.810050.png
22,1786799106,176684487,1786799106.176684,000022_1786799106.176684.png
23,1786799106,209952502,1786799106.209953,000023_1786799106.209953.png
24,1786799106,243316306,1786799106.243316,000024_1786799106.243316.png
25,1786799106,276647213,1786799106.276647,000025_1786799106.276647.png
26,1786799106,643309070,1786799106.643309,000026_1786799106.643309.png
27,1786799106,676843990,1786799106.676844,000027_1786799106.676844.png
28,1786799106,776678377,1786799106.776678,000028_1786799106.776678.png
29,1786799106,810053997,1786799106.810054,000029_1786799106.810054.png
30,1786799107,43343827,1786799107.043344,000030_1786799107.043344.png
31,1786799107,76738067,1786799107.076738,000031_1786799107.076738.png
32,1786799107,443349927,1786799107.443350,000032_1786799107.443350.png
33,1786799108,43374251,1786799108.043374,000033_1786799108.043374.png
34,1786799108,210078826,1786799108.210079,000034_1786799108.210079.png
35,1786799108,243345761,1786799108.243346,000035_1786799108.243346.png
36,1786799108,310040772,1786799108.310041,000036_1786799108.310041.png
37,1786799108,343384398,1786799108.343385,000037_1786799108.343385.png
38,1786799108,410102117,1786799108.410102,000038_1786799108.410102.png
39,1786799108,443391730,1786799108.443392,000039_1786799108.443392.png
40,1786799108,476754256,1786799108.476754,000040_1786799108.476754.png
41,1786799108,543369695,1786799108.543370,000041_1786799108.543370.png
42,1786799108,843393253,1786799108.843393,000042_1786799108.843393.png
43,1786799108,943389034,1786799108.943389,000043_1786799108.943389.png
44,1786799109,10021304,1786799109.010021,000044_1786799109.010021.png
45,1786799109,210005282,1786799109.210005,000045_1786799109.210005.png
46,1786799109,243381499,1786799109.243382,000046_1786799109.243382.png
47,1786799109,276727955,1786799109.276728,000047_1786799109.276728.png
48,1786799109,376829851,1786799109.376830,000048_1786799109.376830.png
49,1786799109,476781814,1786799109.476782,000049_1786799109.476782.png
50,1786799109,610035334,1786799109.610035,000050_1786799109.610035.png
51,1786799109,843410399,1786799109.843410,000051_1786799109.843410.png
52,1786799109,876759657,1786799109.876760,000052_1786799109.876760.png
53,1786799109,943327632,1786799109.943328,000053_1786799109.943328.png
54,1786799109,976799479,1786799109.976799,000054_1786799109.976799.png
55,1786799110,10031751,1786799110.010032,000055_1786799110.010032.png
56,1786799110,43404794,1786799110.043405,000056_1786799110.043405.png
57,1786799110,76754479,1786799110.076755,000057_1786799110.076755.png
58,1786799110,243584723,1786799110.243585,000058_1786799110.243585.png
59,1786799110,276729475,1786799110.276730,000059_1786799110.276730.png
60,1786799110,510099683,1786799110.510100,000060_1786799110.510100.png
61,1786799110,543412200,1786799110.543412,000061_1786799110.543412.png
62,1786799110,943405008,1786799110.943405,000062_1786799110.943405.png
63,1786799110,976824166,1786799110.976824,000063_1786799110.976824.png
64,1786799111,243434597,1786799111.243435,000064_1786799111.243435.png
65,1786799111,410077320,1786799111.410077,000065_1786799111.410077.png
66,1786799111,443409768,1786799111.443410,000066_1786799111.443410.png
67,1786799111,876791250,1786799111.876791,000067_1786799111.876791.png
68,1786799112,276715212,1786799112.276715,000068_1786799112.276715.png
69,1786799112,343436299,1786799112.343436,000069_1786799112.343436.png
70,1786799112,376780362,1786799112.376780,000070_1786799112.376780.png
71,1786799112,543552256,1786799112.543552,000071_1786799112.543552.png
72,1786799112,576726755,1786799112.576727,000072_1786799112.576727.png
73,1786799112,610352226,1786799112.610352,000073_1786799112.610352.png
74,1786799112,660125781,1786799112.660126,000074_1786799112.660126.png
75,1786799112,876752952,1786799112.876753,000075_1786799112.876753.png
76,1786799113,10090805,1786799113.010091,000076_1786799113.010091.png
77,1786799113,43488771,1786799113.043489,000077_1786799113.043489.png
78,1786799113,76783744,1786799113.076784,000078_1786799113.076784.png
79,1786799113,143505262,1786799113.143505,000079_1786799113.143505.png
80,1786799113,243466328,1786799113.243466,000080_1786799113.243466.png
81,1786799113,276831951,1786799113.276832,000081_1786799113.276832.png
82,1786799113,476790583,1786799113.476791,000082_1786799113.476791.png
83,1786799113,676802988,1786799113.676803,000083_1786799113.676803.png
84,1786799114,10112749,1786799114.010113,000084_1786799114.010113.png
85,1786799114,210166927,1786799114.210167,000085_1786799114.210167.png
86,1786799114,243550117,1786799114.243550,000086_1786799114.243550.png
87,1786799114,310129708,1786799114.310130,000087_1786799114.310130.png
88,1786799114,743515600,1786799114.743515,000088_1786799114.743515.png
89,1786799115,76794053,1786799115.076794,000089_1786799115.076794.png
90,1786799115,143486396,1786799115.143486,000090_1786799115.143486.png
91,1786799115,410162030,1786799115.410162,000091_1786799115.410162.png
92,1786799115,443502904,1786799115.443503,000092_1786799115.443503.png
93,1786799115,843490167,1786799115.843490,000093_1786799115.843490.png
94,1786799116,410201736,1786799116.410202,000094_1786799116.410202.png
95,1786799116,843525988,1786799116.843526,000095_1786799116.843526.png
96,1786799117,76906367,1786799117.076906,000096_1786799117.076906.png
97,1786799117,343528280,1786799117.343528,000097_1786799117.343528.png
98,1786799117,410189478,1786799117.410189,000098_1786799117.410189.png
99,1786799117,510236164,1786799117.510236,000099_1786799117.510236.png
100,1786799117,543637931,1786799117.543638,000100_1786799117.543638.png
101,1786799117,576891005,1786799117.576891,000101_1786799117.576891.png
102,1786799117,843483128,1786799117.843483,000102_1786799117.843483.png
103,1786799117,876886482,1786799117.876886,000103_1786799117.876886.png
104,1786799117,910276713,1786799117.910277,000104_1786799117.910277.png
105,1786799118,543613715,1786799118.543614,000105_1786799118.543614.png
106,1786799118,576892714,1786799118.576893,000106_1786799118.576893.png
107,1786799118,676914032,1786799118.676914,000107_1786799118.676914.png
108,1786799118,776894849,1786799118.776895,000108_1786799118.776895.png
109,1786799118,810246946,1786799118.810247,000109_1786799118.810247.png
110,1786799118,943564212,1786799118.943564,000110_1786799118.943564.png
111,1786799119,143662933,1786799119.143663,000111_1786799119.143663.png
112,1786799119,243605707,1786799119.243606,000112_1786799119.243606.png
113,1786799119,443667229,1786799119.443667,000113_1786799119.443667.png
114,1786799119,510252201,1786799119.510252,000114_1786799119.510252.png
115,1786799119,743623472,1786799119.743623,000115_1786799119.743623.png
116,1786799119,910311862,1786799119.910312,000116_1786799119.910312.png
117,1786799120,143666701,1786799120.143667,000117_1786799120.143667.png
118,1786799120,510292500,1786799120.510293,000118_1786799120.510293.png
119,1786799120,543673093,1786799120.543673,000119_1786799120.543673.png
120,1786799120,577007549,1786799120.577008,000120_1786799120.577008.png
121,1786799120,610325845,1786799120.610326,000121_1786799120.610326.png
122,1786799121,10270237,1786799121.010270,000122_1786799121.010270.png
123,1786799121,160299143,1786799121.160299,000123_1786799121.160299.png
124,1786799121,210303120,1786799121.210303,000124_1786799121.210303.png
125,1786799121,243623581,1786799121.243623,000125_1786799121.243623.png
126,1786799121,260327341,1786799121.260327,000126_1786799121.260327.png
127,1786799121,293736690,1786799121.293737,000127_1786799121.293737.png
128,1786799121,710321364,1786799121.710321,000128_1786799121.710321.png
129,1786799121,727017419,1786799121.727017,000129_1786799121.727017.png
130,1786799121,760341657,1786799121.760342,000130_1786799121.760342.png
131,1786799121,810348671,1786799121.810349,000131_1786799121.810349.png
132,1786799121,843793051,1786799121.843793,000132_1786799121.843793.png
133,1786799121,960325726,1786799121.960326,000133_1786799121.960326.png
134,1786799122,243617688,1786799122.243618,000134_1786799122.243618.png
135,1786799122,310306148,1786799122.310306,000135_1786799122.310306.png
136,1786799122,410338483,1786799122.410338,000136_1786799122.410338.png
137,1786799122,427022994,1786799122.427023,000137_1786799122.427023.png
138,1786799122,610336124,1786799122.610336,000138_1786799122.610336.png
139,1786799123,76998136,1786799123.076998,000139_1786799123.076998.png
140,1786799123,576998783,1786799123.576999,000140_1786799123.576999.png
141,1786799123,610380162,1786799123.610380,000141_1786799123.610380.png
142,1786799123,843747570,1786799123.843748,000142_1786799123.843748.png
143,1786799124,877093495,1786799124.877094,000143_1786799124.877094.png
144,1786799125,43710706,1786799125.043711,000144_1786799125.043711.png
145,1786799125,410359658,1786799125.410360,000145_1786799125.410360.png
146,1786799125,510406426,1786799125.510406,000146_1786799125.510406.png
147,1786799125,977031485,1786799125.977031,000147_1786799125.977031.png
148,1786799126,443751118,1786799126.443751,000148_1786799126.443751.png
149,1786799126,477054408,1786799126.477054,000149_1786799126.477054.png
150,1786799126,510393057,1786799126.510393,000150_1786799126.510393.png
151,1786799126,543733732,1786799126.543734,000151_1786799126.543734.png
152,1786799126,610393131,1786799126.610393,000152_1786799126.610393.png
153,1786799127,10400876,1786799127.010401,000153_1786799127.010401.png
154,1786799127,343692017,1786799127.343692,000154_1786799127.343692.png
155,1786799127,543874629,1786799127.543875,000155_1786799127.543875.png
156,1786799127,577105610,1786799127.577106,000156_1786799127.577106.png
157,1786799127,610563376,1786799127.610563,000157_1786799127.610563.png
158,1786799127,977108887,1786799127.977109,000158_1786799127.977109.png
159,1786799128,110460968,1786799128.110461,000159_1786799128.110461.png
160,1786799128,143797924,1786799128.143798,000160_1786799128.143798.png
161,1786799128,177216967,1786799128.177217,000161_1786799128.177217.png
162,1786799128,210430201,1786799128.210430,000162_1786799128.210430.png
163,1786799128,243837692,1786799128.243838,000163_1786799128.243838.png
164,1786799128,277213641,1786799128.277214,000164_1786799128.277214.png
165,1786799128,310438593,1786799128.310439,000165_1786799128.310439.png
166,1786799128,977126425,1786799128.977126,000166_1786799128.977126.png
167,1786799129,10475779,1786799129.010476,000167_1786799129.010476.png
168,1786799129,43787599,1786799129.043788,000168_1786799129.043788.png
169,1786799129,243814966,1786799129.243815,000169_1786799129.243815.png
170,1786799129,643761173,1786799129.643761,000170_1786799129.643761.png
171,1786799130,10626197,1786799130.010626,000171_1786799130.010626.png
172,1786799130,243782724,1786799130.243783,000172_1786799130.243783.png
173,1786799130,710531020,1786799130.710531,000173_1786799130.710531.png
174,1786799130,877179025,1786799130.877179,000174_1786799130.877179.png
175,1786799130,910574900,1786799130.910575,000175_1786799130.910575.png
176,1786799130,977154638,1786799130.977155,000176_1786799130.977155.png
177,1786799131,10566737,1786799131.010567,000177_1786799131.010567.png
178,1786799131,43893859,1786799131.043894,000178_1786799131.043894.png
179,1786799131,343856684,1786799131.343857,000179_1786799131.343857.png
180,1786799131,543789144,1786799131.543789,000180_1786799131.543789.png
181,1786799131,677110126,1786799131.677110,000181_1786799131.677110.png
182,1786799131,710472315,1786799131.710472,000182_1786799131.710472.png
183,1786799131,810515067,1786799131.810515,000183_1786799131.810515.png
184,1786799131,910554700,1786799131.910555,000184_1786799131.910555.png
185,1786799131,943877035,1786799131.943877,000185_1786799131.943877.png
186,1786799132,343852110,1786799132.343852,000186_1786799132.343852.png
187,1786799132,410539164,1786799132.410539,000187_1786799132.410539.png
188,1786799132,710609293,1786799132.710609,000188_1786799132.710609.png
189,1786799133,10580815,1786799133.010581,000189_1786799133.010581.png
190,1786799133,310591676,1786799133.310592,000190_1786799133.310592.png
191,1786799133,343863501,1786799133.343863,000191_1786799133.343863.png
192,1786799133,410578814,1786799133.410579,000192_1786799133.410579.png
193,1786799134,77200275,1786799134.077200,000193_1786799134.077200.png
194,1786799134,210572277,1786799134.210572,000194_1786799134.210572.png
195,1786799134,243855055,1786799134.243855,000195_1786799134.243855.png
196,1786799134,310625294,1786799134.310625,000196_1786799134.310625.png
197,1786799134,343882316,1786799134.343882,000197_1786799134.343882.png
198,1786799134,443871135,1786799134.443871,000198_1786799134.443871.png
199,1786799134,810591436,1786799134.810591,000199_1786799134.810591.png
200,1786799135,110587963,1786799135.110588,000200_1786799135.110588.png
201,1786799136,143928108,1786799136.143928,000201_1786799136.143928.png
202,1786799136,610649932,1786799136.610650,000202_1786799136.610650.png
203,1786799137,10588216,1786799137.010588,000203_1786799137.010588.png
204,1786799137,43952188,1786799137.043952,000204_1786799137.043952.png
205,1786799137,143913458,1786799137.143914,000205_1786799137.143914.png
206,1786799137,210589462,1786799137.210589,000206_1786799137.210589.png
207,1786799137,310625461,1786799137.310626,000207_1786799137.310626.png
208,1786799137,377272482,1786799137.377272,000208_1786799137.377272.png
209,1786799137,410581448,1786799137.410581,000209_1786799137.410581.png
210,1786799137,443915529,1786799137.443916,000210_1786799137.443916.png
211,1786799137,510617091,1786799137.510617,000211_1786799137.510617.png
212,1786799137,577288560,1786799137.577289,000212_1786799137.577289.png
213,1786799137,610611452,1786799137.610611,000213_1786799137.610611.png
214,1786799137,710719706,1786799137.710720,000214_1786799137.710720.png
215,1786799137,743986191,1786799137.743986,000215_1786799137.743986.png
216,1786799137,877314132,1786799137.877314,000216_1786799137.877314.png
217,1786799137,910638110,1786799137.910638,000217_1786799137.910638.png
218,1786799137,944041250,1786799137.944041,000218_1786799137.944041.png
219,1786799138,110678850,1786799138.110679,000219_1786799138.110679.png
220,1786799138,377306246,1786799138.377306,000220_1786799138.377306.png
221,1786799138,410771037,1786799138.410771,000221_1786799138.410771.png
222,1786799138,643937061,1786799138.643937,000222_1786799138.643937.png
223,1786799139,44052265,1786799139.044052,000223_1786799139.044052.png
224,1786799139,243966148,1786799139.243966,000224_1786799139.243966.png
225,1786799139,377336407,1786799139.377337,000225_1786799139.377337.png
226,1786799140,43994918,1786799140.043995,000226_1786799140.043995.png
227,1786799141,77365855,1786799141.077366,000227_1786799141.077366.png
228,1786799141,110676240,1786799141.110676,000228_1786799141.110676.png
229,1786799141,777386768,1786799141.777387,000229_1786799141.777387.png
230,1786799141,810663051,1786799141.810663,000230_1786799141.810663.png
231,1786799141,844023686,1786799141.844024,000231_1786799141.844024.png
232,1786799142,344065598,1786799142.344066,000232_1786799142.344066.png
233,1786799142,877378303,1786799142.877378,000233_1786799142.877378.png
234,1786799143,77387205,1786799143.077387,000234_1786799143.077387.png
235,1786799143,177402133,1786799143.177402,000235_1786799143.177402.png
236,1786799143,310748734,1786799143.310749,000236_1786799143.310749.png
237,1786799143,377441893,1786799143.377442,000237_1786799143.377442.png
238,1786799143,410750180,1786799143.410750,000238_1786799143.410750.png
239,1786799143,544108831,1786799143.544109,000239_1786799143.544109.png
240,1786799143,777475122,1786799143.777475,000240_1786799143.777475.png
241,1786799143,877442966,1786799143.877443,000241_1786799143.877443.png
242,1786799143,944065238,1786799143.944065,000242_1786799143.944065.png
243,1786799144,210788063,1786799144.210788,000243_1786799144.210788.png
244,1786799144,410881419,1786799144.410882,000244_1786799144.410882.png
245,1786799144,444110410,1786799144.444110,000245_1786799144.444110.png
246,1786799144,510813011,1786799144.510813,000246_1786799144.510813.png
247,1786799144,944104528,1786799144.944104,000247_1786799144.944104.png
248,1786799145,177445234,1786799145.177445,000248_1786799145.177445.png
249,1786799145,377460471,1786799145.377460,000249_1786799145.377460.png
250,1786799145,477458772,1786799145.477459,000250_1786799145.477459.png
251,1786799145,777480595,1786799145.777481,000251_1786799145.777481.png
252,1786799146,110751855,1786799146.110752,000252_1786799146.110752.png
253,1786799146,244130562,1786799146.244131,000253_1786799146.244131.png
254,1786799146,310797285,1786799146.310797,000254_1786799146.310797.png
255,1786799146,344128487,1786799146.344128,000255_1786799146.344128.png
256,1786799146,360815648,1786799146.360816,000256_1786799146.360816.png
257,1786799146,744101112,1786799146.744101,000257_1786799146.744101.png
258,1786799146,944329379,1786799146.944329,000258_1786799146.944329.png
259,1786799147,477514488,1786799147.477515,000259_1786799147.477515.png
260,1786799148,10802559,1786799148.010803,000260_1786799148.010803.png
261,1786799148,77490064,1786799148.077490,000261_1786799148.077490.png
262,1786799148,877496853,1786799148.877497,000262_1786799148.877497.png
263,1786799149,144205230,1786799149.144205,000263_1786799149.144205.png
264,1786799149,294277848,1786799149.294278,000264_1786799149.294278.png
265,1786799149,327534199,1786799149.327534,000265_1786799149.327534.png
266,1786799149,777572459,1786799149.777572,000266_1786799149.777572.png
267,1786799149,927578572,1786799149.927579,000267_1786799149.927579.png
268,1786799150,10871651,1786799150.010872,000268_1786799150.010872.png
269,1786799150,44266720,1786799150.044267,000269_1786799150.044267.png
270,1786799150,177527817,1786799150.177528,000270_1786799150.177528.png
271,1786799150,294298223,1786799150.294298,000271_1786799150.294298.png
272,1786799150,360874432,1786799150.360874,000272_1786799150.360874.png
273,1786799150,444215069,1786799150.444215,000273_1786799150.444215.png
274,1786799150,460925917,1786799150.460926,000274_1786799150.460926.png
275,1786799150,677510449,1786799150.677510,000275_1786799150.677510.png
276,1786799150,744175260,1786799150.744175,000276_1786799150.744175.png
277,1786799150,777530163,1786799150.777530,000277_1786799150.777530.png
278,1786799150,911015972,1786799150.911016,000278_1786799150.911016.png
279,1786799150,944248087,1786799150.944248,000279_1786799150.944248.png
280,1786799151,110897215,1786799151.110897,000280_1786799151.110897.png
281,1786799151,210893762,1786799151.210894,000281_1786799151.210894.png
282,1786799151,244239484,1786799151.244240,000282_1786799151.244240.png
283,1786799151,277563934,1786799151.277564,000283_1786799151.277564.png
284,1786799151,294198152,1786799151.294198,000284_1786799151.294198.png
285,1786799151,377586100,1786799151.377586,000285_1786799151.377586.png
286,1786799151,410901371,1786799151.410901,000286_1786799151.410901.png
287,1786799151,427689272,1786799151.427689,000287_1786799151.427689.png
288,1786799151,460871843,1786799151.460872,000288_1786799151.460872.png
289,1786799151,494380149,1786799151.494380,000289_1786799151.494380.png
290,1786799151,527572654,1786799151.527573,000290_1786799151.527573.png
291,1786799151,644250298,1786799151.644250,000291_1786799151.644250.png
292,1786799151,877698193,1786799151.877698,000292_1786799151.877698.png
293,1786799151,894272484,1786799151.894273,000293_1786799151.894273.png
294,1786799151,927668503,1786799151.927669,000294_1786799151.927669.png
295,1786799152,10907550,1786799152.010908,000295_1786799152.010908.png
296,1786799152,244250902,1786799152.244251,000296_1786799152.244251.png
297,1786799152,310942708,1786799152.310943,000297_1786799152.310943.png
298,1786799152,610955906,1786799152.610956,000298_1786799152.610956.png
299,1786799152,910948021,1786799152.910948,000299_1786799152.910948.png
300,1786799152,927671107,1786799152.927671,000300_1786799152.927671.png
301,1786799153,27612403,1786799153.027612,000301_1786799153.027612.png
302,1786799153,77602539,1786799153.077603,000302_1786799153.077603.png
303,1786799153,110960166,1786799153.110960,000303_1786799153.110960.png
304,1786799153,127748214,1786799153.127748,000304_1786799153.127748.png
305,1786799153,344258766,1786799153.344259,000305_1786799153.344259.png
306,1786799153,377628955,1786799153.377629,000306_1786799153.377629.png
307,1786799154,77648910,1786799154.077649,000307_1786799154.077649.png
308,1786799154,144249115,1786799154.144249,000308_1786799154.144249.png
309,1786799154,744337995,1786799154.744338,000309_1786799154.744338.png
310,1786799154,961076530,1786799154.961076,000310_1786799154.961076.png
311,1786799155,77620776,1786799155.077621,000311_1786799155.077621.png
312,1786799155,110975854,1786799155.110976,000312_1786799155.110976.png
313,1786799155,127661134,1786799155.127661,000313_1786799155.127661.png
314,1786799155,460986858,1786799155.460987,000314_1786799155.460987.png
315,1786799155,577657655,1786799155.577658,000315_1786799155.577658.png
316,1786799155,594329165,1786799155.594329,000316_1786799155.594329.png
317,1786799155,927698177,1786799155.927698,000317_1786799155.927698.png
318,1786799156,260997233,1786799156.260997,000318_1786799156.260997.png
319,1786799156,327671979,1786799156.327672,000319_1786799156.327672.png
320,1786799156,394377243,1786799156.394377,000320_1786799156.394377.png
321,1786799157,244332779,1786799157.244333,000321_1786799157.244333.png
322,1786799157,311021638,1786799157.311022,000322_1786799157.311022.png
323,1786799157,677730703,1786799157.677731,000323_1786799157.677731.png
324,1786799158,111004083,1786799158.111004,000324_1786799158.111004.png
325,1786799158,477760870,1786799158.477761,000325_1786799158.477761.png
326,1786799159,511098433,1786799159.511098,000326_1786799159.511098.png
327,1786799159,844541477,1786799159.844542,000327_1786799159.844542.png
328,1786799159,877825035,1786799159.877825,000328_1786799159.877825.png
329,1786799160,111087768,1786799160.111088,000329_1786799160.111088.png
330,1786799160,144456617,1786799160.144457,000330_1786799160.144457.png
331,1786799160,244401449,1786799160.244401,000331_1786799160.244401.png
332,1786799160,877743591,1786799160.877743,000332_1786799160.877743.png
333,1786799160,944513659,1786799160.944514,000333_1786799160.944514.png
334,1786799160,977788322,1786799160.977788,000334_1786799160.977788.png
335,1786799161,11178017,1786799161.011178,000335_1786799161.011178.png
336,1786799161,111069504,1786799161.111069,000336_1786799161.111069.png
337,1786799161,177854432,1786799161.177855,000337_1786799161.177855.png
338,1786799161,311100125,1786799161.311100,000338_1786799161.311100.png
339,1786799161,344451532,1786799161.344451,000339_1786799161.344451.png
340,1786799161,511093392,1786799161.511093,000340_1786799161.511093.png
341,1786799161,544442701,1786799161.544443,000341_1786799161.544443.png
342,1786799161,944415788,1786799161.944416,000342_1786799161.944416.png
343,1786799162,111108682,1786799162.111109,000343_1786799162.111109.png
344,1786799162,344495813,1786799162.344496,000344_1786799162.344496.png
345,1786799163,11139942,1786799163.011140,000345_1786799163.011140.png
346,1786799163,44476423,1786799163.044477,000346_1786799163.044477.png
347,1786799163,77881022,1786799163.077881,000347_1786799163.077881.png
348,1786799163,211175639,1786799163.211176,000348_1786799163.211176.png
349,1786799163,244456665,1786799163.244457,000349_1786799163.244457.png
350,1786799163,277775125,1786799163.277775,000350_1786799163.277775.png
351,1786799163,344474519,1786799163.344475,000351_1786799163.344475.png
352,1786799163,377855198,1786799163.377855,000352_1786799163.377855.png
353,1786799163,877827776,1786799163.877828,000353_1786799163.877828.png
354,1786799163,911177832,1786799163.911178,000354_1786799163.911178.png
355,1786799163,977930116,1786799163.977930,000355_1786799163.977930.png
356,1786799164,11172429,1786799164.011173,000356_1786799164.011173.png
357,1786799164,44489873,1786799164.044490,000357_1786799164.044490.png
358,1786799164,77806279,1786799164.077806,000358_1786799164.077806.png
359,1786799164,111208517,1786799164.111208,000359_1786799164.111208.png
360,1786799164,277871879,1786799164.277872,000360_1786799164.277872.png
361,1786799164,311195828,1786799164.311196,000361_1786799164.311196.png
362,1786799164,344545782,1786799164.344546,000362_1786799164.344546.png
363,1786799164,377890705,1786799164.377891,000363_1786799164.377891.png
364,1786799164,477810401,1786799164.477810,000364_1786799164.477810.png
365,1786799164,644476819,1786799164.644477,000365_1786799164.644477.png
366,1786799164,677813332,1786799164.677813,000366_1786799164.677813.png
367,1786799165,111174980,1786799165.111175,000367_1786799165.111175.png
368,1786799165,144569461,1786799165.144569,000368_1786799165.144569.png
369,1786799165,177823092,1786799165.177823,000369_1786799165.177823.png
370,1786799165,211143235,1786799165.211143,000370_1786799165.211143.png
371,1786799165,277817817,1786799165.277818,000371_1786799165.277818.png
372,1786799165,311213864,1786799165.311214,000372_1786799165.311214.png
373,1786799165,544636248,1786799165.544636,000373_1786799165.544636.png
374,1786799165,911224330,1786799165.911224,000374_1786799165.911224.png
375,1786799166,444567636,1786799166.444568,000375_1786799166.444568.png
376,1786799166,611219327,1786799166.611219,000376_1786799166.611219.png
377,1786799167,911257648,1786799167.911258,000377_1786799167.911258.png
378,1786799167,944628075,1786799167.944628,000378_1786799167.944628.png
379,1786799168,111246213,1786799168.111246,000379_1786799168.111246.png
380,1786799168,144592546,1786799168.144593,000380_1786799168.144593.png
381,1786799168,444555184,1786799168.444555,000381_1786799168.444555.png
382,1786799168,611236284,1786799168.611236,000382_1786799168.611236.png
383,1786799168,644541460,1786799168.644542,000383_1786799168.644542.png
384,1786799168,711218915,1786799168.711219,000384_1786799168.711219.png
385,1786799168,944547553,1786799168.944548,000385_1786799168.944548.png
386,1786799170,11241505,1786799170.011241,000386_1786799170.011241.png
387,1786799170,311387586,1786799170.311388,000387_1786799170.311388.png
388,1786799170,677901847,1786799170.677902,000388_1786799170.677902.png
389,1786799170,711327976,1786799170.711328,000389_1786799170.711328.png
390,1786799170,744674599,1786799170.744675,000390_1786799170.744675.png
391,1786799170,777935341,1786799170.777935,000391_1786799170.777935.png
392,1786799170,811275018,1786799170.811275,000392_1786799170.811275.png
393,1786799170,877921249,1786799170.877921,000393_1786799170.877921.png
394,1786799170,944692716,1786799170.944693,000394_1786799170.944693.png
395,1786799170,977986004,1786799170.977986,000395_1786799170.977986.png
396,1786799171,11272317,1786799171.011272,000396_1786799171.011272.png
397,1786799171,211254407,1786799171.211254,000397_1786799171.211254.png
398,1786799171,277983863,1786799171.277984,000398_1786799171.277984.png
399,1786799171,344666970,1786799171.344667,000399_1786799171.344667.png
400,1786799171,411250330,1786799171.411250,000400_1786799171.411250.png
401,1786799171,444691388,1786799171.444691,000401_1786799171.444691.png
402,1786799171,477979129,1786799171.477979,000402_1786799171.477979.png
403,1786799171,678017573,1786799171.678018,000403_1786799171.678018.png
404,1786799171,944667079,1786799171.944667,000404_1786799171.944667.png
405,1786799172,244662438,1786799172.244663,000405_1786799172.244663.png
406,1786799172,377984093,1786799172.377984,000406_1786799172.377984.png
407,1786799172,544682900,1786799172.544683,000407_1786799172.544683.png
408,1786799172,578053800,1786799172.578054,000408_1786799172.578054.png
409,1786799172,611384488,1786799172.611384,000409_1786799172.611384.png
410,1786799172,644664767,1786799172.644665,000410_1786799172.644665.png
411,1786799172,678037164,1786799172.678037,000411_1786799172.678037.png
412,1786799172,811335656,1786799172.811336,000412_1786799172.811336.png
413,1786799172,844674173,1786799172.844674,000413_1786799172.844674.png
414,1786799172,878016782,1786799172.878017,000414_1786799172.878017.png
415,1786799172,911398556,1786799172.911399,000415_1786799172.911399.png
416,1786799172,944730778,1786799172.944731,000416_1786799172.944731.png
417,1786799173,244709860,1786799173.244710,000417_1786799173.244710.png
418,1786799173,278022745,1786799173.278023,000418_1786799173.278023.png
419,1786799173,311394905,1786799173.311395,000419_1786799173.311395.png
420,1786799173,411404003,1786799173.411404,000420_1786799173.411404.png
421,1786799173,444684021,1786799173.444684,000421_1786799173.444684.png
422,1786799173,511355155,1786799173.511355,000422_1786799173.511355.png
423,1786799173,544712308,1786799173.544712,000423_1786799173.544712.png
424,1786799173,611348099,1786799173.611348,000424_1786799173.611348.png
425,1786799174,44720518,1786799174.044720,000425_1786799174.044720.png
426,1786799174,278050398,1786799174.278050,000426_1786799174.278050.png
427,1786799174,344736463,1786799174.344737,000427_1786799174.344737.png
428,1786799174,644750104,1786799174.644750,000428_1786799174.644750.png
429,1786799174,661379362,1786799174.661379,000429_1786799174.661379.png
430,1786799174,777998539,1786799174.777998,000430_1786799174.777998.png
431,1786799175,11446912,1786799175.011447,000431_1786799175.011447.png
432,1786799175,511373047,1786799175.511373,000432_1786799175.511373.png
433,1786799175,711396314,1786799175.711396,000433_1786799175.711396.png
434,1786799175,744761398,1786799175.744761,000434_1786799175.744761.png
435,1786799175,894805916,1786799175.894806,000435_1786799175.894806.png
436,1786799176,78032293,1786799176.078032,000436_1786799176.078032.png
437,1786799176,111389059,1786799176.111389,000437_1786799176.111389.png
438,1786799176,211413650,1786799176.211414,000438_1786799176.211414.png
439,1786799176,244779760,1786799176.244780,000439_1786799176.244780.png
440,1786799176,261444341,1786799176.261444,000440_1786799176.261444.png
441,1786799176,294779414,1786799176.294779,000441_1786799176.294779.png
442,1786799176,478130566,1786799176.478131,000442_1786799176.478131.png
443,1786799176,544682563,1786799176.544683,000443_1786799176.544683.png
444,1786799176,661399114,1786799176.661399,000444_1786799176.661399.png
445,1786799176,844739569,1786799176.844740,000445_1786799176.844740.png
446,1786799176,911400345,1786799176.911400,000446_1786799176.911400.png
447,1786799177,11381129,1786799177.011381,000447_1786799177.011381.png
448,1786799177,144922183,1786799177.144922,000448_1786799177.144922.png
449,1786799177,294780280,1786799177.294780,000449_1786799177.294780.png
450,1786799177,328126028,1786799177.328126,000450_1786799177.328126.png
451,1786799177,411415983,1786799177.411416,000451_1786799177.411416.png
452,1786799177,444840363,1786799177.444840,000452_1786799177.444840.png
453,1786799177,478103603,1786799177.478104,000453_1786799177.478104.png
454,1786799177,511417578,1786799177.511418,000454_1786799177.511418.png
455,1786799177,544793438,1786799177.544793,000455_1786799177.544793.png
456,1786799177,611447731,1786799177.611448,000456_1786799177.611448.png
457,1786799177,744785026,1786799177.744785,000457_1786799177.744785.png
458,1786799177,844752991,1786799177.844753,000458_1786799177.844753.png
459,1786799177,878080666,1786799177.878081,000459_1786799177.878081.png
460,1786799177,894846975,1786799177.894847,000460_1786799177.894847.png
461,1786799177,944787835,1786799177.944788,000461_1786799177.944788.png
462,1786799177,978104462,1786799177.978104,000462_1786799177.978104.png
463,1786799178,144689090,1786799178.144689,000463_1786799178.144689.png
464,1786799178,178062638,1786799178.178063,000464_1786799178.178063.png
465,1786799178,211477730,1786799178.211478,000465_1786799178.211478.png
466,1786799178,311446799,1786799178.311447,000466_1786799178.311447.png
467,1786799178,344768267,1786799178.344768,000467_1786799178.344768.png
468,1786799178,578126201,1786799178.578126,000468_1786799178.578126.png
469,1786799179,278151337,1786799179.278151,000469_1786799179.278151.png
470,1786799180,78180218,1786799180.078180,000470_1786799180.078180.png
471,1786799180,94835051,1786799180.094835,000471_1786799180.094835.png
472,1786799180,311580668,1786799180.311581,000472_1786799180.311581.png
473,1786799180,328167355,1786799180.328167,000473_1786799180.328167.png
474,1786799180,361500713,1786799180.361501,000474_1786799180.361501.png
475,1786799180,444809359,1786799180.444809,000475_1786799180.444809.png
476,1786799180,461523202,1786799180.461523,000476_1786799180.461523.png
477,1786799180,578122401,1786799180.578122,000477_1786799180.578122.png
478,1786799180,594804234,1786799180.594804,000478_1786799180.594804.png
479,1786799180,678134057,1786799180.678134,000479_1786799180.678134.png
480,1786799180,911512968,1786799180.911513,000480_1786799180.911513.png
481,1786799180,928176880,1786799180.928177,000481_1786799180.928177.png
482,1786799180,961546584,1786799180.961547,000482_1786799180.961547.png
483,1786799181,94825720,1786799181.094826,000483_1786799181.094826.png
484,1786799181,194888477,1786799181.194889,000484_1786799181.194889.png
485,1786799181,378169914,1786799181.378170,000485_1786799181.378170.png
486,1786799181,561551015,1786799181.561551,000486_1786799181.561551.png
487,1786799181,711614616,1786799181.711615,000487_1786799181.711615.png
488,1786799181,744830308,1786799181.744830,000488_1786799181.744830.png
489,1786799181,878185682,1786799181.878186,000489_1786799181.878186.png
490,1786799182,78207231,1786799182.078207,000490_1786799182.078207.png
491,1786799182,111466162,1786799182.111466,000491_1786799182.111466.png
492,1786799182,128207791,1786799182.128208,000492_1786799182.128208.png
493,1786799182,161505803,1786799182.161506,000493_1786799182.161506.png
494,1786799182,194874893,1786799182.194875,000494_1786799182.194875.png
495,1786799182,328216274,1786799182.328216,000495_1786799182.328216.png
496,1786799182,361693759,1786799182.361694,000496_1786799182.361694.png
497,1786799182,394904799,1786799182.394905,000497_1786799182.394905.png
498,1786799182,494831731,1786799182.494832,000498_1786799182.494832.png
499,1786799182,644835388,1786799182.644835,000499_1786799182.644835.png
500,1786799183,211547764,1786799183.211548,000500_1786799183.211548.png
501,1786799183,311623445,1786799183.311623,000501_1786799183.311623.png
502,1786799183,344824134,1786799183.344824,000502_1786799183.344824.png
503,1786799183,378203068,1786799183.378203,000503_1786799183.378203.png
504,1786799183,394894482,1786799183.394895,000504_1786799183.394895.png
505,1786799183,478184536,1786799183.478184,000505_1786799183.478184.png
506,1786799183,844845501,1786799183.844846,000506_1786799183.844846.png
507,1786799183,861586990,1786799183.861587,000507_1786799183.861587.png
508,1786799183,944842081,1786799183.944842,000508_1786799183.944842.png
509,1786799184,94879210,1786799184.094879,000509_1786799184.094879.png
510,1786799184,128256564,1786799184.128257,000510_1786799184.128257.png
511,1786799184,344853469,1786799184.344853,000511_1786799184.344853.png
512,1786799184,978190639,1786799184.978191,000512_1786799184.978191.png
513,1786799185,61592415,1786799185.061592,000513_1786799185.061592.png
514,1786799185,128272840,1786799185.128273,000514_1786799185.128273.png
515,1786799185,211568903,1786799185.211569,000515_1786799185.211569.png
516,1786799185,344909480,1786799185.344909,000516_1786799185.344909.png
517,1786799185,611620003,1786799185.611620,000517_1786799185.611620.png
518,1786799185,744899747,1786799185.744900,000518_1786799185.744900.png
519,1786799186,78225591,1786799186.078226,000519_1786799186.078226.png
520,1786799186,178204218,1786799186.178204,000520_1786799186.178204.png
521,1786799186,311613160,1786799186.311613,000521_1786799186.311613.png
522,1786799186,361636409,1786799186.361636,000522_1786799186.361636.png
523,1786799186,478214830,1786799186.478215,000523_1786799186.478215.png
524,1786799186,561695919,1786799186.561696,000524_1786799186.561696.png
525,1786799186,894947474,1786799186.894948,000525_1786799186.894948.png
526,1786799187,128268102,1786799187.128268,000526_1786799187.128268.png
527,1786799187,361650384,1786799187.361650,000527_1786799187.361650.png
528,1786799187,394938183,1786799187.394938,000528_1786799187.394938.png
529,1786799187,428331197,1786799187.428331,000529_1786799187.428331.png
530,1786799187,461619078,1786799187.461619,000530_1786799187.461619.png
531,1786799187,528268025,1786799187.528268,000531_1786799187.528268.png
532,1786799187,561735287,1786799187.561735,000532_1786799187.561735.png
533,1786799187,628267041,1786799187.628267,000533_1786799187.628267.png
534,1786799187,661683730,1786799187.661684,000534_1786799187.661684.png
535,1786799187,794937717,1786799187.794938,000535_1786799187.794938.png
536,1786799187,878279148,1786799187.878279,000536_1786799187.878279.png
537,1786799188,28323520,1786799188.028323,000537_1786799188.028323.png
538,1786799188,294962681,1786799188.294963,000538_1786799188.294963.png
539,1786799188,378315794,1786799188.378316,000539_1786799188.378316.png
540,1786799188,428364181,1786799188.428364,000540_1786799188.428364.png
541,1786799188,478305284,1786799188.478305,000541_1786799188.478305.png
542,1786799188,528320792,1786799188.528321,000542_1786799188.528321.png
543,1786799188,878304304,1786799188.878304,000543_1786799188.878304.png
544,1786799189,328344412,1786799189.328344,000544_1786799189.328344.png
545,1786799189,361712916,1786799189.361713,000545_1786799189.361713.png
546,1786799189,428301524,1786799189.428302,000546_1786799189.428302.png
547,1786799189,528358336,1786799189.528358,000547_1786799189.528358.png
548,1786799189,645056048,1786799189.645056,000548_1786799189.645056.png
549,1786799189,678296370,1786799189.678296,000549_1786799189.678296.png
550,1786799189,728379045,1786799189.728379,000550_1786799189.728379.png
551,1786799189,761704405,1786799189.761704,000551_1786799189.761704.png
552,1786799189,911654111,1786799189.911654,000552_1786799189.911654.png
553,1786799190,211768938,1786799190.211769,000553_1786799190.211769.png
554,1786799190,278335742,1786799190.278336,000554_1786799190.278336.png
555,1786799190,311700813,1786799190.311701,000555_1786799190.311701.png
556,1786799190,778372775,1786799190.778373,000556_1786799190.778373.png
557,1786799190,845028989,1786799190.845029,000557_1786799190.845029.png
558,1786799191,211696520,1786799191.211697,000558_1786799191.211697.png
559,1786799191,244963259,1786799191.244963,000559_1786799191.244963.png
560,1786799191,278368018,1786799191.278368,000560_1786799191.278368.png
561,1786799191,311808942,1786799191.311809,000561_1786799191.311809.png
562,1786799191,378396056,1786799191.378396,000562_1786799191.378396.png
563,1786799191,411691629,1786799191.411692,000563_1786799191.411692.png
564,1786799191,545062303,1786799191.545062,000564_1786799191.545062.png
565,1786799191,678456020,1786799191.678456,000565_1786799191.678456.png
566,1786799191,911699585,1786799191.911700,000566_1786799191.911700.png
567,1786799192,45024968,1786799192.045025,000567_1786799192.045025.png
568,1786799192,78443773,1786799192.078444,000568_1786799192.078444.png
569,1786799192,245015897,1786799192.245016,000569_1786799192.245016.png
570,1786799192,278410005,1786799192.278410,000570_1786799192.278410.png
571,1786799192,478383662,1786799192.478384,000571_1786799192.478384.png
572,1786799192,511784193,1786799192.511784,000572_1786799192.511784.png
573,1786799192,611724307,1786799192.611724,000573_1786799192.611724.png
574,1786799193,178409499,1786799193.178410,000574_1786799193.178410.png
575,1786799193,245047199,1786799193.245047,000575_1786799193.245047.png
576,1786799193,311714833,1786799193.311715,000576_1786799193.311715.png
577,1786799193,345064313,1786799193.345064,000577_1786799193.345064.png
578,1786799193,511721065,1786799193.511721,000578_1786799193.511721.png
579,1786799193,945076314,1786799193.945076,000579_1786799193.945076.png
580,1786799194,211764751,1786799194.211765,000580_1786799194.211765.png
581,1786799194,511737181,1786799194.511737,000581_1786799194.511737.png
582,1786799194,711796643,1786799194.711797,000582_1786799194.711797.png
583,1786799194,745077118,1786799194.745077,000583_1786799194.745077.png
584,1786799194,911742340,1786799194.911742,000584_1786799194.911742.png
585,1786799195,111747153,1786799195.111747,000585_1786799195.111747.png
586,1786799195,211770838,1786799195.211771,000586_1786799195.211771.png
587,1786799195,245158401,1786799195.245158,000587_1786799195.245158.png
588,1786799195,845064962,1786799195.845065,000588_1786799195.845065.png
589,1786799195,878461014,1786799195.878461,000589_1786799195.878461.png
590,1786799196,378430849,1786799196.378431,000590_1786799196.378431.png
591,1786799196,545130415,1786799196.545130,000591_1786799196.545130.png
592,1786799196,711756671,1786799196.711757,000592_1786799196.711757.png
593,1786799196,778445970,1786799196.778446,000593_1786799196.778446.png
594,1786799196,811802246,1786799196.811802,000594_1786799196.811802.png
595,1786799196,878481241,1786799196.878481,000595_1786799196.878481.png
596,1786799197,11903412,1786799197.011904,000596_1786799197.011904.png
597,1786799197,111787301,1786799197.111787,000597_1786799197.111787.png
598,1786799197,145149203,1786799197.145149,000598_1786799197.145149.png
599,1786799197,345184663,1786799197.345185,000599_1786799197.345185.png
600,1786799197,411826570,1786799197.411827,000600_1786799197.411827.png
601,1786799197,711780201,1786799197.711780,000601_1786799197.711780.png
602,1786799197,811762269,1786799197.811762,000602_1786799197.811762.png
603,1786799197,878634200,1786799197.878634,000603_1786799197.878634.png
604,1786799198,11899929,1786799198.011900,000604_1786799198.011900.png
605,1786799198,211833349,1786799198.211833,000605_1786799198.211833.png
606,1786799198,545203882,1786799198.545204,000606_1786799198.545204.png
607,1786799198,578499447,1786799198.578500,000607_1786799198.578500.png
608,1786799198,611878984,1786799198.611879,000608_1786799198.611879.png
609,1786799198,645172927,1786799198.645173,000609_1786799198.645173.png
610,1786799199,11848888,1786799199.011849,000610_1786799199.011849.png
611,1786799199,45221172,1786799199.045221,000611_1786799199.045221.png
612,1786799199,78630205,1786799199.078630,000612_1786799199.078630.png
613,1786799199,445163013,1786799199.445163,000613_1786799199.445163.png
614,1786799199,478584230,1786799199.478584,000614_1786799199.478584.png
615,1786799199,545210116,1786799199.545210,000615_1786799199.545210.png
616,1786799199,578566551,1786799199.578567,000616_1786799199.578567.png
617,1786799199,611835794,1786799199.611836,000617_1786799199.611836.png
618,1786799200,111922975,1786799200.111923,000618_1786799200.111923.png
619,1786799200,145251637,1786799200.145252,000619_1786799200.145252.png
620,1786799200,178537018,1786799200.178537,000620_1786799200.178537.png
621,1786799200,278603463,1786799200.278604,000621_1786799200.278604.png
622,1786799200,311856611,1786799200.311857,000622_1786799200.311857.png
623,1786799200,378512856,1786799200.378513,000623_1786799200.378513.png
624,1786799200,845191054,1786799200.845191,000624_1786799200.845191.png
625,1786799200,895226789,1786799200.895227,000625_1786799200.895227.png
626,1786799200,945214900,1786799200.945215,000626_1786799200.945215.png
627,1786799200,978562156,1786799200.978562,000627_1786799200.978562.png
628,1786799201,178687087,1786799201.178687,000628_1786799201.178687.png
629,1786799201,378605465,1786799201.378605,000629_1786799201.378605.png
630,1786799201,411918110,1786799201.411918,000630_1786799201.411918.png
631,1786799201,445244775,1786799201.445245,000631_1786799201.445245.png
632,1786799201,545298055,1786799201.545298,000632_1786799201.545298.png
633,1786799201,578633405,1786799201.578633,000633_1786799201.578633.png
634,1786799201,911958171,1786799201.911958,000634_1786799201.911958.png
635,1786799201,945271676,1786799201.945272,000635_1786799201.945272.png
636,1786799201,978600314,1786799201.978600,000636_1786799201.978600.png
637,1786799202,145290649,1786799202.145291,000637_1786799202.145291.png
638,1786799202,311903892,1786799202.311904,000638_1786799202.311904.png
639,1786799202,345242310,1786799202.345242,000639_1786799202.345242.png
640,1786799202,811942189,1786799202.811942,000640_1786799202.811942.png
641,1786799202,911957882,1786799202.911958,000641_1786799202.911958.png
642,1786799203,145256040,1786799203.145256,000642_1786799203.145256.png
643,1786799203,411914963,1786799203.411915,000643_1786799203.411915.png
644,1786799203,445266886,1786799203.445267,000644_1786799203.445267.png
645,1786799203,462021178,1786799203.462021,000645_1786799203.462021.png
646,1786799203,945316087,1786799203.945316,000646_1786799203.945316.png
647,1786799204,11917897,1786799204.011918,000647_1786799204.011918.png
648,1786799204,45408485,1786799204.045408,000648_1786799204.045408.png
649,1786799204,78661420,1786799204.078661,000649_1786799204.078661.png
650,1786799204,278673168,1786799204.278673,000650_1786799204.278673.png
651,1786799204,311975155,1786799204.311975,000651_1786799204.311975.png
652,1786799204,461960415,1786799204.461960,000652_1786799204.461960.png
653,1786799204,528669773,1786799204.528670,000653_1786799204.528670.png
654,1786799204,578648804,1786799204.578649,000654_1786799204.578649.png
655,1786799204,611922434,1786799204.611923,000655_1786799204.611923.png
656,1786799204,678543398,1786799204.678543,000656_1786799204.678543.png
657,1786799205,495344494,1786799205.495344,000657_1786799205.495344.png
658,1786799205,578727406,1786799205.578727,000658_1786799205.578727.png
659,1786799205,678752942,1786799205.678753,000659_1786799205.678753.png
660,1786799205,728786463,1786799205.728786,000660_1786799205.728786.png
661,1786799205,862002511,1786799205.862003,000661_1786799205.862003.png
662,1786799205,911961604,1786799205.911962,000662_1786799205.911962.png
663,1786799206,428721301,1786799206.428721,000663_1786799206.428721.png
664,1786799206,462077531,1786799206.462078,000664_1786799206.462078.png
665,1786799206,495422090,1786799206.495422,000665_1786799206.495422.png
666,1786799206,528719697,1786799206.528720,000666_1786799206.528720.png
667,1786799206,578653186,1786799206.578653,000667_1786799206.578653.png
668,1786799206,678640791,1786799206.678641,000668_1786799206.678641.png
669,1786799206,911996971,1786799206.911997,000669_1786799206.911997.png
670,1786799207,178784641,1786799207.178785,000670_1786799207.178785.png
671,1786799207,195380379,1786799207.195380,000671_1786799207.195380.png
672,1786799207,312015346,1786799207.312015,000672_1786799207.312015.png
673,1786799207,645417270,1786799207.645417,000673_1786799207.645417.png
674,1786799208,112048021,1786799208.112048,000674_1786799208.112048.png
675,1786799208,345411061,1786799208.345411,000675_1786799208.345411.png
676,1786799208,378735094,1786799208.378735,000676_1786799208.378735.png
677,1786799208,445386078,1786799208.445386,000677_1786799208.445386.png
678,1786799208,478715790,1786799208.478716,000678_1786799208.478716.png
679,1786799208,512059386,1786799208.512059,000679_1786799208.512059.png
680,1786799208,528784608,1786799208.528785,000680_1786799208.528785.png
681,1786799208,695416442,1786799208.695416,000681_1786799208.695416.png
682,1786799208,878828898,1786799208.878829,000682_1786799208.878829.png
683,1786799208,978765653,1786799208.978766,000683_1786799208.978766.png
684,1786799209,112087536,1786799209.112087,000684_1786799209.112087.png
685,1786799209,128762304,1786799209.128762,000685_1786799209.128762.png
686,1786799209,345381515,1786799209.345381,000686_1786799209.345381.png
687,1786799209,445432361,1786799209.445432,000687_1786799209.445432.png
688,1786799209,478711093,1786799209.478711,000688_1786799209.478711.png
689,1786799209,512071491,1786799209.512072,000689_1786799209.512072.png
690,1786799209,528818189,1786799209.528818,000690_1786799209.528818.png
691,1786799209,578754972,1786799209.578755,000691_1786799209.578755.png
692,1786799209,645406189,1786799209.645406,000692_1786799209.645406.png
693,1786799209,662075884,1786799209.662076,000693_1786799209.662076.png
694,1786799209,695415372,1786799209.695415,000694_1786799209.695415.png
695,1786799209,728754565,1786799209.728755,000695_1786799209.728755.png
696,1786799209,878733894,1786799209.878734,000696_1786799209.878734.png
697,1786799209,895435953,1786799209.895436,000697_1786799209.895436.png
698,1786799210,145418782,1786799210.145419,000698_1786799210.145419.png
699,1786799210,162091747,1786799210.162092,000699_1786799210.162092.png
700,1786799210,278807001,1786799210.278807,000700_1786799210.278807.png
701,1786799210,295371367,1786799210.295371,000701_1786799210.295371.png
702,1786799210,545393616,1786799210.545394,000702_1786799210.545394.png
703,1786799210,595501276,1786799210.595501,000703_1786799210.595501.png
704,1786799210,678774061,1786799210.678774,000704_1786799210.678774.png
705,1786799210,945387742,1786799210.945388,000705_1786799210.945388.png
706,1786799210,962097570,1786799210.962098,000706_1786799210.962098.png
707,1786799211,378743084,1786799211.378743,000707_1786799211.378743.png
708,1786799211,395474872,1786799211.395475,000708_1786799211.395475.png
709,1786799211,662128795,1786799211.662129,000709_1786799211.662129.png
710,1786799211,695433095,1786799211.695433,000710_1786799211.695433.png
711,1786799211,895489939,1786799211.895490,000711_1786799211.895490.png
712,1786799212,112119174,1786799212.112119,000712_1786799212.112119.png
713,1786799212,162141289,1786799212.162141,000713_1786799212.162141.png
714,1786799212,195459355,1786799212.195459,000714_1786799212.195459.png
715,1786799212,228782148,1786799212.228782,000715_1786799212.228782.png
716,1786799212,428867919,1786799212.428868,000716_1786799212.428868.png
717,1786799212,462135626,1786799212.462136,000717_1786799212.462136.png
718,1786799212,628920435,1786799212.628920,000718_1786799212.628920.png
719,1786799212,728773521,1786799212.728774,000719_1786799212.728774.png
720,1786799212,812174847,1786799212.812175,000720_1786799212.812175.png
721,1786799212,912150777,1786799212.912151,000721_1786799212.912151.png
722,1786799212,928809085,1786799212.928809,000722_1786799212.928809.png
723,1786799212,962136437,1786799212.962137,000723_1786799212.962137.png
724,1786799212,995457009,1786799212.995457,000724_1786799212.995457.png
725,1786799213,62157135,1786799213.062157,000725_1786799213.062157.png
726,1786799213,95480355,1786799213.095480,000726_1786799213.095480.png
727,1786799213,128810861,1786799213.128811,000727_1786799213.128811.png
728,1786799213,162186488,1786799213.162186,000728_1786799213.162186.png
729,1786799213,195537936,1786799213.195538,000729_1786799213.195538.png
730,1786799213,228853015,1786799213.228853,000730_1786799213.228853.png
731,1786799213,312191092,1786799213.312191,000731_1786799213.312191.png
732,1786799213,328831510,1786799213.328831,000732_1786799213.328831.png
733,1786799213,395512340,1786799213.395512,000733_1786799213.395512.png
734,1786799213,428810460,1786799213.428810,000734_1786799213.428810.png
735,1786799213,462164415,1786799213.462164,000735_1786799213.462164.png
736,1786799213,545523208,1786799213.545523,000736_1786799213.545523.png
737,1786799213,595556086,1786799213.595556,000737_1786799213.595556.png
738,1786799213,662237548,1786799213.662238,000738_1786799213.662238.png
739,1786799213,828962295,1786799213.828962,000739_1786799213.828962.png
740,1786799213,862212823,1786799213.862213,000740_1786799213.862213.png
741,1786799213,912160033,1786799213.912160,000741_1786799213.912160.png
742,1786799213,945502686,1786799213.945503,000742_1786799213.945503.png
743,1786799213,962182699,1786799213.962183,000743_1786799213.962183.png
744,1786799214,178841405,1786799214.178841,000744_1786799214.178841.png
745,1786799214,228914456,1786799214.228914,000745_1786799214.228914.png
746,1786799214,262206763,1786799214.262207,000746_1786799214.262207.png
747,1786799214,295493812,1786799214.295494,000747_1786799214.295494.png
748,1786799214,395513005,1786799214.395513,000748_1786799214.395513.png
749,1786799214,962203242,1786799214.962203,000749_1786799214.962203.png
750,1786799215,12164776,1786799215.012165,000750_1786799215.012165.png
751,1786799215,45541695,1786799215.045542,000751_1786799215.045542.png
752,1786799215,95518830,1786799215.095519,000752_1786799215.095519.png
753,1786799215,128880209,1786799215.128880,000753_1786799215.128880.png
754,1786799215,328844325,1786799215.328844,000754_1786799215.328844.png
755,1786799215,462227305,1786799215.462227,000755_1786799215.462227.png
756,1786799215,495569220,1786799215.495569,000756_1786799215.495569.png
757,1786799215,528890743,1786799215.528891,000757_1786799215.528891.png
758,1786799215,562242241,1786799215.562242,000758_1786799215.562242.png
759,1786799215,678881858,1786799215.678882,000759_1786799215.678882.png
760,1786799215,695578183,1786799215.695578,000760_1786799215.695578.png
761,1786799215,862201798,1786799215.862202,000761_1786799215.862202.png
762,1786799215,895649140,1786799215.895649,000762_1786799215.895649.png
763,1786799215,928841755,1786799215.928842,000763_1786799215.928842.png
764,1786799216,178889744,1786799216.178890,000764_1786799216.178890.png
765,1786799216,312218982,1786799216.312219,000765_1786799216.312219.png
766,1786799216,895585523,1786799216.895586,000766_1786799216.895586.png
767,1786799216,945514082,1786799216.945514,000767_1786799216.945514.png
768,1786799216,978831513,1786799216.978832,000768_1786799216.978832.png
769,1786799217,128941393,1786799217.128941,000769_1786799217.128941.png
770,1786799217,162339082,1786799217.162339,000770_1786799217.162339.png
771,1786799217,528959805,1786799217.528960,000771_1786799217.528960.png
772,1786799217,562234781,1786799217.562235,000772_1786799217.562235.png
773,1786799217,995650265,1786799217.995650,000773_1786799217.995650.png
774,1786799218,28918033,1786799218.028918,000774_1786799218.028918.png
775,1786799218,62223380,1786799218.062223,000775_1786799218.062223.png
776,1786799218,495765280,1786799218.495765,000776_1786799218.495765.png
777,1786799218,528907337,1786799218.528907,000777_1786799218.528907.png
778,1786799218,729012916,1786799218.729013,000778_1786799218.729013.png
779,1786799218,762291297,1786799218.762291,000779_1786799218.762291.png
780,1786799219,62368928,1786799219.062369,000780_1786799219.062369.png
781,1786799219,262290403,1786799219.262290,000781_1786799219.262290.png
782,1786799219,362282291,1786799219.362282,000782_1786799219.362282.png
783,1786799219,529024737,1786799219.529025,000783_1786799219.529025.png
784,1786799219,562280337,1786799219.562280,000784_1786799219.562280.png
785,1786799219,745619997,1786799219.745620,000785_1786799219.745620.png
786,1786799220,195628775,1786799220.195629,000786_1786799220.195629.png
787,1786799220,229010708,1786799220.229011,000787_1786799220.229011.png
788,1786799220,628993243,1786799220.628993,000788_1786799220.628993.png
789,1786799220,662311059,1786799220.662311,000789_1786799220.662311.png
790,1786799220,728961311,1786799220.728961,000790_1786799220.728961.png
791,1786799220,762342506,1786799220.762342,000791_1786799220.762342.png
792,1786799220,895811509,1786799220.895812,000792_1786799220.895812.png
793,1786799220,928946074,1786799220.928946,000793_1786799220.928946.png
794,1786799220,962334969,1786799220.962335,000794_1786799220.962335.png
795,1786799220,995735380,1786799220.995735,000795_1786799220.995735.png
796,1786799221,28931946,1786799221.028932,000796_1786799221.028932.png
797,1786799221,128963899,1786799221.128964,000797_1786799221.128964.png
798,1786799221,162322965,1786799221.162323,000798_1786799221.162323.png
799,1786799221,229017398,1786799221.229017,000799_1786799221.229017.png
800,1786799221,328962215,1786799221.328962,000800_1786799221.328962.png
801,1786799221,662390045,1786799221.662390,000801_1786799221.662390.png
802,1786799221,728964703,1786799221.728965,000802_1786799221.728965.png
803,1786799221,762345686,1786799221.762346,000803_1786799221.762346.png
804,1786799221,795701130,1786799221.795701,000804_1786799221.795701.png
805,1786799221,962416681,1786799221.962417,000805_1786799221.962417.png
806,1786799222,329028589,1786799222.329029,000806_1786799222.329029.png
807,1786799222,462321255,1786799222.462321,000807_1786799222.462321.png
808,1786799222,529004301,1786799222.529004,000808_1786799222.529004.png
809,1786799222,595753429,1786799222.595753,000809_1786799222.595753.png
810,1786799222,629031154,1786799222.629031,000810_1786799222.629031.png
811,1786799222,795738539,1786799222.795738,000811_1786799222.795738.png
812,1786799223,29100181,1786799223.029100,000812_1786799223.029100.png
813,1786799223,62356816,1786799223.062357,000813_1786799223.062357.png
814,1786799223,179009726,1786799223.179010,000814_1786799223.179010.png
815,1786799223,212963468,1786799223.212964,000815_1786799223.212964.png
816,1786799223,279019022,1786799223.279019,000816_1786799223.279019.png
817,1786799223,312370723,1786799223.312371,000817_1786799223.312371.png
818,1786799223,512439944,1786799223.512440,000818_1786799223.512440.png
819,1786799223,845797438,1786799223.845798,000819_1786799223.845798.png
820,1786799223,879074998,1786799223.879075,000820_1786799223.879075.png
821,1786799223,912382622,1786799223.912383,000821_1786799223.912383.png
822,1786799223,945694961,1786799223.945695,000822_1786799223.945695.png
823,1786799223,979042938,1786799223.979043,000823_1786799223.979043.png
824,1786799224,312409856,1786799224.312410,000824_1786799224.312410.png
825,1786799224,412413369,1786799224.412413,000825_1786799224.412413.png
826,1786799224,478986601,1786799224.478987,000826_1786799224.478987.png
827,1786799224,779015962,1786799224.779016,000827_1786799224.779016.png
828,1786799224,879115832,1786799224.879116,000828_1786799224.879116.png
829,1786799224,979047755,1786799224.979048,000829_1786799224.979048.png
830,1786799225,112457963,1786799225.112458,000830_1786799225.112458.png
831,1786799225,179085223,1786799225.179085,000831_1786799225.179085.png
832,1786799225,212402036,1786799225.212402,000832_1786799225.212402.png
833,1786799225,345824160,1786799225.345824,000833_1786799225.345824.png
834,1786799225,445742979,1786799225.445743,000834_1786799225.445743.png
835,1786799225,845776974,1786799225.845777,000835_1786799225.845777.png
836,1786799225,879063920,1786799225.879064,000836_1786799225.879064.png
837,1786799226,45760726,1786799226.045761,000837_1786799226.045761.png
838,1786799226,79213086,1786799226.079213,000838_1786799226.079213.png
839,1786799226,312390564,1786799226.312391,000839_1786799226.312391.png
840,1786799226,579089460,1786799226.579089,000840_1786799226.579089.png
841,1786799226,912422274,1786799226.912422,000841_1786799226.912422.png
842,1786799227,12386864,1786799227.012387,000842_1786799227.012387.png
843,1786799227,145842300,1786799227.145842,000843_1786799227.145842.png
844,1786799227,212406671,1786799227.212407,000844_1786799227.212407.png
845,1786799227,379046111,1786799227.379046,000845_1786799227.379046.png
846,1786799227,612572283,1786799227.612572,000846_1786799227.612572.png
847,1786799227,645795005,1786799227.645795,000847_1786799227.645795.png
848,1786799227,979092229,1786799227.979092,000848_1786799227.979092.png
849,1786799228,512560521,1786799228.512561,000849_1786799228.512561.png
850,1786799228,545918762,1786799228.545919,000850_1786799228.545919.png
851,1786799228,812511372,1786799228.812511,000851_1786799228.812511.png
852,1786799228,945755441,1786799228.945755,000852_1786799228.945755.png
853,1786799228,979126616,1786799228.979127,000853_1786799228.979127.png
854,1786799229,12469299,1786799229.012469,000854_1786799229.012469.png
855,1786799229,145759472,1786799229.145760,000855_1786799229.145760.png
856,1786799229,212432415,1786799229.212432,000856_1786799229.212432.png
857,1786799229,279152355,1786799229.279152,000857_1786799229.279152.png
858,1786799229,312538073,1786799229.312538,000858_1786799229.312538.png
859,1786799229,479091858,1786799229.479092,000859_1786799229.479092.png
860,1786799229,545811537,1786799229.545812,000860_1786799229.545812.png
861,1786799229,579158248,1786799229.579158,000861_1786799229.579158.png
862,1786799229,645874902,1786799229.645875,000862_1786799229.645875.png
863,1786799230,79107060,1786799230.079107,000863_1786799230.079107.png
864,1786799230,145801309,1786799230.145801,000864_1786799230.145801.png
865,1786799230,179146248,1786799230.179146,000865_1786799230.179146.png
866,1786799230,245840259,1786799230.245840,000866_1786799230.245840.png
867,1786799230,312488731,1786799230.312489,000867_1786799230.312489.png
868,1786799230,345783151,1786799230.345783,000868_1786799230.345783.png
869,1786799230,379125288,1786799230.379125,000869_1786799230.379125.png
870,1786799230,412446743,1786799230.412447,000870_1786799230.412447.png
871,1786799230,445849049,1786799230.445849,000871_1786799230.445849.png
872,1786799230,479194052,1786799230.479194,000872_1786799230.479194.png
873,1786799230,612489714,1786799230.612490,000873_1786799230.612490.png
874,1786799230,812551534,1786799230.812551,000874_1786799230.812551.png
875,1786799230,845791148,1786799230.845791,000875_1786799230.845791.png
876,1786799230,912474234,1786799230.912474,000876_1786799230.912474.png
877,1786799231,45793942,1786799231.045794,000877_1786799231.045794.png
878,1786799231,79192566,1786799231.079193,000878_1786799231.079193.png
879,1786799231,345853068,1786799231.345853,000879_1786799231.345853.png
880,1786799232,112507664,1786799232.112508,000880_1786799232.112508.png
881,1786799232,145819831,1786799232.145820,000881_1786799232.145820.png
882,1786799232,345883880,1786799232.345884,000882_1786799232.345884.png
883,1786799232,379193002,1786799232.379193,000883_1786799232.379193.png
884,1786799232,445884382,1786799232.445884,000884_1786799232.445884.png
885,1786799232,479251714,1786799232.479252,000885_1786799232.479252.png
886,1786799232,545879459,1786799232.545879,000886_1786799232.545879.png
887,1786799232,679179541,1786799232.679179,000887_1786799232.679179.png
888,1786799232,845828871,1786799232.845829,000888_1786799232.845829.png
889,1786799232,879253824,1786799232.879254,000889_1786799232.879254.png
890,1786799232,912523187,1786799232.912523,000890_1786799232.912523.png
891,1786799232,979232320,1786799232.979232,000891_1786799232.979232.png
892,1786799233,12578038,1786799233.012578,000892_1786799233.012578.png
893,1786799233,179246547,1786799233.179247,000893_1786799233.179247.png
894,1786799233,212562114,1786799233.212562,000894_1786799233.212562.png
895,1786799233,312554662,1786799233.312555,000895_1786799233.312555.png
896,1786799233,345861372,1786799233.345861,000896_1786799233.345861.png
897,1786799233,612577475,1786799233.612577,000897_1786799233.612577.png
898,1786799233,912586135,1786799233.912586,000898_1786799233.912586.png
899,1786799234,12532870,1786799234.012533,000899_1786799234.012533.png
900,1786799234,145954986,1786799234.145955,000900_1786799234.145955.png
901,1786799234,179243937,1786799234.179244,000901_1786799234.179244.png
902,1786799234,195884509,1786799234.195884,000902_1786799234.195884.png
903,1786799234,579254251,1786799234.579254,000903_1786799234.579254.png
904,1786799234,645839756,1786799234.645840,000904_1786799234.645840.png
905,1786799235,12683528,1786799235.012684,000905_1786799235.012684.png
906,1786799235,29305621,1786799235.029306,000906_1786799235.029306.png
907,1786799235,112566508,1786799235.112566,000907_1786799235.112566.png
908,1786799235,145890772,1786799235.145891,000908_1786799235.145891.png
909,1786799235,245896055,1786799235.245896,000909_1786799235.245896.png
910,1786799235,345873139,1786799235.345873,000910_1786799235.345873.png
911,1786799235,379266414,1786799235.379267,000911_1786799235.379267.png
912,1786799235,395919901,1786799235.395920,000912_1786799235.395920.png
913,1786799235,429293626,1786799235.429294,000913_1786799235.429294.png
914,1786799235,779237528,1786799235.779238,000914_1786799235.779238.png
915,1786799235,795945063,1786799235.795945,000915_1786799235.795945.png
916,1786799235,912558947,1786799235.912559,000916_1786799235.912559.png
917,1786799235,945912465,1786799235.945912,000917_1786799235.945912.png
918,1786799235,962707650,1786799235.962708,000918_1786799235.962708.png
919,1786799236,196003521,1786799236.196003,000919_1786799236.196003.png
920,1786799236,295924710,1786799236.295925,000920_1786799236.295925.png
921,1786799236,562656896,1786799236.562657,000921_1786799236.562657.png
922,1786799236,829303760,1786799236.829304,000922_1786799236.829304.png
923,1786799236,879341018,1786799236.879341,000923_1786799236.879341.png
924,1786799236,962657503,1786799236.962657,000924_1786799236.962657.png
925,1786799237,79308749,1786799237.079309,000925_1786799237.079309.png
926,1786799237,95986469,1786799237.095986,000926_1786799237.095986.png
927,1786799237,279240369,1786799237.279240,000927_1786799237.279240.png
928,1786799237,896127647,1786799237.896128,000928_1786799237.896128.png
929,1786799238,212673480,1786799238.212673,000929_1786799238.212673.png
930,1786799238,379320687,1786799238.379321,000930_1786799238.379321.png
931,1786799238,412634544,1786799238.412635,000931_1786799238.412635.png
932,1786799238,579312874,1786799238.579313,000932_1786799238.579313.png
933,1786799238,629269695,1786799238.629270,000933_1786799238.629270.png
934,1786799238,979389818,1786799238.979390,000934_1786799238.979390.png
935,1786799239,279400876,1786799239.279401,000935_1786799239.279401.png
936,1786799239,329448346,1786799239.329448,000936_1786799239.329448.png
937,1786799239,579470477,1786799239.579470,000937_1786799239.579470.png
938,1786799239,796091909,1786799239.796092,000938_1786799239.796092.png
939,1786799239,962861868,1786799239.962862,000939_1786799239.962862.png
940,1786799240,112695186,1786799240.112695,000940_1786799240.112695.png
941,1786799240,229384069,1786799240.229384,000941_1786799240.229384.png
942,1786799240,329348524,1786799240.329349,000942_1786799240.329349.png
943,1786799240,412759570,1786799240.412760,000943_1786799240.412760.png
944,1786799240,512679022,1786799240.512679,000944_1786799240.512679.png
945,1786799240,529374381,1786799240.529374,000945_1786799240.529374.png
946,1786799240,562740867,1786799240.562741,000946_1786799240.562741.png
947,1786799240,612734856,1786799240.612735,000947_1786799240.612735.png
948,1786799240,712731456,1786799240.712731,000948_1786799240.712731.png
949,1786799241,79461442,1786799241.079461,000949_1786799241.079461.png
950,1786799241,246086943,1786799241.246087,000950_1786799241.246087.png
951,1786799241,329502409,1786799241.329502,000951_1786799241.329502.png
952,1786799241,429409010,1786799241.429409,000952_1786799241.429409.png
953,1786799241,479362371,1786799241.479362,000953_1786799241.479362.png
954,1786799241,529446150,1786799241.529446,000954_1786799241.529446.png
955,1786799241,829463964,1786799241.829464,000955_1786799241.829464.png
956,1786799241,979358302,1786799241.979358,000956_1786799241.979358.png
957,1786799242,146081615,1786799242.146082,000957_1786799242.146082.png
958,1786799242,162779483,1786799242.162780,000958_1786799242.162780.png
959,1786799242,196119414,1786799242.196119,000959_1786799242.196119.png
960,1786799242,329444964,1786799242.329445,000960_1786799242.329445.png
961,1786799242,412781294,1786799242.412781,000961_1786799242.412781.png
962,1786799242,929373522,1786799242.929374,000962_1786799242.929374.png
963,1786799243,12745239,1786799243.012745,000963_1786799243.012745.png
964,1786799243,146057380,1786799243.146057,000964_1786799243.146057.png
965,1786799243,412722664,1786799243.412723,000965_1786799243.412723.png
966,1786799243,529407881,1786799243.529408,000966_1786799243.529408.png
967,1786799243,562792527,1786799243.562793,000967_1786799243.562793.png
968,1786799243,829529820,1786799243.829530,000968_1786799243.829530.png
969,1786799243,862837921,1786799243.862838,000969_1786799243.862838.png
970,1786799243,896115125,1786799243.896115,000970_1786799243.896115.png
971,1786799243,929443025,1786799243.929443,000971_1786799243.929443.png
972,1786799244,62775413,1786799244.062775,000972_1786799244.062775.png
973,1786799244,179426275,1786799244.179426,000973_1786799244.179426.png
974,1786799244,229448431,1786799244.229448,000974_1786799244.229448.png
975,1786799244,596108315,1786799244.596108,000975_1786799244.596108.png
976,1786799244,862820430,1786799244.862820,000976_1786799244.862820.png
977,1786799244,929463598,1786799244.929464,000977_1786799244.929464.png
978,1786799245,96186213,1786799245.096186,000978_1786799245.096186.png
979,1786799245,529584993,1786799245.529585,000979_1786799245.529585.png
980,1786799245,562857549,1786799245.562858,000980_1786799245.562858.png
981,1786799245,596135425,1786799245.596135,000981_1786799245.596135.png
982,1786799245,629425029,1786799245.629425,000982_1786799245.629425.png
983,1786799245,696127332,1786799245.696127,000983_1786799245.696127.png
984,1786799245,879515902,1786799245.879516,000984_1786799245.879516.png
985,1786799246,396242197,1786799246.396242,000985_1786799246.396242.png
986,1786799246,430651009,1786799246.430651,000986_1786799246.430651.png
987,1786799247,629528820,1786799247.629529,000987_1786799247.629529.png
988,1786799248,229561405,1786799248.229561,000988_1786799248.229561.png
989,1786799249,429586731,1786799249.429587,000989_1786799249.429587.png
990,1786799249,729639189,1786799249.729639,000990_1786799249.729639.png
991,1786799249,796251055,1786799249.796251,000991_1786799249.796251.png
992,1786799249,829575046,1786799249.829575,000992_1786799249.829575.png
993,1786799249,862919275,1786799249.862919,000993_1786799249.862919.png
994,1786799249,929590883,1786799249.929591,000994_1786799249.929591.png
995,1786799250,96242428,1786799250.096242,000995_1786799250.096242.png
996,1786799250,162920537,1786799250.162920,000996_1786799250.162920.png
997,1786799250,196253361,1786799250.196253,000997_1786799250.196253.png
998,1786799250,262979215,1786799250.262979,000998_1786799250.262979.png
999,1786799250,329608633,1786799250.329609,000999_1786799250.329609.png
1000,1786799251,96238212,1786799251.096238,001000_1786799251.096238.png
1001,1786799251,162901043,1786799251.162901,001001_1786799251.162901.png
1002,1786799251,196285835,1786799251.196286,001002_1786799251.196286.png
1003,1786799251,229592360,1786799251.229592,001003_1786799251.229592.png
1004,1786799251,379663671,1786799251.379664,001004_1786799251.379664.png
1005,1786799251,412944987,1786799251.412945,001005_1786799251.412945.png
1006,1786799251,462940905,1786799251.462941,001006_1786799251.462941.png
1007,1786799251,496243377,1786799251.496243,001007_1786799251.496243.png
1008,1786799251,529562475,1786799251.529562,001008_1786799251.529562.png
1009,1786799251,729655095,1786799251.729655,001009_1786799251.729655.png
1010,1786799252,96293054,1786799252.096293,001010_1786799252.096293.png
1011,1786799252,129666081,1786799252.129666,001011_1786799252.129666.png
1012,1786799252,262948827,1786799252.262949,001012_1786799252.262949.png
1013,1786799252,562921689,1786799252.562922,001013_1786799252.562922.png
1014,1786799252,596322418,1786799252.596323,001014_1786799252.596323.png
1015,1786799252,629570538,1786799252.629570,001015_1786799252.629570.png
1016,1786799252,662932085,1786799252.662932,001016_1786799252.662932.png
1017,1786799253,29649928,1786799253.029650,001017_1786799253.029650.png
1018,1786799253,62975464,1786799253.062975,001018_1786799253.062975.png
1019,1786799253,96318717,1786799253.096319,001019_1786799253.096319.png
1020,1786799253,162932726,1786799253.162933,001020_1786799253.162933.png
1021,1786799253,462969942,1786799253.462970,001021_1786799253.462970.png
1022,1786799253,596288403,1786799253.596288,001022_1786799253.596288.png
1023,1786799253,629708976,1786799253.629709,001023_1786799253.629709.png
1024,1786799253,663070937,1786799253.663071,001024_1786799253.663071.png
1025,1786799253,696338151,1786799253.696338,001025_1786799253.696338.png
1026,1786799253,762950147,1786799253.762950,001026_1786799253.762950.png
1027,1786799253,963017809,1786799253.963018,001027_1786799253.963018.png
1028,1786799254,62937611,1786799254.062937,001028_1786799254.062937.png
1029,1786799254,196313196,1786799254.196313,001029_1786799254.196313.png
1030,1786799254,229694541,1786799254.229695,001030_1786799254.229695.png
1031,1786799254,263058323,1786799254.263058,001031_1786799254.263058.png
1032,1786799254,296415042,1786799254.296415,001032_1786799254.296415.png
1033,1786799254,529647280,1786799254.529647,001033_1786799254.529647.png
1034,1786799255,729715708,1786799255.729716,001034_1786799255.729716.png
1035,1786799255,862952581,1786799255.862952,001035_1786799255.862952.png
1036,1786799255,896381311,1786799255.896381,001036_1786799255.896381.png
1037,1786799255,929681581,1786799255.929682,001037_1786799255.929682.png
1038,1786799256,63055036,1786799256.063055,001038_1786799256.063055.png
1039,1786799256,229784712,1786799256.229785,001039_1786799256.229785.png
1040,1786799256,263132897,1786799256.263133,001040_1786799256.263133.png
1041,1786799256,296405154,1786799256.296405,001041_1786799256.296405.png
1042,1786799256,396379978,1786799256.396380,001042_1786799256.396380.png
1043,1786799256,429811252,1786799256.429811,001043_1786799256.429811.png
1044,1786799256,512964554,1786799256.512964,001044_1786799256.512964.png
1045,1786799256,613012736,1786799256.613013,001045_1786799256.613013.png
1046,1786799256,746477101,1786799256.746477,001046_1786799256.746477.png
1047,1786799256,779740837,1786799256.779741,001047_1786799256.779741.png
1048,1786799256,913042642,1786799256.913043,001048_1786799256.913043.png
1049,1786799257,213000226,1786799257.213000,001049_1786799257.213000.png
1050,1786799257,379797407,1786799257.379797,001050_1786799257.379797.png
1051,1786799257,513061078,1786799257.513061,001051_1786799257.513061.png
1052,1786799257,679773554,1786799257.679774,001052_1786799257.679774.png
1053,1786799257,846428933,1786799257.846429,001053_1786799257.846429.png
1054,1786799257,913027801,1786799257.913028,001054_1786799257.913028.png
1055,1786799257,946441243,1786799257.946441,001055_1786799257.946441.png
1056,1786799258,13441388,1786799258.013441,001056_1786799258.013441.png
1057,1786799258,146366860,1786799258.146367,001057_1786799258.146367.png
1058,1786799258,179772814,1786799258.179773,001058_1786799258.179773.png
1059,1786799258,346410368,1786799258.346410,001059_1786799258.346410.png
1060,1786799258,646413701,1786799258.646414,001060_1786799258.646414.png
1061,1786799258,713790441,1786799258.713790,001061_1786799258.713790.png
1062,1786799258,746461907,1786799258.746462,001062_1786799258.746462.png
1063,1786799258,813092224,1786799258.813092,001063_1786799258.813092.png
1064,1786799258,846394249,1786799258.846394,001064_1786799258.846394.png
1065,1786799258,896466052,1786799258.896466,001065_1786799258.896466.png
1066,1786799259,79823300,1786799259.079823,001066_1786799259.079823.png
1067,1786799259,346393439,1786799259.346393,001067_1786799259.346393.png
1068,1786799259,479825727,1786799259.479826,001068_1786799259.479826.png
1069,1786799259,496467488,1786799259.496468,001069_1786799259.496468.png
1070,1786799259,546466152,1786799259.546466,001070_1786799259.546466.png
1071,1786799259,913028725,1786799259.913029,001071_1786799259.913029.png
1072,1786799260,79774953,1786799260.079775,001072_1786799260.079775.png
1073,1786799260,179853378,1786799260.179853,001073_1786799260.179853.png
1074,1786799260,213091365,1786799260.213091,001074_1786799260.213091.png
1075,1786799260,413019044,1786799260.413019,001075_1786799260.413019.png
1076,1786799260,646390104,1786799260.646390,001076_1786799260.646390.png
1077,1786799261,63215695,1786799261.063216,001077_1786799261.063216.png
1078,1786799261,279866294,1786799261.279866,001078_1786799261.279866.png
1079,1786799261,563144465,1786799261.563144,001079_1786799261.563144.png
1080,1786799261,596458191,1786799261.596458,001080_1786799261.596458.png
1081,1786799261,913260526,1786799261.913260,001081_1786799261.913260.png
1082,1786799261,946581557,1786799261.946582,001082_1786799261.946582.png
1083,1786799261,963140527,1786799261.963140,001083_1786799261.963140.png
1084,1786799261,996475146,1786799261.996475,001084_1786799261.996475.png
1085,1786799262,279752905,1786799262.279753,001085_1786799262.279753.png
1086,1786799262,313096145,1786799262.313096,001086_1786799262.313096.png
1087,1786799262,563183708,1786799262.563184,001087_1786799262.563184.png
1088,1786799262,613145957,1786799262.613146,001088_1786799262.613146.png
1089,1786799262,646494622,1786799262.646495,001089_1786799262.646495.png
1090,1786799262,663126253,1786799262.663126,001090_1786799262.663126.png
1091,1786799262,879820288,1786799262.879820,001091_1786799262.879820.png
1092,1786799262,979794038,1786799262.979794,001092_1786799262.979794.png
1093,1786799263,13126254,1786799263.013126,001093_1786799263.013126.png
1094,1786799263,63153852,1786799263.063154,001094_1786799263.063154.png
1095,1786799263,546506657,1786799263.546507,001095_1786799263.546507.png
1096,1786799263,563275238,1786799263.563275,001096_1786799263.563275.png
1097,1786799263,729983953,1786799263.729984,001097_1786799263.729984.png
1098,1786799263,879977463,1786799263.879977,001098_1786799263.879977.png
1099,1786799264,213153888,1786799264.213154,001099_1786799264.213154.png
1100,1786799264,429916842,1786799264.429917,001100_1786799264.429917.png
1101,1786799264,613144923,1786799264.613145,001101_1786799264.613145.png
1102,1786799264,863278825,1786799264.863279,001102_1786799264.863279.png
1103,1786799264,946497080,1786799264.946497,001103_1786799264.946497.png
1104,1786799265,96553626,1786799265.096554,001104_1786799265.096554.png
1105,1786799265,246570610,1786799265.246571,001105_1786799265.246571.png
1106,1786799265,279788070,1786799265.279788,001106_1786799265.279788.png
1107,1786799265,313159336,1786799265.313159,001107_1786799265.313159.png
1108,1786799265,329862766,1786799265.329863,001108_1786799265.329863.png
1109,1786799265,779778175,1786799265.779778,001109_1786799265.779778.png
1110,1786799266,96541265,1786799266.096541,001110_1786799266.096541.png
1111,1786799266,129915412,1786799266.129915,001111_1786799266.129915.png
1112,1786799266,379836570,1786799266.379837,001112_1786799266.379837.png
1113,1786799266,513278243,1786799266.513278,001113_1786799266.513278.png
1114,1786799266,596644558,1786799266.596645,001114_1786799266.596645.png
1115,1786799267,96621686,1786799267.096622,001115_1786799267.096622.png
1116,1786799267,129961024,1786799267.129961,001116_1786799267.129961.png
1117,1786799267,196704965,1786799267.196705,001117_1786799267.196705.png
1118,1786799267,246521552,1786799267.246521,001118_1786799267.246521.png
1119,1786799267,279958737,1786799267.279959,001119_1786799267.279959.png
1120,1786799267,346527442,1786799267.346527,001120_1786799267.346527.png
1121,1786799267,379851336,1786799267.379851,001121_1786799267.379851.png
1122,1786799267,513264733,1786799267.513265,001122_1786799267.513265.png
1123,1786799267,530130609,1786799267.530131,001123_1786799267.530131.png
1124,1786799267,630111236,1786799267.630111,001124_1786799267.630111.png
1125,1786799267,663267807,1786799267.663268,001125_1786799267.663268.png
1126,1786799267,929904809,1786799267.929905,001126_1786799267.929905.png
1127,1786799267,996668673,1786799267.996669,001127_1786799267.996669.png
1128,1786799268,129944021,1786799268.129944,001128_1786799268.129944.png
1129,1786799268,513273681,1786799268.513274,001129_1786799268.513274.png
1130,1786799268,579918834,1786799268.579919,001130_1786799268.579919.png
1131,1786799268,596745322,1786799268.596745,001131_1786799268.596745.png
1132,1786799268,713279798,1786799268.713280,001132_1786799268.713280.png
1133,1786799268,729929441,1786799268.729929,001133_1786799268.729929.png
1134,1786799268,863291194,1786799268.863291,001134_1786799268.863291.png
1135,1786799268,896669900,1786799268.896670,001135_1786799268.896670.png
1136,1786799268,996715781,1786799268.996716,001136_1786799268.996716.png
1137,1786799269,630044369,1786799269.630044,001137_1786799269.630044.png
1138,1786799269,813299332,1786799269.813299,001138_1786799269.813299.png
1139,1786799269,846592690,1786799269.846593,001139_1786799269.846593.png
1140,1786799270,79952909,1786799270.079953,001140_1786799270.079953.png
1141,1786799270,329961786,1786799270.329962,001141_1786799270.329962.png
1142,1786799270,446655161,1786799270.446655,001142_1786799270.446655.png
1143,1786799270,463376443,1786799270.463377,001143_1786799270.463377.png
1144,1786799270,530015587,1786799270.530015,001144_1786799270.530015.png
1145,1786799270,596714152,1786799270.596714,001145_1786799270.596714.png
1146,1786799270,629994657,1786799270.629995,001146_1786799270.629995.png
1147,1786799270,863482321,1786799270.863482,001147_1786799270.863482.png
1148,1786799270,896731792,1786799270.896732,001148_1786799270.896732.png
1149,1786799270,963750251,1786799270.963750,001149_1786799270.963750.png
1150,1786799271,46622971,1786799271.046623,001150_1786799271.046623.png
1151,1786799271,96778865,1786799271.096779,001151_1786799271.096779.png
1152,1786799271,163304623,1786799271.163305,001152_1786799271.163305.png
1153,1786799271,396664060,1786799271.396664,001153_1786799271.396664.png
1154,1786799271,431386870,1786799271.431387,001154_1786799271.431387.png
1155,1786799271,496693046,1786799271.496693,001155_1786799271.496693.png
1156,1786799271,529993064,1786799271.529993,001156_1786799271.529993.png
1157,1786799271,596684911,1786799271.596685,001157_1786799271.596685.png
1158,1786799271,629962582,1786799271.629963,001158_1786799271.629963.png
1159,1786799271,830022845,1786799271.830023,001159_1786799271.830023.png
1160,1786799272,63364859,1786799272.063365,001160_1786799272.063365.png
1161,1786799272,130043848,1786799272.130044,001161_1786799272.130044.png
1162,1786799272,296795301,1786799272.296795,001162_1786799272.296795.png
1163,1786799272,330158379,1786799272.330158,001163_1786799272.330158.png
1164,1786799272,480032742,1786799272.480033,001164_1786799272.480033.png
1165,1786799272,530009165,1786799272.530009,001165_1786799272.530009.png
1166,1786799272,963442120,1786799272.963442,001166_1786799272.963442.png
1167,1786799272,996706864,1786799272.996707,001167_1786799272.996707.png
1168,1786799274,430083690,1786799274.430084,001168_1786799274.430084.png
1169,1786799275,363391489,1786799275.363391,001169_1786799275.363391.png
1170,1786799275,396724035,1786799275.396724,001170_1786799275.396724.png
1171,1786799275,530111005,1786799275.530111,001171_1786799275.530111.png
1172,1786799275,563455379,1786799275.563455,001172_1786799275.563455.png
1173,1786799275,696764338,1786799275.696764,001173_1786799275.696764.png
1174,1786799275,730124101,1786799275.730124,001174_1786799275.730124.png
1175,1786799276,63414201,1786799276.063414,001175_1786799276.063414.png
1176,1786799276,96830090,1786799276.096830,001176_1786799276.096830.png
1177,1786799276,296787733,1786799276.296788,001177_1786799276.296788.png
1178,1786799276,663447259,1786799276.663447,001178_1786799276.663447.png
1179,1786799276,696823663,1786799276.696824,001179_1786799276.696824.png
1180,1786799276,730070664,1786799276.730071,001180_1786799276.730071.png
1181,1786799276,930094900,1786799276.930095,001181_1786799276.930095.png
1182,1786799276,996769479,1786799276.996769,001182_1786799276.996769.png
1183,1786799277,163440307,1786799277.163440,001183_1786799277.163440.png
1184,1786799277,196811696,1786799277.196812,001184_1786799277.196812.png
1185,1786799277,330046376,1786799277.330046,001185_1786799277.330046.png
1186,1786799277,396835139,1786799277.396835,001186_1786799277.396835.png
1187,1786799277,463518642,1786799277.463519,001187_1786799277.463519.png
1188,1786799277,830140144,1786799277.830140,001188_1786799277.830140.png
1189,1786799278,30156672,1786799278.030157,001189_1786799278.030157.png
1190,1786799278,163465215,1786799278.163465,001190_1786799278.163465.png
1191,1786799278,230200910,1786799278.230201,001191_1786799278.230201.png
1192,1786799278,930186068,1786799278.930186,001192_1786799278.930186.png
1193,1786799278,996867064,1786799278.996867,001193_1786799278.996867.png
1194,1786799279,96804042,1786799279.096804,001194_1786799279.096804.png
1195,1786799279,330131716,1786799279.330132,001195_1786799279.330132.png
1196,1786799279,463566367,1786799279.463566,001196_1786799279.463566.png
1197,1786799279,496795698,1786799279.496796,001197_1786799279.496796.png
1198,1786799279,730225457,1786799279.730226,001198_1786799279.730226.png
1199,1786799279,796915618,1786799279.796916,001199_1786799279.796916.png
1200,1786799279,930162418,1786799279.930162,001200_1786799279.930162.png
1201,1786799279,963476293,1786799279.963476,001201_1786799279.963476.png
1202,1786799280,230144286,1786799280.230144,001202_1786799280.230144.png
1203,1786799281,263538351,1786799281.263538,001203_1786799281.263538.png
1204,1786799281,330247558,1786799281.330248,001204_1786799281.330248.png
1205,1786799281,363623967,1786799281.363624,001205_1786799281.363624.png
1206,1786799281,496844061,1786799281.496844,001206_1786799281.496844.png
1207,1786799281,663580494,1786799281.663580,001207_1786799281.663580.png
1208,1786799282,863536235,1786799282.863536,001208_1786799282.863536.png
1209,1786799282,896852046,1786799282.896852,001209_1786799282.896852.png
1210,1786799283,63615852,1786799283.063616,001210_1786799283.063616.png
1211,1786799283,930269724,1786799283.930270,001211_1786799283.930270.png
1212,1786799283,996906640,1786799283.996907,001212_1786799283.996907.png
1213,1786799284,96899135,1786799284.096899,001213_1786799284.096899.png
1214,1786799284,130242239,1786799284.130242,001214_1786799284.130242.png
1215,1786799284,163553396,1786799284.163553,001215_1786799284.163553.png
1216,1786799284,196938352,1786799284.196938,001216_1786799284.196938.png
1217,1786799284,230239193,1786799284.230239,001217_1786799284.230239.png
1218,1786799284,330223893,1786799284.330224,001218_1786799284.330224.png
1219,1786799284,430238260,1786799284.430238,001219_1786799284.430238.png
1220,1786799284,563701788,1786799284.563702,001220_1786799284.563702.png
1221,1786799284,596925639,1786799284.596926,001221_1786799284.596926.png
1222,1786799284,663581616,1786799284.663582,001222_1786799284.663582.png
1223,1786799285,30232160,1786799285.030232,001223_1786799285.030232.png
1224,1786799285,163573951,1786799285.163574,001224_1786799285.163574.png
1225,1786799285,396937066,1786799285.396937,001225_1786799285.396937.png
1226,1786799285,530285447,1786799285.530285,001226_1786799285.530285.png
1227,1786799285,730334719,1786799285.730335,001227_1786799285.730335.png
1228,1786799285,963596815,1786799285.963597,001228_1786799285.963597.png
1229,1786799286,297143414,1786799286.297143,001229_1786799286.297143.png
1230,1786799286,430221724,1786799286.430222,001230_1786799286.430222.png
1231,1786799286,996918484,1786799286.996918,001231_1786799286.996918.png
1232,1786799287,430420669,1786799287.430421,001232_1786799287.430421.png
1233,1786799287,466496359,1786799287.466496,001233_1786799287.466496.png
1234,1786799287,563648839,1786799287.563649,001234_1786799287.563649.png
1235,1786799287,663737869,1786799287.663738,001235_1786799287.663738.png
1236,1786799288,196972219,1786799288.196972,001236_1786799288.196972.png
1237,1786799288,230304217,1786799288.230304,001237_1786799288.230304.png
1238,1786799288,263705340,1786799288.263705,001238_1786799288.263705.png
1239,1786799288,463683870,1786799288.463684,001239_1786799288.463684.png
1240,1786799288,697040676,1786799288.697041,001240_1786799288.697041.png
1241,1786799288,997791995,1786799288.997792,001241_1786799288.997792.png
1242,1786799289,163716483,1786799289.163717,001242_1786799289.163717.png
1243,1786799289,197004810,1786799289.197005,001243_1786799289.197005.png
1244,1786799289,330368228,1786799289.330368,001244_1786799289.330368.png
1245,1786799289,596971750,1786799289.596972,001245_1786799289.596972.png
1246,1786799289,963857523,1786799289.963857,001246_1786799289.963857.png
1247,1786799290,280405013,1786799290.280405,001247_1786799290.280405.png
1248,1786799290,413722472,1786799290.413723,001248_1786799290.413723.png
1249,1786799290,646987580,1786799290.646988,001249_1786799290.646988.png
1250,1786799290,663850234,1786799290.663850,001250_1786799290.663850.png
1251,1786799290,747119210,1786799290.747119,001251_1786799290.747119.png
1252,1786799290,847024185,1786799290.847024,001252_1786799290.847024.png
1253,1786799291,80378014,1786799291.080378,001253_1786799291.080378.png
1254,1786799291,163710995,1786799291.163711,001254_1786799291.163711.png
1255,1786799291,230421299,1786799291.230421,001255_1786799291.230421.png
1256,1786799291,447024288,1786799291.447024,001256_1786799291.447024.png
1257,1786799291,480398718,1786799291.480399,001257_1786799291.480399.png
1258,1786799291,513759431,1786799291.513759,001258_1786799291.513759.png
1259,1786799291,914301746,1786799291.914302,001259_1786799291.914302.png
1260,1786799291,931273761,1786799291.931274,001260_1786799291.931274.png
1261,1786799292,47172303,1786799292.047172,001261_1786799292.047172.png
1262,1786799292,97111183,1786799292.097111,001262_1786799292.097111.png
1263,1786799292,313709508,1786799292.313709,001263_1786799292.313709.png
1264,1786799292,347075230,1786799292.347075,001264_1786799292.347075.png
1265,1786799292,447068390,1786799292.447068,001265_1786799292.447068.png
1266,1786799292,597130877,1786799292.597131,001266_1786799292.597131.png
1267,1786799292,630453954,1786799292.630454,001267_1786799292.630454.png
1268,1786799292,847098105,1786799292.847098,001268_1786799292.847098.png
1269,1786799292,880475729,1786799292.880476,001269_1786799292.880476.png
1270,1786799292,963772768,1786799292.963773,001270_1786799292.963773.png
1271,1786799293,380412610,1786799293.380413,001271_1786799293.380413.png
1272,1786799293,530575574,1786799293.530576,001272_1786799293.530576.png
1273,1786799293,913838839,1786799293.913839,001273_1786799293.913839.png
1274,1786799294,30429356,1786799294.030429,001274_1786799294.030429.png
1275,1786799294,180413973,1786799294.180414,001275_1786799294.180414.png
1276,1786799294,197202913,1786799294.197203,001276_1786799294.197203.png
1277,1786799294,297175708,1786799294.297176,001277_1786799294.297176.png
1278,1786799294,363744957,1786799294.363745,001278_1786799294.363745.png
1279,1786799294,430523318,1786799294.430523,001279_1786799294.430523.png
1280,1786799294,513786733,1786799294.513787,001280_1786799294.513787.png
1281,1786799294,563793077,1786799294.563793,001281_1786799294.563793.png
1282,1786799294,747089955,1786799294.747090,001282_1786799294.747090.png
1283,1786799295,13756634,1786799295.013757,001283_1786799295.013757.png
1284,1786799295,163929645,1786799295.163930,001284_1786799295.163930.png
1285,1786799295,198286565,1786799295.198287,001285_1786799295.198287.png
1286,1786799295,413866421,1786799295.413867,001286_1786799295.413867.png
1287,1786799295,530487488,1786799295.530488,001287_1786799295.530488.png
1288,1786799295,563836434,1786799295.563836,001288_1786799295.563836.png
1289,1786799295,597156940,1786799295.597157,001289_1786799295.597157.png
1290,1786799295,663788426,1786799295.663788,001290_1786799295.663788.png
1291,1786799295,813701742,1786799295.813702,001291_1786799295.813702.png
1292,1786799295,963853828,1786799295.963854,001292_1786799295.963854.png
1293,1786799295,997155939,1786799295.997156,001293_1786799295.997156.png
1294,1786799296,30467138,1786799296.030467,001294_1786799296.030467.png
1295,1786799296,314272726,1786799296.314273,001295_1786799296.314273.png
1296,1786799297,30568282,1786799297.030568,001296_1786799297.030568.png
1297,1786799297,197259080,1786799297.197259,001297_1786799297.197259.png
1298,1786799297,297238288,1786799297.297238,001298_1786799297.297238.png
1299,1786799297,330535280,1786799297.330535,001299_1786799297.330535.png
1300,1786799297,463878962,1786799297.463879,001300_1786799297.463879.png
1301,1786799297,513790801,1786799297.513791,001301_1786799297.513791.png
1302,1786799297,597290062,1786799297.597290,001302_1786799297.597290.png
1303,1786799297,663893362,1786799297.663893,001303_1786799297.663893.png
1304,1786799297,897257201,1786799297.897257,001304_1786799297.897257.png
1305,1786799298,63897536,1786799298.063898,001305_1786799298.063898.png
1306,1786799298,247111842,1786799298.247112,001306_1786799298.247112.png
1307,1786799298,348762877,1786799298.348763,001307_1786799298.348763.png
1308,1786799298,380628590,1786799298.380629,001308_1786799298.380629.png
1309,1786799298,530472334,1786799298.530472,001309_1786799298.530472.png
1310,1786799298,797149206,1786799298.797149,001310_1786799298.797149.png
1311,1786799298,830519218,1786799298.830519,001311_1786799298.830519.png
1312,1786799299,80510974,1786799299.080511,001312_1786799299.080511.png
1313,1786799299,97223888,1786799299.097224,001313_1786799299.097224.png
1314,1786799299,130512336,1786799299.130512,001314_1786799299.130512.png
1315,1786799299,297213053,1786799299.297213,001315_1786799299.297213.png
1316,1786799299,430561404,1786799299.430561,001316_1786799299.430561.png
1317,1786799299,663978825,1786799299.663979,001317_1786799299.663979.png
1318,1786799300,247200132,1786799300.247200,001318_1786799300.247200.png
1319,1786799300,397244535,1786799300.397244,001319_1786799300.397244.png
1320,1786799300,547255951,1786799300.547256,001320_1786799300.547256.png
1321,1786799300,580624856,1786799300.580625,001321_1786799300.580625.png
1322,1786799301,130601539,1786799301.130602,001322_1786799301.130602.png
1323,1786799301,430563868,1786799301.430564,001323_1786799301.430564.png
1324,1786799302,230615143,1786799302.230615,001324_1786799302.230615.png
1325,1786799302,499519415,1786799302.499519,001325_1786799302.499519.png
1326,1786799302,530659987,1786799302.530660,001326_1786799302.530660.png
1327,1786799302,563957376,1786799302.563957,001327_1786799302.563957.png
1328,1786799302,597222947,1786799302.597223,001328_1786799302.597223.png
1329,1786799302,764043646,1786799302.764044,001329_1786799302.764044.png
1330,1786799302,947419500,1786799302.947419,001330_1786799302.947419.png
1331,1786799302,964046178,1786799302.964046,001331_1786799302.964046.png
1332,1786799303,263957634,1786799303.263958,001332_1786799303.263958.png
1333,1786799303,297314418,1786799303.297314,001333_1786799303.297314.png
1334,1786799303,564021481,1786799303.564022,001334_1786799303.564022.png
1335,1786799303,597430575,1786799303.597430,001335_1786799303.597430.png
1336,1786799303,630689979,1786799303.630690,001336_1786799303.630690.png
1337,1786799303,730603162,1786799303.730603,001337_1786799303.730603.png
1338,1786799304,63946735,1786799304.063947,001338_1786799304.063947.png
1339,1786799304,163931528,1786799304.163932,001339_1786799304.163932.png
1340,1786799304,230610903,1786799304.230611,001340_1786799304.230611.png
1341,1786799304,263961443,1786799304.263962,001341_1786799304.263962.png
1342,1786799304,832000852,1786799304.832001,001342_1786799304.832001.png
1343,1786799304,997378139,1786799304.997378,001343_1786799304.997378.png
1344,1786799305,130660428,1786799305.130661,001344_1786799305.130661.png
1345,1786799305,163997468,1786799305.163997,001345_1786799305.163997.png
1346,1786799305,214056627,1786799305.214057,001346_1786799305.214057.png
1347,1786799305,247319586,1786799305.247320,001347_1786799305.247320.png
1348,1786799305,263988779,1786799305.263989,001348_1786799305.263989.png
1349,1786799305,297346905,1786799305.297347,001349_1786799305.297347.png
1350,1786799305,497401583,1786799305.497401,001350_1786799305.497401.png
1351,1786799305,563964188,1786799305.563964,001351_1786799305.563964.png
1352,1786799305,630657513,1786799305.630657,001352_1786799305.630657.png
1353,1786799305,664007281,1786799305.664007,001353_1786799305.664007.png
1354,1786799305,697383484,1786799305.697383,001354_1786799305.697383.png
1355,1786799305,864093177,1786799305.864093,001355_1786799305.864093.png
1356,1786799305,930698273,1786799305.930698,001356_1786799305.930698.png
1357,1786799305,964007187,1786799305.964007,001357_1786799305.964007.png
1358,1786799306,130793569,1786799306.130794,001358_1786799306.130794.png
1359,1786799306,297346446,1786799306.297346,001359_1786799306.297346.png
1360,1786799306,364019182,1786799306.364019,001360_1786799306.364019.png
1361,1786799306,965819757,1786799306.965820,001361_1786799306.965820.png
1362,1786799307,97402836,1786799307.097403,001362_1786799307.097403.png
1363,1786799307,163970472,1786799307.163970,001363_1786799307.163970.png
1364,1786799307,230788600,1786799307.230789,001364_1786799307.230789.png
1365,1786799307,364019730,1786799307.364020,001365_1786799307.364020.png
1366,1786799307,930857873,1786799307.930858,001366_1786799307.930858.png
1367,1786799307,964053025,1786799307.964053,001367_1786799307.964053.png
1368,1786799307,997394456,1786799307.997395,001368_1786799307.997395.png
1369,1786799308,130785928,1786799308.130786,001369_1786799308.130786.png
1370,1786799308,230813092,1786799308.230813,001370_1786799308.230813.png
1371,1786799308,264068688,1786799308.264069,001371_1786799308.264069.png
1372,1786799308,297437816,1786799308.297438,001372_1786799308.297438.png
1373,1786799308,514172746,1786799308.514173,001373_1786799308.514173.png
1374,1786799308,564056778,1786799308.564057,001374_1786799308.564057.png
1375,1786799308,864026369,1786799308.864026,001375_1786799308.864026.png
1376,1786799308,897412993,1786799308.897413,001376_1786799308.897413.png
1377,1786799308,930740190,1786799308.930740,001377_1786799308.930740.png
1378,1786799308,997416672,1786799308.997417,001378_1786799308.997417.png
1379,1786799309,97429320,1786799309.097429,001379_1786799309.097429.png
1380,1786799309,130736181,1786799309.130736,001380_1786799309.130736.png
1381,1786799309,164056150,1786799309.164056,001381_1786799309.164056.png
1382,1786799309,264079619,1786799309.264080,001382_1786799309.264080.png
1383,1786799309,397413245,1786799309.397413,001383_1786799309.397413.png
1384,1786799309,530788467,1786799309.530788,001384_1786799309.530788.png
1385,1786799309,564077555,1786799309.564078,001385_1786799309.564078.png
1386,1786799309,764083389,1786799309.764083,001386_1786799309.764083.png
1387,1786799309,997455421,1786799309.997455,001387_1786799309.997455.png
1388,1786799310,364204525,1786799310.364204,001388_1786799310.364204.png
1389,1786799310,997588237,1786799310.997588,001389_1786799310.997588.png
1390,1786799311,64113108,1786799311.064113,001390_1786799311.064113.png
1391,1786799311,97489093,1786799311.097489,001391_1786799311.097489.png
1392,1786799311,630791835,1786799311.630792,001392_1786799311.630792.png
1393,1786799311,664199661,1786799311.664200,001393_1786799311.664200.png
1394,1786799311,730802768,1786799311.730803,001394_1786799311.730803.png
1395,1786799311,764129140,1786799311.764129,001395_1786799311.764129.png
1396,1786799311,930819265,1786799311.930819,001396_1786799311.930819.png
1397,1786799311,964120030,1786799311.964120,001397_1786799311.964120.png
1398,1786799312,30835099,1786799312.030835,001398_1786799312.030835.png
1399,1786799312,264115374,1786799312.264115,001399_1786799312.264115.png
1400,1786799312,330809815,1786799312.330810,001400_1786799312.330810.png
1401,1786799312,397458899,1786799312.397459,001401_1786799312.397459.png
1402,1786799312,464143429,1786799312.464144,001402_1786799312.464144.png
1403,1786799312,497464388,1786799312.497464,001403_1786799312.497464.png
1404,1786799312,530831182,1786799312.530831,001404_1786799312.530831.png
1405,1786799312,630797378,1786799312.630797,001405_1786799312.630797.png
1406,1786799312,730850243,1786799312.730850,001406_1786799312.730850.png
1407,1786799313,164163427,1786799313.164163,001407_1786799313.164163.png
1408,1786799313,197584748,1786799313.197585,001408_1786799313.197585.png
1409,1786799313,230813137,1786799313.230813,001409_1786799313.230813.png
1410,1786799313,264188599,1786799313.264189,001410_1786799313.264189.png
1411,1786799313,297560440,1786799313.297560,001411_1786799313.297560.png
1412,1786799313,764145342,1786799313.764145,001412_1786799313.764145.png
1413,1786799314,97533126,1786799314.097533,001413_1786799314.097533.png
1414,1786799314,297543174,1786799314.297543,001414_1786799314.297543.png
1415,1786799314,330865244,1786799314.330865,001415_1786799314.330865.png
1416,1786799314,530852921,1786799314.530853,001416_1786799314.530853.png
1417,1786799314,597620579,1786799314.597620,001417_1786799314.597620.png
1418,1786799314,764224290,1786799314.764224,001418_1786799314.764224.png
1419,1786799314,797636141,1786799314.797636,001419_1786799314.797636.png
1420,1786799314,830843170,1786799314.830843,001420_1786799314.830843.png
1421,1786799314,964163711,1786799314.964164,001421_1786799314.964164.png
1422,1786799314,997515957,1786799314.997516,001422_1786799314.997516.png
1423,1786799315,30889157,1786799315.030889,001423_1786799315.030889.png
1424,1786799315,64192001,1786799315.064192,001424_1786799315.064192.png
1425,1786799315,264310711,1786799315.264311,001425_1786799315.264311.png
1426,1786799315,297645962,1786799315.297646,001426_1786799315.297646.png
1427,1786799315,330884493,1786799315.330884,001427_1786799315.330884.png
1428,1786799315,530903043,1786799315.530903,001428_1786799315.530903.png
1429,1786799315,730889418,1786799315.730889,001429_1786799315.730889.png
1430,1786799316,264322077,1786799316.264322,001430_1786799316.264322.png
1431,1786799316,297550711,1786799316.297551,001431_1786799316.297551.png
1432,1786799316,330895039,1786799316.330895,001432_1786799316.330895.png
1433,1786799316,364263813,1786799316.364264,001433_1786799316.364264.png
1434,1786799316,530918260,1786799316.530918,001434_1786799316.530918.png
1435,1786799316,897625063,1786799316.897625,001435_1786799316.897625.png
1436,1786799316,997549370,1786799316.997549,001436_1786799316.997549.png
1437,1786799317,64211975,1786799317.064212,001437_1786799317.064212.png
1438,1786799317,130889631,1786799317.130890,001438_1786799317.130890.png
1439,1786799317,430872665,1786799317.430873,001439_1786799317.430873.png
1440,1786799317,630848477,1786799317.630848,001440_1786799317.630848.png
1441,1786799317,664223254,1786799317.664223,001441_1786799317.664223.png
1442,1786799317,897777100,1786799317.897777,001442_1786799317.897777.png
1443,1786799317,930945282,1786799317.930945,001443_1786799317.930945.png
1444,1786799317,997601359,1786799317.997601,001444_1786799317.997601.png
1445,1786799318,397686162,1786799318.397686,001445_1786799318.397686.png
1446,1786799318,464265278,1786799318.464265,001446_1786799318.464265.png
1447,1786799318,597634561,1786799318.597635,001447_1786799318.597635.png
1448,1786799319,131002495,1786799319.131002,001448_1786799319.131002.png
1449,1786799319,397697472,1786799319.397697,001449_1786799319.397697.png
1450,1786799319,530933313,1786799319.530933,001450_1786799319.530933.png
1451,1786799320,164276254,1786799320.164276,001451_1786799320.164276.png
1452,1786799320,197655117,1786799320.197655,001452_1786799320.197655.png
1453,1786799320,230934197,1786799320.230934,001453_1786799320.230934.png
1454,1786799320,597706837,1786799320.597707,001454_1786799320.597707.png
1455,1786799320,964379201,1786799320.964379,001455_1786799320.964379.png
1456,1786799320,997758218,1786799320.997758,001456_1786799320.997758.png
1457,1786799321,97703278,1786799321.097703,001457_1786799321.097703.png
1458,1786799321,130951458,1786799321.130951,001458_1786799321.130951.png
1459,1786799321,597687440,1786799321.597687,001459_1786799321.597687.png
1460,1786799321,630972680,1786799321.630973,001460_1786799321.630973.png
1461,1786799321,764322434,1786799321.764323,001461_1786799321.764323.png
1462,1786799321,931046274,1786799321.931046,001462_1786799321.931046.png
1463,1786799322,297734111,1786799322.297734,001463_1786799322.297734.png
1464,1786799322,331008716,1786799322.331009,001464_1786799322.331009.png
1465,1786799322,464344404,1786799322.464345,001465_1786799322.464345.png
1466,1786799322,497702339,1786799322.497702,001466_1786799322.497702.png
1467,1786799322,797819858,1786799322.797820,001467_1786799322.797820.png
1468,1786799323,31024401,1786799323.031024,001468_1786799323.031024.png
1469,1786799323,214424254,1786799323.214424,001469_1786799323.214424.png
1470,1786799323,247687003,1786799323.247687,001470_1786799323.247687.png
1471,1786799323,264318865,1786799323.264319,001471_1786799323.264319.png
1472,1786799323,297793638,1786799323.297794,001472_1786799323.297794.png
1473,1786799323,464437918,1786799323.464438,001473_1786799323.464438.png
1474,1786799323,514324577,1786799323.514325,001474_1786799323.514325.png
1475,1786799323,547735286,1786799323.547735,001475_1786799323.547735.png
1476,1786799323,564362035,1786799323.564362,001476_1786799323.564362.png
1477,1786799323,597737069,1786799323.597737,001477_1786799323.597737.png
1478,1786799323,781055672,1786799323.781056,001478_1786799323.781056.png
1479,1786799324,164448640,1786799324.164449,001479_1786799324.164449.png
1480,1786799324,414351601,1786799324.414352,001480_1786799324.414352.png
1481,1786799324,447787788,1786799324.447788,001481_1786799324.447788.png
1482,1786799324,464381239,1786799324.464381,001482_1786799324.464381.png
1483,1786799324,731136774,1786799324.731137,001483_1786799324.731137.png
1484,1786799324,831033508,1786799324.831033,001484_1786799324.831033.png
1485,1786799325,164442029,1786799325.164442,001485_1786799325.164442.png
1486,1786799325,197730893,1786799325.197731,001486_1786799325.197731.png
1487,1786799325,314377113,1786799325.314377,001487_1786799325.314377.png
1488,1786799325,331117231,1786799325.331117,001488_1786799325.331117.png
1489,1786799325,397741717,1786799325.397742,001489_1786799325.397742.png
1490,1786799325,664418972,1786799325.664419,001490_1786799325.664419.png
1491,1786799325,697784246,1786799325.697784,001491_1786799325.697784.png
1492,1786799325,797771002,1786799325.797771,001492_1786799325.797771.png
1493,1786799325,881213776,1786799325.881214,001493_1786799325.881214.png
1494,1786799325,914510237,1786799325.914510,001494_1786799325.914510.png
1495,1786799325,931119782,1786799325.931120,001495_1786799325.931120.png
1496,1786799325,964419066,1786799325.964419,001496_1786799325.964419.png
1497,1786799326,31096962,1786799326.031097,001497_1786799326.031097.png
1498,1786799326,147714784,1786799326.147715,001498_1786799326.147715.png
1499,1786799326,181095723,1786799326.181096,001499_1786799326.181096.png
1500,1786799326,414463338,1786799326.414463,001500_1786799326.414463.png
1501,1786799326,464417125,1786799326.464417,001501_1786799326.464417.png
1502,1786799326,514402953,1786799326.514403,001502_1786799326.514403.png
1503,1786799326,547804290,1786799326.547804,001503_1786799326.547804.png
1504,1786799326,897759263,1786799326.897759,001504_1786799326.897759.png
1505,1786799326,931110752,1786799326.931111,001505_1786799326.931111.png
1506,1786799327,81052660,1786799327.081053,001506_1786799327.081053.png
1507,1786799327,197731699,1786799327.197732,001507_1786799327.197732.png
1508,1786799327,231115356,1786799327.231115,001508_1786799327.231115.png
1509,1786799327,331144507,1786799327.331145,001509_1786799327.331145.png
1510,1786799327,581189663,1786799327.581190,001510_1786799327.581190.png
1511,1786799327,597808506,1786799327.597809,001511_1786799327.597809.png
1512,1786799328,31131294,1786799328.031131,001512_1786799328.031131.png
1513,1786799328,231111139,1786799328.231111,001513_1786799328.231111.png
1514,1786799328,297749481,1786799328.297750,001514_1786799328.297750.png
1515,1786799328,331210370,1786799328.331210,001515_1786799328.331210.png
1516,1786799328,531170220,1786799328.531170,001516_1786799328.531170.png
1517,1786799328,697804743,1786799328.697805,001517_1786799328.697805.png
1518,1786799328,731137047,1786799328.731137,001518_1786799328.731137.png
1519,1786799329,31103944,1786799329.031104,001519_1786799329.031104.png
1520,1786799329,131161812,1786799329.131162,001520_1786799329.131162.png
1521,1786799329,197920950,1786799329.197921,001521_1786799329.197921.png
1522,1786799329,231162976,1786799329.231163,001522_1786799329.231163.png
1523,1786799329,264581359,1786799329.264581,001523_1786799329.264581.png
1524,1786799329,331088011,1786799329.331088,001524_1786799329.331088.png
1525,1786799329,414489516,1786799329.414490,001525_1786799329.414490.png
1526,1786799329,531315347,1786799329.531315,001526_1786799329.531315.png
1527,1786799329,597824665,1786799329.597825,001527_1786799329.597825.png
1528,1786799329,931267708,1786799329.931268,001528_1786799329.931268.png
1529,1786799329,964533678,1786799329.964534,001529_1786799329.964534.png
1530,1786799330,31174365,1786799330.031174,001530_1786799330.031174.png
1531,1786799330,131167343,1786799330.131167,001531_1786799330.131167.png
1532,1786799330,531199840,1786799330.531200,001532_1786799330.531200.png
1533,1786799330,564548423,1786799330.564548,001533_1786799330.564548.png
1534,1786799330,597814886,1786799330.597815,001534_1786799330.597815.png
1535,1786799330,631164613,1786799330.631165,001535_1786799330.631165.png
1536,1786799331,64617567,1786799331.064618,001536_1786799331.064618.png
1537,1786799331,131276718,1786799331.131277,001537_1786799331.131277.png
1538,1786799331,397927820,1786799331.397928,001538_1786799331.397928.png
1539,1786799331,431181565,1786799331.431182,001539_1786799331.431182.png
1540,1786799331,497880823,1786799331.497881,001540_1786799331.497881.png
1541,1786799331,797943208,1786799331.797943,001541_1786799331.797943.png
1542,1786799331,931257243,1786799331.931257,001542_1786799331.931257.png
1543,1786799331,964744238,1786799331.964744,001543_1786799331.964744.png
1544,1786799331,997846067,1786799331.997846,001544_1786799331.997846.png
1545,1786799332,264682117,1786799332.264682,001545_1786799332.264682.png
1546,1786799332,297944988,1786799332.297945,001546_1786799332.297945.png
1547,1786799332,364655994,1786799332.364656,001547_1786799332.364656.png
1548,1786799332,864585492,1786799332.864585,001548_1786799332.864585.png
1549,1786799333,97873400,1786799333.097873,001549_1786799333.097873.png
1550,1786799333,131260408,1786799333.131260,001550_1786799333.131260.png
1551,1786799333,231322622,1786799333.231323,001551_1786799333.231323.png
1552,1786799333,431340408,1786799333.431340,001552_1786799333.431340.png
1553,1786799333,497903605,1786799333.497904,001553_1786799333.497904.png
1554,1786799333,598012727,1786799333.598013,001554_1786799333.598013.png
1555,1786799333,631291514,1786799333.631292,001555_1786799333.631292.png
1556,1786799333,797896257,1786799333.797896,001556_1786799333.797896.png
1557,1786799333,831312499,1786799333.831312,001557_1786799333.831312.png
1558,1786799333,864614733,1786799333.864615,001558_1786799333.864615.png
1559,1786799334,64637723,1786799334.064638,001559_1786799334.064638.png
1560,1786799334,197871075,1786799334.197871,001560_1786799334.197871.png
1561,1786799334,231258052,1786799334.231258,001561_1786799334.231258.png
1562,1786799334,331283727,1786799334.331284,001562_1786799334.331284.png
1563,1786799334,397898667,1786799334.397899,001563_1786799334.397899.png
1564,1786799334,631291918,1786799334.631292,001564_1786799334.631292.png
1565,1786799335,231323658,1786799335.231324,001565_1786799335.231324.png
1566,1786799335,264680112,1786799335.264680,001566_1786799335.264680.png
1567,1786799335,497917705,1786799335.497918,001567_1786799335.497918.png
1568,1786799335,531366747,1786799335.531367,001568_1786799335.531367.png
1569,1786799335,831265547,1786799335.831265,001569_1786799335.831265.png
1570,1786799335,897997447,1786799335.897997,001570_1786799335.897997.png
1571,1786799335,964640915,1786799335.964641,001571_1786799335.964641.png
1572,1786799335,998066472,1786799335.998066,001572_1786799335.998066.png
1573,1786799336,297974656,1786799336.297975,001573_1786799336.297975.png
1574,1786799336,398000344,1786799336.398000,001574_1786799336.398000.png
1575,1786799336,664735702,1786799336.664736,001575_1786799336.664736.png
1576,1786799336,697930565,1786799336.697931,001576_1786799336.697931.png
1577,1786799336,931378746,1786799336.931379,001577_1786799336.931379.png
1578,1786799336,998038521,1786799336.998039,001578_1786799336.998039.png
1579,1786799337,31318317,1786799337.031318,001579_1786799337.031318.png
1580,1786799337,364861877,1786799337.364862,001580_1786799337.364862.png
1581,1786799337,531378602,1786799337.531379,001581_1786799337.531379.png
1582,1786799337,797974005,1786799337.797974,001582_1786799337.797974.png
1583,1786799337,831299587,1786799337.831300,001583_1786799337.831300.png
1584,1786799337,864678864,1786799337.864679,001584_1786799337.864679.png
1585,1786799338,164722148,1786799338.164722,001585_1786799338.164722.png
1586,1786799338,298030146,1786799338.298030,001586_1786799338.298030.png
1587,1786799338,331327138,1786799338.331327,001587_1786799338.331327.png
1588,1786799338,431465212,1786799338.431465,001588_1786799338.431465.png
1589,1786799338,831382278,1786799338.831382,001589_1786799338.831382.png
1590,1786799339,170866718,1786799339.170867,001590_1786799339.170867.png
1591,1786799339,231333707,1786799339.231334,001591_1786799339.231334.png
1592,1786799339,331381533,1786799339.331382,001592_1786799339.331382.png
1593,1786799339,364791492,1786799339.364791,001593_1786799339.364791.png
1594,1786799339,564735804,1786799339.564736,001594_1786799339.564736.png
1595,1786799339,598016488,1786799339.598017,001595_1786799339.598017.png
1596,1786799339,898001070,1786799339.898001,001596_1786799339.898001.png
1597,1786799339,931354690,1786799339.931355,001597_1786799339.931355.png
1598,1786799339,965055045,1786799339.965055,001598_1786799339.965055.png
1599,1786799339,998069749,1786799339.998070,001599_1786799339.998070.png
1600,1786799340,31381433,1786799340.031381,001600_1786799340.031381.png
1601,1786799340,98036752,1786799340.098037,001601_1786799340.098037.png
1602,1786799341,231461817,1786799341.231462,001602_1786799341.231462.png
1603,1786799341,331352930,1786799341.331353,001603_1786799341.331353.png
1604,1786799341,564743016,1786799341.564743,001604_1786799341.564743.png
1605,1786799341,964773645,1786799341.964774,001605_1786799341.964774.png
1606,1786799342,198058428,1786799342.198058,001606_1786799342.198058.png
1607,1786799342,231410728,1786799342.231411,001607_1786799342.231411.png
1608,1786799342,331409247,1786799342.331409,001608_1786799342.331409.png
1609,1786799342,464686637,1786799342.464687,001609_1786799342.464687.png
1610,1786799342,498153846,1786799342.498154,001610_1786799342.498154.png
1611,1786799342,531402959,1786799342.531403,001611_1786799342.531403.png
1612,1786799342,998111386,1786799342.998111,001612_1786799342.998111.png
1613,1786799343,298098722,1786799343.298099,001613_1786799343.298099.png
1614,1786799344,131525944,1786799344.131526,001614_1786799344.131526.png
1615,1786799344,198109004,1786799344.198109,001615_1786799344.198109.png
1616,1786799344,331455347,1786799344.331455,001616_1786799344.331455.png
1617,1786799344,364811935,1786799344.364812,001617_1786799344.364812.png
1618,1786799344,631433578,1786799344.631433,001618_1786799344.631433.png
1619,1786799345,698256430,1786799345.698256,001619_1786799345.698256.png
1620,1786799345,864815147,1786799345.864815,001620_1786799345.864815.png
1621,1786799346,64863030,1786799346.064863,001621_1786799346.064863.png
1622,1786799346,398142298,1786799346.398142,001622_1786799346.398142.png
1623,1786799346,631506608,1786799346.631507,001623_1786799346.631507.png
1624,1786799346,864792206,1786799346.864792,001624_1786799346.864792.png
1625,1786799347,231555203,1786799347.231555,001625_1786799347.231555.png
1626,1786799347,398213784,1786799347.398214,001626_1786799347.398214.png
1627,1786799347,531621369,1786799347.531621,001627_1786799347.531621.png
1628,1786799347,831506142,1786799347.831506,001628_1786799347.831506.png
1629,1786799347,931485201,1786799347.931485,001629_1786799347.931485.png
1630,1786799347,998209510,1786799347.998209,001630_1786799347.998209.png
1631,1786799348,298267157,1786799348.298267,001631_1786799348.298267.png
1632,1786799348,334483890,1786799348.334484,001632_1786799348.334484.png
1633,1786799348,464842695,1786799348.464843,001633_1786799348.464843.png
1634,1786799349,131651000,1786799349.131651,001634_1786799349.131651.png
1635,1786799349,431606269,1786799349.431606,001635_1786799349.431606.png
1636,1786799349,464863873,1786799349.464864,001636_1786799349.464864.png
1637,1786799349,498230855,1786799349.498231,001637_1786799349.498231.png
1638,1786799349,531549781,1786799349.531550,001638_1786799349.531550.png
1639,1786799349,564899985,1786799349.564900,001639_1786799349.564900.png
1640,1786799349,598217662,1786799349.598218,001640_1786799349.598218.png
1641,1786799349,931576008,1786799349.931576,001641_1786799349.931576.png
1642,1786799350,199184745,1786799350.199185,001642_1786799350.199185.png
1643,1786799350,264854724,1786799350.264855,001643_1786799350.264855.png
1644,1786799351,264946290,1786799351.264946,001644_1786799351.264946.png
1645,1786799351,398223353,1786799351.398223,001645_1786799351.398223.png
1646,1786799352,198275561,1786799352.198276,001646_1786799352.198276.png
1647,1786799352,231728187,1786799352.231728,001647_1786799352.231728.png
1648,1786799352,264919225,1786799352.264919,001648_1786799352.264919.png
1649,1786799352,364913907,1786799352.364914,001649_1786799352.364914.png
1650,1786799352,464934527,1786799352.464935,001650_1786799352.464935.png
1651,1786799352,498319656,1786799352.498320,001651_1786799352.498320.png
1652,1786799352,531641004,1786799352.531641,001652_1786799352.531641.png
1653,1786799352,565066405,1786799352.565066,001653_1786799352.565066.png
1654,1786799352,664944377,1786799352.664944,001654_1786799352.664944.png
1655,1786799352,698309184,1786799352.698309,001655_1786799352.698309.png
1656,1786799352,731584622,1786799352.731585,001656_1786799352.731585.png
1657,1786799352,764971216,1786799352.764971,001657_1786799352.764971.png
1658,1786799352,798275338,1786799352.798275,001658_1786799352.798275.png
1659,1786799352,831697381,1786799352.831697,001659_1786799352.831697.png
1660,1786799352,931674333,1786799352.931674,001660_1786799352.931674.png
1661,1786799353,98275203,1786799353.098275,001661_1786799353.098275.png
1662,1786799353,465034494,1786799353.465034,001662_1786799353.465034.png
1663,1786799353,631731527,1786799353.631732,001663_1786799353.631732.png
1664,1786799353,965034933,1786799353.965035,001664_1786799353.965035.png
1665,1786799354,64986234,1786799354.064986,001665_1786799354.064986.png
1666,1786799354,265003980,1786799354.265004,001666_1786799354.265004.png
1667,1786799354,331641456,1786799354.331641,001667_1786799354.331641.png
1668,1786799354,465004680,1786799354.465005,001668_1786799354.465005.png
1669,1786799354,731840378,1786799354.731840,001669_1786799354.731840.png
1670,1786799354,764962376,1786799354.764962,001670_1786799354.764962.png
1671,1786799354,898318237,1786799354.898318,001671_1786799354.898318.png
1672,1786799354,931763350,1786799354.931763,001672_1786799354.931763.png
1673,1786799354,965111708,1786799354.965112,001673_1786799354.965112.png
1674,1786799354,998316467,1786799354.998317,001674_1786799354.998317.png
1675,1786799355,265014427,1786799355.265014,001675_1786799355.265014.png
1676,1786799356,198460077,1786799356.198460,001676_1786799356.198460.png
1677,1786799356,431846358,1786799356.431846,001677_1786799356.431846.png
1678,1786799356,615000420,1786799356.615000,001678_1786799356.615000.png
1679,1786799356,648462421,1786799356.648463,001679_1786799356.648463.png
1680,1786799356,665019468,1786799356.665020,001680_1786799356.665020.png
1681,1786799356,698490626,1786799356.698491,001681_1786799356.698491.png
1682,1786799356,931797477,1786799356.931798,001682_1786799356.931798.png
1683,1786799357,165091524,1786799357.165092,001683_1786799357.165092.png
1684,1786799357,431809635,1786799357.431810,001684_1786799357.431810.png
1685,1786799357,531773447,1786799357.531773,001685_1786799357.531773.png
1686,1786799357,565061804,1786799357.565062,001686_1786799357.565062.png
1687,1786799357,731745212,1786799357.731745,001687_1786799357.731745.png
1688,1786799357,931747630,1786799357.931748,001688_1786799357.931748.png
1689,1786799358,81847092,1786799358.081847,001689_1786799358.081847.png
1690,1786799358,298532749,1786799358.298533,001690_1786799358.298533.png
1691,1786799358,331793506,1786799358.331794,001691_1786799358.331794.png
1692,1786799358,498526528,1786799358.498527,001692_1786799358.498527.png
1693,1786799358,565039744,1786799358.565040,001693_1786799358.565040.png
1694,1786799358,598406841,1786799358.598407,001694_1786799358.598407.png
1695,1786799358,648344986,1786799358.648345,001695_1786799358.648345.png
1696,1786799358,681709163,1786799358.681709,001696_1786799358.681709.png
1697,1786799358,748324174,1786799358.748324,001697_1786799358.748324.png
1698,1786799358,998467386,1786799358.998467,001698_1786799358.998467.png
1699,1786799359,65030622,1786799359.065031,001699_1786799359.065031.png
1700,1786799359,198507889,1786799359.198508,001700_1786799359.198508.png
1701,1786799359,298527700,1786799359.298528,001701_1786799359.298528.png
1702,1786799359,331796437,1786799359.331796,001702_1786799359.331796.png
1703,1786799359,431805094,1786799359.431805,001703_1786799359.431805.png
1704,1786799359,598507585,1786799359.598508,001704_1786799359.598508.png
1705,1786799359,898607369,1786799359.898607,001705_1786799359.898607.png
1706,1786799360,31816718,1786799360.031817,001706_1786799360.031817.png
1707,1786799360,182224419,1786799360.182225,001707_1786799360.182225.png
1708,1786799360,198475953,1786799360.198476,001708_1786799360.198476.png
1709,1786799360,281793252,1786799360.281793,001709_1786799360.281793.png
1710,1786799360,631779939,1786799360.631780,001710_1786799360.631780.png
1711,1786799361,31773658,1786799361.031774,001711_1786799361.031774.png
1712,1786799361,331808699,1786799361.331809,001712_1786799361.331809.png
1713,1786799361,431744872,1786799361.431745,001713_1786799361.431745.png
1714,1786799361,498450318,1786799361.498450,001714_1786799361.498450.png
1715,1786799361,598486594,1786799361.598487,001715_1786799361.598487.png
1716,1786799361,631757101,1786799361.631757,001716_1786799361.631757.png
1717,1786799361,665114309,1786799361.665114,001717_1786799361.665114.png
1718,1786799361,965177240,1786799361.965177,001718_1786799361.965177.png
1719,1786799362,31819387,1786799362.031819,001719_1786799362.031819.png
1720,1786799362,165181149,1786799362.165181,001720_1786799362.165181.png
1721,1786799362,331819724,1786799362.331820,001721_1786799362.331820.png
1722,1786799362,365167513,1786799362.365168,001722_1786799362.365168.png
1723,1786799362,398517960,1786799362.398518,001723_1786799362.398518.png
1724,1786799362,698439476,1786799362.698439,001724_1786799362.698439.png
1725,1786799362,831850625,1786799362.831851,001725_1786799362.831851.png
1726,1786799362,965218850,1786799362.965219,001726_1786799362.965219.png
1727,1786799363,331841485,1786799363.331841,001727_1786799363.331841.png
1728,1786799363,698639725,1786799363.698640,001728_1786799363.698640.png
1729,1786799363,731894986,1786799363.731895,001729_1786799363.731895.png
1730,1786799363,798526990,1786799363.798527,001730_1786799363.798527.png
1731,1786799363,998546380,1786799363.998546,001731_1786799363.998546.png
1732,1786799364,231841723,1786799364.231842,001732_1786799364.231842.png
1733,1786799364,431879159,1786799364.431879,001733_1786799364.431879.png
1734,1786799364,631845173,1786799364.631845,001734_1786799364.631845.png
1735,1786799365,31897901,1786799365.031898,001735_1786799365.031898.png
1736,1786799365,65179142,1786799365.065179,001736_1786799365.065179.png
1737,1786799365,165192492,1786799365.165193,001737_1786799365.165193.png
1738,1786799365,331878462,1786799365.331878,001738_1786799365.331878.png
1739,1786799365,598520875,1786799365.598521,001739_1786799365.598521.png
1740,1786799365,798607543,1786799365.798608,001740_1786799365.798608.png
1741,1786799366,365311472,1786799366.365311,001741_1786799366.365311.png
1742,1786799366,431881096,1786799366.431881,001742_1786799366.431881.png
1743,1786799367,165243875,1786799367.165244,001743_1786799367.165244.png
1744,1786799367,398713478,1786799367.398714,001744_1786799367.398714.png
1745,1786799367,632010067,1786799367.632010,001745_1786799367.632010.png
1746,1786799367,831875281,1786799367.831875,001746_1786799367.831875.png
1747,1786799368,765373732,1786799368.765374,001747_1786799368.765374.png
1748,1786799368,998706261,1786799368.998706,001748_1786799368.998706.png
1749,1786799369,65237349,1786799369.065237,001749_1786799369.065237.png
1750,1786799369,198694098,1786799369.198694,001750_1786799369.198694.png
1751,1786799369,231946273,1786799369.231946,001751_1786799369.231946.png
1752,1786799369,298684117,1786799369.298684,001752_1786799369.298684.png
1753,1786799369,331965952,1786799369.331966,001753_1786799369.331966.png
1754,1786799369,465289612,1786799369.465290,001754_1786799369.465290.png
1755,1786799369,498658400,1786799369.498658,001755_1786799369.498658.png
1756,1786799369,865341414,1786799369.865341,001756_1786799369.865341.png
1757,1786799369,965369172,1786799369.965369,001757_1786799369.965369.png
1758,1786799370,131985453,1786799370.131985,001758_1786799370.131985.png
1759,1786799370,298767440,1786799370.298767,001759_1786799370.298767.png
1760,1786799370,431979742,1786799370.431980,001760_1786799370.431980.png
1761,1786799370,698738838,1786799370.698739,001761_1786799370.698739.png
1762,1786799370,732039039,1786799370.732039,001762_1786799370.732039.png
1763,1786799370,832043395,1786799370.832043,001763_1786799370.832043.png
1764,1786799371,198737106,1786799371.198737,001764_1786799371.198737.png
1765,1786799371,298736331,1786799371.298736,001765_1786799371.298736.png
1766,1786799371,431974926,1786799371.431975,001766_1786799371.431975.png
1767,1786799371,965375604,1786799371.965376,001767_1786799371.965376.png
1768,1786799372,31988106,1786799372.031988,001768_1786799372.031988.png
1769,1786799372,398745337,1786799372.398745,001769_1786799372.398745.png
1770,1786799372,465392521,1786799372.465393,001770_1786799372.465393.png
1771,1786799372,531941725,1786799372.531942,001771_1786799372.531942.png
1772,1786799373,332025187,1786799373.332025,001772_1786799373.332025.png
1773,1786799373,365373083,1786799373.365373,001773_1786799373.365373.png
1774,1786799373,398807981,1786799373.398808,001774_1786799373.398808.png
1775,1786799373,965438042,1786799373.965438,001775_1786799373.965438.png
1776,1786799373,998722505,1786799373.998723,001776_1786799373.998723.png
1777,1786799374,32017278,1786799374.032017,001777_1786799374.032017.png
1778,1786799374,432045909,1786799374.432046,001778_1786799374.432046.png
1779,1786799375,332111655,1786799375.332112,001779_1786799375.332112.png
1780,1786799375,465403314,1786799375.465403,001780_1786799375.465403.png
1781,1786799376,198731976,1786799376.198732,001781_1786799376.198732.png
1782,1786799376,332062265,1786799376.332062,001782_1786799376.332062.png
1783,1786799376,498799805,1786799376.498800,001783_1786799376.498800.png
1784,1786799376,901208058,1786799376.901208,001784_1786799376.901208.png
1785,1786799376,932106669,1786799376.932107,001785_1786799376.932107.png
1786,1786799377,65432203,1786799377.065432,001786_1786799377.065432.png
1787,1786799377,965361337,1786799377.965361,001787_1786799377.965361.png
1788,1786799378,198774949,1786799378.198775,001788_1786799378.198775.png
1789,1786799378,232160040,1786799378.232160,001789_1786799378.232160.png
1790,1786799378,365528008,1786799378.365528,001790_1786799378.365528.png
1791,1786799378,498783036,1786799378.498783,001791_1786799378.498783.png
1792,1786799379,46663,1786799379.000047,001792_1786799379.000047.png
1793,1786799379,232264326,1786799379.232264,001793_1786799379.232264.png
1794,1786799379,465579964,1786799379.465580,001794_1786799379.465580.png
1795,1786799379,632133165,1786799379.632133,001795_1786799379.632133.png
1796,1786799379,865441728,1786799379.865442,001796_1786799379.865442.png
1797,1786799379,898776643,1786799379.898777,001797_1786799379.898777.png
1798,1786799379,932103467,1786799379.932103,001798_1786799379.932103.png
1799,1786799379,965518204,1786799379.965518,001799_1786799379.965518.png
1800,1786799379,998881234,1786799379.998881,001800_1786799379.998881.png
1801,1786799380,98828098,1786799380.098828,001801_1786799380.098828.png
1802,1786799380,265534125,1786799380.265534,001802_1786799380.265534.png
1803,1786799380,465580920,1786799380.465581,001803_1786799380.465581.png
1804,1786799380,565491775,1786799380.565492,001804_1786799380.565492.png
1805,1786799380,932267728,1786799380.932268,001805_1786799380.932268.png
1806,1786799380,965501516,1786799380.965502,001806_1786799380.965502.png
1807,1786799381,98846388,1786799381.098846,001807_1786799381.098846.png
1808,1786799381,198921921,1786799381.198922,001808_1786799381.198922.png
1809,1786799381,232173662,1786799381.232174,001809_1786799381.232174.png
1810,1786799381,265524965,1786799381.265525,001810_1786799381.265525.png
1811,1786799381,432232851,1786799381.432233,001811_1786799381.432233.png
1812,1786799381,465550574,1786799381.465551,001812_1786799381.465551.png
1813,1786799381,498850808,1786799381.498851,001813_1786799381.498851.png
1814,1786799381,532264774,1786799381.532265,001814_1786799381.532265.png
1815,1786799381,932187233,1786799381.932187,001815_1786799381.932187.png
1816,1786799382,32251401,1786799382.032251,001816_1786799382.032251.png
1817,1786799382,65637898,1786799382.065638,001817_1786799382.065638.png
1818,1786799382,165518369,1786799382.165518,001818_1786799382.165518.png
1819,1786799382,198898896,1786799382.198899,001819_1786799382.198899.png
1820,1786799382,232214329,1786799382.232214,001820_1786799382.232214.png
1821,1786799382,298838648,1786799382.298839,001821_1786799382.298839.png
1822,1786799382,332202637,1786799382.332203,001822_1786799382.332203.png
1823,1786799382,365533577,1786799382.365534,001823_1786799382.365534.png
1824,1786799382,498838166,1786799382.498838,001824_1786799382.498838.png
1825,1786799382,565564110,1786799382.565564,001825_1786799382.565564.png
1826,1786799382,798889516,1786799382.798889,001826_1786799382.798889.png
1827,1786799382,898910028,1786799382.898910,001827_1786799382.898910.png
1828,1786799383,65588949,1786799383.065589,001828_1786799383.065589.png
1829,1786799383,98860258,1786799383.098860,001829_1786799383.098860.png
1830,1786799383,132234534,1786799383.132235,001830_1786799383.132235.png
1831,1786799383,265547606,1786799383.265548,001831_1786799383.265548.png
1832,1786799383,298911703,1786799383.298912,001832_1786799383.298912.png
1833,1786799383,332194142,1786799383.332194,001833_1786799383.332194.png
1834,1786799383,365575732,1786799383.365576,001834_1786799383.365576.png
1835,1786799383,398859187,1786799383.398859,001835_1786799383.398859.png
1836,1786799383,465672313,1786799383.465672,001836_1786799383.465672.png
1837,1786799383,498927722,1786799383.498928,001837_1786799383.498928.png
1838,1786799384,365600144,1786799384.365600,001838_1786799384.365600.png
1839,1786799384,398905539,1786799384.398906,001839_1786799384.398906.png
1840,1786799384,465641166,1786799384.465641,001840_1786799384.465641.png
1841,1786799385,265662533,1786799385.265662,001841_1786799385.265662.png
1842,1786799385,298949446,1786799385.298949,001842_1786799385.298949.png
1843,1786799385,398943688,1786799385.398944,001843_1786799385.398944.png
1844,1786799385,465674293,1786799385.465674,001844_1786799385.465674.png
1845,1786799385,498944090,1786799385.498944,001845_1786799385.498944.png
1846,1786799385,532261593,1786799385.532262,001846_1786799385.532262.png
1847,1786799385,899017048,1786799385.899017,001847_1786799385.899017.png
1848,1786799385,965587383,1786799385.965587,001848_1786799385.965587.png
1849,1786799385,999007428,1786799385.999007,001849_1786799385.999007.png
1850,1786799386,32301286,1786799386.032301,001850_1786799386.032301.png
1851,1786799386,432297245,1786799386.432297,001851_1786799386.432297.png
1852,1786799386,899143089,1786799386.899143,001852_1786799386.899143.png
1853,1786799387,98971540,1786799387.098972,001853_1786799387.098972.png
1854,1786799387,599025173,1786799387.599025,001854_1786799387.599025.png
1855,1786799387,799035453,1786799387.799036,001855_1786799387.799036.png
1856,1786799387,932305543,1786799387.932306,001856_1786799387.932306.png
1857,1786799388,398984707,1786799388.398985,001857_1786799388.398985.png
1858,1786799388,465669787,1786799388.465670,001858_1786799388.465670.png
1859,1786799388,598976489,1786799388.598976,001859_1786799388.598976.png
1860,1786799388,632332068,1786799388.632332,001860_1786799388.632332.png
1861,1786799388,698981392,1786799388.698981,001861_1786799388.698981.png
1862,1786799388,865736725,1786799388.865737,001862_1786799388.865737.png
1863,1786799388,932363405,1786799388.932364,001863_1786799388.932364.png
1864,1786799389,65626894,1786799389.065627,001864_1786799389.065627.png
1865,1786799389,99012572,1786799389.099013,001865_1786799389.099013.png
1866,1786799389,132341032,1786799389.132341,001866_1786799389.132341.png
1867,1786799389,199062224,1786799389.199062,001867_1786799389.199062.png
1868,1786799389,498970383,1786799389.498970,001868_1786799389.498970.png
1869,1786799389,665726834,1786799389.665727,001869_1786799389.665727.png
1870,1786799389,965657090,1786799389.965657,001870_1786799389.965657.png
1871,1786799390,99041676,1786799390.099042,001871_1786799390.099042.png
1872,1786799390,165720097,1786799390.165720,001872_1786799390.165720.png
1873,1786799390,199012928,1786799390.199013,001873_1786799390.199013.png
1874,1786799390,332398765,1786799390.332399,001874_1786799390.332399.png
1875,1786799390,465706544,1786799390.465707,001875_1786799390.465707.png
1876,1786799390,499148197,1786799390.499148,001876_1786799390.499148.png
1877,1786799390,532424106,1786799390.532424,001877_1786799390.532424.png
1878,1786799390,632313874,1786799390.632314,001878_1786799390.632314.png
1879,1786799390,732452617,1786799390.732453,001879_1786799390.732453.png
1880,1786799390,798999859,1786799390.799000,001880_1786799390.799000.png
1881,1786799391,132422296,1786799391.132422,001881_1786799391.132422.png
1882,1786799391,199006483,1786799391.199007,001882_1786799391.199007.png
1883,1786799391,232348547,1786799391.232348,001883_1786799391.232348.png
1884,1786799391,265767347,1786799391.265767,001884_1786799391.265767.png
1885,1786799391,399032308,1786799391.399032,001885_1786799391.399032.png
1886,1786799391,432336576,1786799391.432337,001886_1786799391.432337.png
1887,1786799391,532413957,1786799391.532414,001887_1786799391.532414.png
1888,1786799391,565718017,1786799391.565718,001888_1786799391.565718.png
1889,1786799391,599113360,1786799391.599113,001889_1786799391.599113.png
1890,1786799391,665774666,1786799391.665775,001890_1786799391.665775.png
1891,1786799391,699117269,1786799391.699117,001891_1786799391.699117.png
1892,1786799391,732408654,1786799391.732409,001892_1786799391.732409.png
1893,1786799391,865735553,1786799391.865736,001893_1786799391.865736.png
1894,1786799391,899047501,1786799391.899048,001894_1786799391.899048.png
1895,1786799392,32396261,1786799392.032396,001895_1786799392.032396.png
1896,1786799392,199080367,1786799392.199080,001896_1786799392.199080.png
1897,1786799392,465792149,1786799392.465792,001897_1786799392.465792.png
1898,1786799392,632455608,1786799392.632456,001898_1786799392.632456.png
1899,1786799392,799057149,1786799392.799057,001899_1786799392.799057.png
1900,1786799393,332369945,1786799393.332370,001900_1786799393.332370.png
1901,1786799393,399189241,1786799393.399189,001901_1786799393.399189.png
1902,1786799393,465821836,1786799393.465822,001902_1786799393.465822.png
1903,1786799393,565766901,1786799393.565767,001903_1786799393.565767.png
1904,1786799393,832434508,1786799393.832434,001904_1786799393.832434.png
1905,1786799394,65735218,1786799394.065735,001905_1786799394.065735.png
1906,1786799394,332549609,1786799394.332550,001906_1786799394.332550.png
1907,1786799394,365853936,1786799394.365854,001907_1786799394.365854.png
1908,1786799394,399127635,1786799394.399128,001908_1786799394.399128.png
1909,1786799394,432437917,1786799394.432438,001909_1786799394.432438.png
1910,1786799394,465911752,1786799394.465912,001910_1786799394.465912.png
1911,1786799394,532429736,1786799394.532430,001911_1786799394.532430.png
1912,1786799394,565837069,1786799394.565837,001912_1786799394.565837.png
1913,1786799395,32559980,1786799395.032560,001913_1786799395.032560.png
1914,1786799395,65806608,1786799395.065807,001914_1786799395.065807.png
1915,1786799395,99111483,1786799395.099112,001915_1786799395.099112.png
1916,1786799395,132438843,1786799395.132439,001916_1786799395.132439.png
1917,1786799395,199128290,1786799395.199128,001917_1786799395.199128.png
1918,1786799395,599242048,1786799395.599242,001918_1786799395.599242.png
1919,1786799395,665759494,1786799395.665760,001919_1786799395.665760.png
1920,1786799395,732410907,1786799395.732411,001920_1786799395.732411.png
1921,1786799395,999191893,1786799395.999192,001921_1786799395.999192.png
1922,1786799396,65888104,1786799396.065888,001922_1786799396.065888.png
1923,1786799396,199100140,1786799396.199100,001923_1786799396.199100.png
1924,1786799396,232555333,1786799396.232555,001924_1786799396.232555.png
1925,1786799396,332465253,1786799396.332465,001925_1786799396.332465.png
1926,1786799396,432441078,1786799396.432441,001926_1786799396.432441.png
1927,1786799396,465866414,1786799396.465866,001927_1786799396.465866.png
1928,1786799396,499202276,1786799396.499202,001928_1786799396.499202.png
1929,1786799396,665816880,1786799396.665817,001929_1786799396.665817.png
1930,1786799396,999150039,1786799396.999150,001930_1786799396.999150.png
1931,1786799397,32487690,1786799397.032488,001931_1786799397.032488.png
1932,1786799397,65814276,1786799397.065814,001932_1786799397.065814.png
1933,1786799397,99168767,1786799397.099169,001933_1786799397.099169.png
1934,1786799397,132497641,1786799397.132498,001934_1786799397.132498.png
1935,1786799397,165795040,1786799397.165795,001935_1786799397.165795.png
1936,1786799397,299241685,1786799397.299242,001936_1786799397.299242.png
1937,1786799397,332494445,1786799397.332494,001937_1786799397.332494.png
1938,1786799397,532656156,1786799397.532656,001938_1786799397.532656.png
1939,1786799397,566770292,1786799397.566770,001939_1786799397.566770.png
1940,1786799397,932665018,1786799397.932665,001940_1786799397.932665.png
1941,1786799397,967663306,1786799397.967663,001941_1786799397.967663.png
1942,1786799397,999224215,1786799397.999224,001942_1786799397.999224.png
1943,1786799398,132514966,1786799398.132515,001943_1786799398.132515.png
1944,1786799398,165825937,1786799398.165826,001944_1786799398.165826.png
1945,1786799398,232608315,1786799398.232608,001945_1786799398.232608.png
1946,1786799398,265859432,1786799398.265859,001946_1786799398.265859.png
1947,1786799398,299190069,1786799398.299190,001947_1786799398.299190.png
1948,1786799398,332521829,1786799398.332522,001948_1786799398.332522.png
1949,1786799398,499219741,1786799398.499220,001949_1786799398.499220.png
1950,1786799398,532714076,1786799398.532714,001950_1786799398.532714.png
1951,1786799398,599191338,1786799398.599191,001951_1786799398.599191.png
1952,1786799398,665935463,1786799398.665936,001952_1786799398.665936.png
1953,1786799399,65978755,1786799399.065979,001953_1786799399.065979.png
1954,1786799399,99228479,1786799399.099228,001954_1786799399.099228.png
1955,1786799399,132548913,1786799399.132549,001955_1786799399.132549.png
1956,1786799399,365886132,1786799399.365886,001956_1786799399.365886.png
1957,1786799399,399256184,1786799399.399256,001957_1786799399.399256.png
1958,1786799399,432555904,1786799399.432556,001958_1786799399.432556.png
1959,1786799399,499259464,1786799399.499259,001959_1786799399.499259.png
1960,1786799399,532607340,1786799399.532607,001960_1786799399.532607.png
1961,1786799399,565934346,1786799399.565934,001961_1786799399.565934.png
1962,1786799399,599304605,1786799399.599305,001962_1786799399.599305.png
1963,1786799399,632504763,1786799399.632505,001963_1786799399.632505.png
1964,1786799399,799251183,1786799399.799251,001964_1786799399.799251.png
1965,1786799399,999295352,1786799399.999295,001965_1786799399.999295.png
1966,1786799400,66062968,1786799400.066063,001966_1786799400.066063.png
1967,1786799400,99235843,1786799400.099236,001967_1786799400.099236.png
1968,1786799400,132588773,1786799400.132589,001968_1786799400.132589.png
1969,1786799400,165909153,1786799400.165909,001969_1786799400.165909.png
1970,1786799400,265935049,1786799400.265935,001970_1786799400.265935.png
1971,1786799400,332571230,1786799400.332571,001971_1786799400.332571.png
1972,1786799400,399200257,1786799400.399200,001972_1786799400.399200.png
1973,1786799400,432561223,1786799400.432561,001973_1786799400.432561.png
1974,1786799400,465893910,1786799400.465894,001974_1786799400.465894.png
1975,1786799400,499235186,1786799400.499235,001975_1786799400.499235.png
1976,1786799400,532551179,1786799400.532551,001976_1786799400.532551.png
1977,1786799400,565878396,1786799400.565878,001977_1786799400.565878.png
1978,1786799400,632627205,1786799400.632627,001978_1786799400.632627.png
1979,1786799400,732577754,1786799400.732578,001979_1786799400.732578.png
1980,1786799400,965912131,1786799400.965912,001980_1786799400.965912.png
1981,1786799400,999231150,1786799400.999231,001981_1786799400.999231.png
1982,1786799401,332671936,1786799401.332672,001982_1786799401.332672.png
1983,1786799401,732634957,1786799401.732635,001983_1786799401.732635.png
1984,1786799402,99235607,1786799402.099236,001984_1786799402.099236.png
1985,1786799402,599278050,1786799402.599278,001985_1786799402.599278.png
1986,1786799403,132625811,1786799403.132626,001986_1786799403.132626.png
1987,1786799403,299330012,1786799403.299330,001987_1786799403.299330.png
1988,1786799403,332614032,1786799403.332614,001988_1786799403.332614.png
1989,1786799403,365927613,1786799403.365928,001989_1786799403.365928.png
1990,1786799403,399296397,1786799403.399296,001990_1786799403.399296.png
1991,1786799403,566018696,1786799403.566019,001991_1786799403.566019.png
1992,1786799403,632769652,1786799403.632770,001992_1786799403.632770.png
1993,1786799403,799337943,1786799403.799338,001993_1786799403.799338.png
1994,1786799403,832617682,1786799403.832618,001994_1786799403.832618.png
1995,1786799403,865983699,1786799403.865984,001995_1786799403.865984.png
1996,1786799403,999354575,1786799403.999355,001996_1786799403.999355.png
1997,1786799404,199295826,1786799404.199296,001997_1786799404.199296.png
1998,1786799404,232626760,1786799404.232627,001998_1786799404.232627.png
1999,1786799404,265978076,1786799404.265978,001999_1786799404.265978.png
2000,1786799404,299347092,1786799404.299347,002000_1786799404.299347.png
2001,1786799404,332635559,1786799404.332636,002001_1786799404.332636.png
2002,1786799404,432766678,1786799404.432767,002002_1786799404.432767.png
2003,1786799404,699283238,1786799404.699283,002003_1786799404.699283.png
2004,1786799404,765939387,1786799404.765939,002004_1786799404.765939.png
2005,1786799404,899312405,1786799404.899312,002005_1786799404.899312.png
2006,1786799404,932651151,1786799404.932651,002006_1786799404.932651.png
2007,1786799405,265990769,1786799405.265991,002007_1786799405.265991.png
2008,1786799405,499345206,1786799405.499345,002008_1786799405.499345.png
2009,1786799405,632722521,1786799405.632723,002009_1786799405.632723.png
2010,1786799405,766107069,1786799405.766107,002010_1786799405.766107.png
2011,1786799406,332697582,1786799406.332698,002011_1786799406.332698.png
2012,1786799406,465968529,1786799406.465969,002012_1786799406.465969.png
2013,1786799406,532737455,1786799406.532737,002013_1786799406.532737.png
2014,1786799406,700169717,1786799406.700170,002014_1786799406.700170.png
2015,1786799407,32723259,1786799407.032723,002015_1786799407.032723.png
2016,1786799407,66062062,1786799407.066062,002016_1786799407.066062.png
2017,1786799407,99400817,1786799407.099401,002017_1786799407.099401.png
2018,1786799407,132773208,1786799407.132773,002018_1786799407.132773.png
2019,1786799407,166051835,1786799407.166052,002019_1786799407.166052.png
2020,1786799407,366133523,1786799407.366133,002020_1786799407.366133.png
2021,1786799407,432814372,1786799407.432814,002021_1786799407.432814.png
2022,1786799407,732780305,1786799407.732780,002022_1786799407.732780.png
2023,1786799407,932762579,1786799407.932763,002023_1786799407.932763.png
2024,1786799407,999399812,1786799407.999400,002024_1786799407.999400.png
2025,1786799408,32809592,1786799408.032809,002025_1786799408.032809.png
2026,1786799408,66081829,1786799408.066082,002026_1786799408.066082.png
2027,1786799408,132728463,1786799408.132729,002027_1786799408.132729.png
2028,1786799408,166024469,1786799408.166024,002028_1786799408.166024.png
2029,1786799408,199360437,1786799408.199360,002029_1786799408.199360.png
2030,1786799408,399403574,1786799408.399404,002030_1786799408.399404.png
2031,1786799408,532779712,1786799408.532780,002031_1786799408.532780.png
2032,1786799408,632925614,1786799408.632926,002032_1786799408.632926.png
2033,1786799408,799424774,1786799408.799425,002033_1786799408.799425.png
2034,1786799408,999435067,1786799408.999435,002034_1786799408.999435.png
2035,1786799409,32812303,1786799409.032812,002035_1786799409.032812.png
2036,1786799409,332761707,1786799409.332762,002036_1786799409.332762.png
2037,1786799409,399485442,1786799409.399485,002037_1786799409.399485.png
2038,1786799409,432862500,1786799409.432863,002038_1786799409.432863.png
2039,1786799409,599482607,1786799409.599483,002039_1786799409.599483.png
2040,1786799409,732793341,1786799409.732793,002040_1786799409.732793.png
2041,1786799410,899507342,1786799410.899507,002041_1786799410.899507.png
2042,1786799410,932851864,1786799410.932852,002042_1786799410.932852.png
2043,1786799411,132798135,1786799411.132798,002043_1786799411.132798.png
2044,1786799411,166148370,1786799411.166148,002044_1786799411.166148.png
2045,1786799411,199500309,1786799411.199500,002045_1786799411.199500.png
2046,1786799411,499688097,1786799411.499688,002046_1786799411.499688.png
2047,1786799411,732810267,1786799411.732810,002047_1786799411.732810.png
2048,1786799411,999481698,1786799411.999482,002048_1786799411.999482.png
2049,1786799412,199520705,1786799412.199521,002049_1786799412.199521.png
2050,1786799412,232750391,1786799412.232750,002050_1786799412.232750.png
2051,1786799412,299397755,1786799412.299398,002051_1786799412.299398.png
2052,1786799412,332821384,1786799412.332821,002052_1786799412.332821.png
2053,1786799412,366078655,1786799412.366079,002053_1786799412.366079.png
2054,1786799412,399510232,1786799412.399510,002054_1786799412.399510.png
2055,1786799412,432763832,1786799412.432764,002055_1786799412.432764.png
2056,1786799412,466227219,1786799412.466227,002056_1786799412.466227.png
2057,1786799412,532835628,1786799412.532836,002057_1786799412.532836.png
2058,1786799412,599494109,1786799412.599494,002058_1786799412.599494.png
2059,1786799412,766135507,1786799412.766135,002059_1786799412.766135.png
2060,1786799412,899525883,1786799412.899526,002060_1786799412.899526.png
2061,1786799413,99587521,1786799413.099587,002061_1786799413.099587.png
2062,1786799413,132823855,1786799413.132824,002062_1786799413.132824.png
2063,1786799413,399547511,1786799413.399548,002063_1786799413.399548.png
2064,1786799413,832883977,1786799413.832884,002064_1786799413.832884.png
2065,1786799413,866176623,1786799413.866177,002065_1786799413.866177.png
2066,1786799414,32799406,1786799414.032799,002066_1786799414.032799.png
2067,1786799414,66159602,1786799414.066159,002067_1786799414.066159.png
2068,1786799414,99415602,1786799414.099416,002068_1786799414.099416.png
2069,1786799414,166199822,1786799414.166200,002069_1786799414.166200.png
2070,1786799414,399619352,1786799414.399619,002070_1786799414.399619.png
2071,1786799414,466207270,1786799414.466207,002071_1786799414.466207.png
2072,1786799414,532817613,1786799414.532818,002072_1786799414.532818.png
2073,1786799414,799510052,1786799414.799510,002073_1786799414.799510.png
2074,1786799414,899553739,1786799414.899554,002074_1786799414.899554.png
2075,1786799414,932945392,1786799414.932945,002075_1786799414.932945.png
2076,1786799414,999581847,1786799414.999582,002076_1786799414.999582.png
2077,1786799415,99543461,1786799415.099544,002077_1786799415.099544.png
2078,1786799415,199555552,1786799415.199556,002078_1786799415.199556.png
2079,1786799415,232856243,1786799415.232856,002079_1786799415.232856.png
2080,1786799415,299589754,1786799415.299590,002080_1786799415.299590.png
2081,1786799415,332845296,1786799415.332845,002081_1786799415.332845.png
2082,1786799416,166259598,1786799416.166260,002082_1786799416.166260.png
2083,1786799416,199524876,1786799416.199525,002083_1786799416.199525.png
2084,1786799416,232797130,1786799416.232797,002084_1786799416.232797.png
2085,1786799416,332892471,1786799416.332892,002085_1786799416.332892.png
2086,1786799416,366195605,1786799416.366196,002086_1786799416.366196.png
2087,1786799416,432892044,1786799416.432892,002087_1786799416.432892.png
2088,1786799416,599585086,1786799416.599585,002088_1786799416.599585.png
2089,1786799417,399631739,1786799417.399632,002089_1786799417.399632.png
2090,1786799417,599589129,1786799417.599589,002090_1786799417.599589.png
2091,1786799417,999563650,1786799417.999564,002091_1786799417.999564.png
2092,1786799418,232889284,1786799418.232889,002092_1786799418.232889.png
2093,1786799418,266147653,1786799418.266148,002093_1786799418.266148.png
2094,1786799418,299581913,1786799418.299582,002094_1786799418.299582.png
2095,1786799418,466330760,1786799418.466331,002095_1786799418.466331.png
2096,1786799418,899623747,1786799418.899624,002096_1786799418.899624.png
2097,1786799418,966258297,1786799418.966258,002097_1786799418.966258.png
2098,1786799419,166137399,1786799419.166137,002098_1786799419.166137.png
2099,1786799419,399654493,1786799419.399654,002099_1786799419.399654.png
2100,1786799419,432911407,1786799419.432911,002100_1786799419.432911.png
2101,1786799419,466356524,1786799419.466357,002101_1786799419.466357.png
2102,1786799419,499600677,1786799419.499601,002102_1786799419.499601.png
2103,1786799419,699730188,1786799419.699730,002103_1786799419.699730.png
2104,1786799420,733010128,1786799420.733010,002104_1786799420.733010.png
2105,1786799420,766163342,1786799420.766163,002105_1786799420.766163.png
2106,1786799421,33060554,1786799421.033061,002106_1786799421.033061.png
2107,1786799421,166231460,1786799421.166231,002107_1786799421.166231.png
2108,1786799421,233044093,1786799421.233044,002108_1786799421.233044.png
2109,1786799421,266390062,1786799421.266390,002109_1786799421.266390.png
2110,1786799421,766240862,1786799421.766241,002110_1786799421.766241.png
2111,1786799421,999567963,1786799421.999568,002111_1786799421.999568.png
2112,1786799422,799659501,1786799422.799659,002112_1786799422.799659.png
2113,1786799422,932931387,1786799422.932931,002113_1786799422.932931.png
2114,1786799422,966238228,1786799422.966238,002114_1786799422.966238.png
2115,1786799423,66388066,1786799423.066388,002115_1786799423.066388.png
2116,1786799423,132974668,1786799423.132975,002116_1786799423.132975.png
2117,1786799423,433006447,1786799423.433007,002117_1786799423.433007.png
2118,1786799423,899688211,1786799423.899688,002118_1786799423.899688.png
2119,1786799423,999697496,1786799423.999697,002119_1786799423.999697.png
2120,1786799424,299874747,1786799424.299875,002120_1786799424.299875.png
2121,1786799424,333021623,1786799424.333022,002121_1786799424.333022.png
2122,1786799424,399647944,1786799424.399648,002122_1786799424.399648.png
2123,1786799424,799635122,1786799424.799635,002123_1786799424.799635.png
2124,1786799425,234545718,1786799425.234546,002124_1786799425.234546.png
2125,1786799425,266293866,1786799425.266294,002125_1786799425.266294.png
2126,1786799425,732972125,1786799425.732972,002126_1786799425.732972.png
2127,1786799425,766310188,1786799425.766310,002127_1786799425.766310.png
2128,1786799426,66395624,1786799426.066396,002128_1786799426.066396.png
2129,1786799426,99704350,1786799426.099704,002129_1786799426.099704.png
2130,1786799426,399657631,1786799426.399658,002130_1786799426.399658.png
2131,1786799426,766336156,1786799426.766336,002131_1786799426.766336.png
2132,1786799426,833006812,1786799426.833007,002132_1786799426.833007.png
2133,1786799426,866305576,1786799426.866306,002133_1786799426.866306.png
2134,1786799427,99873359,1786799427.099873,002134_1786799427.099873.png
2135,1786799427,466389457,1786799427.466389,002135_1786799427.466389.png
2136,1786799427,566431171,1786799427.566431,002136_1786799427.566431.png
2137,1786799427,599636275,1786799427.599636,002137_1786799427.599636.png
2138,1786799428,133002659,1786799428.133003,002138_1786799428.133003.png
2139,1786799428,399866841,1786799428.399867,002139_1786799428.399867.png
2140,1786799428,733168673,1786799428.733169,002140_1786799428.733169.png
2141,1786799428,766410491,1786799428.766411,002141_1786799428.766411.png
2142,1786799428,899824929,1786799428.899825,002142_1786799428.899825.png
2143,1786799429,399828291,1786799429.399828,002143_1786799429.399828.png
2144,1786799429,433052768,1786799429.433053,002144_1786799429.433053.png
2145,1786799429,566416869,1786799429.566417,002145_1786799429.566417.png
2146,1786799429,699648708,1786799429.699649,002146_1786799429.699649.png
2147,1786799429,933127077,1786799429.933127,002147_1786799429.933127.png
2148,1786799429,999816697,1786799429.999817,002148_1786799429.999817.png
2149,1786799430,33091886,1786799430.033092,002149_1786799430.033092.png
2150,1786799430,66393977,1786799430.066394,002150_1786799430.066394.png
2151,1786799430,99837762,1786799430.099838,002151_1786799430.099838.png
2152,1786799430,133016014,1786799430.133016,002152_1786799430.133016.png
2153,1786799430,166332542,1786799430.166332,002153_1786799430.166332.png
2154,1786799430,199735501,1786799430.199735,002154_1786799430.199735.png
2155,1786799430,266402842,1786799430.266403,002155_1786799430.266403.png
2156,1786799430,366413257,1786799430.366413,002156_1786799430.366413.png
2157,1786799430,399669567,1786799430.399670,002157_1786799430.399670.png
2158,1786799430,433065735,1786799430.433066,002158_1786799430.433066.png
2159,1786799431,66440284,1786799431.066440,002159_1786799431.066440.png
2160,1786799431,133121005,1786799431.133121,002160_1786799431.133121.png
2161,1786799431,166456330,1786799431.166456,002161_1786799431.166456.png
2162,1786799431,199800299,1786799431.199800,002162_1786799431.199800.png
2163,1786799431,233115483,1786799431.233115,002163_1786799431.233115.png
2164,1786799431,466641659,1786799431.466642,002164_1786799431.466642.png
2165,1786799431,499896689,1786799431.499897,002165_1786799431.499897.png
2166,1786799431,599694838,1786799431.599695,002166_1786799431.599695.png
2167,1786799431,866448000,1786799431.866448,002167_1786799431.866448.png
2168,1786799431,899830655,1786799431.899831,002168_1786799431.899831.png
2169,1786799432,99816598,1786799432.099817,002169_1786799432.099817.png
2170,1786799432,133219962,1786799432.133220,002170_1786799432.133220.png
2171,1786799432,166536826,1786799432.166537,002171_1786799432.166537.png
2172,1786799432,199800813,1786799432.199801,002172_1786799432.199801.png
2173,1786799432,233198422,1786799432.233198,002173_1786799432.233198.png
2174,1786799432,466453767,1786799432.466454,002174_1786799432.466454.png
2175,1786799432,499840495,1786799432.499840,002175_1786799432.499840.png
2176,1786799432,533169561,1786799432.533170,002176_1786799432.533170.png
2177,1786799432,566434650,1786799432.566435,002177_1786799432.566435.png
2178,1786799432,633141815,1786799432.633142,002178_1786799432.633142.png
2179,1786799432,666423175,1786799432.666423,002179_1786799432.666423.png
2180,1786799432,699815365,1786799432.699815,002180_1786799432.699815.png
2181,1786799432,899950066,1786799432.899950,002181_1786799432.899950.png
2182,1786799432,933676942,1786799432.933677,002182_1786799432.933677.png
2183,1786799432,966472424,1786799432.966472,002183_1786799432.966472.png
2184,1786799432,999923911,1786799432.999924,002184_1786799432.999924.png
2185,1786799433,299878946,1786799433.299879,002185_1786799433.299879.png
2186,1786799433,599747332,1786799433.599747,002186_1786799433.599747.png
2187,1786799434,33157416,1786799434.033157,002187_1786799434.033157.png
2188,1786799434,66507699,1786799434.066508,002188_1786799434.066508.png
2189,1786799434,99838708,1786799434.099839,002189_1786799434.099839.png
2190,1786799434,166490402,1786799434.166490,002190_1786799434.166490.png
2191,1786799434,433167789,1786799434.433168,002191_1786799434.433168.png
2192,1786799434,466558275,1786799434.466558,002192_1786799434.466558.png
2193,1786799434,566485786,1786799434.566486,002193_1786799434.566486.png
2194,1786799434,633165151,1786799434.633165,002194_1786799434.633165.png
2195,1786799434,666582139,1786799434.666582,002195_1786799434.666582.png
2196,1786799434,699824371,1786799434.699824,002196_1786799434.699824.png
2197,1786799434,733180881,1786799434.733181,002197_1786799434.733181.png
2198,1786799434,766522555,1786799434.766523,002198_1786799434.766523.png
2199,1786799434,799868085,1786799434.799868,002199_1786799434.799868.png
2200,1786799434,966499676,1786799434.966500,002200_1786799434.966500.png
2201,1786799434,999845242,1786799434.999845,002201_1786799434.999845.png
2202,1786799435,99877924,1786799435.099878,002202_1786799435.099878.png
2203,1786799435,199876742,1786799435.199877,002203_1786799435.199877.png
2204,1786799435,733360926,1786799435.733361,002204_1786799435.733361.png
2205,1786799435,866562441,1786799435.866562,002205_1786799435.866562.png
2206,1786799435,933277426,1786799435.933277,002206_1786799435.933277.png
2207,1786799436,233345912,1786799436.233346,002207_1786799436.233346.png
2208,1786799436,466557736,1786799436.466558,002208_1786799436.466558.png
2209,1786799436,499882826,1786799436.499883,002209_1786799436.499883.png
2210,1786799436,933265559,1786799436.933265,002210_1786799436.933265.png
2211,1786799436,966583169,1786799436.966583,002211_1786799436.966583.png
2212,1786799437,66599113,1786799437.066599,002212_1786799437.066599.png
2213,1786799437,133261515,1786799437.133261,002213_1786799437.133261.png
2214,1786799437,199915045,1786799437.199915,002214_1786799437.199915.png
2215,1786799437,233250111,1786799437.233250,002215_1786799437.233250.png
2216,1786799437,499876748,1786799437.499877,002216_1786799437.499877.png
2217,1786799437,566541064,1786799437.566541,002217_1786799437.566541.png
2218,1786799437,600089701,1786799437.600090,002218_1786799437.600090.png
2219,1786799437,766759254,1786799437.766759,002219_1786799437.766759.png
2220,1786799438,233279288,1786799438.233279,002220_1786799438.233279.png
2221,1786799438,400204248,1786799438.400204,002221_1786799438.400204.png
2222,1786799438,433261428,1786799438.433261,002222_1786799438.433261.png
2223,1786799438,499955685,1786799438.499956,002223_1786799438.499956.png
2224,1786799438,533315425,1786799438.533315,002224_1786799438.533315.png
2225,1786799438,566605435,1786799438.566605,002225_1786799438.566605.png
2226,1786799438,800112634,1786799438.800113,002226_1786799438.800113.png
2227,1786799439,133292581,1786799439.133293,002227_1786799439.133293.png
2228,1786799439,166620700,1786799439.166621,002228_1786799439.166621.png
2229,1786799439,199953871,1786799439.199954,002229_1786799439.199954.png
2230,1786799439,233259275,1786799439.233259,002230_1786799439.233259.png
2231,1786799439,266659538,1786799439.266659,002231_1786799439.266659.png
2232,1786799439,399941661,1786799439.399942,002232_1786799439.399942.png
2233,1786799439,433276266,1786799439.433276,002233_1786799439.433276.png
2234,1786799439,499969168,1786799439.499969,002234_1786799439.499969.png
2235,1786799440,333296655,1786799440.333297,002235_1786799440.333297.png
2236,1786799440,966694698,1786799440.966695,002236_1786799440.966695.png
2237,1786799441,50194,1786799441.000050,002237_1786799441.000050.png
2238,1786799441,33325660,1786799441.033326,002238_1786799441.033326.png
2239,1786799441,233346762,1786799441.233347,002239_1786799441.233347.png
2240,1786799441,299992943,1786799441.299993,002240_1786799441.299993.png
2241,1786799441,433320406,1786799441.433321,002241_1786799441.433321.png
2242,1786799441,833294228,1786799441.833294,002242_1786799441.833294.png
2243,1786799441,866657234,1786799441.866657,002243_1786799441.866657.png
2244,1786799442,66691513,1786799442.066691,002244_1786799442.066691.png
2245,1786799442,100047164,1786799442.100047,002245_1786799442.100047.png
2246,1786799442,133376871,1786799442.133377,002246_1786799442.133377.png
2247,1786799442,200049607,1786799442.200050,002247_1786799442.200050.png
2248,1786799442,333351647,1786799442.333352,002248_1786799442.333352.png
2249,1786799442,368630580,1786799442.368631,002249_1786799442.368631.png
2250,1786799442,400008872,1786799442.400009,002250_1786799442.400009.png
2251,1786799442,499990017,1786799442.499990,002251_1786799442.499990.png
2252,1786799442,533361144,1786799442.533361,002252_1786799442.533361.png
2253,1786799442,566708720,1786799442.566709,002253_1786799442.566709.png
2254,1786799442,933360252,1786799442.933360,002254_1786799442.933360.png
2255,1786799443,33367446,1786799443.033367,002255_1786799443.033367.png
2256,1786799443,66701301,1786799443.066701,002256_1786799443.066701.png
2257,1786799443,100038049,1786799443.100038,002257_1786799443.100038.png
2258,1786799443,166715784,1786799443.166716,002258_1786799443.166716.png
2259,1786799443,200031479,1786799443.200032,002259_1786799443.200032.png
2260,1786799443,233353476,1786799443.233353,002260_1786799443.233353.png
2261,1786799443,266662531,1786799443.266663,002261_1786799443.266663.png
2262,1786799443,299995094,1786799443.299995,002262_1786799443.299995.png
2263,1786799443,333361965,1786799443.333362,002263_1786799443.333362.png
2264,1786799443,733350798,1786799443.733351,002264_1786799443.733351.png
2265,1786799443,766641256,1786799443.766641,002265_1786799443.766641.png
2266,1786799443,800036849,1786799443.800037,002266_1786799443.800037.png
2267,1786799444,400045855,1786799444.400046,002267_1786799444.400046.png
2268,1786799444,433372239,1786799444.433372,002268_1786799444.433372.png
2269,1786799445,233425450,1786799445.233425,002269_1786799445.233425.png
2270,1786799445,300043968,1786799445.300044,002270_1786799445.300044.png
2271,1786799445,333370863,1786799445.333371,002271_1786799445.333371.png
2272,1786799445,966724221,1786799445.966724,002272_1786799445.966724.png
2273,1786799446,33435273,1786799446.033435,002273_1786799446.033435.png
2274,1786799446,66716230,1786799446.066716,002274_1786799446.066716.png
2275,1786799446,100053214,1786799446.100053,002275_1786799446.100053.png
2276,1786799446,133411743,1786799446.133412,002276_1786799446.133412.png
2277,1786799446,266724206,1786799446.266724,002277_1786799446.266724.png
2278,1786799446,366753876,1786799446.366754,002278_1786799446.366754.png
2279,1786799446,533432742,1786799446.533433,002279_1786799446.533433.png
2280,1786799446,633431612,1786799446.633432,002280_1786799446.633432.png
2281,1786799446,733403448,1786799446.733403,002281_1786799446.733403.png
2282,1786799446,966725155,1786799446.966725,002282_1786799446.966725.png
2283,1786799447,166757911,1786799447.166758,002283_1786799447.166758.png
2284,1786799447,200112127,1786799447.200112,002284_1786799447.200112.png
2285,1786799447,233419739,1786799447.233420,002285_1786799447.233420.png
2286,1786799447,266772412,1786799447.266773,002286_1786799447.266773.png
2287,1786799447,366750536,1786799447.366750,002287_1786799447.366750.png
2288,1786799447,600099186,1786799447.600099,002288_1786799447.600099.png
2289,1786799447,800260709,1786799447.800261,002289_1786799447.800261.png
2290,1786799447,966749199,1786799447.966749,002290_1786799447.966749.png
2291,1786799448,33448663,1786799448.033449,002291_1786799448.033449.png
2292,1786799448,233494545,1786799448.233495,002292_1786799448.233495.png
2293,1786799448,333441300,1786799448.333441,002293_1786799448.333441.png
2294,1786799448,366783575,1786799448.366784,002294_1786799448.366784.png
2295,1786799448,466780918,1786799448.466781,002295_1786799448.466781.png
2296,1786799448,500120256,1786799448.500120,002296_1786799448.500120.png
2297,1786799448,800104679,1786799448.800105,002297_1786799448.800105.png
2298,1786799448,900122703,1786799448.900123,002298_1786799448.900123.png
2299,1786799448,933513826,1786799448.933514,002299_1786799448.933514.png
2300,1786799449,33464837,1786799449.033465,002300_1786799449.033465.png
2301,1786799449,100137286,1786799449.100137,002301_1786799449.100137.png
2302,1786799449,133491851,1786799449.133492,002302_1786799449.133492.png
2303,1786799449,166801861,1786799449.166802,002303_1786799449.166802.png
2304,1786799449,933520042,1786799449.933520,002304_1786799449.933520.png
2305,1786799449,966811932,1786799449.966812,002305_1786799449.966812.png
2306,1786799450,33470899,1786799450.033471,002306_1786799450.033471.png
2307,1786799450,66810976,1786799450.066811,002307_1786799450.066811.png
2308,1786799450,300167797,1786799450.300168,002308_1786799450.300168.png
2309,1786799450,700173424,1786799450.700173,002309_1786799450.700173.png
2310,1786799450,733518697,1786799450.733519,002310_1786799450.733519.png
2311,1786799451,500198086,1786799451.500198,002311_1786799451.500198.png
2312,1786799451,600217450,1786799451.600217,002312_1786799451.600217.png
2313,1786799451,833557806,1786799451.833558,002313_1786799451.833558.png
2314,1786799451,866889188,1786799451.866889,002314_1786799451.866889.png
2315,1786799451,900182287,1786799451.900182,002315_1786799451.900182.png
2316,1786799453,66908170,1786799453.066908,002316_1786799453.066908.png
2317,1786799453,633592272,1786799453.633592,002317_1786799453.633592.png
2318,1786799453,766903272,1786799453.766903,002318_1786799453.766903.png
2319,1786799454,666904347,1786799454.666904,002319_1786799454.666904.png
2320,1786799455,300372498,1786799455.300373,002320_1786799455.300373.png
2321,1786799455,333625367,1786799455.333625,002321_1786799455.333625.png
2322,1786799455,466918193,1786799455.466918,002322_1786799455.466918.png
2323,1786799456,600412408,1786799456.600412,002323_1786799456.600412.png
2324,1786799457,333607133,1786799457.333607,002324_1786799457.333607.png
2325,1786799457,366936647,1786799457.366937,002325_1786799457.366937.png
2326,1786799457,600440012,1786799457.600440,002326_1786799457.600440.png
2327,1786799457,833709848,1786799457.833710,002327_1786799457.833710.png
2328,1786799457,900296879,1786799457.900297,002328_1786799457.900297.png
2329,1786799457,933648586,1786799457.933649,002329_1786799457.933649.png
2330,1786799458,166974014,1786799458.166974,002330_1786799458.166974.png
2331,1786799458,266966353,1786799458.266966,002331_1786799458.266966.png
2332,1786799459,200344615,1786799459.200345,002332_1786799459.200345.png
2333,1786799459,267571723,1786799459.267572,002333_1786799459.267572.png
2334,1786799459,766995150,1786799459.766995,002334_1786799459.766995.png
2335,1786799459,800442008,1786799459.800442,002335_1786799459.800442.png
2336,1786799459,833666799,1786799459.833667,002336_1786799459.833667.png
2337,1786799459,867005886,1786799459.867006,002337_1786799459.867006.png
2338,1786799460,33698011,1786799460.033698,002338_1786799460.033698.png
2339,1786799460,133700744,1786799460.133701,002339_1786799460.133701.png
2340,1786799460,433734125,1786799460.433734,002340_1786799460.433734.png
2341,1786799460,600399445,1786799460.600399,002341_1786799460.600399.png
2342,1786799461,533762462,1786799461.533762,002342_1786799461.533762.png
2343,1786799462,267083104,1786799462.267083,002343_1786799462.267083.png
2344,1786799462,500456449,1786799462.500456,002344_1786799462.500456.png
2345,1786799462,533697603,1786799462.533698,002345_1786799462.533698.png
2346,1786799462,567065354,1786799462.567065,002346_1786799462.567065.png
2347,1786799463,67089791,1786799463.067090,002347_1786799463.067090.png
2348,1786799463,367135793,1786799463.367136,002348_1786799463.367136.png
2349,1786799464,498170,1786799464.000498,002349_1786799464.000498.png
2350,1786799464,667118803,1786799464.667119,002350_1786799464.667119.png
2351,1786799465,167151392,1786799465.167151,002351_1786799465.167151.png
2352,1786799465,400447961,1786799465.400448,002352_1786799465.400448.png
2353,1786799465,467126438,1786799465.467126,002353_1786799465.467126.png
2354,1786799465,600462047,1786799465.600462,002354_1786799465.600462.png
2355,1786799465,767150364,1786799465.767150,002355_1786799465.767150.png
2356,1786799465,900455383,1786799465.900455,002356_1786799465.900455.png
2357,1786799465,933830486,1786799465.933830,002357_1786799465.933830.png
2358,1786799465,967155715,1786799465.967156,002358_1786799465.967156.png
2359,1786799466,544342,1786799466.000544,002359_1786799466.000544.png
2360,1786799466,67161738,1786799466.067162,002360_1786799466.067162.png
2361,1786799466,100506284,1786799466.100506,002361_1786799466.100506.png
2362,1786799466,133844139,1786799466.133844,002362_1786799466.133844.png
2363,1786799466,667212698,1786799466.667213,002363_1786799466.667213.png
2364,1786799466,700502018,1786799466.700502,002364_1786799466.700502.png
2365,1786799467,591416,1786799467.000592,002365_1786799467.000592.png
2366,1786799467,333859933,1786799467.333860,002366_1786799467.333860.png
2367,1786799467,833925237,1786799467.833925,002367_1786799467.833925.png
2368,1786799468,400554083,1786799468.400554,002368_1786799468.400554.png
2369,1786799468,467186398,1786799468.467186,002369_1786799468.467186.png
2370,1786799468,500671876,1786799468.500672,002370_1786799468.500672.png
2371,1786799468,800621232,1786799468.800621,002371_1786799468.800621.png
2372,1786799468,833852685,1786799468.833853,002372_1786799468.833853.png
2373,1786799469,616454,1786799469.000617,002373_1786799469.000617.png
2374,1786799469,233885625,1786799469.233886,002374_1786799469.233886.png
2375,1786799469,700585748,1786799469.700586,002375_1786799469.700586.png
2376,1786799469,733904218,1786799469.733904,002376_1786799469.733904.png
2377,1786799469,767230950,1786799469.767231,002377_1786799469.767231.png
2378,1786799469,833875635,1786799469.833876,002378_1786799469.833876.png
2379,1786799469,933893262,1786799469.933893,002379_1786799469.933893.png
2380,1786799470,133949041,1786799470.133949,002380_1786799470.133949.png
2381,1786799470,167220012,1786799470.167220,002381_1786799470.167220.png
2382,1786799470,200569438,1786799470.200569,002382_1786799470.200569.png
2383,1786799470,400563285,1786799470.400563,002383_1786799470.400563.png
2384,1786799470,467243065,1786799470.467243,002384_1786799470.467243.png
2385,1786799470,500664070,1786799470.500664,002385_1786799470.500664.png
2386,1786799470,733923982,1786799470.733924,002386_1786799470.733924.png
2387,1786799470,800588047,1786799470.800588,002387_1786799470.800588.png
2388,1786799470,833875781,1786799470.833876,002388_1786799470.833876.png
2389,1786799471,133937372,1786799471.133937,002389_1786799471.133937.png
2390,1786799471,267281483,1786799471.267282,002390_1786799471.267282.png
2391,1786799471,334010499,1786799471.334011,002391_1786799471.334011.png
2392,1786799471,800657429,1786799471.800658,002392_1786799471.800658.png
2393,1786799472,235427043,1786799472.235427,002393_1786799472.235427.png
2394,1786799472,367239108,1786799472.367239,002394_1786799472.367239.png
2395,1786799472,400648709,1786799472.400649,002395_1786799472.400649.png
2396,1786799472,533973682,1786799472.533974,002396_1786799472.533974.png
2397,1786799472,567277635,1786799472.567278,002397_1786799472.567278.png
2398,1786799472,600654023,1786799472.600654,002398_1786799472.600654.png
2399,1786799472,634230564,1786799472.634231,002399_1786799472.634231.png
2400,1786799472,667282310,1786799472.667282,002400_1786799472.667282.png
2401,1786799472,700598205,1786799472.700598,002401_1786799472.700598.png
2402,1786799472,767294251,1786799472.767294,002402_1786799472.767294.png
2403,1786799472,800611874,1786799472.800612,002403_1786799472.800612.png
2404,1786799472,833925741,1786799472.833926,002404_1786799472.833926.png
2405,1786799472,967280299,1786799472.967280,002405_1786799472.967280.png
2406,1786799473,618982,1786799473.000619,002406_1786799473.000619.png
2407,1786799473,133939446,1786799473.133940,002407_1786799473.133940.png
2408,1786799473,200673141,1786799473.200673,002408_1786799473.200673.png
2409,1786799473,467295623,1786799473.467296,002409_1786799473.467296.png
2410,1786799473,533931560,1786799473.533931,002410_1786799473.533931.png
2411,1786799473,733928033,1786799473.733928,002411_1786799473.733928.png
2412,1786799473,800730671,1786799473.800731,002412_1786799473.800731.png
2413,1786799473,833987580,1786799473.833987,002413_1786799473.833987.png
2414,1786799473,867365966,1786799473.867366,002414_1786799473.867366.png
2415,1786799473,900684477,1786799473.900685,002415_1786799473.900685.png
2416,1786799474,674749,1786799474.000675,002416_1786799474.000675.png
2417,1786799474,133966494,1786799474.133966,002417_1786799474.133966.png
2418,1786799474,167316394,1786799474.167316,002418_1786799474.167316.png
2419,1786799474,233974875,1786799474.233975,002419_1786799474.233975.png
2420,1786799474,400649559,1786799474.400650,002420_1786799474.400650.png
2421,1786799474,433962944,1786799474.433963,002421_1786799474.433963.png
2422,1786799474,467327088,1786799474.467327,002422_1786799474.467327.png
2423,1786799474,500772304,1786799474.500772,002423_1786799474.500772.png
2424,1786799474,534018894,1786799474.534019,002424_1786799474.534019.png
2425,1786799474,567309036,1786799474.567309,002425_1786799474.567309.png
2426,1786799474,600772775,1786799474.600773,002426_1786799474.600773.png
2427,1786799474,633948825,1786799474.633949,002427_1786799474.633949.png
2428,1786799474,800719256,1786799474.800719,002428_1786799474.800719.png
2429,1786799474,833970367,1786799474.833970,002429_1786799474.833970.png
2430,1786799474,867336396,1786799474.867337,002430_1786799474.867337.png
2431,1786799474,900675310,1786799474.900675,002431_1786799474.900675.png
2432,1786799475,134052392,1786799475.134052,002432_1786799475.134052.png
2433,1786799475,267370579,1786799475.267370,002433_1786799475.267370.png
2434,1786799475,500739937,1786799475.500740,002434_1786799475.500740.png
2435,1786799475,567356053,1786799475.567356,002435_1786799475.567356.png
2436,1786799475,600744376,1786799475.600744,002436_1786799475.600744.png
2437,1786799476,134007540,1786799476.134007,002437_1786799476.134007.png
2438,1786799476,334017443,1786799476.334018,002438_1786799476.334018.png
2439,1786799476,500760995,1786799476.500761,002439_1786799476.500761.png
2440,1786799476,534007907,1786799476.534008,002440_1786799476.534008.png
2441,1786799476,700734325,1786799476.700734,002441_1786799476.700734.png
2442,1786799477,134050670,1786799477.134051,002442_1786799477.134051.png
2443,1786799477,400843095,1786799477.400843,002443_1786799477.400843.png
2444,1786799477,967522787,1786799477.967523,002444_1786799477.967523.png
2445,1786799478,100827375,1786799478.100827,002445_1786799478.100827.png
2446,1786799478,167431071,1786799478.167431,002446_1786799478.167431.png
2447,1786799478,200770524,1786799478.200771,002447_1786799478.200771.png
2448,1786799478,234059071,1786799478.234059,002448_1786799478.234059.png
2449,1786799478,400802180,1786799478.400802,002449_1786799478.400802.png
2450,1786799478,534080509,1786799478.534081,002450_1786799478.534081.png
2451,1786799478,667517006,1786799478.667517,002451_1786799478.667517.png
2452,1786799479,67427170,1786799479.067427,002452_1786799479.067427.png
2453,1786799479,600777860,1786799479.600778,002453_1786799479.600778.png
2454,1786799480,234121629,1786799480.234122,002454_1786799480.234122.png
2455,1786799480,267410397,1786799480.267410,002455_1786799480.267410.png
2456,1786799480,500764676,1786799480.500765,002456_1786799480.500765.png
2457,1786799480,534110236,1786799480.534110,002457_1786799480.534110.png
2458,1786799480,600799309,1786799480.600799,002458_1786799480.600799.png
2459,1786799480,634118732,1786799480.634119,002459_1786799480.634119.png
2460,1786799480,667440918,1786799480.667441,002460_1786799480.667441.png
2461,1786799480,700772409,1786799480.700773,002461_1786799480.700773.png
2462,1786799481,820709,1786799481.000821,002462_1786799481.000821.png
2463,1786799481,334156856,1786799481.334157,002463_1786799481.334157.png
2464,1786799481,467506855,1786799481.467507,002464_1786799481.467507.png
2465,1786799481,534107223,1786799481.534107,002465_1786799481.534107.png
2466,1786799481,567459541,1786799481.567460,002466_1786799481.567460.png
2467,1786799481,667503376,1786799481.667503,002467_1786799481.667503.png
2468,1786799481,834160176,1786799481.834160,002468_1786799481.834160.png
2469,1786799481,867497910,1786799481.867498,002469_1786799481.867498.png
2470,1786799482,34201597,1786799482.034202,002470_1786799482.034202.png
2471,1786799482,67523856,1786799482.067524,002471_1786799482.067524.png
2472,1786799482,367649520,1786799482.367650,002472_1786799482.367650.png
2473,1786799482,700867430,1786799482.700867,002473_1786799482.700867.png
2474,1786799482,734109051,1786799482.734109,002474_1786799482.734109.png
2475,1786799482,834124349,1786799482.834124,002475_1786799482.834124.png
2476,1786799483,334170057,1786799483.334170,002476_1786799483.334170.png
2477,1786799483,367443201,1786799483.367443,002477_1786799483.367443.png
2478,1786799483,400794305,1786799483.400794,002478_1786799483.400794.png
2479,1786799483,567617936,1786799483.567618,002479_1786799483.567618.png
2480,1786799483,600841002,1786799483.600841,002480_1786799483.600841.png
2481,1786799483,767540410,1786799483.767540,002481_1786799483.767540.png
2482,1786799484,434250341,1786799484.434250,002482_1786799484.434250.png
2483,1786799485,600842219,1786799485.600842,002483_1786799485.600842.png
2484,1786799485,934228721,1786799485.934229,002484_1786799485.934229.png
2485,1786799485,967636486,1786799485.967637,002485_1786799485.967637.png
2486,1786799486,34221961,1786799486.034222,002486_1786799486.034222.png
2487,1786799486,534268557,1786799486.534269,002487_1786799486.534269.png
2488,1786799486,667677773,1786799486.667678,002488_1786799486.667678.png
2489,1786799486,767604917,1786799486.767605,002489_1786799486.767605.png
2490,1786799486,867626427,1786799486.867626,002490_1786799486.867626.png
2491,1786799486,900900314,1786799486.900900,002491_1786799486.900900.png
2492,1786799486,934273095,1786799486.934273,002492_1786799486.934273.png
2493,1786799487,600886346,1786799487.600886,002493_1786799487.600886.png
2494,1786799487,934297468,1786799487.934298,002494_1786799487.934298.png
2495,1786799487,967597572,1786799487.967597,002495_1786799487.967597.png
2496,1786799488,905878,1786799488.000906,002496_1786799488.000906.png
2497,1786799488,34286687,1786799488.034287,002497_1786799488.034287.png
2498,1786799488,167568721,1786799488.167569,002498_1786799488.167569.png
2499,1786799488,334288400,1786799488.334288,002499_1786799488.334288.png
2500,1786799488,467660105,1786799488.467660,002500_1786799488.467660.png
2501,1786799488,600950468,1786799488.600950,002501_1786799488.600950.png
2502,1786799488,901041377,1786799488.901041,002502_1786799488.901041.png
2503,1786799489,67642960,1786799489.067643,002503_1786799489.067643.png
2504,1786799489,134298680,1786799489.134299,002504_1786799489.134299.png
2505,1786799489,467713117,1786799489.467713,002505_1786799489.467713.png
2506,1786799489,600944724,1786799489.600945,002506_1786799489.600945.png
2507,1786799490,943200,1786799490.000943,002507_1786799490.000943.png
2508,1786799490,34359113,1786799490.034359,002508_1786799490.034359.png
2509,1786799490,101006601,1786799490.101007,002509_1786799490.101007.png
2510,1786799490,134346552,1786799490.134346,002510_1786799490.134346.png
2511,1786799490,234301042,1786799490.234301,002511_1786799490.234301.png
2512,1786799490,267679689,1786799490.267680,002512_1786799490.267680.png
2513,1786799490,334358251,1786799490.334358,002513_1786799490.334358.png
2514,1786799490,367630472,1786799490.367630,002514_1786799490.367630.png
2515,1786799490,400988094,1786799490.400988,002515_1786799490.400988.png
2516,1786799490,934358912,1786799490.934359,002516_1786799490.934359.png
2517,1786799491,34318976,1786799491.034319,002517_1786799491.034319.png
2518,1786799491,200988510,1786799491.200989,002518_1786799491.200989.png
2519,1786799491,234328245,1786799491.234328,002519_1786799491.234328.png
2520,1786799491,267740056,1786799491.267740,002520_1786799491.267740.png
2521,1786799491,500976527,1786799491.500977,002521_1786799491.500977.png
2522,1786799491,534317350,1786799491.534317,002522_1786799491.534317.png
2523,1786799491,567657631,1786799491.567658,002523_1786799491.567658.png
2524,1786799491,867759652,1786799491.867760,002524_1786799491.867760.png
2525,1786799492,980534,1786799492.000981,002525_1786799492.000981.png
2526,1786799492,34407265,1786799492.034407,002526_1786799492.034407.png
2527,1786799492,67676848,1786799492.067677,002527_1786799492.067677.png
2528,1786799492,634321999,1786799492.634322,002528_1786799492.634322.png
2529,1786799492,901044372,1786799492.901044,002529_1786799492.901044.png
2530,1786799493,467717840,1786799493.467718,002530_1786799493.467718.png
2531,1786799493,501041303,1786799493.501041,002531_1786799493.501041.png
2532,1786799493,734378100,1786799493.734378,002532_1786799493.734378.png
2533,1786799494,201111237,1786799494.201111,002533_1786799494.201111.png
2534,1786799494,301057900,1786799494.301058,002534_1786799494.301058.png
2535,1786799494,334353582,1786799494.334354,002535_1786799494.334354.png
2536,1786799494,467749240,1786799494.467749,002536_1786799494.467749.png
2537,1786799494,501060318,1786799494.501060,002537_1786799494.501060.png
2538,1786799494,567716795,1786799494.567717,002538_1786799494.567717.png
2539,1786799494,701058562,1786799494.701059,002539_1786799494.701059.png
2540,1786799494,901158074,1786799494.901158,002540_1786799494.901158.png
2541,1786799494,934390581,1786799494.934391,002541_1786799494.934391.png
2542,1786799495,101036965,1786799495.101037,002542_1786799495.101037.png
2543,1786799495,134390905,1786799495.134391,002543_1786799495.134391.png
2544,1786799495,201050643,1786799495.201051,002544_1786799495.201051.png
2545,1786799495,267759433,1786799495.267759,002545_1786799495.267759.png
2546,1786799495,334420160,1786799495.334420,002546_1786799495.334420.png
2547,1786799495,634524351,1786799495.634524,002547_1786799495.634524.png
2548,1786799495,734434611,1786799495.734435,002548_1786799495.734435.png
2549,1786799495,902332761,1786799495.902333,002549_1786799495.902333.png
2550,1786799496,101098002,1786799496.101098,002550_1786799496.101098.png
2551,1786799496,201236366,1786799496.201236,002551_1786799496.201236.png
2552,1786799496,234510995,1786799496.234511,002552_1786799496.234511.png
2553,1786799496,267799771,1786799496.267800,002553_1786799496.267800.png
2554,1786799496,334458454,1786799496.334458,002554_1786799496.334458.png
2555,1786799496,401103306,1786799496.401103,002555_1786799496.401103.png
2556,1786799496,534458662,1786799496.534459,002556_1786799496.534459.png
2557,1786799496,967750259,1786799496.967750,002557_1786799496.967750.png
2558,1786799497,34521102,1786799497.034521,002558_1786799497.034521.png
2559,1786799497,101132517,1786799497.101133,002559_1786799497.101133.png
2560,1786799497,401114040,1786799497.401114,002560_1786799497.401114.png
2561,1786799497,901238494,1786799497.901238,002561_1786799497.901238.png
2562,1786799497,935012023,1786799497.935012,002562_1786799497.935012.png
2563,1786799498,34507612,1786799498.034508,002563_1786799498.034508.png
2564,1786799498,134537779,1786799498.134538,002564_1786799498.134538.png
2565,1786799498,301167110,1786799498.301167,002565_1786799498.301167.png
2566,1786799498,501144848,1786799498.501145,002566_1786799498.501145.png
2567,1786799498,534515597,1786799498.534516,002567_1786799498.534516.png
2568,1786799498,601142727,1786799498.601143,002568_1786799498.601143.png
2569,1786799499,34531344,1786799499.034531,002569_1786799499.034531.png
2570,1786799499,101170428,1786799499.101171,002570_1786799499.101171.png
2571,1786799499,301134664,1786799499.301135,002571_1786799499.301135.png
2572,1786799499,401164327,1786799499.401164,002572_1786799499.401164.png
2573,1786799499,567779730,1786799499.567780,002573_1786799499.567780.png
2574,1786799499,934631484,1786799499.934632,002574_1786799499.934632.png
2575,1786799500,34523156,1786799500.034523,002575_1786799500.034523.png
2576,1786799500,134489514,1786799500.134490,002576_1786799500.134490.png
2577,1786799500,334509553,1786799500.334510,002577_1786799500.334510.png
2578,1786799500,401144153,1786799500.401144,002578_1786799500.401144.png
2579,1786799500,434601674,1786799500.434602,002579_1786799500.434602.png
2580,1786799500,467897500,1786799500.467897,002580_1786799500.467897.png
2581,1786799500,567820297,1786799500.567820,002581_1786799500.567820.png
2582,1786799501,1194131,1786799501.001194,002582_1786799501.001194.png
2583,1786799501,134577477,1786799501.134578,002583_1786799501.134578.png
2584,1786799501,334633179,1786799501.334633,002584_1786799501.334633.png
2585,1786799501,467893763,1786799501.467894,002585_1786799501.467894.png
2586,1786799501,534561403,1786799501.534561,002586_1786799501.534561.png
2587,1786799501,567814237,1786799501.567814,002587_1786799501.567814.png
2588,1786799501,801233377,1786799501.801233,002588_1786799501.801233.png
2589,1786799501,834568281,1786799501.834568,002589_1786799501.834568.png
2590,1786799502,34622345,1786799502.034622,002590_1786799502.034622.png
2591,1786799502,134510587,1786799502.134511,002591_1786799502.134511.png
2592,1786799502,201204154,1786799502.201204,002592_1786799502.201204.png
2593,1786799502,334549569,1786799502.334550,002593_1786799502.334550.png
2594,1786799502,367837619,1786799502.367838,002594_1786799502.367838.png
2595,1786799503,67909786,1786799503.067910,002595_1786799503.067910.png
2596,1786799503,134592645,1786799503.134593,002596_1786799503.134593.png
2597,1786799503,167870604,1786799503.167871,002597_1786799503.167871.png
2598,1786799503,201223334,1786799503.201223,002598_1786799503.201223.png
2599,1786799503,267885509,1786799503.267885,002599_1786799503.267885.png
2600,1786799503,301297508,1786799503.301297,002600_1786799503.301297.png
2601,1786799504,68001713,1786799504.068002,002601_1786799504.068002.png
2602,1786799504,301246091,1786799504.301246,002602_1786799504.301246.png
2603,1786799504,401298120,1786799504.401298,002603_1786799504.401298.png
2604,1786799504,534578489,1786799504.534579,002604_1786799504.534579.png
2605,1786799504,567894732,1786799504.567895,002605_1786799504.567895.png
2606,1786799504,634579054,1786799504.634579,002606_1786799504.634579.png
2607,1786799504,667892361,1786799504.667892,002607_1786799504.667892.png
2608,1786799504,734578546,1786799504.734579,002608_1786799504.734579.png
2609,1786799504,801280562,1786799504.801280,002609_1786799504.801280.png
2610,1786799504,834579876,1786799504.834580,002610_1786799504.834580.png
2611,1786799505,1413143,1786799505.001413,002611_1786799505.001413.png
2612,1786799505,501261532,1786799505.501261,002612_1786799505.501261.png
2613,1786799505,601335925,1786799505.601336,002613_1786799505.601336.png
2614,1786799506,67936132,1786799506.067936,002614_1786799506.067936.png
2615,1786799506,101299458,1786799506.101300,002615_1786799506.101300.png
2616,1786799506,201292729,1786799506.201293,002616_1786799506.201293.png
2617,1786799506,368004499,1786799506.368005,002617_1786799506.368005.png
2618,1786799506,467980279,1786799506.467980,002618_1786799506.467980.png
2619,1786799506,534731005,1786799506.534731,002619_1786799506.534731.png
2620,1786799506,567928777,1786799506.567929,002620_1786799506.567929.png
2621,1786799507,68036842,1786799507.068037,002621_1786799507.068037.png
2622,1786799507,567981243,1786799507.567981,002622_1786799507.567981.png
2623,1786799507,601323785,1786799507.601324,002623_1786799507.601324.png
2624,1786799508,67973108,1786799508.067973,002624_1786799508.067973.png
2625,1786799508,101307000,1786799508.101307,002625_1786799508.101307.png
2626,1786799508,201330010,1786799508.201330,002626_1786799508.201330.png
2627,1786799508,301401893,1786799508.301402,002627_1786799508.301402.png
2628,1786799508,901369352,1786799508.901369,002628_1786799508.901369.png
2629,1786799508,934657179,1786799508.934657,002629_1786799508.934657.png
2630,1786799509,134745783,1786799509.134746,002630_1786799509.134746.png
2631,1786799509,167987972,1786799509.167988,002631_1786799509.167988.png
2632,1786799509,268012217,1786799509.268012,002632_1786799509.268012.png
2633,1786799509,501336928,1786799509.501337,002633_1786799509.501337.png
2634,1786799509,534736508,1786799509.534736,002634_1786799509.534736.png
2635,1786799510,234902962,1786799510.234903,002635_1786799510.234903.png
2636,1786799510,301332413,1786799510.301332,002636_1786799510.301332.png
2637,1786799510,468034896,1786799510.468035,002637_1786799510.468035.png
2638,1786799510,601489388,1786799510.601489,002638_1786799510.601489.png
2639,1786799511,568110738,1786799511.568111,002639_1786799511.568111.png
2640,1786799511,835473514,1786799511.835474,002640_1786799511.835474.png
2641,1786799511,934957895,1786799511.934958,002641_1786799511.934958.png
2642,1786799511,968105414,1786799511.968105,002642_1786799511.968105.png
2643,1786799512,101445760,1786799512.101446,002643_1786799512.101446.png
2644,1786799512,168108380,1786799512.168108,002644_1786799512.168108.png
2645,1786799512,301400940,1786799512.301401,002645_1786799512.301401.png
2646,1786799512,368124457,1786799512.368124,002646_1786799512.368124.png
2647,1786799512,401527709,1786799512.401528,002647_1786799512.401528.png
2648,1786799512,568091600,1786799512.568092,002648_1786799512.568092.png
2649,1786799512,601439753,1786799512.601440,002649_1786799512.601440.png
2650,1786799512,868099255,1786799512.868099,002650_1786799512.868099.png
2651,1786799513,1603081,1786799513.001603,002651_1786799513.001603.png
2652,1786799513,401618711,1786799513.401619,002652_1786799513.401619.png
2653,1786799513,534769630,1786799513.534770,002653_1786799513.534770.png
2654,1786799513,601514347,1786799513.601514,002654_1786799513.601514.png
2655,1786799513,701465443,1786799513.701465,002655_1786799513.701465.png
2656,1786799513,868207991,1786799513.868208,002656_1786799513.868208.png
2657,1786799513,968150549,1786799513.968151,002657_1786799513.968151.png
2658,1786799514,134919248,1786799514.134919,002658_1786799514.134919.png
2659,1786799514,501479335,1786799514.501479,002659_1786799514.501479.png
2660,1786799514,568158719,1786799514.568159,002660_1786799514.568159.png
2661,1786799514,601649935,1786799514.601650,002661_1786799514.601650.png
2662,1786799514,768157552,1786799514.768157,002662_1786799514.768157.png
2663,1786799514,901539198,1786799514.901539,002663_1786799514.901539.png
2664,1786799515,468270689,1786799515.468271,002664_1786799515.468271.png
2665,1786799515,501526094,1786799515.501526,002665_1786799515.501526.png
2666,1786799515,668245958,1786799515.668246,002666_1786799515.668246.png
2667,1786799515,734795270,1786799515.734795,002667_1786799515.734795.png
2668,1786799515,768153647,1786799515.768154,002668_1786799515.768154.png
2669,1786799515,968213653,1786799515.968214,002669_1786799515.968214.png
2670,1786799516,1643102,1786799516.001643,002670_1786799516.001643.png
2671,1786799516,301641506,1786799516.301641,002671_1786799516.301641.png
2672,1786799516,334902935,1786799516.334903,002672_1786799516.334903.png
2673,1786799516,368137242,1786799516.368137,002673_1786799516.368137.png
2674,1786799516,501545480,1786799516.501545,002674_1786799516.501545.png
2675,1786799516,568230214,1786799516.568230,002675_1786799516.568230.png
2676,1786799516,601522640,1786799516.601523,002676_1786799516.601523.png
2677,1786799516,668490439,1786799516.668490,002677_1786799516.668490.png
2678,1786799516,701486495,1786799516.701487,002678_1786799516.701487.png
2679,1786799516,734900108,1786799516.734900,002679_1786799516.734900.png
2680,1786799516,868215398,1786799516.868215,002680_1786799516.868215.png
2681,1786799516,901510459,1786799516.901510,002681_1786799516.901510.png
2682,1786799517,1609892,1786799517.001610,002682_1786799517.001610.png
2683,1786799517,168273090,1786799517.168273,002683_1786799517.168273.png
2684,1786799517,368187936,1786799517.368188,002684_1786799517.368188.png
2685,1786799517,834857961,1786799517.834858,002685_1786799517.834858.png
2686,1786799517,934933301,1786799517.934933,002686_1786799517.934933.png
2687,1786799518,34854655,1786799518.034855,002687_1786799518.034855.png
2688,1786799518,468257539,1786799518.468257,002688_1786799518.468257.png
2689,1786799518,634871319,1786799518.634871,002689_1786799518.634871.png
2690,1786799518,868252193,1786799518.868252,002690_1786799518.868252.png
2691,1786799518,901524821,1786799518.901525,002691_1786799518.901525.png
2692,1786799518,934910333,1786799518.934910,002692_1786799518.934910.png
2693,1786799518,968210562,1786799518.968210,002693_1786799518.968210.png
2694,1786799519,1589719,1786799519.001590,002694_1786799519.001590.png
2695,1786799519,101512861,1786799519.101513,002695_1786799519.101513.png
2696,1786799519,134876760,1786799519.134877,002696_1786799519.134877.png
2697,1786799519,234905877,1786799519.234906,002697_1786799519.234906.png
2698,1786799519,268212724,1786799519.268213,002698_1786799519.268213.png
2699,1786799519,901693549,1786799519.901694,002699_1786799519.901694.png
2700,1786799520,101539972,1786799520.101540,002700_1786799520.101540.png
2701,1786799520,168250077,1786799520.168250,002701_1786799520.168250.png
2702,1786799520,201577638,1786799520.201578,002702_1786799520.201578.png
2703,1786799520,401670355,1786799520.401670,002703_1786799520.401670.png
2704,1786799520,434945136,1786799520.434945,002704_1786799520.434945.png
2705,1786799520,668259256,1786799520.668259,002705_1786799520.668259.png
2706,1786799520,734895482,1786799520.734895,002706_1786799520.734895.png
2707,1786799520,768241170,1786799520.768241,002707_1786799520.768241.png
2708,1786799520,901644473,1786799520.901644,002708_1786799520.901644.png
2709,1786799520,968353900,1786799520.968354,002709_1786799520.968354.png
2710,1786799521,101583963,1786799521.101584,002710_1786799521.101584.png
2711,1786799521,168312319,1786799521.168312,002711_1786799521.168312.png
2712,1786799521,434922522,1786799521.434922,002712_1786799521.434922.png
2713,1786799521,468273772,1786799521.468274,002713_1786799521.468274.png
2714,1786799521,668337742,1786799521.668338,002714_1786799521.668338.png
2715,1786799522,234941603,1786799522.234942,002715_1786799522.234942.png
2716,1786799522,401653010,1786799522.401653,002716_1786799522.401653.png
2717,1786799522,434933284,1786799522.434933,002717_1786799522.434933.png
2718,1786799522,468308188,1786799522.468308,002718_1786799522.468308.png
2719,1786799522,534954124,1786799522.534954,002719_1786799522.534954.png
2720,1786799522,568283526,1786799522.568284,002720_1786799522.568284.png
2721,1786799523,468323971,1786799523.468324,002721_1786799523.468324.png
2722,1786799523,535028450,1786799523.535028,002722_1786799523.535028.png
2723,1786799523,801685671,1786799523.801686,002723_1786799523.801686.png
2724,1786799524,168339981,1786799524.168340,002724_1786799524.168340.png
2725,1786799524,401777330,1786799524.401777,002725_1786799524.401777.png
2726,1786799524,535037774,1786799524.535038,002726_1786799524.535038.png
2727,1786799524,601720103,1786799524.601720,002727_1786799524.601720.png
2728,1786799524,935016625,1786799524.935017,002728_1786799524.935017.png
2729,1786799525,1689744,1786799525.001690,002729_1786799525.001690.png
2730,1786799525,268423074,1786799525.268423,002730_1786799525.268423.png
2731,1786799525,401758160,1786799525.401758,002731_1786799525.401758.png
2732,1786799525,601754778,1786799525.601755,002732_1786799525.601755.png
2733,1786799526,1823092,1786799526.001823,002733_1786799526.001823.png
2734,1786799526,35062187,1786799526.035062,002734_1786799526.035062.png
2735,1786799526,235074845,1786799526.235075,002735_1786799526.235075.png
2736,1786799526,301767277,1786799526.301767,002736_1786799526.301767.png
2737,1786799526,334983965,1786799526.334984,002737_1786799526.334984.png
2738,1786799526,368486051,1786799526.368486,002738_1786799526.368486.png
2739,1786799526,435009604,1786799526.435010,002739_1786799526.435010.png
2740,1786799526,468367717,1786799526.468368,002740_1786799526.468368.png
2741,1786799526,501686303,1786799526.501686,002741_1786799526.501686.png
2742,1786799526,668381946,1786799526.668382,002742_1786799526.668382.png
2743,1786799526,801829947,1786799526.801830,002743_1786799526.801830.png
2744,1786799527,368427306,1786799527.368427,002744_1786799527.368427.png
2745,1786799527,901847937,1786799527.901848,002745_1786799527.901848.png
2746,1786799528,168448834,1786799528.168449,002746_1786799528.168449.png
2747,1786799528,301725685,1786799528.301726,002747_1786799528.301726.png
2748,1786799528,601834742,1786799528.601835,002748_1786799528.601835.png
2749,1786799528,668379695,1786799528.668380,002749_1786799528.668380.png
2750,1786799528,935066782,1786799528.935067,002750_1786799528.935067.png
2751,1786799529,301813399,1786799529.301813,002751_1786799529.301813.png
2752,1786799529,435098594,1786799529.435099,002752_1786799529.435099.png
2753,1786799529,635103912,1786799529.635104,002753_1786799529.635104.png
2754,1786799529,668409699,1786799529.668410,002754_1786799529.668410.png
2755,1786799529,701820258,1786799529.701820,002755_1786799529.701820.png
2756,1786799529,735117925,1786799529.735118,002756_1786799529.735118.png
2757,1786799529,868588670,1786799529.868589,002757_1786799529.868589.png
2758,1786799529,901767077,1786799529.901767,002758_1786799529.901767.png
2759,1786799530,1780102,1786799530.001780,002759_1786799530.001780.png
2760,1786799530,68439441,1786799530.068439,002760_1786799530.068439.png
2761,1786799530,135160438,1786799530.135160,002761_1786799530.135160.png
2762,1786799530,235086749,1786799530.235087,002762_1786799530.235087.png
2763,1786799530,501819155,1786799530.501819,002763_1786799530.501819.png
2764,1786799530,635193804,1786799530.635194,002764_1786799530.635194.png
2765,1786799530,736192857,1786799530.736193,002765_1786799530.736193.png
2766,1786799530,901868647,1786799530.901869,002766_1786799530.901869.png
2767,1786799530,935139608,1786799530.935140,002767_1786799530.935140.png
2768,1786799531,101897271,1786799531.101897,002768_1786799531.101897.png
2769,1786799531,135136051,1786799531.135136,002769_1786799531.135136.png
2770,1786799531,168498283,1786799531.168498,002770_1786799531.168498.png
2771,1786799531,201802989,1786799531.201803,002771_1786799531.201803.png
2772,1786799531,535173272,1786799531.535173,002772_1786799531.535173.png
2773,1786799531,768613606,1786799531.768614,002773_1786799531.768614.png
2774,1786799532,35237220,1786799532.035237,002774_1786799532.035237.png
2775,1786799532,335183286,1786799532.335183,002775_1786799532.335183.png
2776,1786799532,401786500,1786799532.401787,002776_1786799532.401787.png
2777,1786799532,635159048,1786799532.635159,002777_1786799532.635159.png
2778,1786799533,135719636,1786799533.135720,002778_1786799533.135720.png
2779,1786799533,168486234,1786799533.168486,002779_1786799533.168486.png
2780,1786799533,202213203,1786799533.202213,002780_1786799533.202213.png
2781,1786799533,601832666,1786799533.601833,002781_1786799533.601833.png
2782,1786799533,635167443,1786799533.635167,002782_1786799533.635167.png
2783,1786799534,138111606,1786799534.138112,002783_1786799534.138112.png
2784,1786799534,201856570,1786799534.201857,002784_1786799534.201857.png
2785,1786799534,268481978,1786799534.268482,002785_1786799534.268482.png
2786,1786799534,435248164,1786799534.435248,002786_1786799534.435248.png
2787,1786799534,468582757,1786799534.468583,002787_1786799534.468583.png
2788,1786799534,768626570,1786799534.768626,002788_1786799534.768626.png
2789,1786799535,435223066,1786799535.435223,002789_1786799535.435223.png
2790,1786799535,468671275,1786799535.468671,002790_1786799535.468671.png
2791,1786799536,668531411,1786799536.668531,002791_1786799536.668531.png
2792,1786799537,168676046,1786799537.168676,002792_1786799537.168676.png
2793,1786799537,401976573,1786799537.401977,002793_1786799537.401977.png
2794,1786799537,437564241,1786799537.437564,002794_1786799537.437564.png
2795,1786799537,501872790,1786799537.501873,002795_1786799537.501873.png
2796,1786799537,535287475,1786799537.535287,002796_1786799537.535287.png
2797,1786799537,602007354,1786799537.602007,002797_1786799537.602007.png
2798,1786799538,268710164,1786799538.268710,002798_1786799538.268710.png
2799,1786799538,935311565,1786799538.935312,002799_1786799538.935312.png
2800,1786799539,101957225,1786799539.101957,002800_1786799539.101957.png
2801,1786799539,135324069,1786799539.135324,002801_1786799539.135324.png
2802,1786799539,168680055,1786799539.168680,002802_1786799539.168680.png
2803,1786799539,201933590,1786799539.201934,002803_1786799539.201934.png
2804,1786799539,635333554,1786799539.635334,002804_1786799539.635334.png
2805,1786799539,668688849,1786799539.668689,002805_1786799539.668689.png
2806,1786799539,835356883,1786799539.835357,002806_1786799539.835357.png
2807,1786799539,901999999,1786799539.902000,002807_1786799539.902000.png
2808,1786799540,68694673,1786799540.068695,002808_1786799540.068695.png
2809,1786799540,101972314,1786799540.101972,002809_1786799540.101972.png
2810,1786799540,135273611,1786799540.135274,002810_1786799540.135274.png
2811,1786799540,235311799,1786799540.235312,002811_1786799540.235312.png
2812,1786799540,501940941,1786799540.501941,002812_1786799540.501941.png
2813,1786799540,568682090,1786799540.568682,002813_1786799540.568682.png
2814,1786799541,1994093,1786799541.001994,002814_1786799541.001994.png
2815,1786799541,35326966,1786799541.035327,002815_1786799541.035327.png
2816,1786799542,168829448,1786799542.168829,002816_1786799542.168829.png
2817,1786799542,502022463,1786799542.502023,002817_1786799542.502023.png
2818,1786799542,802100964,1786799542.802101,002818_1786799542.802101.png
2819,1786799543,102149477,1786799543.102149,002819_1786799543.102149.png
2820,1786799543,368813407,1786799543.368814,002820_1786799543.368814.png
2821,1786799543,502043435,1786799543.502043,002821_1786799543.502043.png
2822,1786799543,668803168,1786799543.668803,002822_1786799543.668803.png
2823,1786799543,902101264,1786799543.902101,002823_1786799543.902101.png
2824,1786799543,968820727,1786799543.968821,002824_1786799543.968821.png
2825,1786799544,602151582,1786799544.602152,002825_1786799544.602152.png
2826,1786799544,635457735,1786799544.635458,002826_1786799544.635458.png
2827,1786799544,802119100,1786799544.802119,002827_1786799544.802119.png
2828,1786799545,35494353,1786799545.035494,002828_1786799545.035494.png
2829,1786799545,168837089,1786799545.168837,002829_1786799545.168837.png
2830,1786799545,235535698,1786799545.235536,002830_1786799545.235536.png
2831,1786799545,368853828,1786799545.368854,002831_1786799545.368854.png
2832,1786799545,602137017,1786799545.602137,002832_1786799545.602137.png
2833,1786799545,835420683,1786799545.835421,002833_1786799545.835421.png
2834,1786799546,235501029,1786799546.235501,002834_1786799546.235501.png
2835,1786799546,268772430,1786799546.268772,002835_1786799546.268772.png
2836,1786799546,502206435,1786799546.502206,002836_1786799546.502206.png
2837,1786799546,668891612,1786799546.668892,002837_1786799546.668892.png
2838,1786799546,702381072,1786799546.702381,002838_1786799546.702381.png
2839,1786799546,902252913,1786799546.902253,002839_1786799546.902253.png
2840,1786799547,235603060,1786799547.235603,002840_1786799547.235603.png
2841,1786799547,368749229,1786799547.368749,002841_1786799547.368749.png
2842,1786799547,468842126,1786799547.468842,002842_1786799547.468842.png
2843,1786799547,502112504,1786799547.502112,002843_1786799547.502112.png
2844,1786799547,968913549,1786799547.968914,002844_1786799547.968914.png
2845,1786799548,135552058,1786799548.135552,002845_1786799548.135552.png
2846,1786799548,302179936,1786799548.302180,002846_1786799548.302180.png
2847,1786799548,368772656,1786799548.368773,002847_1786799548.368773.png
2848,1786799548,568806562,1786799548.568807,002848_1786799548.568807.png
2849,1786799548,602187942,1786799548.602188,002849_1786799548.602188.png
2850,1786799548,702119556,1786799548.702120,002850_1786799548.702120.png
2851,1786799548,902235980,1786799548.902236,002851_1786799548.902236.png
2852,1786799548,968789446,1786799548.968789,002852_1786799548.968789.png
2853,1786799549,102188408,1786799549.102188,002853_1786799549.102188.png
2854,1786799549,268863043,1786799549.268863,002854_1786799549.268863.png
2855,1786799550,2280132,1786799550.002280,002855_1786799550.002280.png
2856,1786799550,68808767,1786799550.068809,002856_1786799550.068809.png
2857,1786799550,935509388,1786799550.935509,002857_1786799550.935509.png
2858,1786799551,2241457,1786799551.002241,002858_1786799551.002241.png
2859,1786799551,102221711,1786799551.102222,002859_1786799551.102222.png
2860,1786799551,168843723,1786799551.168844,002860_1786799551.168844.png
2861,1786799551,335639971,1786799551.335640,002861_1786799551.335640.png
2862,1786799551,368867883,1786799551.368868,002862_1786799551.368868.png
2863,1786799551,568842758,1786799551.568843,002863_1786799551.568843.png
2864,1786799551,768990019,1786799551.768990,002864_1786799551.768990.png
2865,1786799552,102303728,1786799552.102304,002865_1786799552.102304.png
2866,1786799552,135584077,1786799552.135584,002866_1786799552.135584.png
2867,1786799552,468919353,1786799552.468919,002867_1786799552.468919.png
2868,1786799552,502258434,1786799552.502259,002868_1786799552.502259.png
2869,1786799552,602227917,1786799552.602228,002869_1786799552.602228.png
2870,1786799552,702268440,1786799552.702268,002870_1786799552.702268.png
2871,1786799552,735630911,1786799552.735631,002871_1786799552.735631.png
2872,1786799552,768903984,1786799552.768904,002872_1786799552.768904.png
2873,1786799552,902279689,1786799552.902280,002873_1786799552.902280.png
2874,1786799552,968854974,1786799552.968855,002874_1786799552.968855.png
2875,1786799553,2215147,1786799553.002215,002875_1786799553.002215.png
2876,1786799553,135534775,1786799553.135535,002876_1786799553.135535.png
2877,1786799553,202244925,1786799553.202245,002877_1786799553.202245.png
2878,1786799553,402221999,1786799553.402222,002878_1786799553.402222.png
2879,1786799554,568889005,1786799554.568889,002879_1786799554.568889.png
2880,1786799554,902217508,1786799554.902218,002880_1786799554.902218.png
2881,1786799555,2263885,1786799555.002264,002881_1786799555.002264.png
2882,1786799555,202376975,1786799555.202377,002882_1786799555.202377.png
2883,1786799555,335713336,1786799555.335713,002883_1786799555.335713.png
2884,1786799555,535657187,1786799555.535657,002884_1786799555.535657.png
2885,1786799556,235598491,1786799556.235599,002885_1786799556.235599.png
2886,1786799556,535653205,1786799556.535653,002886_1786799556.535653.png
2887,1786799556,869033114,1786799556.869033,002887_1786799556.869033.png
2888,1786799557,402310977,1786799557.402311,002888_1786799557.402311.png
2889,1786799557,435682819,1786799557.435683,002889_1786799557.435683.png
2890,1786799557,468976744,1786799557.468977,002890_1786799557.468977.png
2891,1786799558,68970287,1786799558.068970,002891_1786799558.068970.png
2892,1786799558,935741303,1786799558.935741,002892_1786799558.935741.png
2893,1786799559,135727507,1786799559.135727,002893_1786799559.135727.png
2894,1786799560,535786673,1786799560.535787,002894_1786799560.535787.png
2895,1786799560,569039224,1786799560.569039,002895_1786799560.569039.png
2896,1786799560,735835556,1786799560.735836,002896_1786799560.735836.png
2897,1786799561,2374990,1786799561.002375,002897_1786799561.002375.png
2898,1786799561,35765643,1786799561.035766,002898_1786799561.035766.png
2899,1786799561,69037116,1786799561.069037,002899_1786799561.069037.png
2900,1786799561,135733842,1786799561.135734,002900_1786799561.135734.png
2901,1786799561,202453898,1786799561.202454,002901_1786799561.202454.png
2902,1786799561,235766812,1786799561.235767,002902_1786799561.235767.png
2903,1786799561,269080946,1786799561.269081,002903_1786799561.269081.png
2904,1786799561,335739445,1786799561.335739,002904_1786799561.335739.png
2905,1786799561,435894845,1786799561.435895,002905_1786799561.435895.png
2906,1786799561,469066468,1786799561.469066,002906_1786799561.469066.png
2907,1786799561,502536149,1786799561.502536,002907_1786799561.502536.png
2908,1786799561,602406804,1786799561.602407,002908_1786799561.602407.png
2909,1786799562,635916013,1786799562.635916,002909_1786799562.635916.png
2910,1786799562,835706761,1786799562.835707,002910_1786799562.835707.png
2911,1786799563,135763989,1786799563.135764,002911_1786799563.135764.png
2912,1786799563,202487200,1786799563.202487,002912_1786799563.202487.png
2913,1786799563,235737010,1786799563.235737,002913_1786799563.235737.png
2914,1786799563,635749080,1786799563.635749,002914_1786799563.635749.png
2915,1786799563,902522155,1786799563.902522,002915_1786799563.902522.png
2916,1786799564,535785936,1786799564.535786,002916_1786799564.535786.png
2917,1786799565,835781018,1786799565.835781,002917_1786799565.835781.png
2918,1786799566,69278943,1786799566.069279,002918_1786799566.069279.png
2919,1786799566,135803943,1786799566.135804,002919_1786799566.135804.png
2920,1786799566,169120085,1786799566.169120,002920_1786799566.169120.png
2921,1786799566,202590976,1786799566.202591,002921_1786799566.202591.png
2922,1786799566,402502098,1786799566.402502,002922_1786799566.402502.png
2923,1786799566,569134892,1786799566.569135,002923_1786799566.569135.png
2924,1786799567,102462172,1786799567.102462,002924_1786799567.102462.png
2925,1786799567,135841684,1786799567.135842,002925_1786799567.135842.png
2926,1786799567,269163844,1786799567.269164,002926_1786799567.269164.png
2927,1786799567,402609295,1786799567.402609,002927_1786799567.402609.png
2928,1786799567,602654748,1786799567.602655,002928_1786799567.602655.png
2929,1786799567,669192995,1786799567.669193,002929_1786799567.669193.png
2930,1786799568,335875802,1786799568.335876,002930_1786799568.335876.png
2931,1786799568,502580796,1786799568.502581,002931_1786799568.502581.png
2932,1786799568,669263711,1786799568.669264,002932_1786799568.669264.png
2933,1786799569,435944099,1786799569.435944,002933_1786799569.435944.png
2934,1786799569,669235358,1786799569.669235,002934_1786799569.669235.png
2935,1786799569,769225746,1786799569.769226,002935_1786799569.769226.png
2936,1786799570,335889378,1786799570.335889,002936_1786799570.335889.png
2937,1786799570,369651371,1786799570.369651,002937_1786799570.369651.png
2938,1786799570,602572987,1786799570.602573,002938_1786799570.602573.png
2939,1786799570,735971029,1786799570.735971,002939_1786799570.735971.png
2940,1786799571,302710006,1786799571.302710,002940_1786799571.302710.png
2941,1786799571,335962597,1786799571.335963,002941_1786799571.335963.png
2942,1786799571,469254919,1786799571.469255,002942_1786799571.469255.png
2943,1786799571,535940016,1786799571.535940,002943_1786799571.535940.png
2944,1786799571,635922241,1786799571.635922,002944_1786799571.635922.png
2945,1786799571,869259785,1786799571.869260,002945_1786799571.869260.png
2946,1786799571,902678279,1786799571.902678,002946_1786799571.902678.png
2947,1786799571,969283539,1786799571.969284,002947_1786799571.969284.png
2948,1786799572,2578881,1786799572.002579,002948_1786799572.002579.png
2949,1786799572,35888989,1786799572.035889,002949_1786799572.035889.png
2950,1786799572,169291993,1786799572.169292,002950_1786799572.169292.png
2951,1786799572,635968920,1786799572.635969,002951_1786799572.635969.png
2952,1786799572,702716514,1786799572.702717,002952_1786799572.702717.png
2953,1786799572,935995707,1786799572.935996,002953_1786799572.935996.png
2954,1786799573,69329936,1786799573.069330,002954_1786799573.069330.png
2955,1786799573,102773787,1786799573.102774,002955_1786799573.102774.png
2956,1786799573,135945741,1786799573.135946,002956_1786799573.135946.png
2957,1786799573,169270470,1786799573.169271,002957_1786799573.169271.png
2958,1786799573,569302366,1786799573.569302,002958_1786799573.569302.png
2959,1786799573,769352585,1786799573.769353,002959_1786799573.769353.png
2960,1786799574,102644001,1786799574.102644,002960_1786799574.102644.png
2961,1786799574,702740692,1786799574.702741,002961_1786799574.702741.png
2962,1786799575,69341487,1786799575.069341,002962_1786799575.069341.png
2963,1786799575,202820306,1786799575.202820,002963_1786799575.202820.png
2964,1786799575,936123066,1786799575.936123,002964_1786799575.936123.png
2965,1786799575,969338624,1786799575.969339,002965_1786799575.969339.png
2966,1786799576,2733710,1786799576.002734,002966_1786799576.002734.png
2967,1786799576,136006264,1786799576.136006,002967_1786799576.136006.png
2968,1786799576,169336993,1786799576.169337,002968_1786799576.169337.png
2969,1786799576,202799562,1786799576.202800,002969_1786799576.202800.png
2970,1786799576,802788161,1786799576.802788,002970_1786799576.802788.png
2971,1786799576,836041454,1786799576.836041,002971_1786799576.836041.png
2972,1786799576,869347087,1786799576.869347,002972_1786799576.869347.png
2973,1786799576,902750124,1786799576.902750,002973_1786799576.902750.png
2974,1786799576,936029208,1786799576.936029,002974_1786799576.936029.png
2975,1786799577,102794970,1786799577.102795,002975_1786799577.102795.png
2976,1786799577,136043419,1786799577.136043,002976_1786799577.136043.png
2977,1786799577,169366071,1786799577.169366,002977_1786799577.169366.png
2978,1786799577,236039516,1786799577.236039,002978_1786799577.236039.png
2979,1786799577,469453863,1786799577.469454,002979_1786799577.469454.png
2980,1786799577,569415585,1786799577.569416,002980_1786799577.569416.png
2981,1786799578,469407790,1786799578.469408,002981_1786799578.469408.png
2982,1786799579,105406279,1786799579.105406,002982_1786799579.105406.png
2983,1786799579,436097570,1786799579.436098,002983_1786799579.436098.png
2984,1786799579,469506399,1786799579.469507,002984_1786799579.469507.png
2985,1786799579,502750122,1786799579.502750,002985_1786799579.502750.png
2986,1786799579,536104128,1786799579.536104,002986_1786799579.536104.png
2987,1786799579,569399181,1786799579.569399,002987_1786799579.569399.png
2988,1786799579,636086501,1786799579.636086,002988_1786799579.636086.png
2989,1786799579,769632315,1786799579.769632,002989_1786799579.769632.png
2990,1786799579,802725354,1786799579.802725,002990_1786799579.802725.png
2991,1786799579,869456926,1786799579.869457,002991_1786799579.869457.png
2992,1786799580,36122656,1786799580.036123,002992_1786799580.036123.png
2993,1786799580,69448832,1786799580.069449,002993_1786799580.069449.png
2994,1786799580,436084081,1786799580.436084,002994_1786799580.436084.png
2995,1786799580,736112205,1786799580.736112,002995_1786799580.736112.png
2996,1786799580,902859178,1786799580.902859,002996_1786799580.902859.png
2997,1786799580,938503178,1786799580.938503,002997_1786799580.938503.png
2998,1786799580,969439838,1786799580.969440,002998_1786799580.969440.png
2999,1786799581,2838061,1786799581.002838,002999_1786799581.002838.png
3000,1786799581,36130052,1786799581.036130,003000_1786799581.036130.png
3001,1786799581,102836857,1786799581.102837,003001_1786799581.102837.png
3002,1786799581,169502591,1786799581.169502,003002_1786799581.169502.png
3003,1786799581,202753774,1786799581.202754,003003_1786799581.202754.png
3004,1786799581,236119769,1786799581.236120,003004_1786799581.236120.png
3005,1786799581,269429872,1786799581.269430,003005_1786799581.269430.png
3006,1786799581,469490022,1786799581.469490,003006_1786799581.469490.png
3007,1786799581,502779164,1786799581.502779,003007_1786799581.502779.png
3008,1786799581,602801850,1786799581.602802,003008_1786799581.602802.png
3009,1786799581,636153423,1786799581.636153,003009_1786799581.636153.png
3010,1786799581,936165886,1786799581.936166,003010_1786799581.936166.png
3011,1786799582,202865159,1786799582.202865,003011_1786799582.202865.png
3012,1786799582,236173516,1786799582.236174,003012_1786799582.236174.png
3013,1786799582,269561705,1786799582.269562,003013_1786799582.269562.png
3014,1786799582,402887042,1786799582.402887,003014_1786799582.402887.png
3015,1786799582,469475224,1786799582.469475,003015_1786799582.469475.png
3016,1786799582,502799647,1786799582.502800,003016_1786799582.502800.png
3017,1786799582,902846738,1786799582.902847,003017_1786799582.902847.png
3018,1786799582,936218813,1786799582.936219,003018_1786799582.936219.png
3019,1786799583,302831734,1786799583.302832,003019_1786799583.302832.png
3020,1786799583,402811956,1786799583.402812,003020_1786799583.402812.png
3021,1786799583,436162213,1786799583.436162,003021_1786799583.436162.png
3022,1786799583,469518301,1786799583.469518,003022_1786799583.469518.png
3023,1786799583,536215164,1786799583.536215,003023_1786799583.536215.png
3024,1786799583,602876628,1786799583.602877,003024_1786799583.602877.png
3025,1786799583,769491057,1786799583.769491,003025_1786799583.769491.png
3026,1786799583,902882232,1786799583.902882,003026_1786799583.902882.png
3027,1786799584,36193678,1786799584.036194,003027_1786799584.036194.png
3028,1786799584,69590905,1786799584.069591,003028_1786799584.069591.png
3029,1786799584,202855199,1786799584.202855,003029_1786799584.202855.png
3030,1786799584,236204694,1786799584.236205,003030_1786799584.236205.png
3031,1786799584,269566921,1786799584.269567,003031_1786799584.269567.png
3032,1786799584,702886523,1786799584.702887,003032_1786799584.702887.png
3033,1786799584,769545807,1786799584.769546,003033_1786799584.769546.png
3034,1786799585,2926941,1786799585.002927,003034_1786799585.002927.png
3035,1786799585,436242694,1786799585.436243,003035_1786799585.436243.png
3036,1786799585,469541770,1786799585.469542,003036_1786799585.469542.png
3037,1786799585,769641787,1786799585.769642,003037_1786799585.769642.png
3038,1786799585,836216667,1786799585.836217,003038_1786799585.836217.png
3039,1786799586,36300225,1786799586.036300,003039_1786799586.036300.png
3040,1786799586,402912691,1786799586.402913,003040_1786799586.402913.png
3041,1786799586,438407779,1786799586.438408,003041_1786799586.438408.png
3042,1786799586,569555487,1786799586.569556,003042_1786799586.569556.png
3043,1786799586,902891876,1786799586.902892,003043_1786799586.902892.png
3044,1786799586,936298355,1786799586.936298,003044_1786799586.936298.png
3045,1786799587,369721916,1786799587.369722,003045_1786799587.369722.png
3046,1786799587,402896458,1786799587.402896,003046_1786799587.402896.png
3047,1786799587,969577729,1786799587.969578,003047_1786799587.969578.png
3048,1786799588,236314610,1786799588.236315,003048_1786799588.236315.png
3049,1786799588,469607071,1786799588.469607,003049_1786799588.469607.png
3050,1786799588,502932576,1786799588.502933,003050_1786799588.502933.png
3051,1786799588,836299466,1786799588.836299,003051_1786799588.836299.png
3052,1786799589,3032853,1786799589.003033,003052_1786799589.003033.png
3053,1786799589,36252160,1786799589.036252,003053_1786799589.036252.png
3054,1786799589,202984559,1786799589.202985,003054_1786799589.202985.png
3055,1786799589,469666881,1786799589.469667,003055_1786799589.469667.png
3056,1786799589,703011942,1786799589.703012,003056_1786799589.703012.png
3057,1786799589,736287540,1786799589.736288,003057_1786799589.736288.png
3058,1786799589,903086454,1786799589.903086,003058_1786799589.903086.png
3059,1786799589,936292209,1786799589.936292,003059_1786799589.936292.png
3060,1786799590,2963890,1786799590.002964,003060_1786799590.002964.png
3061,1786799590,36314393,1786799590.036314,003061_1786799590.036314.png
3062,1786799590,69643418,1786799590.069643,003062_1786799590.069643.png
3063,1786799590,102937827,1786799590.102938,003063_1786799590.102938.png
3064,1786799590,136364083,1786799590.136364,003064_1786799590.136364.png
3065,1786799590,269744450,1786799590.269744,003065_1786799590.269744.png
3066,1786799590,302951560,1786799590.302952,003066_1786799590.302952.png
3067,1786799590,436308176,1786799590.436308,003067_1786799590.436308.png
3068,1786799590,469784361,1786799590.469784,003068_1786799590.469784.png
3069,1786799590,936361287,1786799590.936361,003069_1786799590.936361.png
3070,1786799591,569971925,1786799591.569972,003070_1786799591.569972.png
3071,1786799591,969880630,1786799591.969881,003071_1786799591.969881.png
3072,1786799592,3015525,1786799592.003016,003072_1786799592.003016.png
3073,1786799592,69778953,1786799592.069779,003073_1786799592.069779.png
3074,1786799592,103047615,1786799592.103048,003074_1786799592.103048.png
3075,1786799592,269742320,1786799592.269742,003075_1786799592.269742.png
3076,1786799592,502991753,1786799592.502992,003076_1786799592.502992.png
3077,1786799592,536422399,1786799592.536422,003077_1786799592.536422.png
3078,1786799592,636358642,1786799592.636359,003078_1786799592.636359.png
3079,1786799592,669747780,1786799592.669748,003079_1786799592.669748.png
3080,1786799592,703016769,1786799592.703017,003080_1786799592.703017.png
3081,1786799592,903062461,1786799592.903062,003081_1786799592.903062.png
3082,1786799592,936441199,1786799592.936441,003082_1786799592.936441.png
3083,1786799592,969825832,1786799592.969826,003083_1786799592.969826.png
3084,1786799593,269734394,1786799593.269734,003084_1786799593.269734.png
3085,1786799593,336408926,1786799593.336409,003085_1786799593.336409.png
3086,1786799593,436493951,1786799593.436494,003086_1786799593.436494.png
3087,1786799593,469699639,1786799593.469700,003087_1786799593.469700.png
3088,1786799593,503087329,1786799593.503087,003088_1786799593.503087.png
3089,1786799593,669843412,1786799593.669843,003089_1786799593.669843.png
3090,1786799594,36483313,1786799594.036483,003090_1786799594.036483.png
3091,1786799594,303090299,1786799594.303090,003091_1786799594.303090.png
3092,1786799594,436376001,1786799594.436376,003092_1786799594.436376.png
3093,1786799594,636400026,1786799594.636400,003093_1786799594.636400.png
3094,1786799594,803108825,1786799594.803109,003094_1786799594.803109.png
3095,1786799594,969770459,1786799594.969770,003095_1786799594.969770.png
3096,1786799595,3035623,1786799595.003036,003096_1786799595.003036.png
3097,1786799595,36409802,1786799595.036410,003097_1786799595.036410.png
3098,1786799595,69753064,1786799595.069753,003098_1786799595.069753.png
3099,1786799595,103066424,1786799595.103066,003099_1786799595.103066.png
3100,1786799595,436587340,1786799595.436587,003100_1786799595.436587.png
3101,1786799595,472190533,1786799595.472191,003101_1786799595.472191.png
3102,1786799595,503054366,1786799595.503054,003102_1786799595.503054.png
3103,1786799598,436617799,1786799598.436618,003103_1786799598.436618.png
3104,1786799598,603183274,1786799598.603183,003104_1786799598.603183.png
3105,1786799598,636457284,1786799598.636457,003105_1786799598.636457.png
3106,1786799599,436629319,1786799599.436629,003106_1786799599.436629.png
3107,1786799599,469865488,1786799599.469866,003107_1786799599.469866.png
3108,1786799599,969889998,1786799599.969890,003108_1786799599.969890.png
3109,1786799600,3279542,1786799600.003279,003109_1786799600.003279.png
3110,1786799600,69897801,1786799600.069898,003110_1786799600.069898.png
3111,1786799600,436633133,1786799600.436633,003111_1786799600.436633.png
3112,1786799600,469921172,1786799600.469921,003112_1786799600.469921.png
3113,1786799600,536517398,1786799600.536517,003113_1786799600.536517.png
3114,1786799600,569835302,1786799600.569835,003114_1786799600.569835.png
3115,1786799601,36561965,1786799601.036562,003115_1786799601.036562.png
3116,1786799601,136568797,1786799601.136569,003116_1786799601.136569.png
3117,1786799601,169853910,1786799601.169854,003117_1786799601.169854.png
3118,1786799601,203227892,1786799601.203228,003118_1786799601.203228.png
3119,1786799601,269858669,1786799601.269859,003119_1786799601.269859.png
3120,1786799601,536509700,1786799601.536510,003120_1786799601.536510.png
3121,1786799602,103218784,1786799602.103219,003121_1786799602.103219.png
3122,1786799602,169853871,1786799602.169854,003122_1786799602.169854.png
3123,1786799602,269863983,1786799602.269864,003123_1786799602.269864.png
3124,1786799602,369880167,1786799602.369880,003124_1786799602.369880.png
3125,1786799602,436522675,1786799602.436523,003125_1786799602.436523.png
3126,1786799602,503265010,1786799602.503265,003126_1786799602.503265.png
3127,1786799602,603261198,1786799602.603261,003127_1786799602.603261.png
3128,1786799602,769929821,1786799602.769930,003128_1786799602.769930.png
3129,1786799602,969887566,1786799602.969887,003129_1786799602.969887.png
3130,1786799603,36575522,1786799603.036576,003130_1786799603.036576.png
3131,1786799603,69885113,1786799603.069885,003131_1786799603.069885.png
3132,1786799603,270000594,1786799603.270001,003132_1786799603.270001.png
3133,1786799603,369905937,1786799603.369906,003133_1786799603.369906.png
3134,1786799603,403233821,1786799603.403234,003134_1786799603.403234.png
3135,1786799603,870024435,1786799603.870024,003135_1786799603.870024.png
3136,1786799603,903354746,1786799603.903355,003136_1786799603.903355.png
3137,1786799604,69947566,1786799604.069947,003137_1786799604.069947.png
3138,1786799604,103253005,1786799604.103253,003138_1786799604.103253.png
3139,1786799604,169919413,1786799604.169919,003139_1786799604.169919.png
3140,1786799604,271617199,1786799604.271617,003140_1786799604.271617.png
3141,1786799604,403227085,1786799604.403227,003141_1786799604.403227.png
3142,1786799604,970092836,1786799604.970093,003142_1786799604.970093.png
3143,1786799605,536717514,1786799605.536717,003143_1786799605.536717.png
3144,1786799605,569901601,1786799605.569902,003144_1786799605.569902.png
3145,1786799605,603262444,1786799605.603262,003145_1786799605.603262.png
3146,1786799605,903400760,1786799605.903401,003146_1786799605.903401.png
3147,1786799606,169957199,1786799606.169957,003147_1786799606.169957.png
3148,1786799606,536652282,1786799606.536652,003148_1786799606.536652.png
3149,1786799606,869951273,1786799606.869951,003149_1786799606.869951.png
3150,1786799606,970018981,1786799606.970019,003150_1786799606.970019.png
3151,1786799607,103428038,1786799607.103428,003151_1786799607.103428.png
3152,1786799607,136636266,1786799607.136636,003152_1786799607.136636.png
3153,1786799607,270039258,1786799607.270039,003153_1786799607.270039.png
3154,1786799608,270015679,1786799608.270016,003154_1786799608.270016.png
3155,1786799608,403371439,1786799608.403371,003155_1786799608.403371.png
3156,1786799608,503433128,1786799608.503433,003156_1786799608.503433.png
3157,1786799608,903433052,1786799608.903433,003157_1786799608.903433.png
3158,1786799608,936719704,1786799608.936720,003158_1786799608.936720.png
3159,1786799609,236778306,1786799609.236778,003159_1786799609.236778.png
3160,1786799609,570037577,1786799609.570038,003160_1786799609.570038.png
3161,1786799609,670079428,1786799609.670079,003161_1786799609.670079.png
3162,1786799609,703346586,1786799609.703346,003162_1786799609.703346.png
3163,1786799610,3512859,1786799610.003513,003163_1786799610.003513.png
3164,1786799610,103449509,1786799610.103450,003164_1786799610.103450.png
3165,1786799610,270094729,1786799610.270095,003165_1786799610.270095.png
3166,1786799610,336720872,1786799610.336721,003166_1786799610.336721.png
3167,1786799610,370000596,1786799610.370001,003167_1786799610.370001.png
3168,1786799610,403394834,1786799610.403395,003168_1786799610.403395.png
3169,1786799610,436716888,1786799610.436717,003169_1786799610.436717.png
3170,1786799610,470063209,1786799610.470063,003170_1786799610.470063.png
3171,1786799610,503340695,1786799610.503341,003171_1786799610.503341.png
3172,1786799610,536703994,1786799610.536704,003172_1786799610.536704.png
3173,1786799610,770073903,1786799610.770074,003173_1786799610.770074.png
3174,1786799610,836783177,1786799610.836783,003174_1786799610.836783.png
3175,1786799610,870112558,1786799610.870113,003175_1786799610.870113.png
3176,1786799610,970089784,1786799610.970090,003176_1786799610.970090.png
3177,1786799611,3414480,1786799611.003414,003177_1786799611.003414.png
3178,1786799611,103410888,1786799611.103411,003178_1786799611.103411.png
3179,1786799611,436887280,1786799611.436887,003179_1786799611.436887.png
3180,1786799611,603427798,1786799611.603428,003180_1786799611.603428.png
3181,1786799611,836798463,1786799611.836798,003181_1786799611.836798.png
3182,1786799612,36856234,1786799612.036856,003182_1786799612.036856.png
3183,1786799612,72693877,1786799612.072694,003183_1786799612.072694.png
3184,1786799612,503536331,1786799612.503536,003184_1786799612.503536.png
3185,1786799612,570103094,1786799612.570103,003185_1786799612.570103.png
3186,1786799612,603426705,1786799612.603427,003186_1786799612.603427.png
3187,1786799613,3436025,1786799613.003436,003187_1786799613.003436.png
3188,1786799613,103492745,1786799613.103493,003188_1786799613.103493.png
3189,1786799613,270096003,1786799613.270096,003189_1786799613.270096.png
3190,1786799613,336722918,1786799613.336723,003190_1786799613.336723.png
3191,1786799613,470130810,1786799613.470131,003191_1786799613.470131.png
3192,1786799613,570065297,1786799613.570065,003192_1786799613.570065.png
3193,1786799613,603459706,1786799613.603460,003193_1786799613.603460.png
3194,1786799613,903583389,1786799613.903583,003194_1786799613.903583.png
3195,1786799614,136783883,1786799614.136784,003195_1786799614.136784.png
3196,1786799614,436835153,1786799614.436835,003196_1786799614.436835.png
3197,1786799614,536796034,1786799614.536796,003197_1786799614.536796.png
3198,1786799614,870216907,1786799614.870217,003198_1786799614.870217.png
3199,1786799614,970144824,1786799614.970145,003199_1786799614.970145.png
3200,1786799615,70163764,1786799615.070164,003200_1786799615.070164.png
3201,1786799615,103486994,1786799615.103487,003201_1786799615.103487.png
3202,1786799615,170120099,1786799615.170120,003202_1786799615.170120.png
3203,1786799615,337246495,1786799615.337246,003203_1786799615.337246.png
3204,1786799615,370179395,1786799615.370179,003204_1786799615.370179.png
3205,1786799615,603470946,1786799615.603471,003205_1786799615.603471.png
3206,1786799616,136789534,1786799616.136790,003206_1786799616.136790.png
3207,1786799616,470203728,1786799616.470204,003207_1786799616.470204.png
3208,1786799616,870227159,1786799616.870227,003208_1786799616.870227.png
3209,1786799617,3614912,1786799617.003615,003209_1786799617.003615.png
3210,1786799617,303672983,1786799617.303673,003210_1786799617.303673.png
3211,1786799617,336923498,1786799617.336924,003211_1786799617.336924.png
3212,1786799617,370153408,1786799617.370153,003212_1786799617.370153.png
3213,1786799617,436809160,1786799617.436809,003213_1786799617.436809.png
3214,1786799617,603550941,1786799617.603551,003214_1786799617.603551.png
3215,1786799617,636837230,1786799617.636837,003215_1786799617.636837.png
3216,1786799618,70232404,1786799618.070232,003216_1786799618.070232.png
3217,1786799618,103554502,1786799618.103554,003217_1786799618.103554.png
3218,1786799618,336844171,1786799618.336844,003218_1786799618.336844.png
3219,1786799618,603555547,1786799618.603555,003219_1786799618.603555.png
3220,1786799618,903656077,1786799618.903656,003220_1786799618.903656.png
3221,1786799619,36862524,1786799619.036863,003221_1786799619.036863.png
3222,1786799619,903556563,1786799619.903557,003222_1786799619.903557.png
3223,1786799620,70317575,1786799620.070318,003223_1786799620.070318.png
3224,1786799620,570326159,1786799620.570326,003224_1786799620.570326.png
3225,1786799620,636926352,1786799620.636926,003225_1786799620.636926.png
3226,1786799621,70306292,1786799621.070306,003226_1786799621.070306.png
3227,1786799621,236886196,1786799621.236886,003227_1786799621.236886.png
3228,1786799621,537000602,1786799621.537001,003228_1786799621.537001.png
3229,1786799622,370283272,1786799622.370283,003229_1786799622.370283.png
3230,1786799622,670419834,1786799622.670420,003230_1786799622.670420.png
3231,1786799622,770328828,1786799622.770329,003231_1786799622.770329.png
3232,1786799622,803800271,1786799622.803800,003232_1786799622.803800.png
3233,1786799622,903609960,1786799622.903610,003233_1786799622.903610.png
3234,1786799623,270328264,1786799623.270328,003234_1786799623.270328.png
3235,1786799623,870382262,1786799623.870382,003235_1786799623.870382.png
3236,1786799624,3680480,1786799624.003680,003236_1786799624.003680.png
3237,1786799624,36977433,1786799624.036978,003237_1786799624.036978.png
3238,1786799624,70311714,1786799624.070312,003238_1786799624.070312.png
3239,1786799624,136988329,1786799624.136988,003239_1786799624.136988.png
3240,1786799624,170330804,1786799624.170331,003240_1786799624.170331.png
3241,1786799624,270336939,1786799624.270337,003241_1786799624.270337.png
3242,1786799624,403685607,1786799624.403686,003242_1786799624.403686.png
3243,1786799624,470339849,1786799624.470340,003243_1786799624.470340.png
3244,1786799624,503670258,1786799624.503670,003244_1786799624.503670.png
3245,1786799624,736963132,1786799624.736963,003245_1786799624.736963.png
3246,1786799624,970345554,1786799624.970345,003246_1786799624.970345.png
3247,1786799625,37041134,1786799625.037041,003247_1786799625.037041.png
3248,1786799625,170335359,1786799625.170335,003248_1786799625.170335.png
3249,1786799625,203676044,1786799625.203676,003249_1786799625.203676.png
3250,1786799625,270366228,1786799625.270366,003250_1786799625.270366.png
3251,1786799626,70376351,1786799626.070376,003251_1786799626.070376.png
3252,1786799626,236986212,1786799626.236986,003252_1786799626.236986.png
3253,1786799626,670388123,1786799626.670388,003253_1786799626.670388.png
3254,1786799626,837075085,1786799626.837075,003254_1786799626.837075.png
3255,1786799626,937028904,1786799626.937029,003255_1786799626.937029.png
3256,1786799627,3812388,1786799627.003812,003256_1786799627.003812.png
3257,1786799627,137027337,1786799627.137027,003257_1786799627.137027.png
3258,1786799627,437056841,1786799627.437057,003258_1786799627.437057.png
3259,1786799627,570407644,1786799627.570408,003259_1786799627.570408.png
3260,1786799627,603783195,1786799627.603783,003260_1786799627.603783.png
3261,1786799627,903738842,1786799627.903739,003261_1786799627.903739.png
3262,1786799628,137055038,1786799628.137055,003262_1786799628.137055.png
3263,1786799628,170458358,1786799628.170458,003263_1786799628.170458.png
3264,1786799628,670486778,1786799628.670487,003264_1786799628.670487.png
3265,1786799628,703756266,1786799628.703756,003265_1786799628.703756.png
3266,1786799628,770364242,1786799628.770364,003266_1786799628.770364.png
3267,1786799628,903773113,1786799628.903773,003267_1786799628.903773.png
3268,1786799629,303834862,1786799629.303835,003268_1786799629.303835.png
3269,1786799629,370460723,1786799629.370461,003269_1786799629.370461.png
3270,1786799629,503759351,1786799629.503759,003270_1786799629.503759.png
3271,1786799630,570497497,1786799630.570498,003271_1786799630.570498.png
3272,1786799630,937224028,1786799630.937224,003272_1786799630.937224.png
3273,1786799631,170511146,1786799631.170511,003273_1786799631.170511.png
3274,1786799631,670503729,1786799631.670504,003274_1786799631.670504.png
3275,1786799632,3805692,1786799632.003806,003275_1786799632.003806.png
3276,1786799632,537146976,1786799632.537147,003276_1786799632.537147.png
3277,1786799632,670599259,1786799632.670599,003277_1786799632.670599.png
3278,1786799633,170583421,1786799633.170583,003278_1786799633.170583.png
3279,1786799633,537172524,1786799633.537173,003279_1786799633.537173.png
3280,1786799633,970652604,1786799633.970653,003280_1786799633.970653.png
3281,1786799634,37173288,1786799634.037173,003281_1786799634.037173.png
3282,1786799634,703868291,1786799634.703868,003282_1786799634.703868.png
3283,1786799634,903887404,1786799634.903888,003283_1786799634.903888.png
3284,1786799634,970600342,1786799634.970600,003284_1786799634.970600.png
3285,1786799635,470676085,1786799635.470676,003285_1786799635.470676.png
3286,1786799635,604007926,1786799635.604008,003286_1786799635.604008.png
3287,1786799636,3905669,1786799636.003906,003287_1786799636.003906.png
3288,1786799636,103994910,1786799636.103995,003288_1786799636.103995.png
3289,1786799636,437670911,1786799636.437671,003289_1786799636.437671.png
3290,1786799636,470747609,1786799636.470748,003290_1786799636.470748.png
3291,1786799636,670663471,1786799636.670663,003291_1786799636.670663.png
3292,1786799636,737256895,1786799636.737257,003292_1786799636.737257.png
3293,1786799636,770584401,1786799636.770584,003293_1786799636.770584.png
3294,1786799637,37368355,1786799637.037368,003294_1786799637.037368.png
3295,1786799637,470781332,1786799637.470781,003295_1786799637.470781.png
3296,1786799637,770668787,1786799637.770669,003296_1786799637.770669.png
3297,1786799637,803881065,1786799637.803881,003297_1786799637.803881.png
3298,1786799637,870687852,1786799637.870688,003298_1786799637.870688.png
3299,1786799637,903932022,1786799637.903932,003299_1786799637.903932.png
3300,1786799637,937299946,1786799637.937300,003300_1786799637.937300.png
3301,1786799638,3931764,1786799638.003932,003301_1786799638.003932.png
3302,1786799638,870757723,1786799638.870758,003302_1786799638.870758.png
3303,1786799638,937282622,1786799638.937283,003303_1786799638.937283.png
3304,1786799639,4013669,1786799639.004014,003304_1786799639.004014.png
3305,1786799639,137264188,1786799639.137264,003305_1786799639.137264.png
3306,1786799639,205306920,1786799639.205307,003306_1786799639.205307.png
3307,1786799639,304076214,1786799639.304076,003307_1786799639.304076.png
3308,1786799639,637415342,1786799639.637415,003308_1786799639.637415.png
3309,1786799639,737275470,1786799639.737275,003309_1786799639.737275.png
3310,1786799639,870721704,1786799639.870722,003310_1786799639.870722.png
3311,1786799639,970634405,1786799639.970634,003311_1786799639.970634.png
3312,1786799640,70678685,1786799640.070679,003312_1786799640.070679.png
3313,1786799640,170646752,1786799640.170647,003313_1786799640.170647.png
3314,1786799640,203959621,1786799640.203960,003314_1786799640.203960.png
3315,1786799640,870714310,1786799640.870714,003315_1786799640.870714.png
3316,1786799640,903943964,1786799640.903944,003316_1786799640.903944.png
3317,1786799641,70726490,1786799641.070726,003317_1786799641.070726.png
3318,1786799641,137321916,1786799641.137322,003318_1786799641.137322.png
3319,1786799641,270691424,1786799641.270691,003319_1786799641.270691.png
3320,1786799641,837401396,1786799641.837401,003320_1786799641.837401.png
3321,1786799642,70741976,1786799642.070742,003321_1786799642.070742.png
3322,1786799642,270798259,1786799642.270798,003322_1786799642.270798.png
3323,1786799642,470726286,1786799642.470726,003323_1786799642.470726.png
3324,1786799642,537433557,1786799642.537434,003324_1786799642.537434.png
3325,1786799642,870764419,1786799642.870764,003325_1786799642.870764.png
3326,1786799642,937431479,1786799642.937432,003326_1786799642.937432.png
3327,1786799643,37388147,1786799643.037388,003327_1786799643.037388.png
3328,1786799643,70702965,1786799643.070703,003328_1786799643.070703.png
3329,1786799643,104058693,1786799643.104059,003329_1786799643.104059.png
3330,1786799643,470690886,1786799643.470691,003330_1786799643.470691.png
3331,1786799643,504042722,1786799643.504043,003331_1786799643.504043.png
3332,1786799643,537396582,1786799643.537397,003332_1786799643.537397.png
3333,1786799643,604024743,1786799643.604025,003333_1786799643.604025.png
3334,1786799643,637413482,1786799643.637414,003334_1786799643.637414.png
3335,1786799643,870821621,1786799643.870822,003335_1786799643.870822.png
3336,1786799644,37501648,1786799644.037502,003336_1786799644.037502.png
3337,1786799644,70742056,1786799644.070742,003337_1786799644.070742.png
3338,1786799644,104038901,1786799644.104039,003338_1786799644.104039.png
3339,1786799644,937371954,1786799644.937372,003339_1786799644.937372.png
3340,1786799645,337533859,1786799645.337534,003340_1786799645.337534.png
3341,1786799645,570737311,1786799645.570737,003341_1786799645.570737.png
