idx,sec,nanosec,t,filename
0,1786799101,493221751,1786799101.493222,000000_1786799101.493222.png
1,1786799101,526540480,1786799101.526541,000001_1786799101.526541.png
2,1786799101,559895667,1786799101.559896,000002_1786799101.559896.png
3,1786799102,259920456,1786799102.259920,000003_1786799102.259920.png
4,1786799102,959928796,1786799102.959929,000004_1786799102.959929.png
5,1786799102,993248686,1786799102.993249,000005_1786799102.993249.png
6,1786799103,526745479,1786799103.526746,000006_1786799103.526746.png
7,1786799103,826616426,1786799103.826617,000007_1786799103.826617.png
8,1786799103,859957255,1786799103.859957,000008_1786799103.859957.png
9,1786799104,526728441,1786799104.526728,000009_1786799104.526728.png
10,1786799104,693320006,1786799104.693320,000010_1786799104.693320.png
11,1786799104,993289709,1786799104.993290,000011_1786799104.993290.png
12,1786799105,326772316,1786799105.326772,000012_1786799105.326772.png
13,1786799105,360117983,1786799105.360118,000013_1786799105.360118.png
14,1786799105,393286954,1786799105.393287,000014_1786799105.393287.png
15,1786799105,426668755,1786799105.426669,000015_1786799105.426669.png
16,1786799105,460007924,1786799105.460008,000016_1786799105.460008.png
17,1786799105,593341922,1786799105.593342,000017_1786799105.593342.png
18,1786799105,626685204,1786799105.626685,000018_1786799105.626685.png
19,1786799105,726638217,1786799105.726638,000019_1786799105.726638.png
20,1786799105,926630993,1786799105.926631,000020_1786799105.926631.png
21,1786799106,226702195,1786799106.226702,000021_1786799106.226702.png
22,1786799106,393329890,1786799106.393330,000022_1786799106.393330.png
23,1786799106,660000861,1786799106.660001,000023_1786799106.660001.png
24,1786799106,759967106,1786799106.759967,000024_1786799106.759967.png
25,1786799106,793373811,1786799106.793374,000025_1786799106.793374.png
26,1786799107,826780199,1786799107.826780,000026_1786799107.826780.png
27,1786799107,926691095,1786799107.926691,000027_1786799107.926691.png
28,1786799108,193421282,1786799108.193421,000028_1786799108.193421.png
29,1786799108,326792340,1786799108.326792,000029_1786799108.326792.png
30,1786799108,360026243,1786799108.360026,000030_1786799108.360026.png
31,1786799108,393356046,1786799108.393356,000031_1786799108.393356.png
32,1786799108,426722301,1786799108.426722,000032_1786799108.426722.png
33,1786799108,460049622,1786799108.460050,000033_1786799108.460050.png
34,1786799108,526718809,1786799108.526719,000034_1786799108.526719.png
35,1786799108,560039646,1786799108.560040,000035_1786799108.560040.png
36,1786799108,826732859,1786799108.826733,000036_1786799108.826733.png
37,1786799108,926749487,1786799108.926749,000037_1786799108.926749.png
38,1786799109,226800173,1786799109.226800,000038_1786799109.226800.png
39,1786799109,293463498,1786799109.293463,000039_1786799109.293463.png
40,1786799109,826757583,1786799109.826758,000040_1786799109.826758.png
41,1786799109,993411442,1786799109.993412,000041_1786799109.993412.png
42,1786799110,193413686,1786799110.193414,000042_1786799110.193414.png
43,1786799110,260224972,1786799110.260225,000043_1786799110.260225.png
44,1786799110,493429921,1786799110.493430,000044_1786799110.493430.png
45,1786799110,560109301,1786799110.560109,000045_1786799110.560109.png
46,1786799110,826817068,1786799110.826817,000046_1786799110.826817.png
47,1786799110,960085202,1786799110.960085,000047_1786799110.960085.png
48,1786799111,326713391,1786799111.326713,000048_1786799111.326713.png
49,1786799111,426751503,1786799111.426752,000049_1786799111.426752.png
50,1786799112,260116122,1786799112.260116,000050_1786799112.260116.png
51,1786799112,326830019,1786799112.326830,000051_1786799112.326830.png
52,1786799112,393453338,1786799112.393453,000052_1786799112.393453.png
53,1786799112,460113103,1786799112.460113,000053_1786799112.460113.png
54,1786799112,626995679,1786799112.626996,000054_1786799112.626996.png
55,1786799112,676804298,1786799112.676804,000055_1786799112.676804.png
56,1786799112,926819647,1786799112.926820,000056_1786799112.926820.png
57,1786799112,960139421,1786799112.960140,000057_1786799112.960140.png
58,1786799113,160137652,1786799113.160138,000058_1786799113.160138.png
59,1786799113,226836306,1786799113.226836,000059_1786799113.226836.png
60,1786799113,460120647,1786799113.460121,000060_1786799113.460121.png
61,1786799114,193581933,1786799114.193582,000061_1786799114.193582.png
62,1786799114,226827612,1786799114.226828,000062_1786799114.226828.png
63,1786799114,326830315,1786799114.326830,000063_1786799114.326830.png
64,1786799115,226898439,1786799115.226898,000064_1786799115.226898.png
65,1786799115,326857834,1786799115.326858,000065_1786799115.326858.png
66,1786799115,560211105,1786799115.560211,000066_1786799115.560211.png
67,1786799116,193652754,1786799116.193653,000067_1786799116.193653.png
68,1786799116,560193001,1786799116.560193,000068_1786799116.560193.png
69,1786799116,860252238,1786799116.860252,000069_1786799116.860252.png
70,1786799117,26816775,1786799117.026817,000070_1786799117.026817.png
71,1786799117,60220876,1786799117.060221,000071_1786799117.060221.png
72,1786799117,93561639,1786799117.093562,000072_1786799117.093562.png
73,1786799117,260211043,1786799117.260211,000073_1786799117.260211.png
74,1786799117,560257611,1786799117.560258,000074_1786799117.560258.png
75,1786799118,793635322,1786799118.793635,000075_1786799118.793635.png
76,1786799119,126940188,1786799119.126940,000076_1786799119.126940.png
77,1786799119,160245324,1786799119.160245,000077_1786799119.160245.png
78,1786799119,226924072,1786799119.226924,000078_1786799119.226924.png
79,1786799119,526984612,1786799119.526985,000079_1786799119.526985.png
80,1786799119,893720664,1786799119.893721,000080_1786799119.893721.png
81,1786799120,526946170,1786799120.526946,000081_1786799120.526946.png
82,1786799121,93689541,1786799121.093689,000082_1786799121.093689.png
83,1786799121,143659823,1786799121.143660,000083_1786799121.143660.png
84,1786799121,226966425,1786799121.226966,000084_1786799121.226966.png
85,1786799121,277142526,1786799121.277143,000085_1786799121.277143.png
86,1786799121,626990471,1786799121.626991,000086_1786799121.626991.png
87,1786799121,693742980,1786799121.693743,000087_1786799121.693743.png
88,1786799121,743622972,1786799121.743623,000088_1786799121.743623.png
89,1786799122,327079491,1786799122.327080,000089_1786799122.327080.png
90,1786799122,593677818,1786799122.593678,000090_1786799122.593678.png
91,1786799123,493652353,1786799123.493652,000091_1786799123.493652.png
92,1786799123,827056822,1786799123.827057,000092_1786799123.827057.png
93,1786799124,427015124,1786799124.427015,000093_1786799124.427015.png
94,1786799124,460410955,1786799124.460411,000094_1786799124.460411.png
95,1786799125,60416810,1786799125.060417,000095_1786799125.060417.png
96,1786799125,160394972,1786799125.160395,000096_1786799125.160395.png
97,1786799125,427042514,1786799125.427042,000097_1786799125.427042.png
98,1786799125,460424874,1786799125.460425,000098_1786799125.460425.png
99,1786799125,493725554,1786799125.493726,000099_1786799125.493726.png
100,1786799125,527100894,1786799125.527101,000100_1786799125.527101.png
101,1786799126,260475607,1786799126.260476,000101_1786799126.260476.png
102,1786799126,393727637,1786799126.393728,000102_1786799126.393728.png
103,1786799126,427053274,1786799126.427053,000103_1786799126.427053.png
104,1786799127,27074104,1786799127.027074,000104_1786799127.027074.png
105,1786799127,160433272,1786799127.160433,000105_1786799127.160433.png
106,1786799127,527126970,1786799127.527127,000106_1786799127.527127.png
107,1786799127,560430894,1786799127.560431,000107_1786799127.560431.png
108,1786799127,593716882,1786799127.593717,000108_1786799127.593717.png
109,1786799128,60476794,1786799128.060477,000109_1786799128.060477.png
110,1786799128,160457424,1786799128.160457,000110_1786799128.160457.png
111,1786799128,193724450,1786799128.193724,000111_1786799128.193724.png
112,1786799129,60469396,1786799129.060469,000112_1786799129.060469.png
113,1786799129,860574836,1786799129.860575,000113_1786799129.860575.png
114,1786799130,360491570,1786799130.360492,000114_1786799130.360492.png
115,1786799130,393821638,1786799130.393822,000115_1786799130.393822.png
116,1786799130,427140146,1786799130.427140,000116_1786799130.427140.png
117,1786799130,460540265,1786799130.460540,000117_1786799130.460540.png
118,1786799130,727177644,1786799130.727178,000118_1786799130.727178.png
119,1786799130,893824217,1786799130.893824,000119_1786799130.893824.png
120,1786799130,927184952,1786799130.927185,000120_1786799130.927185.png
121,1786799130,993843805,1786799130.993844,000121_1786799130.993844.png
122,1786799131,27195481,1786799131.027195,000122_1786799131.027195.png
123,1786799131,60589984,1786799131.060590,000123_1786799131.060590.png
124,1786799131,560524145,1786799131.560524,000124_1786799131.560524.png
125,1786799131,593839366,1786799131.593839,000125_1786799131.593839.png
126,1786799131,693908422,1786799131.693908,000126_1786799131.693908.png
127,1786799131,893855190,1786799131.893855,000127_1786799131.893855.png
128,1786799131,927240938,1786799131.927241,000128_1786799131.927241.png
129,1786799132,393824087,1786799132.393824,000129_1786799132.393824.png
130,1786799132,427247097,1786799132.427247,000130_1786799132.427247.png
131,1786799132,560517709,1786799132.560518,000131_1786799132.560518.png
132,1786799133,393892068,1786799133.393892,000132_1786799133.393892.png
133,1786799133,793873507,1786799133.793874,000133_1786799133.793874.png
134,1786799134,227227516,1786799134.227227,000134_1786799134.227227.png
135,1786799134,260691074,1786799134.260691,000135_1786799134.260691.png
136,1786799134,327265202,1786799134.327265,000136_1786799134.327265.png
137,1786799135,960647214,1786799135.960647,000137_1786799135.960647.png
138,1786799136,127269664,1786799136.127270,000138_1786799136.127270.png
139,1786799136,993965775,1786799136.993966,000139_1786799136.993966.png
140,1786799137,27266146,1786799137.027266,000140_1786799137.027266.png
141,1786799137,127292189,1786799137.127292,000141_1786799137.127292.png
142,1786799137,293937888,1786799137.293938,000142_1786799137.293938.png
143,1786799137,493930071,1786799137.493930,000143_1786799137.493930.png
144,1786799137,560629992,1786799137.560630,000144_1786799137.560630.png
145,1786799137,627358835,1786799137.627359,000145_1786799137.627359.png
146,1786799137,693974166,1786799137.693974,000146_1786799137.693974.png
147,1786799137,727396243,1786799137.727396,000147_1786799137.727396.png
148,1786799137,927338840,1786799137.927339,000148_1786799137.927339.png
149,1786799137,960635253,1786799137.960635,000149_1786799137.960635.png
150,1786799137,993969665,1786799137.993970,000150_1786799137.993970.png
151,1786799138,260631776,1786799138.260632,000151_1786799138.260632.png
152,1786799138,294041566,1786799138.294042,000152_1786799138.294042.png
153,1786799138,360780869,1786799138.360781,000153_1786799138.360781.png
154,1786799138,393980382,1786799138.393980,000154_1786799138.393980.png
155,1786799138,427310782,1786799138.427311,000155_1786799138.427311.png
156,1786799139,60799582,1786799139.060800,000156_1786799139.060800.png
157,1786799139,460733130,1786799139.460733,000157_1786799139.460733.png
158,1786799141,60793258,1786799141.060793,000158_1786799141.060793.png
159,1786799141,327392245,1786799141.327392,000159_1786799141.327392.png
160,1786799141,827462757,1786799141.827463,000160_1786799141.827463.png
161,1786799142,94069658,1786799142.094070,000161_1786799142.094070.png
162,1786799142,327468639,1786799142.327469,000162_1786799142.327469.png
163,1786799143,360725939,1786799143.360726,000163_1786799143.360726.png
164,1786799143,427439647,1786799143.427440,000164_1786799143.427440.png
165,1786799143,760779800,1786799143.760780,000165_1786799143.760780.png
166,1786799143,894104208,1786799143.894104,000166_1786799143.894104.png
167,1786799144,394118818,1786799144.394119,000167_1786799144.394119.png
168,1786799144,427449025,1786799144.427449,000168_1786799144.427449.png
169,1786799145,427517960,1786799145.427518,000169_1786799145.427518.png
170,1786799146,127478715,1786799146.127479,000170_1786799146.127479.png
171,1786799146,227546172,1786799146.227546,000171_1786799146.227546.png
172,1786799146,410814520,1786799146.410815,000172_1786799146.410815.png
173,1786799148,894165040,1786799148.894165,000173_1786799148.894165.png
174,1786799149,27612589,1786799149.027613,000174_1786799149.027613.png
175,1786799149,127505476,1786799149.127506,000175_1786799149.127506.png
176,1786799149,160870515,1786799149.160871,000176_1786799149.160871.png
177,1786799149,244298062,1786799149.244298,000177_1786799149.244298.png
178,1786799149,277562251,1786799149.277562,000178_1786799149.277562.png
179,1786799149,310854131,1786799149.310854,000179_1786799149.310854.png
180,1786799149,344179096,1786799149.344179,000180_1786799149.344179.png
181,1786799149,394164249,1786799149.394164,000181_1786799149.394164.png
182,1786799150,27572410,1786799150.027572,000182_1786799150.027572.png
183,1786799150,77503688,1786799150.077504,000183_1786799150.077504.png
184,1786799150,477537948,1786799150.477538,000184_1786799150.477538.png
185,1786799150,510859425,1786799150.510859,000185_1786799150.510859.png
186,1786799150,894275109,1786799150.894275,000186_1786799150.894275.png
187,1786799150,927654118,1786799150.927654,000187_1786799150.927654.png
188,1786799151,227579951,1786799151.227580,000188_1786799151.227580.png
189,1786799151,394316797,1786799151.394317,000189_1786799151.394317.png
190,1786799151,827527016,1786799151.827527,000190_1786799151.827527.png
191,1786799151,860864149,1786799151.860864,000191_1786799151.860864.png
192,1786799152,44227540,1786799152.044228,000192_1786799152.044228.png
193,1786799152,594273932,1786799152.594274,000193_1786799152.594274.png
194,1786799152,894266702,1786799152.894267,000194_1786799152.894267.png
195,1786799152,977604927,1786799152.977605,000195_1786799152.977605.png
196,1786799153,10912872,1786799153.010913,000196_1786799153.010913.png
197,1786799153,94340351,1786799153.094340,000197_1786799153.094340.png
198,1786799153,327608354,1786799153.327608,000198_1786799153.327608.png
199,1786799153,360935818,1786799153.360936,000199_1786799153.360936.png
200,1786799153,444261872,1786799153.444262,000200_1786799153.444262.png
201,1786799153,910922506,1786799153.910923,000201_1786799153.910923.png
202,1786799154,727585159,1786799154.727585,000202_1786799154.727585.png
203,1786799155,94331223,1786799155.094331,000203_1786799155.094331.png
204,1786799156,277664215,1786799156.277664,000204_1786799156.277664.png
205,1786799156,377649902,1786799156.377650,000205_1786799156.377650.png
206,1786799156,410983881,1786799156.410984,000206_1786799156.410984.png
207,1786799156,444346187,1786799156.444346,000207_1786799156.444346.png
208,1786799156,627738212,1786799156.627738,000208_1786799156.627738.png
209,1786799158,27778697,1786799158.027779,000209_1786799158.027779.png
210,1786799158,127699768,1786799158.127700,000210_1786799158.127700.png
211,1786799158,460995758,1786799158.460996,000211_1786799158.460996.png
212,1786799159,27803388,1786799159.027803,000212_1786799159.027803.png
213,1786799159,861166975,1786799159.861167,000213_1786799159.861167.png
214,1786799160,127809423,1786799160.127810,000214_1786799160.127810.png
215,1786799160,227839356,1786799160.227839,000215_1786799160.227839.png
216,1786799160,827860821,1786799160.827861,000216_1786799160.827861.png
217,1786799160,894491136,1786799160.894491,000217_1786799160.894491.png
218,1786799160,927725602,1786799160.927726,000218_1786799160.927726.png
219,1786799160,994447039,1786799160.994447,000219_1786799160.994447.png
220,1786799161,127857235,1786799161.127857,000220_1786799161.127857.png
221,1786799161,161100751,1786799161.161101,000221_1786799161.161101.png
222,1786799161,361145757,1786799161.361146,000222_1786799161.361146.png
223,1786799162,94528599,1786799162.094529,000223_1786799162.094529.png
224,1786799162,894527863,1786799162.894528,000224_1786799162.894528.png
225,1786799162,961141266,1786799162.961141,000225_1786799162.961141.png
226,1786799163,27844647,1786799163.027845,000226_1786799163.027845.png
227,1786799163,61170453,1786799163.061170,000227_1786799163.061170.png
228,1786799163,94573448,1786799163.094573,000228_1786799163.094573.png
229,1786799163,161147029,1786799163.161147,000229_1786799163.161147.png
230,1786799163,294494402,1786799163.294494,000230_1786799163.294494.png
231,1786799163,361202150,1786799163.361202,000231_1786799163.361202.png
232,1786799163,461197788,1786799163.461198,000232_1786799163.461198.png
233,1786799163,861172103,1786799163.861172,000233_1786799163.861172.png
234,1786799164,27813781,1786799164.027814,000234_1786799164.027814.png
235,1786799164,61195565,1786799164.061196,000235_1786799164.061196.png
236,1786799164,94496725,1786799164.094497,000236_1786799164.094497.png
237,1786799164,161164668,1786799164.161165,000237_1786799164.161165.png
238,1786799164,194495888,1786799164.194496,000238_1786799164.194496.png
239,1786799164,261179996,1786799164.261180,000239_1786799164.261180.png
240,1786799164,294579649,1786799164.294580,000240_1786799164.294580.png
241,1786799164,361194615,1786799164.361195,000241_1786799164.361195.png
242,1786799164,461207620,1786799164.461208,000242_1786799164.461208.png
243,1786799165,127851653,1786799165.127852,000243_1786799165.127852.png
244,1786799165,327876747,1786799165.327877,000244_1786799165.327877.png
245,1786799165,527852320,1786799165.527852,000245_1786799165.527852.png
246,1786799165,561191378,1786799165.561191,000246_1786799165.561191.png
247,1786799166,194572049,1786799166.194572,000247_1786799166.194572.png
248,1786799166,361229615,1786799166.361230,000248_1786799166.361230.png
249,1786799168,94587536,1786799168.094588,000249_1786799168.094588.png
250,1786799168,127920067,1786799168.127920,000250_1786799168.127920.png
251,1786799168,561220293,1786799168.561220,000251_1786799168.561220.png
252,1786799168,594591438,1786799168.594591,000252_1786799168.594591.png
253,1786799168,727902869,1786799168.727903,000253_1786799168.727903.png
254,1786799169,994643489,1786799169.994643,000254_1786799169.994643.png
255,1786799170,494723242,1786799170.494723,000255_1786799170.494723.png
256,1786799170,894708725,1786799170.894709,000256_1786799170.894709.png
257,1786799170,927970982,1786799170.927971,000257_1786799170.927971.png
258,1786799170,961319499,1786799170.961319,000258_1786799170.961319.png
259,1786799171,394653759,1786799171.394654,000259_1786799171.394654.png
260,1786799171,427954816,1786799171.427955,000260_1786799171.427955.png
261,1786799171,461256237,1786799171.461256,000261_1786799171.461256.png
262,1786799171,727957428,1786799171.727957,000262_1786799171.727957.png
263,1786799171,961311314,1786799171.961311,000263_1786799171.961311.png
264,1786799172,261355466,1786799172.261355,000264_1786799172.261355.png
265,1786799172,561355381,1786799172.561355,000265_1786799172.561355.png
266,1786799172,628058498,1786799172.628058,000266_1786799172.628058.png
267,1786799172,661386909,1786799172.661387,000267_1786799172.661387.png
268,1786799172,711317869,1786799172.711318,000268_1786799172.711318.png
269,1786799172,761366937,1786799172.761367,000269_1786799172.761367.png
270,1786799172,861375409,1786799172.861375,000270_1786799172.861375.png
271,1786799172,894712477,1786799172.894712,000271_1786799172.894712.png
272,1786799172,928021131,1786799172.928021,000272_1786799172.928021.png
273,1786799173,194702923,1786799173.194703,000273_1786799173.194703.png
274,1786799173,394686249,1786799173.394686,000274_1786799173.394686.png
275,1786799173,428037765,1786799173.428038,000275_1786799173.428038.png
276,1786799173,594722940,1786799173.594723,000276_1786799173.594723.png
277,1786799174,28125888,1786799174.028126,000277_1786799174.028126.png
278,1786799174,228014028,1786799174.228014,000278_1786799174.228014.png
279,1786799174,628013279,1786799174.628013,000279_1786799174.628013.png
280,1786799175,428068770,1786799175.428069,000280_1786799175.428069.png
281,1786799175,878027673,1786799175.878028,000281_1786799175.878028.png
282,1786799176,194793320,1786799176.194793,000282_1786799176.194793.png
283,1786799176,461389565,1786799176.461390,000283_1786799176.461390.png
284,1786799177,178047505,1786799177.178047,000284_1786799177.178047.png
285,1786799177,311470346,1786799177.311470,000285_1786799177.311470.png
286,1786799177,461461034,1786799177.461461,000286_1786799177.461461.png
287,1786799177,528111818,1786799177.528112,000287_1786799177.528112.png
288,1786799177,728088152,1786799177.728088,000288_1786799177.728088.png
289,1786799177,911441732,1786799177.911442,000289_1786799177.911442.png
290,1786799177,961524287,1786799177.961524,000290_1786799177.961524.png
291,1786799178,328166141,1786799178.328166,000291_1786799178.328166.png
292,1786799179,294810755,1786799179.294811,000292_1786799179.294811.png
293,1786799179,461492702,1786799179.461493,000293_1786799179.461493.png
294,1786799179,528179548,1786799179.528180,000294_1786799179.528180.png
295,1786799180,61476537,1786799180.061476,000295_1786799180.061476.png
296,1786799180,111515944,1786799180.111516,000296_1786799180.111516.png
297,1786799180,194846635,1786799180.194847,000297_1786799180.194847.png
298,1786799180,428134098,1786799180.428134,000298_1786799180.428134.png
299,1786799180,611440269,1786799180.611440,000299_1786799180.611440.png
300,1786799180,944830771,1786799180.944831,000300_1786799180.944831.png
301,1786799181,394847534,1786799181.394848,000301_1786799181.394848.png
302,1786799181,578187340,1786799181.578187,000302_1786799181.578187.png
303,1786799182,61525173,1786799182.061525,000303_1786799182.061525.png
304,1786799182,144824299,1786799182.144824,000304_1786799182.144824.png
305,1786799182,344834497,1786799182.344835,000305_1786799182.344835.png
306,1786799182,478235774,1786799182.478236,000306_1786799182.478236.png
307,1786799184,678302904,1786799184.678303,000307_1786799184.678303.png
308,1786799185,11578120,1786799185.011578,000308_1786799185.011578.png
309,1786799185,111560056,1786799185.111560,000309_1786799185.111560.png
310,1786799185,144890806,1786799185.144891,000310_1786799185.144891.png
311,1786799185,228230828,1786799185.228231,000311_1786799185.228231.png
312,1786799186,378263798,1786799186.378264,000312_1786799186.378264.png
313,1786799186,544927320,1786799186.544927,000313_1786799186.544927.png
314,1786799186,645012685,1786799186.645013,000314_1786799186.645013.png
315,1786799186,944999199,1786799186.944999,000315_1786799186.944999.png
316,1786799186,978268452,1786799186.978268,000316_1786799186.978268.png
317,1786799187,178286533,1786799187.178287,000317_1786799187.178287.png
318,1786799187,244927059,1786799187.244927,000318_1786799187.244927.png
319,1786799187,411742766,1786799187.411743,000319_1786799187.411743.png
320,1786799187,444903301,1786799187.444903,000320_1786799187.444903.png
321,1786799187,544943374,1786799187.544943,000321_1786799187.544943.png
322,1786799187,644885555,1786799187.644886,000322_1786799187.644886.png
323,1786799187,678257657,1786799187.678258,000323_1786799187.678258.png
324,1786799188,44937598,1786799188.044938,000324_1786799188.044938.png
325,1786799188,244964906,1786799188.244965,000325_1786799188.244965.png
326,1786799188,411627698,1786799188.411628,000326_1786799188.411628.png
327,1786799188,444909117,1786799188.444909,000327_1786799188.444909.png
328,1786799188,544977181,1786799188.544977,000328_1786799188.544977.png
329,1786799188,911670776,1786799188.911671,000329_1786799188.911671.png
330,1786799188,944944303,1786799188.944944,000330_1786799188.944944.png
331,1786799189,344979133,1786799189.344979,000331_1786799189.344979.png
332,1786799189,411759907,1786799189.411760,000332_1786799189.411760.png
333,1786799189,511793238,1786799189.511793,000333_1786799189.511793.png
334,1786799189,711660453,1786799189.711660,000334_1786799189.711660.png
335,1786799189,744930365,1786799189.744930,000335_1786799189.744930.png
336,1786799190,28446528,1786799190.028446,000336_1786799190.028446.png
337,1786799190,228431071,1786799190.228431,000337_1786799190.228431.png
338,1786799190,961786797,1786799190.961787,000338_1786799190.961787.png
339,1786799190,995020955,1786799190.995021,000339_1786799190.995021.png
340,1786799191,261717556,1786799191.261718,000340_1786799191.261718.png
341,1786799191,295028811,1786799191.295029,000341_1786799191.295029.png
342,1786799191,428389496,1786799191.428390,000342_1786799191.428390.png
343,1786799191,628386653,1786799191.628387,000343_1786799191.628387.png
344,1786799191,661757804,1786799191.661758,000344_1786799191.661758.png
345,1786799192,261708847,1786799192.261709,000345_1786799192.261709.png
346,1786799192,295074470,1786799192.295074,000346_1786799192.295074.png
347,1786799192,461779898,1786799192.461780,000347_1786799192.461780.png
348,1786799192,495099110,1786799192.495099,000348_1786799192.495099.png
349,1786799192,595076140,1786799192.595076,000349_1786799192.595076.png
350,1786799193,128503183,1786799193.128503,000350_1786799193.128503.png
351,1786799193,461772780,1786799193.461773,000351_1786799193.461773.png
352,1786799194,461790745,1786799194.461791,000352_1786799194.461791.png
353,1786799194,495090514,1786799194.495090,000353_1786799194.495090.png
354,1786799194,595139453,1786799194.595140,000354_1786799194.595140.png
355,1786799194,761779701,1786799194.761780,000355_1786799194.761780.png
356,1786799194,861853417,1786799194.861853,000356_1786799194.861853.png
357,1786799195,128466828,1786799195.128467,000357_1786799195.128467.png
358,1786799195,195090005,1786799195.195090,000358_1786799195.195090.png
359,1786799195,228469540,1786799195.228470,000359_1786799195.228470.png
360,1786799195,895133597,1786799195.895133,000360_1786799195.895133.png
361,1786799196,395162321,1786799196.395162,000361_1786799196.395162.png
362,1786799196,795148388,1786799196.795148,000362_1786799196.795148.png
363,1786799197,328482985,1786799197.328483,000363_1786799197.328483.png
364,1786799197,528501155,1786799197.528501,000364_1786799197.528501.png
365,1786799197,861808837,1786799197.861809,000365_1786799197.861809.png
366,1786799197,961840624,1786799197.961841,000366_1786799197.961841.png
367,1786799197,995276703,1786799197.995277,000367_1786799197.995277.png
368,1786799198,561844254,1786799198.561844,000368_1786799198.561844.png
369,1786799199,28581342,1786799199.028581,000369_1786799199.028581.png
370,1786799199,61870228,1786799199.061870,000370_1786799199.061870.png
371,1786799199,528521172,1786799199.528521,000371_1786799199.528521.png
372,1786799199,561868234,1786799199.561868,000372_1786799199.561868.png
373,1786799199,595233000,1786799199.595233,000373_1786799199.595233.png
374,1786799200,128603211,1786799200.128603,000374_1786799200.128603.png
375,1786799200,261897270,1786799200.261897,000375_1786799200.261897.png
376,1786799200,461874794,1786799200.461875,000376_1786799200.461875.png
377,1786799200,911860221,1786799200.911860,000377_1786799200.911860.png
378,1786799200,961884007,1786799200.961884,000378_1786799200.961884.png
379,1786799201,161892488,1786799201.161892,000379_1786799201.161892.png
380,1786799201,328505455,1786799201.328506,000380_1786799201.328506.png
381,1786799201,361896013,1786799201.361896,000381_1786799201.361896.png
382,1786799201,395230341,1786799201.395230,000382_1786799201.395230.png
383,1786799201,428649620,1786799201.428650,000383_1786799201.428650.png
384,1786799201,561902856,1786799201.561903,000384_1786799201.561903.png
385,1786799201,895332524,1786799201.895333,000385_1786799201.895333.png
386,1786799201,928634583,1786799201.928635,000386_1786799201.928635.png
387,1786799201,961907592,1786799201.961908,000387_1786799201.961908.png
388,1786799202,11883691,1786799202.011884,000388_1786799202.011884.png
389,1786799202,45244499,1786799202.045244,000389_1786799202.045244.png
390,1786799202,261963799,1786799202.261964,000390_1786799202.261964.png
391,1786799202,295319112,1786799202.295319,000391_1786799202.295319.png
392,1786799202,361887046,1786799202.361887,000392_1786799202.361887.png
393,1786799202,395253397,1786799202.395253,000393_1786799202.395253.png
394,1786799202,795290378,1786799202.795290,000394_1786799202.795290.png
395,1786799203,961951274,1786799203.961951,000395_1786799203.961951.png
396,1786799204,28691368,1786799204.028691,000396_1786799204.028691.png
397,1786799204,61963415,1786799204.061963,000397_1786799204.061963.png
398,1786799204,295326630,1786799204.295327,000398_1786799204.295327.png
399,1786799204,511959014,1786799204.511959,000399_1786799204.511959.png
400,1786799204,695383444,1786799204.695384,000400_1786799204.695384.png
401,1786799205,478697300,1786799205.478697,000401_1786799205.478697.png
402,1786799205,511944280,1786799205.511944,000402_1786799205.511944.png
403,1786799206,111970926,1786799206.111971,000403_1786799206.111971.png
404,1786799206,445305725,1786799206.445306,000404_1786799206.445306.png
405,1786799206,478661326,1786799206.478661,000405_1786799206.478661.png
406,1786799206,511982593,1786799206.511983,000406_1786799206.511983.png
407,1786799206,545316306,1786799206.545316,000407_1786799206.545316.png
408,1786799207,262010733,1786799207.262011,000408_1786799207.262011.png
409,1786799207,345395654,1786799207.345396,000409_1786799207.345396.png
410,1786799208,95374401,1786799208.095374,000410_1786799208.095374.png
411,1786799208,328847067,1786799208.328847,000411_1786799208.328847.png
412,1786799208,362097501,1786799208.362098,000412_1786799208.362098.png
413,1786799208,462054159,1786799208.462054,000413_1786799208.462054.png
414,1786799208,862058177,1786799208.862058,000414_1786799208.862058.png
415,1786799208,962037670,1786799208.962038,000415_1786799208.962038.png
416,1786799209,12024461,1786799209.012024,000416_1786799209.012024.png
417,1786799209,95465958,1786799209.095466,000417_1786799209.095466.png
418,1786799209,145411779,1786799209.145412,000418_1786799209.145412.png
419,1786799209,595411127,1786799209.595411,000419_1786799209.595411.png
420,1786799209,628765973,1786799209.628766,000420_1786799209.628766.png
421,1786799209,712023855,1786799209.712024,000421_1786799209.712024.png
422,1786799209,745420008,1786799209.745420,000422_1786799209.745420.png
423,1786799209,778748324,1786799209.778748,000423_1786799209.778748.png
424,1786799210,228777936,1786799210.228778,000424_1786799210.228778.png
425,1786799210,345395159,1786799210.345395,000425_1786799210.345395.png
426,1786799210,562136576,1786799210.562137,000426_1786799210.562137.png
427,1786799211,412069344,1786799211.412069,000427_1786799211.412069.png
428,1786799211,445421201,1786799211.445421,000428_1786799211.445421.png
429,1786799211,628776766,1786799211.628777,000429_1786799211.628777.png
430,1786799211,712152258,1786799211.712152,000430_1786799211.712152.png
431,1786799211,778739488,1786799211.778739,000431_1786799211.778739.png
432,1786799212,145485598,1786799212.145486,000432_1786799212.145486.png
433,1786799212,178807192,1786799212.178807,000433_1786799212.178807.png
434,1786799212,245434038,1786799212.245434,000434_1786799212.245434.png
435,1786799212,478785893,1786799212.478786,000435_1786799212.478786.png
436,1786799212,612120670,1786799212.612121,000436_1786799212.612121.png
437,1786799212,645415522,1786799212.645416,000437_1786799212.645416.png
438,1786799212,795399912,1786799212.795400,000438_1786799212.795400.png
439,1786799212,895471662,1786799212.895472,000439_1786799212.895472.png
440,1786799212,945451434,1786799212.945451,000440_1786799212.945451.png
441,1786799212,978791558,1786799212.978791,000441_1786799212.978791.png
442,1786799213,78780335,1786799213.078780,000442_1786799213.078780.png
443,1786799213,145456877,1786799213.145457,000443_1786799213.145457.png
444,1786799213,178832393,1786799213.178832,000444_1786799213.178832.png
445,1786799213,345500154,1786799213.345500,000445_1786799213.345500.png
446,1786799213,378733618,1786799213.378734,000446_1786799213.378734.png
447,1786799213,445488667,1786799213.445489,000447_1786799213.445489.png
448,1786799213,528914349,1786799213.528914,000448_1786799213.528914.png
449,1786799213,578785599,1786799213.578786,000449_1786799213.578786.png
450,1786799213,612145435,1786799213.612145,000450_1786799213.612145.png
451,1786799213,645442817,1786799213.645443,000451_1786799213.645443.png
452,1786799213,712208805,1786799213.712209,000452_1786799213.712209.png
453,1786799214,278828488,1786799214.278828,000453_1786799214.278828.png
454,1786799214,812177963,1786799214.812178,000454_1786799214.812178.png
455,1786799214,845589009,1786799214.845589,000455_1786799214.845589.png
456,1786799215,28849719,1786799215.028850,000456_1786799215.028850.png
457,1786799215,478888679,1786799215.478889,000457_1786799215.478889.png
458,1786799215,545516983,1786799215.545517,000458_1786799215.545517.png
459,1786799215,578882692,1786799215.578883,000459_1786799215.578883.png
460,1786799215,845599520,1786799215.845599,000460_1786799215.845599.png
461,1786799215,878901508,1786799215.878901,000461_1786799215.878901.png
462,1786799215,912157646,1786799215.912158,000462_1786799215.912158.png
463,1786799215,945511708,1786799215.945512,000463_1786799215.945512.png
464,1786799216,878801591,1786799216.878802,000464_1786799216.878802.png
465,1786799217,45523173,1786799217.045523,000465_1786799217.045523.png
466,1786799217,112233729,1786799217.112234,000466_1786799217.112234.png
467,1786799217,145540189,1786799217.145540,000467_1786799217.145540.png
468,1786799217,445673799,1786799217.445674,000468_1786799217.445674.png
469,1786799217,545559265,1786799217.545559,000469_1786799217.545559.png
470,1786799217,578836607,1786799217.578837,000470_1786799217.578837.png
471,1786799217,978868538,1786799217.978868,000471_1786799217.978868.png
472,1786799218,12245000,1786799218.012245,000472_1786799218.012245.png
473,1786799218,178847624,1786799218.178848,000473_1786799218.178848.png
474,1786799218,645568765,1786799218.645569,000474_1786799218.645569.png
475,1786799218,978959137,1786799218.978959,000475_1786799218.978959.png
476,1786799219,145548724,1786799219.145549,000476_1786799219.145549.png
477,1786799219,178882067,1786799219.178882,000477_1786799219.178882.png
478,1786799219,245582579,1786799219.245583,000478_1786799219.245583.png
479,1786799219,345558539,1786799219.345559,000479_1786799219.345559.png
480,1786799219,412230696,1786799219.412231,000480_1786799219.412231.png
481,1786799219,678833417,1786799219.678833,000481_1786799219.678833.png
482,1786799219,845666212,1786799219.845666,000482_1786799219.845666.png
483,1786799220,112250087,1786799220.112250,000483_1786799220.112250.png
484,1786799220,178922600,1786799220.178923,000484_1786799220.178923.png
485,1786799220,212253551,1786799220.212254,000485_1786799220.212254.png
486,1786799220,245623767,1786799220.245624,000486_1786799220.245624.png
487,1786799220,645588010,1786799220.645588,000487_1786799220.645588.png
488,1786799220,712314190,1786799220.712314,000488_1786799220.712314.png
489,1786799220,745683196,1786799220.745683,000489_1786799220.745683.png
490,1786799220,878955146,1786799220.878955,000490_1786799220.878955.png
491,1786799220,912296113,1786799220.912296,000491_1786799220.912296.png
492,1786799220,978975777,1786799220.978976,000492_1786799220.978976.png
493,1786799221,78931619,1786799221.078932,000493_1786799221.078932.png
494,1786799221,178971519,1786799221.178972,000494_1786799221.178972.png
495,1786799221,212271598,1786799221.212272,000495_1786799221.212272.png
496,1786799221,245641290,1786799221.245641,000496_1786799221.245641.png
497,1786799221,345633328,1786799221.345633,000497_1786799221.345633.png
498,1786799221,412338596,1786799221.412338,000498_1786799221.412338.png
499,1786799221,679014525,1786799221.679014,000499_1786799221.679014.png
500,1786799221,745630212,1786799221.745630,000500_1786799221.745630.png
501,1786799221,778961370,1786799221.778961,000501_1786799221.778961.png
502,1786799221,945685296,1786799221.945685,000502_1786799221.945685.png
503,1786799222,179072331,1786799222.179072,000503_1786799222.179072.png
504,1786799222,212302688,1786799222.212303,000504_1786799222.212303.png
505,1786799222,545634159,1786799222.545634,000505_1786799222.545634.png
506,1786799222,578991931,1786799222.578992,000506_1786799222.578992.png
507,1786799222,612324779,1786799222.612325,000507_1786799222.612325.png
508,1786799222,645632185,1786799222.645632,000508_1786799222.645632.png
509,1786799222,812385940,1786799222.812386,000509_1786799222.812386.png
510,1786799223,78997972,1786799223.078998,000510_1786799223.078998.png
511,1786799223,195753493,1786799223.195754,000511_1786799223.195754.png
512,1786799223,295779428,1786799223.295779,000512_1786799223.295779.png
513,1786799223,695852357,1786799223.695852,000513_1786799223.695852.png
514,1786799223,895692251,1786799223.895692,000514_1786799223.895692.png
515,1786799224,262435762,1786799224.262436,000515_1786799224.262436.png
516,1786799224,495827820,1786799224.495828,000516_1786799224.495828.png
517,1786799224,562384663,1786799224.562385,000517_1786799224.562385.png
518,1786799224,828995954,1786799224.828996,000518_1786799224.828996.png
519,1786799224,995725149,1786799224.995725,000519_1786799224.995725.png
520,1786799225,295731341,1786799225.295731,000520_1786799225.295731.png
521,1786799225,329081013,1786799225.329081,000521_1786799225.329081.png
522,1786799225,829140859,1786799225.829141,000522_1786799225.829141.png
523,1786799226,62472354,1786799226.062472,000523_1786799226.062472.png
524,1786799226,195830139,1786799226.195830,000524_1786799226.195830.png
525,1786799226,262390417,1786799226.262390,000525_1786799226.262390.png
526,1786799226,329074781,1786799226.329075,000526_1786799226.329075.png
527,1786799226,429097413,1786799226.429097,000527_1786799226.429097.png
528,1786799226,562439475,1786799226.562439,000528_1786799226.562439.png
529,1786799226,595728329,1786799226.595728,000529_1786799226.595728.png
530,1786799226,695804888,1786799226.695805,000530_1786799226.695805.png
531,1786799226,762394829,1786799226.762395,000531_1786799226.762395.png
532,1786799227,129104426,1786799227.129104,000532_1786799227.129104.png
533,1786799227,462436626,1786799227.462437,000533_1786799227.462437.png
534,1786799227,629129254,1786799227.629129,000534_1786799227.629129.png
535,1786799228,62457075,1786799228.062457,000535_1786799228.062457.png
536,1786799228,262651616,1786799228.262652,000536_1786799228.262652.png
537,1786799228,395731412,1786799228.395731,000537_1786799228.395731.png
538,1786799228,729104788,1786799228.729105,000538_1786799228.729105.png
539,1786799228,795719239,1786799228.795719,000539_1786799228.795719.png
540,1786799228,829135235,1786799228.829135,000540_1786799228.829135.png
541,1786799228,895772314,1786799228.895772,000541_1786799228.895772.png
542,1786799228,929114609,1786799228.929115,000542_1786799228.929115.png
543,1786799228,962537923,1786799228.962538,000543_1786799228.962538.png
544,1786799229,162478313,1786799229.162478,000544_1786799229.162478.png
545,1786799229,295851743,1786799229.295852,000545_1786799229.295852.png
546,1786799229,595863885,1786799229.595864,000546_1786799229.595864.png
547,1786799229,629135652,1786799229.629136,000547_1786799229.629136.png
548,1786799229,929112573,1786799229.929113,000548_1786799229.929113.png
549,1786799230,129148870,1786799230.129149,000549_1786799230.129149.png
550,1786799230,262641275,1786799230.262641,000550_1786799230.262641.png
551,1786799230,295734209,1786799230.295734,000551_1786799230.295734.png
552,1786799230,329227421,1786799230.329227,000552_1786799230.329227.png
553,1786799230,429174944,1786799230.429175,000553_1786799230.429175.png
554,1786799230,829201055,1786799230.829201,000554_1786799230.829201.png
555,1786799230,895833990,1786799230.895834,000555_1786799230.895834.png
556,1786799230,995778030,1786799230.995778,000556_1786799230.995778.png
557,1786799231,29272139,1786799231.029272,000557_1786799231.029272.png
558,1786799231,562485385,1786799231.562485,000558_1786799231.562485.png
559,1786799232,29151810,1786799232.029152,000559_1786799232.029152.png
560,1786799232,295844271,1786799232.295844,000560_1786799232.295844.png
561,1786799232,462530124,1786799232.462530,000561_1786799232.462530.png
562,1786799232,512507576,1786799232.512508,000562_1786799232.512508.png
563,1786799232,662525235,1786799232.662525,000563_1786799232.662525.png
564,1786799232,712552902,1786799232.712553,000564_1786799232.712553.png
565,1786799232,895836119,1786799232.895836,000565_1786799232.895836.png
566,1786799232,962536676,1786799232.962537,000566_1786799232.962537.png
567,1786799232,995878823,1786799232.995879,000567_1786799232.995879.png
568,1786799233,329218346,1786799233.329218,000568_1786799233.329218.png
569,1786799233,595891927,1786799233.595892,000569_1786799233.595892.png
570,1786799233,895926532,1786799233.895926,000570_1786799233.895926.png
571,1786799233,995854954,1786799233.995855,000571_1786799233.995855.png
572,1786799234,162567846,1786799234.162568,000572_1786799234.162568.png
573,1786799234,295894862,1786799234.295895,000573_1786799234.295895.png
574,1786799234,529301683,1786799234.529302,000574_1786799234.529302.png
575,1786799234,595968762,1786799234.595969,000575_1786799234.595969.png
576,1786799235,229263707,1786799235.229264,000576_1786799235.229264.png
577,1786799235,362667073,1786799235.362667,000577_1786799235.362667.png
578,1786799235,412676380,1786799235.412676,000578_1786799235.412676.png
579,1786799235,445906639,1786799235.445907,000579_1786799235.445907.png
580,1786799235,762695481,1786799235.762696,000580_1786799235.762696.png
581,1786799235,929309067,1786799235.929309,000581_1786799235.929309.png
582,1786799235,979199343,1786799235.979199,000582_1786799235.979199.png
583,1786799236,212668772,1786799236.212669,000583_1786799236.212669.png
584,1786799236,279312018,1786799236.279312,000584_1786799236.279312.png
585,1786799236,312592500,1786799236.312593,000585_1786799236.312593.png
586,1786799236,345886829,1786799236.345887,000586_1786799236.345887.png
587,1786799236,612600290,1786799236.612600,000587_1786799236.612600.png
588,1786799236,895956083,1786799236.895956,000588_1786799236.895956.png
589,1786799236,929310254,1786799236.929310,000589_1786799236.929310.png
590,1786799237,62582590,1786799237.062582,000590_1786799237.062582.png
591,1786799237,112637764,1786799237.112638,000591_1786799237.112638.png
592,1786799237,162658759,1786799237.162659,000592_1786799237.162659.png
593,1786799237,912739263,1786799237.912739,000593_1786799237.912739.png
594,1786799239,946091427,1786799239.946091,000594_1786799239.946091.png
595,1786799240,212767100,1786799240.212767,000595_1786799240.212767.png
596,1786799240,345984112,1786799240.345984,000596_1786799240.345984.png
597,1786799240,496003243,1786799240.496003,000597_1786799240.496003.png
598,1786799240,546033739,1786799240.546034,000598_1786799240.546034.png
599,1786799241,96114219,1786799241.096114,000599_1786799241.096114.png
600,1786799241,196057107,1786799241.196057,000600_1786799241.196057.png
601,1786799241,229371354,1786799241.229371,000601_1786799241.229371.png
602,1786799241,379374258,1786799241.379374,000602_1786799241.379374.png
603,1786799241,412770602,1786799241.412771,000603_1786799241.412771.png
604,1786799241,546057028,1786799241.546057,000604_1786799241.546057.png
605,1786799241,812720521,1786799241.812721,000605_1786799241.812721.png
606,1786799241,946030207,1786799241.946030,000606_1786799241.946030.png
607,1786799242,129367106,1786799242.129367,000607_1786799242.129367.png
608,1786799242,212731297,1786799242.212731,000608_1786799242.212731.png
609,1786799242,279404891,1786799242.279405,000609_1786799242.279405.png
610,1786799242,346098427,1786799242.346098,000610_1786799242.346098.png
611,1786799242,396042450,1786799242.396042,000611_1786799242.396042.png
612,1786799242,479359463,1786799242.479359,000612_1786799242.479359.png
613,1786799242,512764995,1786799242.512765,000613_1786799242.512765.png
614,1786799243,179381933,1786799243.179382,000614_1786799243.179382.png
615,1786799243,512817602,1786799243.512818,000615_1786799243.512818.png
616,1786799243,546063633,1786799243.546064,000616_1786799243.546064.png
617,1786799243,746193100,1786799243.746193,000617_1786799243.746193.png
618,1786799243,846089839,1786799243.846090,000618_1786799243.846090.png
619,1786799244,296184223,1786799244.296184,000619_1786799244.296184.png
620,1786799244,379496707,1786799244.379497,000620_1786799244.379497.png
621,1786799244,446144459,1786799244.446144,000621_1786799244.446144.png
622,1786799244,546064734,1786799244.546065,000622_1786799244.546065.png
623,1786799244,696107569,1786799244.696108,000623_1786799244.696108.png
624,1786799244,846164716,1786799244.846165,000624_1786799244.846165.png
625,1786799244,879410281,1786799244.879410,000625_1786799244.879410.png
626,1786799244,946079981,1786799244.946080,000626_1786799244.946080.png
627,1786799245,79479412,1786799245.079479,000627_1786799245.079479.png
628,1786799245,146107383,1786799245.146107,000628_1786799245.146107.png
629,1786799245,479412531,1786799245.479413,000629_1786799245.479413.png
630,1786799245,546126730,1786799245.546127,000630_1786799245.546127.png
631,1786799245,612733692,1786799245.612734,000631_1786799245.612734.png
632,1786799245,679451115,1786799245.679451,000632_1786799245.679451.png
633,1786799246,179563469,1786799246.179564,000633_1786799246.179564.png
634,1786799246,379562595,1786799246.379563,000634_1786799246.379563.png
635,1786799246,412887525,1786799246.412888,000635_1786799246.412888.png
636,1786799246,512813372,1786799246.512813,000636_1786799246.512813.png
637,1786799247,612790591,1786799247.612791,000637_1786799247.612791.png
638,1786799247,846178464,1786799247.846179,000638_1786799247.846179.png
639,1786799247,879581259,1786799247.879581,000639_1786799247.879581.png
640,1786799248,546182480,1786799248.546182,000640_1786799248.546182.png
641,1786799249,446214636,1786799249.446215,000641_1786799249.446215.png
642,1786799249,479511356,1786799249.479511,000642_1786799249.479511.png
643,1786799249,679544434,1786799249.679544,000643_1786799249.679544.png
644,1786799249,746196890,1786799249.746197,000644_1786799249.746197.png
645,1786799249,779518558,1786799249.779519,000645_1786799249.779519.png
646,1786799249,812850561,1786799249.812850,000646_1786799249.812850.png
647,1786799249,846246084,1786799249.846246,000647_1786799249.846246.png
648,1786799249,946218764,1786799249.946219,000648_1786799249.946219.png
649,1786799249,979560933,1786799249.979561,000649_1786799249.979561.png
650,1786799250,112976836,1786799250.112977,000650_1786799250.112977.png
651,1786799250,146297293,1786799250.146297,000651_1786799250.146297.png
652,1786799250,212906026,1786799250.212906,000652_1786799250.212906.png
653,1786799250,246189658,1786799250.246190,000653_1786799250.246190.png
654,1786799250,279558178,1786799250.279558,000654_1786799250.279558.png
655,1786799250,612911348,1786799250.612911,000655_1786799250.612911.png
656,1786799250,679583427,1786799250.679583,000656_1786799250.679583.png
657,1786799250,979661234,1786799250.979661,000657_1786799250.979661.png
658,1786799251,79579542,1786799251.079580,000658_1786799251.079580.png
659,1786799251,112902636,1786799251.112903,000659_1786799251.112903.png
660,1786799251,179581595,1786799251.179582,000660_1786799251.179582.png
661,1786799251,212856224,1786799251.212856,000661_1786799251.212856.png
662,1786799251,396391908,1786799251.396392,000662_1786799251.396392.png
663,1786799251,512866661,1786799251.512867,000663_1786799251.512867.png
664,1786799251,546247335,1786799251.546247,000664_1786799251.546247.png
665,1786799251,679538037,1786799251.679538,000665_1786799251.679538.png
666,1786799251,979678039,1786799251.979678,000666_1786799251.979678.png
667,1786799252,146231373,1786799252.146231,000667_1786799252.146231.png
668,1786799252,212901958,1786799252.212902,000668_1786799252.212902.png
669,1786799252,246254310,1786799252.246254,000669_1786799252.246254.png
670,1786799252,579643983,1786799252.579644,000670_1786799252.579644.png
671,1786799252,612971298,1786799252.612971,000671_1786799252.612971.png
672,1786799252,646238498,1786799252.646239,000672_1786799252.646239.png
673,1786799252,679544366,1786799252.679544,000673_1786799252.679544.png
674,1786799252,712912169,1786799252.712912,000674_1786799252.712912.png
675,1786799252,746220549,1786799252.746221,000675_1786799252.746221.png
676,1786799252,879732649,1786799252.879733,000676_1786799252.879733.png
677,1786799253,12902056,1786799253.012902,000677_1786799253.012902.png
678,1786799253,46277129,1786799253.046277,000678_1786799253.046277.png
679,1786799253,512888266,1786799253.512888,000679_1786799253.512888.png
680,1786799253,546246454,1786799253.546247,000680_1786799253.546247.png
681,1786799253,579618814,1786799253.579619,000681_1786799253.579619.png
682,1786799253,612945134,1786799253.612945,000682_1786799253.612945.png
683,1786799253,646277813,1786799253.646278,000683_1786799253.646278.png
684,1786799253,679623066,1786799253.679623,000684_1786799253.679623.png
685,1786799253,946272317,1786799253.946272,000685_1786799253.946272.png
686,1786799254,12918130,1786799254.012918,000686_1786799254.012918.png
687,1786799254,312965110,1786799254.312965,000687_1786799254.312965.png
688,1786799254,479659510,1786799254.479660,000688_1786799254.479660.png
689,1786799254,546356500,1786799254.546356,000689_1786799254.546356.png
690,1786799254,879663738,1786799254.879664,000690_1786799254.879664.png
691,1786799255,246354739,1786799255.246355,000691_1786799255.246355.png
692,1786799256,213070622,1786799256.213071,000692_1786799256.213071.png
693,1786799256,246457080,1786799256.246457,000693_1786799256.246457.png
694,1786799256,346334624,1786799256.346335,000694_1786799256.346335.png
695,1786799256,413036190,1786799256.413036,000695_1786799256.413036.png
696,1786799256,529703295,1786799256.529703,000696_1786799256.529703.png
697,1786799256,629687156,1786799256.629687,000697_1786799256.629687.png
698,1786799256,662946810,1786799256.662947,000698_1786799256.662947.png
699,1786799256,729794244,1786799256.729794,000699_1786799256.729794.png
700,1786799256,896495926,1786799256.896496,000700_1786799256.896496.png
701,1786799257,396486261,1786799257.396486,000701_1786799257.396486.png
702,1786799257,963054771,1786799257.963055,000702_1786799257.963055.png
703,1786799258,96388962,1786799258.096389,000703_1786799258.096389.png
704,1786799258,163065348,1786799258.163065,000704_1786799258.163065.png
705,1786799258,263095731,1786799258.263096,000705_1786799258.263096.png
706,1786799258,296443885,1786799258.296444,000706_1786799258.296444.png
707,1786799258,513082636,1786799258.513083,000707_1786799258.513083.png
708,1786799258,629851993,1786799258.629852,000708_1786799258.629852.png
709,1786799258,729828796,1786799258.729829,000709_1786799258.729829.png
710,1786799258,829759920,1786799258.829760,000710_1786799258.829760.png
711,1786799259,63086724,1786799259.063087,000711_1786799259.063087.png
712,1786799259,163016484,1786799259.163017,000712_1786799259.163017.png
713,1786799259,229828930,1786799259.229829,000713_1786799259.229829.png
714,1786799259,329783464,1786799259.329783,000714_1786799259.329783.png
715,1786799259,463111911,1786799259.463112,000715_1786799259.463112.png
716,1786799259,929707747,1786799259.929708,000716_1786799259.929708.png
717,1786799259,963026520,1786799259.963027,000717_1786799259.963027.png
718,1786799260,63095105,1786799260.063095,000718_1786799260.063095.png
719,1786799260,196441917,1786799260.196442,000719_1786799260.196442.png
720,1786799260,713043964,1786799260.713044,000720_1786799260.713044.png
721,1786799260,929838623,1786799260.929839,000721_1786799260.929839.png
722,1786799261,13103625,1786799261.013104,000722_1786799261.013104.png
723,1786799261,46406610,1786799261.046407,000723_1786799261.046407.png
724,1786799261,546433549,1786799261.546433,000724_1786799261.546433.png
725,1786799261,579793734,1786799261.579794,000725_1786799261.579794.png
726,1786799261,896582559,1786799261.896583,000726_1786799261.896583.png
727,1786799262,479915454,1786799262.479915,000727_1786799262.479915.png
728,1786799262,546605339,1786799262.546605,000728_1786799262.546605.png
729,1786799262,629754534,1786799262.629755,000729_1786799262.629755.png
730,1786799262,963122025,1786799262.963122,000730_1786799262.963122.png
731,1786799262,996483547,1786799262.996484,000731_1786799262.996484.png
732,1786799263,263248851,1786799263.263249,000732_1786799263.263249.png
733,1786799264,229867460,1786799264.229867,000733_1786799264.229867.png
734,1786799264,263189757,1786799264.263190,000734_1786799264.263190.png
735,1786799265,29857240,1786799265.029857,000735_1786799265.029857.png
736,1786799265,413210634,1786799265.413211,000736_1786799265.413211.png
737,1786799265,946580772,1786799265.946581,000737_1786799265.946581.png
738,1786799266,79828765,1786799266.079829,000738_1786799266.079829.png
739,1786799266,113201378,1786799266.113201,000739_1786799266.113201.png
740,1786799266,546650886,1786799266.546651,000740_1786799266.546651.png
741,1786799266,881822484,1786799266.881823,000741_1786799266.881823.png
742,1786799266,913228356,1786799266.913228,000742_1786799266.913228.png
743,1786799267,79893772,1786799267.079894,000743_1786799267.079894.png
744,1786799267,146617499,1786799267.146617,000744_1786799267.146617.png
745,1786799267,546760650,1786799267.546761,000745_1786799267.546761.png
746,1786799267,646664630,1786799267.646665,000746_1786799267.646665.png
747,1786799267,679880684,1786799267.679881,000747_1786799267.679881.png
748,1786799267,746513387,1786799267.746513,000748_1786799267.746513.png
749,1786799267,779940297,1786799267.779940,000749_1786799267.779940.png
750,1786799267,846605932,1786799267.846606,000750_1786799267.846606.png
751,1786799267,946577478,1786799267.946578,000751_1786799267.946578.png
752,1786799268,79871038,1786799268.079871,000752_1786799268.079871.png
753,1786799268,113216630,1786799268.113217,000753_1786799268.113217.png
754,1786799268,696666876,1786799268.696667,000754_1786799268.696667.png
755,1786799268,813317877,1786799268.813318,000755_1786799268.813318.png
756,1786799268,846563156,1786799268.846563,000756_1786799268.846563.png
757,1786799268,879945655,1786799268.879946,000757_1786799268.879946.png
758,1786799268,963251244,1786799268.963251,000758_1786799268.963251.png
759,1786799269,13283399,1786799269.013283,000759_1786799269.013283.png
760,1786799269,46608356,1786799269.046608,000760_1786799269.046608.png
761,1786799269,313377663,1786799269.313378,000761_1786799269.313378.png
762,1786799269,613346322,1786799269.613346,000762_1786799269.613346.png
763,1786799269,829997948,1786799269.829998,000763_1786799269.829998.png
764,1786799270,246700451,1786799270.246701,000764_1786799270.246701.png
765,1786799270,346668590,1786799270.346668,000765_1786799270.346668.png
766,1786799270,429912117,1786799270.429912,000766_1786799270.429912.png
767,1786799270,580018401,1786799270.580018,000767_1786799270.580018.png
768,1786799270,613292971,1786799270.613293,000768_1786799270.613293.png
769,1786799270,846599762,1786799270.846600,000769_1786799270.846600.png
770,1786799270,980056962,1786799270.980057,000770_1786799270.980057.png
771,1786799271,29944932,1786799271.029945,000771_1786799271.029945.png
772,1786799271,79926788,1786799271.079927,000772_1786799271.079927.png
773,1786799271,113297614,1786799271.113298,000773_1786799271.113298.png
774,1786799271,146581141,1786799271.146581,000774_1786799271.146581.png
775,1786799271,380163881,1786799271.380164,000775_1786799271.380164.png
776,1786799271,446648794,1786799271.446649,000776_1786799271.446649.png
777,1786799271,513363410,1786799271.513363,000777_1786799271.513363.png
778,1786799271,913314311,1786799271.913314,000778_1786799271.913314.png
779,1786799272,46669885,1786799272.046670,000779_1786799272.046670.png
780,1786799272,80033997,1786799272.080034,000780_1786799272.080034.png
781,1786799272,146687613,1786799272.146688,000781_1786799272.146688.png
782,1786799272,280027775,1786799272.280028,000782_1786799272.280028.png
783,1786799272,313359686,1786799272.313360,000783_1786799272.313360.png
784,1786799272,579968490,1786799272.579968,000784_1786799272.579968.png
785,1786799272,613362733,1786799272.613363,000785_1786799272.613363.png
786,1786799272,980044024,1786799272.980044,000786_1786799272.980044.png
787,1786799273,746662013,1786799273.746662,000787_1786799273.746662.png
788,1786799274,80003597,1786799274.080003,000788_1786799274.080003.png
789,1786799274,679958149,1786799274.679958,000789_1786799274.679958.png
790,1786799274,913619224,1786799274.913619,000790_1786799274.913619.png
791,1786799275,13398739,1786799275.013399,000791_1786799275.013399.png
792,1786799275,380024654,1786799275.380025,000792_1786799275.380025.png
793,1786799275,546836538,1786799275.546837,000793_1786799275.546837.png
794,1786799275,680033344,1786799275.680033,000794_1786799275.680033.png
795,1786799275,946800800,1786799275.946801,000795_1786799275.946801.png
796,1786799276,80077529,1786799276.080078,000796_1786799276.080078.png
797,1786799276,113404181,1786799276.113404,000797_1786799276.113404.png
798,1786799276,146706180,1786799276.146706,000798_1786799276.146706.png
799,1786799276,180023257,1786799276.180023,000799_1786799276.180023.png
800,1786799276,246784042,1786799276.246784,000800_1786799276.246784.png
801,1786799276,280053772,1786799276.280054,000801_1786799276.280054.png
802,1786799276,413402530,1786799276.413403,000802_1786799276.413403.png
803,1786799276,446750848,1786799276.446751,000803_1786799276.446751.png
804,1786799276,613484872,1786799276.613485,000804_1786799276.613485.png
805,1786799276,680097897,1786799276.680098,000805_1786799276.680098.png
806,1786799276,913404658,1786799276.913405,000806_1786799276.913405.png
807,1786799276,980066025,1786799276.980066,000807_1786799276.980066.png
808,1786799277,13452475,1786799277.013453,000808_1786799277.013453.png
809,1786799277,113403983,1786799277.113404,000809_1786799277.113404.png
810,1786799277,346952406,1786799277.346952,000810_1786799277.346952.png
811,1786799277,446738255,1786799277.446738,000811_1786799277.446738.png
812,1786799277,746824976,1786799277.746825,000812_1786799277.746825.png
813,1786799278,46939761,1786799278.046940,000813_1786799278.046940.png
814,1786799278,146799842,1786799278.146800,000814_1786799278.146800.png
815,1786799278,313415407,1786799278.313415,000815_1786799278.313415.png
816,1786799278,880187024,1786799278.880187,000816_1786799278.880187.png
817,1786799279,80127029,1786799279.080127,000817_1786799279.080127.png
818,1786799279,246742562,1786799279.246742,000818_1786799279.246742.png
819,1786799279,480149807,1786799279.480150,000819_1786799279.480150.png
820,1786799279,746869232,1786799279.746869,000820_1786799279.746869.png
821,1786799279,913482416,1786799279.913482,000821_1786799279.913482.png
822,1786799279,980124694,1786799279.980125,000822_1786799279.980125.png
823,1786799280,380170211,1786799280.380170,000823_1786799280.380170.png
824,1786799281,280246190,1786799281.280246,000824_1786799281.280246.png
825,1786799281,346884095,1786799281.346884,000825_1786799281.346884.png
826,1786799281,946998551,1786799281.946999,000826_1786799281.946999.png
827,1786799281,980193247,1786799281.980193,000827_1786799281.980193.png
828,1786799282,880231215,1786799282.880231,000828_1786799282.880231.png
829,1786799283,413680395,1786799283.413680,000829_1786799283.413680.png
830,1786799283,913620579,1786799283.913620,000830_1786799283.913620.png
831,1786799283,946900022,1786799283.946900,000831_1786799283.946900.png
832,1786799284,146853792,1786799284.146854,000832_1786799284.146854.png
833,1786799284,180205514,1786799284.180206,000833_1786799284.180206.png
834,1786799284,213549425,1786799284.213549,000834_1786799284.213549.png
835,1786799284,380325320,1786799284.380325,000835_1786799284.380325.png
836,1786799284,446899292,1786799284.446899,000836_1786799284.446899.png
837,1786799284,513573306,1786799284.513573,000837_1786799284.513573.png
838,1786799284,580236962,1786799284.580237,000838_1786799284.580237.png
839,1786799284,613535899,1786799284.613536,000839_1786799284.613536.png
840,1786799284,646862653,1786799284.646863,000840_1786799284.646863.png
841,1786799284,880227122,1786799284.880227,000841_1786799284.880227.png
842,1786799285,413629829,1786799285.413630,000842_1786799285.413630.png
843,1786799285,680411396,1786799285.680411,000843_1786799285.680411.png
844,1786799285,880382762,1786799285.880383,000844_1786799285.880383.png
845,1786799285,946924382,1786799285.946924,000845_1786799285.946924.png
846,1786799286,80243142,1786799286.080243,000846_1786799286.080243.png
847,1786799286,313701705,1786799286.313702,000847_1786799286.313702.png
848,1786799286,546884589,1786799286.546885,000848_1786799286.546885.png
849,1786799286,580288544,1786799286.580289,000849_1786799286.580289.png
850,1786799286,613583025,1786799286.613583,000850_1786799286.613583.png
851,1786799286,780177834,1786799286.780178,000851_1786799286.780178.png
852,1786799286,813641306,1786799286.813641,000852_1786799286.813641.png
853,1786799287,46944534,1786799287.046945,000853_1786799287.046945.png
854,1786799287,413802017,1786799287.413802,000854_1786799287.413802.png
855,1786799287,447060536,1786799287.447061,000855_1786799287.447061.png
856,1786799287,547008984,1786799287.547009,000856_1786799287.547009.png
857,1786799287,580304329,1786799287.580304,000857_1786799287.580304.png
858,1786799287,646947295,1786799287.646947,000858_1786799287.646947.png
859,1786799287,880396957,1786799287.880397,000859_1786799287.880397.png
860,1786799287,947025081,1786799287.947025,000860_1786799287.947025.png
861,1786799288,13724146,1786799288.013724,000861_1786799288.013724.png
862,1786799288,46985243,1786799288.046985,000862_1786799288.046985.png
863,1786799288,80292700,1786799288.080293,000863_1786799288.080293.png
864,1786799288,146937373,1786799288.146937,000864_1786799288.146937.png
865,1786799288,213755785,1786799288.213756,000865_1786799288.213756.png
866,1786799288,246946488,1786799288.246947,000866_1786799288.246947.png
867,1786799288,713631616,1786799288.713632,000867_1786799288.713632.png
868,1786799288,980361480,1786799288.980361,000868_1786799288.980361.png
869,1786799289,13710702,1786799289.013711,000869_1786799289.013711.png
870,1786799289,213712445,1786799289.213712,000870_1786799289.213712.png
871,1786799289,313678182,1786799289.313678,000871_1786799289.313678.png
872,1786799289,346985025,1786799289.346985,000872_1786799289.346985.png
873,1786799289,413633977,1786799289.413634,000873_1786799289.413634.png
874,1786799289,480343417,1786799289.480343,000874_1786799289.480343.png
875,1786799290,730326075,1786799290.730326,000875_1786799290.730326.png
876,1786799291,113799711,1786799291.113800,000876_1786799291.113800.png
877,1786799291,147017614,1786799291.147018,000877_1786799291.147018.png
878,1786799291,247014649,1786799291.247015,000878_1786799291.247015.png
879,1786799291,330454432,1786799291.330454,000879_1786799291.330454.png
880,1786799291,430325167,1786799291.430325,000880_1786799291.430325.png
881,1786799291,463766831,1786799291.463767,000881_1786799291.463767.png
882,1786799291,897136836,1786799291.897137,000882_1786799291.897137.png
883,1786799292,80417013,1786799292.080417,000883_1786799292.080417.png
884,1786799292,113801596,1786799292.113801,000884_1786799292.113801.png
885,1786799292,330444255,1786799292.330444,000885_1786799292.330444.png
886,1786799292,430413593,1786799292.430413,000886_1786799292.430413.png
887,1786799292,563787512,1786799292.563787,000887_1786799292.563787.png
888,1786799292,647074358,1786799292.647074,000888_1786799292.647074.png
889,1786799292,863840007,1786799292.863840,000889_1786799292.863840.png
890,1786799292,913745272,1786799292.913745,000890_1786799292.913745.png
891,1786799292,947096315,1786799292.947096,000891_1786799292.947096.png
892,1786799293,130362295,1786799293.130362,000892_1786799293.130362.png
893,1786799293,647221003,1786799293.647221,000893_1786799293.647221.png
894,1786799293,897267224,1786799293.897267,000894_1786799293.897267.png
895,1786799293,930446992,1786799293.930447,000895_1786799293.930447.png
896,1786799294,213849990,1786799294.213850,000896_1786799294.213850.png
897,1786799294,280405820,1786799294.280406,000897_1786799294.280406.png
898,1786799294,347146518,1786799294.347147,000898_1786799294.347147.png
899,1786799294,380478846,1786799294.380479,000899_1786799294.380479.png
900,1786799295,180506878,1786799295.180507,000900_1786799295.180507.png
901,1786799295,213829728,1786799295.213830,000901_1786799295.213830.png
902,1786799295,547154706,1786799295.547155,000902_1786799295.547155.png
903,1786799295,647129842,1786799295.647130,000903_1786799295.647130.png
904,1786799295,730525563,1786799295.730525,000904_1786799295.730525.png
905,1786799295,830601021,1786799295.830601,000905_1786799295.830601.png
906,1786799295,980589818,1786799295.980590,000906_1786799295.980590.png
907,1786799296,13735614,1786799296.013736,000907_1786799296.013736.png
908,1786799296,47156665,1786799296.047157,000908_1786799296.047157.png
909,1786799296,480481671,1786799296.480482,000909_1786799296.480482.png
910,1786799296,730485007,1786799296.730485,000910_1786799296.730485.png
911,1786799296,913827292,1786799296.913827,000911_1786799296.913827.png
912,1786799297,313846179,1786799297.313846,000912_1786799297.313846.png
913,1786799297,447218419,1786799297.447218,000913_1786799297.447218.png
914,1786799297,580528794,1786799297.580529,000914_1786799297.580529.png
915,1786799297,880619517,1786799297.880620,000915_1786799297.880620.png
916,1786799298,330587035,1786799298.330587,000916_1786799298.330587.png
917,1786799298,363870688,1786799298.363871,000917_1786799298.363871.png
918,1786799298,447132332,1786799298.447132,000918_1786799298.447132.png
919,1786799298,513855276,1786799298.513855,000919_1786799298.513855.png
920,1786799299,63848205,1786799299.063848,000920_1786799299.063848.png
921,1786799299,247160023,1786799299.247160,000921_1786799299.247160.png
922,1786799299,280614725,1786799299.280615,000922_1786799299.280615.png
923,1786799299,363841502,1786799299.363842,000923_1786799299.363842.png
924,1786799299,447216359,1786799299.447216,000924_1786799299.447216.png
925,1786799299,630554922,1786799299.630555,000925_1786799299.630555.png
926,1786799299,980761422,1786799299.980762,000926_1786799299.980762.png
927,1786799300,47218891,1786799300.047219,000927_1786799300.047219.png
928,1786799300,80524670,1786799300.080525,000928_1786799300.080525.png
929,1786799300,113832177,1786799300.113832,000929_1786799300.113832.png
930,1786799300,180564438,1786799300.180564,000930_1786799300.180564.png
931,1786799300,230609047,1786799300.230609,000931_1786799300.230609.png
932,1786799300,563958297,1786799300.563958,000932_1786799300.563958.png
933,1786799300,913913693,1786799300.913914,000933_1786799300.913914.png
934,1786799301,113885032,1786799301.113885,000934_1786799301.113885.png
935,1786799301,280585809,1786799301.280586,000935_1786799301.280586.png
936,1786799301,380718477,1786799301.380718,000936_1786799301.380718.png
937,1786799301,447222933,1786799301.447223,000937_1786799301.447223.png
938,1786799301,480549774,1786799301.480550,000938_1786799301.480550.png
939,1786799301,580738600,1786799301.580739,000939_1786799301.580739.png
940,1786799301,680570254,1786799301.680570,000940_1786799301.680570.png
941,1786799301,913871146,1786799301.913871,000941_1786799301.913871.png
942,1786799302,480787648,1786799302.480788,000942_1786799302.480788.png
943,1786799302,514054227,1786799302.514054,000943_1786799302.514054.png
944,1786799302,547243257,1786799302.547243,000944_1786799302.547243.png
945,1786799302,747372055,1786799302.747372,000945_1786799302.747372.png
946,1786799303,113900218,1786799303.113900,000946_1786799303.113900.png
947,1786799303,280705273,1786799303.280705,000947_1786799303.280705.png
948,1786799303,313939967,1786799303.313940,000948_1786799303.313940.png
949,1786799303,580732260,1786799303.580732,000949_1786799303.580732.png
950,1786799303,613955415,1786799303.613955,000950_1786799303.613955.png
951,1786799303,780666679,1786799303.780667,000951_1786799303.780667.png
952,1786799304,13939261,1786799304.013939,000952_1786799304.013939.png
953,1786799304,80586697,1786799304.080587,000953_1786799304.080587.png
954,1786799304,213981377,1786799304.213981,000954_1786799304.213981.png
955,1786799304,247322250,1786799304.247322,000955_1786799304.247322.png
956,1786799304,447294870,1786799304.447295,000956_1786799304.447295.png
957,1786799304,547253331,1786799304.547253,000957_1786799304.547253.png
958,1786799304,580651808,1786799304.580652,000958_1786799304.580652.png
959,1786799305,14007542,1786799305.014008,000959_1786799305.014008.png
960,1786799305,147353952,1786799305.147354,000960_1786799305.147354.png
961,1786799305,280669652,1786799305.280670,000961_1786799305.280670.png
962,1786799305,380590861,1786799305.380591,000962_1786799305.380591.png
963,1786799305,480717091,1786799305.480717,000963_1786799305.480717.png
964,1786799305,613939466,1786799305.613940,000964_1786799305.613940.png
965,1786799305,647285807,1786799305.647286,000965_1786799305.647286.png
966,1786799305,680678306,1786799305.680678,000966_1786799305.680678.png
967,1786799305,880684014,1786799305.880684,000967_1786799305.880684.png
968,1786799305,913972105,1786799305.913972,000968_1786799305.913972.png
969,1786799305,947356966,1786799305.947357,000969_1786799305.947357.png
970,1786799306,280684656,1786799306.280685,000970_1786799306.280685.png
971,1786799306,547368876,1786799306.547369,000971_1786799306.547369.png
972,1786799306,947418366,1786799306.947418,000972_1786799306.947418.png
973,1786799306,980715034,1786799306.980715,000973_1786799306.980715.png
974,1786799307,80718319,1786799307.080718,000974_1786799307.080718.png
975,1786799307,213979747,1786799307.213980,000975_1786799307.213980.png
976,1786799307,247444988,1786799307.247445,000976_1786799307.247445.png
977,1786799307,313971332,1786799307.313971,000977_1786799307.313971.png
978,1786799307,347381103,1786799307.347381,000978_1786799307.347381.png
979,1786799307,413947297,1786799307.413947,000979_1786799307.413947.png
980,1786799307,480655470,1786799307.480655,000980_1786799307.480655.png
981,1786799307,613998781,1786799307.613999,000981_1786799307.613999.png
982,1786799307,947510243,1786799307.947510,000982_1786799307.947510.png
983,1786799308,180711088,1786799308.180711,000983_1786799308.180711.png
984,1786799308,247390243,1786799308.247390,000984_1786799308.247390.png
985,1786799308,280740705,1786799308.280741,000985_1786799308.280741.png
986,1786799308,314053979,1786799308.314054,000986_1786799308.314054.png
987,1786799308,530802438,1786799308.530802,000987_1786799308.530802.png
988,1786799308,580779279,1786799308.580779,000988_1786799308.580779.png
989,1786799308,880776224,1786799308.880776,000989_1786799308.880776.png
990,1786799308,914081075,1786799308.914081,000990_1786799308.914081.png
991,1786799308,980686854,1786799308.980687,000991_1786799308.980687.png
992,1786799309,114036928,1786799309.114037,000992_1786799309.114037.png
993,1786799309,214021451,1786799309.214021,000993_1786799309.214021.png
994,1786799309,247372951,1786799309.247373,000994_1786799309.247373.png
995,1786799309,514084533,1786799309.514085,000995_1786799309.514085.png
996,1786799309,547479385,1786799309.547479,000996_1786799309.547479.png
997,1786799309,647447246,1786799309.647447,000997_1786799309.647447.png
998,1786799309,680712703,1786799309.680713,000998_1786799309.680713.png
999,1786799309,880744491,1786799309.880744,000999_1786799309.880744.png
1000,1786799309,947417781,1786799309.947418,001000_1786799309.947418.png
1001,1786799309,980850199,1786799309.980850,001001_1786799309.980850.png
1002,1786799310,114096358,1786799310.114096,001002_1786799310.114096.png
1003,1786799310,214058569,1786799310.214059,001003_1786799310.214059.png
1004,1786799310,247421940,1786799310.247422,001004_1786799310.247422.png
1005,1786799310,280796124,1786799310.280796,001005_1786799310.280796.png
1006,1786799310,347463631,1786799310.347464,001006_1786799310.347464.png
1007,1786799310,480729985,1786799310.480730,001007_1786799310.480730.png
1008,1786799311,80734961,1786799311.080735,001008_1786799311.080735.png
1009,1786799311,380726792,1786799311.380727,001009_1786799311.380727.png
1010,1786799311,447445689,1786799311.447446,001010_1786799311.447446.png
1011,1786799311,614158304,1786799311.614158,001011_1786799311.614158.png
1012,1786799311,647436169,1786799311.647436,001012_1786799311.647436.png
1013,1786799311,680729826,1786799311.680730,001013_1786799311.680730.png
1014,1786799311,747437205,1786799311.747437,001014_1786799311.747437.png
1015,1786799311,914182794,1786799311.914183,001015_1786799311.914183.png
1016,1786799311,947462776,1786799311.947463,001016_1786799311.947463.png
1017,1786799311,980760676,1786799311.980761,001017_1786799311.980761.png
1018,1786799312,14109277,1786799312.014109,001018_1786799312.014109.png
1019,1786799312,180830730,1786799312.180831,001019_1786799312.180831.png
1020,1786799312,280804000,1786799312.280804,001020_1786799312.280804.png
1021,1786799312,314124197,1786799312.314124,001021_1786799312.314124.png
1022,1786799312,347473439,1786799312.347473,001022_1786799312.347473.png
1023,1786799312,414108068,1786799312.414108,001023_1786799312.414108.png
1024,1786799312,447484179,1786799312.447484,001024_1786799312.447484.png
1025,1786799312,514152139,1786799312.514152,001025_1786799312.514152.png
1026,1786799312,980849166,1786799312.980849,001026_1786799312.980849.png
1027,1786799313,147488846,1786799313.147489,001027_1786799313.147489.png
1028,1786799313,180878467,1786799313.180878,001028_1786799313.180878.png
1029,1786799313,214169746,1786799313.214170,001029_1786799313.214170.png
1030,1786799313,414147725,1786799313.414148,001030_1786799313.414148.png
1031,1786799313,447454443,1786799313.447454,001031_1786799313.447454.png
1032,1786799313,547521537,1786799313.547522,001032_1786799313.547522.png
1033,1786799313,580971568,1786799313.580971,001033_1786799313.580971.png
1034,1786799313,647496425,1786799313.647496,001034_1786799313.647496.png
1035,1786799313,714153578,1786799313.714154,001035_1786799313.714154.png
1036,1786799313,780839097,1786799313.780839,001036_1786799313.780839.png
1037,1786799313,914156123,1786799313.914156,001037_1786799313.914156.png
1038,1786799314,314197941,1786799314.314198,001038_1786799314.314198.png
1039,1786799314,380912807,1786799314.380913,001039_1786799314.380913.png
1040,1786799314,480921051,1786799314.480921,001040_1786799314.480921.png
1041,1786799314,514146633,1786799314.514147,001041_1786799314.514147.png
1042,1786799314,580819388,1786799314.580819,001042_1786799314.580819.png
1043,1786799314,614256849,1786799314.614257,001043_1786799314.614257.png
1044,1786799314,780827902,1786799314.780828,001044_1786799314.780828.png
1045,1786799314,847506079,1786799314.847506,001045_1786799314.847506.png
1046,1786799314,947462270,1786799314.947462,001046_1786799314.947462.png
1047,1786799315,14292709,1786799315.014293,001047_1786799315.014293.png
1048,1786799315,247531793,1786799315.247532,001048_1786799315.247532.png
1049,1786799315,480861235,1786799315.480861,001049_1786799315.480861.png
1050,1786799315,514133771,1786799315.514134,001050_1786799315.514134.png
1051,1786799315,880864640,1786799315.880865,001051_1786799315.880865.png
1052,1786799315,947561045,1786799315.947561,001052_1786799315.947561.png
1053,1786799316,80874167,1786799316.080874,001053_1786799316.080874.png
1054,1786799316,114197932,1786799316.114198,001054_1786799316.114198.png
1055,1786799316,147481199,1786799316.147481,001055_1786799316.147481.png
1056,1786799316,347605989,1786799316.347606,001056_1786799316.347606.png
1057,1786799316,480926819,1786799316.480927,001057_1786799316.480927.png
1058,1786799316,547599210,1786799316.547599,001058_1786799316.547599.png
1059,1786799316,680954452,1786799316.680954,001059_1786799316.680954.png
1060,1786799316,714180681,1786799316.714181,001060_1786799316.714181.png
1061,1786799316,780815972,1786799316.780816,001061_1786799316.780816.png
1062,1786799316,814189911,1786799316.814190,001062_1786799316.814190.png
1063,1786799316,914227612,1786799316.914228,001063_1786799316.914228.png
1064,1786799317,114246961,1786799317.114247,001064_1786799317.114247.png
1065,1786799317,180893492,1786799317.180893,001065_1786799317.180893.png
1066,1786799317,347614175,1786799317.347614,001066_1786799317.347614.png
1067,1786799317,380866257,1786799317.380866,001067_1786799317.380866.png
1068,1786799317,414204288,1786799317.414204,001068_1786799317.414204.png
1069,1786799317,580928803,1786799317.580929,001069_1786799317.580929.png
1070,1786799317,614211615,1786799317.614212,001070_1786799317.614212.png
1071,1786799317,880998870,1786799317.880999,001071_1786799317.880999.png
1072,1786799317,980861336,1786799317.980861,001072_1786799317.980861.png
1073,1786799318,14274450,1786799318.014274,001073_1786799318.014274.png
1074,1786799318,47657810,1786799318.047658,001074_1786799318.047658.png
1075,1786799318,80925482,1786799318.080925,001075_1786799318.080925.png
1076,1786799318,280856624,1786799318.280857,001076_1786799318.280857.png
1077,1786799318,447641986,1786799318.447642,001077_1786799318.447642.png
1078,1786799318,580904924,1786799318.580905,001078_1786799318.580905.png
1079,1786799318,614226365,1786799318.614226,001079_1786799318.614226.png
1080,1786799318,881011130,1786799318.881011,001080_1786799318.881011.png
1081,1786799318,914272806,1786799318.914273,001081_1786799318.914273.png
1082,1786799318,947518293,1786799318.947518,001082_1786799318.947518.png
1083,1786799319,114307496,1786799319.114307,001083_1786799319.114307.png
1084,1786799319,280922070,1786799319.280922,001084_1786799319.280922.png
1085,1786799319,314262096,1786799319.314262,001085_1786799319.314262.png
1086,1786799319,380945273,1786799319.380945,001086_1786799319.380945.png
1087,1786799319,480969592,1786799319.480970,001087_1786799319.480970.png
1088,1786799320,147734261,1786799320.147734,001088_1786799320.147734.png
1089,1786799320,180911244,1786799320.180911,001089_1786799320.180911.png
1090,1786799320,214321254,1786799320.214321,001090_1786799320.214321.png
1091,1786799320,247580366,1786799320.247580,001091_1786799320.247580.png
1092,1786799320,380875994,1786799320.380876,001092_1786799320.380876.png
1093,1786799320,447635690,1786799320.447636,001093_1786799320.447636.png
1094,1786799320,514304248,1786799320.514304,001094_1786799320.514304.png
1095,1786799320,614532291,1786799320.614532,001095_1786799320.614532.png
1096,1786799320,781021665,1786799320.781022,001096_1786799320.781022.png
1097,1786799320,814307984,1786799320.814308,001097_1786799320.814308.png
1098,1786799320,847573921,1786799320.847574,001098_1786799320.847574.png
1099,1786799321,14340550,1786799321.014341,001099_1786799321.014341.png
1100,1786799321,114285527,1786799321.114285,001100_1786799321.114285.png
1101,1786799321,147650220,1786799321.147650,001101_1786799321.147650.png
1102,1786799321,447598585,1786799321.447599,001102_1786799321.447599.png
1103,1786799321,580963523,1786799321.580964,001103_1786799321.580964.png
1104,1786799321,614314678,1786799321.614315,001104_1786799321.614315.png
1105,1786799321,647734706,1786799321.647735,001105_1786799321.647735.png
1106,1786799321,747608319,1786799321.747608,001106_1786799321.747608.png
1107,1786799321,914285273,1786799321.914285,001107_1786799321.914285.png
1108,1786799322,347650675,1786799322.347651,001108_1786799322.347651.png
1109,1786799322,481021811,1786799322.481022,001109_1786799322.481022.png
1110,1786799323,114368969,1786799323.114369,001110_1786799323.114369.png
1111,1786799323,231039257,1786799323.231039,001111_1786799323.231039.png
1112,1786799323,281034212,1786799323.281034,001112_1786799323.281034.png
1113,1786799323,481017386,1786799323.481017,001113_1786799323.481017.png
1114,1786799323,530997814,1786799323.530998,001114_1786799323.530998.png
1115,1786799323,580994420,1786799323.580994,001115_1786799323.580994.png
1116,1786799323,614334115,1786799323.614334,001116_1786799323.614334.png
1117,1786799323,964382440,1786799323.964382,001117_1786799323.964382.png
1118,1786799324,80984090,1786799324.080984,001118_1786799324.080984.png
1119,1786799324,714343117,1786799324.714343,001119_1786799324.714343.png
1120,1786799324,847802540,1786799324.847803,001120_1786799324.847803.png
1121,1786799325,31109260,1786799325.031109,001121_1786799325.031109.png
1122,1786799325,297725943,1786799325.297726,001122_1786799325.297726.png
1123,1786799325,347716720,1786799325.347717,001123_1786799325.347717.png
1124,1786799325,381034201,1786799325.381034,001124_1786799325.381034.png
1125,1786799325,414392331,1786799325.414392,001125_1786799325.414392.png
1126,1786799325,481004010,1786799325.481004,001126_1786799325.481004.png
1127,1786799325,564425575,1786799325.564425,001127_1786799325.564425.png
1128,1786799325,647715152,1786799325.647715,001128_1786799325.647715.png
1129,1786799325,681067905,1786799325.681068,001129_1786799325.681068.png
1130,1786799325,747706709,1786799325.747707,001130_1786799325.747707.png
1131,1786799325,897845604,1786799325.897846,001131_1786799325.897846.png
1132,1786799325,947756820,1786799325.947757,001132_1786799325.947757.png
1133,1786799325,981082951,1786799325.981083,001133_1786799325.981083.png
1134,1786799326,14386791,1786799326.014387,001134_1786799326.014387.png
1135,1786799326,47772014,1786799326.047772,001135_1786799326.047772.png
1136,1786799326,164439126,1786799326.164439,001136_1786799326.164439.png
1137,1786799326,764467305,1786799326.764467,001137_1786799326.764467.png
1138,1786799326,814396420,1786799326.814396,001138_1786799326.814396.png
1139,1786799326,881087812,1786799326.881088,001139_1786799326.881088.png
1140,1786799326,914415931,1786799326.914416,001140_1786799326.914416.png
1141,1786799326,947750803,1786799326.947751,001141_1786799326.947751.png
1142,1786799327,181084456,1786799327.181084,001142_1786799327.181084.png
1143,1786799327,214534167,1786799327.214534,001143_1786799327.214534.png
1144,1786799327,947761443,1786799327.947762,001144_1786799327.947762.png
1145,1786799328,47806591,1786799328.047807,001145_1786799328.047807.png
1146,1786799328,81074942,1786799328.081075,001146_1786799328.081075.png
1147,1786799328,181144055,1786799328.181144,001147_1786799328.181144.png
1148,1786799328,281162028,1786799328.281162,001148_1786799328.281162.png
1149,1786799328,314469540,1786799328.314470,001149_1786799328.314470.png
1150,1786799328,514482737,1786799328.514483,001150_1786799328.514483.png
1151,1786799328,547796889,1786799328.547797,001151_1786799328.547797.png
1152,1786799328,581080241,1786799328.581080,001152_1786799328.581080.png
1153,1786799328,714470824,1786799328.714471,001153_1786799328.714471.png
1154,1786799328,747772939,1786799328.747773,001154_1786799328.747773.png
1155,1786799328,947806668,1786799328.947807,001155_1786799328.947807.png
1156,1786799329,14452415,1786799329.014452,001156_1786799329.014452.png
1157,1786799329,114531480,1786799329.114532,001157_1786799329.114532.png
1158,1786799329,181104808,1786799329.181105,001158_1786799329.181105.png
1159,1786799329,214538921,1786799329.214539,001159_1786799329.214539.png
1160,1786799329,247846043,1786799329.247846,001160_1786799329.247846.png
1161,1786799329,481114833,1786799329.481115,001161_1786799329.481115.png
1162,1786799329,514719829,1786799329.514720,001162_1786799329.514720.png
1163,1786799329,547857623,1786799329.547858,001163_1786799329.547858.png
1164,1786799329,947849477,1786799329.947850,001164_1786799329.947850.png
1165,1786799330,14499297,1786799330.014499,001165_1786799330.014499.png
1166,1786799330,47880989,1786799330.047881,001166_1786799330.047881.png
1167,1786799330,81162144,1786799330.081162,001167_1786799330.081162.png
1168,1786799330,147883753,1786799330.147884,001168_1786799330.147884.png
1169,1786799330,214433907,1786799330.214434,001169_1786799330.214434.png
1170,1786799330,414547338,1786799330.414547,001170_1786799330.414547.png
1171,1786799330,481198722,1786799330.481199,001171_1786799330.481199.png
1172,1786799330,514507086,1786799330.514507,001172_1786799330.514507.png
1173,1786799330,547861449,1786799330.547861,001173_1786799330.547861.png
1174,1786799330,647777805,1786799330.647778,001174_1786799330.647778.png
1175,1786799331,114620019,1786799331.114620,001175_1786799331.114620.png
1176,1786799331,147911269,1786799331.147911,001176_1786799331.147911.png
1177,1786799331,614543763,1786799331.614544,001177_1786799331.614544.png
1178,1786799331,947884723,1786799331.947885,001178_1786799331.947885.png
1179,1786799332,47857147,1786799332.047857,001179_1786799332.047857.png
1180,1786799332,281257747,1786799332.281258,001180_1786799332.281258.png
1181,1786799332,347841922,1786799332.347842,001181_1786799332.347842.png
1182,1786799332,414537959,1786799332.414538,001182_1786799332.414538.png
1183,1786799332,714496624,1786799332.714497,001183_1786799332.714497.png
1184,1786799332,747844970,1786799332.747845,001184_1786799332.747845.png
1185,1786799332,814574673,1786799332.814575,001185_1786799332.814575.png
1186,1786799332,914629861,1786799332.914630,001186_1786799332.914630.png
1187,1786799333,147891935,1786799333.147892,001187_1786799333.147892.png
1188,1786799333,214722156,1786799333.214722,001188_1786799333.214722.png
1189,1786799333,247907677,1786799333.247908,001189_1786799333.247908.png
1190,1786799333,448022158,1786799333.448022,001190_1786799333.448022.png
1191,1786799333,481266083,1786799333.481266,001191_1786799333.481266.png
1192,1786799333,514584519,1786799333.514585,001192_1786799333.514585.png
1193,1786799333,547903363,1786799333.547903,001193_1786799333.547903.png
1194,1786799333,714531089,1786799333.714531,001194_1786799333.714531.png
1195,1786799333,747856048,1786799333.747856,001195_1786799333.747856.png
1196,1786799333,947879904,1786799333.947880,001196_1786799333.947880.png
1197,1786799334,81263460,1786799334.081264,001197_1786799334.081264.png
1198,1786799334,147828252,1786799334.147828,001198_1786799334.147828.png
1199,1786799334,247931847,1786799334.247932,001199_1786799334.247932.png
1200,1786799334,614548426,1786799334.614548,001200_1786799334.614548.png
1201,1786799334,647870683,1786799334.647871,001201_1786799334.647871.png
1202,1786799335,181249093,1786799335.181249,001202_1786799335.181249.png
1203,1786799335,247990780,1786799335.247991,001203_1786799335.247991.png
1204,1786799335,481241951,1786799335.481242,001204_1786799335.481242.png
1205,1786799335,514629501,1786799335.514630,001205_1786799335.514630.png
1206,1786799335,547921607,1786799335.547922,001206_1786799335.547922.png
1207,1786799335,747880388,1786799335.747880,001207_1786799335.747880.png
1208,1786799335,814580359,1786799335.814580,001208_1786799335.814580.png
1209,1786799335,947934213,1786799335.947934,001209_1786799335.947934.png
1210,1786799335,981303374,1786799335.981303,001210_1786799335.981303.png
1211,1786799336,14607624,1786799336.014608,001211_1786799336.014608.png
1212,1786799336,81256762,1786799336.081257,001212_1786799336.081257.png
1213,1786799336,181263647,1786799336.181264,001213_1786799336.181264.png
1214,1786799336,314665583,1786799336.314666,001214_1786799336.314666.png
1215,1786799336,481276470,1786799336.481277,001215_1786799336.481277.png
1216,1786799336,514648392,1786799336.514648,001216_1786799336.514648.png
1217,1786799336,681416199,1786799336.681416,001217_1786799336.681416.png
1218,1786799336,981270508,1786799336.981271,001218_1786799336.981271.png
1219,1786799337,14676891,1786799337.014677,001219_1786799337.014677.png
1220,1786799337,114655873,1786799337.114656,001220_1786799337.114656.png
1221,1786799337,214580275,1786799337.214580,001221_1786799337.214580.png
1222,1786799337,348028032,1786799337.348028,001222_1786799337.348028.png
1223,1786799337,381374564,1786799337.381375,001223_1786799337.381375.png
1224,1786799337,414698585,1786799337.414699,001224_1786799337.414699.png
1225,1786799337,447890284,1786799337.447890,001225_1786799337.447890.png
1226,1786799337,781268475,1786799337.781268,001226_1786799337.781268.png
1227,1786799337,881289557,1786799337.881289,001227_1786799337.881289.png
1228,1786799337,981269567,1786799337.981270,001228_1786799337.981270.png
1229,1786799338,14580345,1786799338.014580,001229_1786799338.014580.png
1230,1786799338,147980514,1786799338.147980,001230_1786799338.147980.png
1231,1786799338,281327025,1786799338.281327,001231_1786799338.281327.png
1232,1786799338,314712270,1786799338.314712,001232_1786799338.314712.png
1233,1786799338,347981804,1786799338.347982,001233_1786799338.347982.png
1234,1786799338,414732871,1786799338.414733,001234_1786799338.414733.png
1235,1786799338,881313608,1786799338.881314,001235_1786799338.881314.png
1236,1786799338,914754711,1786799338.914755,001236_1786799338.914755.png
1237,1786799339,115257553,1786799339.115258,001237_1786799339.115258.png
1238,1786799339,247965746,1786799339.247966,001238_1786799339.247966.png
1239,1786799339,314709417,1786799339.314709,001239_1786799339.314709.png
1240,1786799339,348025916,1786799339.348026,001240_1786799339.348026.png
1241,1786799339,381342875,1786799339.381343,001241_1786799339.381343.png
1242,1786799339,947986356,1786799339.947986,001242_1786799339.947986.png
1243,1786799340,14686786,1786799340.014687,001243_1786799340.014687.png
1244,1786799340,48015741,1786799340.048016,001244_1786799340.048016.png
1245,1786799340,148012736,1786799340.148013,001245_1786799340.148013.png
1246,1786799340,548088407,1786799340.548088,001246_1786799340.548088.png
1247,1786799341,48155991,1786799341.048156,001247_1786799341.048156.png
1248,1786799341,548002345,1786799341.548002,001248_1786799341.548002.png
1249,1786799341,981389724,1786799341.981390,001249_1786799341.981390.png
1250,1786799342,181387630,1786799342.181388,001250_1786799342.181388.png
1251,1786799342,314703255,1786799342.314703,001251_1786799342.314703.png
1252,1786799342,548030606,1786799342.548031,001252_1786799342.548031.png
1253,1786799342,681415450,1786799342.681416,001253_1786799342.681416.png
1254,1786799342,748130480,1786799342.748131,001254_1786799342.748131.png
1255,1786799342,781356997,1786799342.781357,001255_1786799342.781357.png
1256,1786799342,948092955,1786799342.948093,001256_1786799342.948093.png
1257,1786799343,114691407,1786799343.114691,001257_1786799343.114691.png
1258,1786799343,581454713,1786799343.581455,001258_1786799343.581455.png
1259,1786799343,714933508,1786799343.714933,001259_1786799343.714933.png
1260,1786799344,348114188,1786799344.348114,001260_1786799344.348114.png
1261,1786799344,381429432,1786799344.381429,001261_1786799344.381429.png
1262,1786799344,448076715,1786799344.448077,001262_1786799344.448077.png
1263,1786799344,514780428,1786799344.514781,001263_1786799344.514781.png
1264,1786799345,181429171,1786799345.181429,001264_1786799345.181429.png
1265,1786799345,214791708,1786799345.214792,001265_1786799345.214792.png
1266,1786799345,348149563,1786799345.348150,001266_1786799345.348150.png
1267,1786799346,81530898,1786799346.081531,001267_1786799346.081531.png
1268,1786799346,148151084,1786799346.148151,001268_1786799346.148151.png
1269,1786799346,181439109,1786799346.181439,001269_1786799346.181439.png
1270,1786799346,248227972,1786799346.248228,001270_1786799346.248228.png
1271,1786799346,381537804,1786799346.381538,001271_1786799346.381538.png
1272,1786799346,448123994,1786799346.448124,001272_1786799346.448124.png
1273,1786799346,848105279,1786799346.848105,001273_1786799346.848105.png
1274,1786799347,81475677,1786799347.081476,001274_1786799347.081476.png
1275,1786799347,148137505,1786799347.148138,001275_1786799347.148138.png
1276,1786799347,581607407,1786799347.581607,001276_1786799347.581607.png
1277,1786799347,748142471,1786799347.748142,001277_1786799347.748142.png
1278,1786799347,848210149,1786799347.848210,001278_1786799347.848210.png
1279,1786799348,14910842,1786799348.014911,001279_1786799348.014911.png
1280,1786799348,281516190,1786799348.281516,001280_1786799348.281516.png
1281,1786799348,314930990,1786799348.314931,001281_1786799348.314931.png
1282,1786799348,381569926,1786799348.381570,001282_1786799348.381570.png
1283,1786799348,614857315,1786799348.614857,001283_1786799348.614857.png
1284,1786799348,681444037,1786799348.681444,001284_1786799348.681444.png
1285,1786799348,714801569,1786799348.714802,001285_1786799348.714802.png
1286,1786799348,914871060,1786799348.914871,001286_1786799348.914871.png
1287,1786799349,48206981,1786799349.048207,001287_1786799349.048207.png
1288,1786799349,214821652,1786799349.214822,001288_1786799349.214822.png
1289,1786799349,248210308,1786799349.248210,001289_1786799349.248210.png
1290,1786799349,348146753,1786799349.348147,001290_1786799349.348147.png
1291,1786799349,448269016,1786799349.448269,001291_1786799349.448269.png
1292,1786799349,481493089,1786799349.481493,001292_1786799349.481493.png
1293,1786799349,514836590,1786799349.514837,001293_1786799349.514837.png
1294,1786799349,548169968,1786799349.548170,001294_1786799349.548170.png
1295,1786799349,581542932,1786799349.581543,001295_1786799349.581543.png
1296,1786799349,881612721,1786799349.881613,001296_1786799349.881613.png
1297,1786799349,948191109,1786799349.948191,001297_1786799349.948191.png
1298,1786799350,181589194,1786799350.181589,001298_1786799350.181589.png
1299,1786799350,681524113,1786799350.681524,001299_1786799350.681524.png
1300,1786799351,314962270,1786799351.314962,001300_1786799351.314962.png
1301,1786799351,714979414,1786799351.714979,001301_1786799351.714979.png
1302,1786799352,214902438,1786799352.214902,001302_1786799352.214902.png
1303,1786799352,248257166,1786799352.248257,001303_1786799352.248257.png
1304,1786799352,314866876,1786799352.314867,001304_1786799352.314867.png
1305,1786799352,348236143,1786799352.348236,001305_1786799352.348236.png
1306,1786799352,381676623,1786799352.381677,001306_1786799352.381677.png
1307,1786799352,414897625,1786799352.414898,001307_1786799352.414898.png
1308,1786799352,514981516,1786799352.514982,001308_1786799352.514982.png
1309,1786799352,548268449,1786799352.548269,001309_1786799352.548269.png
1310,1786799352,581608027,1786799352.581608,001310_1786799352.581608.png
1311,1786799352,681617097,1786799352.681617,001311_1786799352.681617.png
1312,1786799352,714940815,1786799352.714941,001312_1786799352.714941.png
1313,1786799352,748267620,1786799352.748268,001313_1786799352.748268.png
1314,1786799352,814918150,1786799352.814918,001314_1786799352.814918.png
1315,1786799352,914985551,1786799352.914986,001315_1786799352.914986.png
1316,1786799352,948323889,1786799352.948324,001316_1786799352.948324.png
1317,1786799352,981623337,1786799352.981623,001317_1786799352.981623.png
1318,1786799353,81641115,1786799353.081641,001318_1786799353.081641.png
1319,1786799353,114938046,1786799353.114938,001319_1786799353.114938.png
1320,1786799353,381623540,1786799353.381624,001320_1786799353.381624.png
1321,1786799353,548231501,1786799353.548232,001321_1786799353.548232.png
1322,1786799354,48251804,1786799354.048252,001322_1786799354.048252.png
1323,1786799354,281743722,1786799354.281744,001323_1786799354.281744.png
1324,1786799354,714930812,1786799354.714931,001324_1786799354.714931.png
1325,1786799354,914962694,1786799354.914963,001325_1786799354.914963.png
1326,1786799355,114946016,1786799355.114946,001326_1786799355.114946.png
1327,1786799355,248354067,1786799355.248354,001327_1786799355.248354.png
1328,1786799355,481657528,1786799355.481658,001328_1786799355.481658.png
1329,1786799356,181827328,1786799356.181827,001329_1786799356.181827.png
1330,1786799356,631733403,1786799356.631733,001330_1786799356.631733.png
1331,1786799356,881866345,1786799356.881866,001331_1786799356.881866.png
1332,1786799357,48388818,1786799357.048389,001332_1786799357.048389.png
1333,1786799357,148408535,1786799357.148409,001333_1786799357.148409.png
1334,1786799357,265101506,1786799357.265101,001334_1786799357.265101.png
1335,1786799357,315016306,1786799357.315016,001335_1786799357.315016.png
1336,1786799357,448402580,1786799357.448403,001336_1786799357.448403.png
1337,1786799357,515003978,1786799357.515004,001337_1786799357.515004.png
1338,1786799358,515053685,1786799358.515054,001338_1786799358.515054.png
1339,1786799358,548460045,1786799358.548460,001339_1786799358.548460.png
1340,1786799358,581720823,1786799358.581721,001340_1786799358.581721.png
1341,1786799358,665034362,1786799358.665034,001341_1786799358.665034.png
1342,1786799358,881837075,1786799358.881837,001342_1786799358.881837.png
1343,1786799358,981754600,1786799358.981755,001343_1786799358.981755.png
1344,1786799359,15072309,1786799359.015072,001344_1786799359.015072.png
1345,1786799359,115067589,1786799359.115067,001345_1786799359.115067.png
1346,1786799359,148466073,1786799359.148466,001346_1786799359.148466.png
1347,1786799359,181698588,1786799359.181699,001347_1786799359.181699.png
1348,1786799359,248477767,1786799359.248478,001348_1786799359.248478.png
1349,1786799359,315078030,1786799359.315078,001349_1786799359.315078.png
1350,1786799359,348402760,1786799359.348403,001350_1786799359.348403.png
1351,1786799359,381756486,1786799359.381757,001351_1786799359.381757.png
1352,1786799359,415032601,1786799359.415033,001352_1786799359.415033.png
1353,1786799359,481717796,1786799359.481718,001353_1786799359.481718.png
1354,1786799359,581791578,1786799359.581792,001354_1786799359.581792.png
1355,1786799359,681849130,1786799359.681849,001355_1786799359.681849.png
1356,1786799359,748366468,1786799359.748366,001356_1786799359.748366.png
1357,1786799359,815078999,1786799359.815079,001357_1786799359.815079.png
1358,1786799359,881734971,1786799359.881735,001358_1786799359.881735.png
1359,1786799359,948408697,1786799359.948409,001359_1786799359.948409.png
1360,1786799360,48489276,1786799360.048489,001360_1786799360.048489.png
1361,1786799360,648443375,1786799360.648443,001361_1786799360.648443.png
1362,1786799360,681770298,1786799360.681770,001362_1786799360.681770.png
1363,1786799360,981768712,1786799360.981769,001363_1786799360.981769.png
1364,1786799361,348530376,1786799361.348530,001364_1786799361.348530.png
1365,1786799361,581859563,1786799361.581860,001365_1786799361.581860.png
1366,1786799361,681682037,1786799361.681682,001366_1786799361.681682.png
1367,1786799361,848412531,1786799361.848413,001367_1786799361.848413.png
1368,1786799361,881866790,1786799361.881867,001368_1786799361.881867.png
1369,1786799361,915175154,1786799361.915175,001369_1786799361.915175.png
1370,1786799362,48417141,1786799362.048417,001370_1786799362.048417.png
1371,1786799362,115124294,1786799362.115124,001371_1786799362.115124.png
1372,1786799362,181761503,1786799362.181762,001372_1786799362.181762.png
1373,1786799362,248508076,1786799362.248508,001373_1786799362.248508.png
1374,1786799362,381945762,1786799362.381946,001374_1786799362.381946.png
1375,1786799362,615144251,1786799362.615144,001375_1786799362.615144.png
1376,1786799362,681702462,1786799362.681702,001376_1786799362.681702.png
1377,1786799362,715178862,1786799362.715179,001377_1786799362.715179.png
1378,1786799363,15120902,1786799363.015121,001378_1786799363.015121.png
1379,1786799363,48611608,1786799363.048612,001379_1786799363.048612.png
1380,1786799363,248532170,1786799363.248532,001380_1786799363.248532.png
1381,1786799363,515363059,1786799363.515363,001381_1786799363.515363.png
1382,1786799363,581909915,1786799363.581910,001382_1786799363.581910.png
1383,1786799363,615219383,1786799363.615219,001383_1786799363.615219.png
1384,1786799363,681906006,1786799363.681906,001384_1786799363.681906.png
1385,1786799363,715178007,1786799363.715178,001385_1786799363.715178.png
1386,1786799363,815150649,1786799363.815151,001386_1786799363.815151.png
1387,1786799364,181853636,1786799364.181854,001387_1786799364.181854.png
1388,1786799364,215153027,1786799364.215153,001388_1786799364.215153.png
1389,1786799364,615125822,1786799364.615126,001389_1786799364.615126.png
1390,1786799365,115194788,1786799365.115195,001390_1786799365.115195.png
1391,1786799365,148475167,1786799365.148475,001391_1786799365.148475.png
1392,1786799365,515165248,1786799365.515165,001392_1786799365.515165.png
1393,1786799366,48676943,1786799366.048677,001393_1786799366.048677.png
1394,1786799366,348681762,1786799366.348682,001394_1786799366.348682.png
1395,1786799366,381959781,1786799366.381960,001395_1786799366.381960.png
1396,1786799366,415197691,1786799366.415198,001396_1786799366.415198.png
1397,1786799367,15305859,1786799367.015306,001397_1786799367.015306.png
1398,1786799367,381947613,1786799367.381948,001398_1786799367.381948.png
1399,1786799367,981960019,1786799367.981960,001399_1786799367.981960.png
1400,1786799368,148552744,1786799368.148553,001400_1786799368.148553.png
1401,1786799368,248605174,1786799368.248605,001401_1786799368.248605.png
1402,1786799368,415246973,1786799368.415247,001402_1786799368.415247.png
1403,1786799368,681906793,1786799368.681907,001403_1786799368.681907.png
1404,1786799368,981988547,1786799368.981988,001404_1786799368.981988.png
1405,1786799369,15323151,1786799369.015323,001405_1786799369.015323.png
1406,1786799369,48704599,1786799369.048705,001406_1786799369.048705.png
1407,1786799369,281929061,1786799369.281929,001407_1786799369.281929.png
1408,1786799369,315296074,1786799369.315296,001408_1786799369.315296.png
1409,1786799369,448581796,1786799369.448582,001409_1786799369.448582.png
1410,1786799369,482016866,1786799369.482017,001410_1786799369.482017.png
1411,1786799369,515283746,1786799369.515284,001411_1786799369.515284.png
1412,1786799369,715285676,1786799369.715286,001412_1786799369.715286.png
1413,1786799369,948746153,1786799369.948746,001413_1786799369.948746.png
1414,1786799370,315427681,1786799370.315428,001414_1786799370.315428.png
1415,1786799370,381904244,1786799370.381904,001415_1786799370.381904.png
1416,1786799370,415263968,1786799370.415264,001416_1786799370.415264.png
1417,1786799370,515339693,1786799370.515340,001417_1786799370.515340.png
1418,1786799370,548670833,1786799370.548671,001418_1786799370.548671.png
1419,1786799370,581954307,1786799370.581954,001419_1786799370.581954.png
1420,1786799370,682029373,1786799370.682029,001420_1786799370.682029.png
1421,1786799371,248670892,1786799371.248671,001421_1786799371.248671.png
1422,1786799371,615353680,1786799371.615354,001422_1786799371.615354.png
1423,1786799371,815389290,1786799371.815389,001423_1786799371.815389.png
1424,1786799371,982107201,1786799371.982107,001424_1786799371.982107.png
1425,1786799372,15306134,1786799372.015306,001425_1786799372.015306.png
1426,1786799372,282023919,1786799372.282024,001426_1786799372.282024.png
1427,1786799372,382139569,1786799372.382140,001427_1786799372.382140.png
1428,1786799372,415326012,1786799372.415326,001428_1786799372.415326.png
1429,1786799372,448720923,1786799372.448721,001429_1786799372.448721.png
1430,1786799372,615297929,1786799372.615298,001430_1786799372.615298.png
1431,1786799372,748660584,1786799372.748661,001431_1786799372.748661.png
1432,1786799373,48648097,1786799373.048648,001432_1786799373.048648.png
1433,1786799373,115371694,1786799373.115372,001433_1786799373.115372.png
1434,1786799373,215422932,1786799373.215423,001434_1786799373.215423.png
1435,1786799373,315351378,1786799373.315351,001435_1786799373.315351.png
1436,1786799373,948795955,1786799373.948796,001436_1786799373.948796.png
1437,1786799374,15345374,1786799374.015345,001437_1786799374.015345.png
1438,1786799374,115405293,1786799374.115405,001438_1786799374.115405.png
1439,1786799374,148752925,1786799374.148753,001439_1786799374.148753.png
1440,1786799374,182006972,1786799374.182007,001440_1786799374.182007.png
1441,1786799374,248789620,1786799374.248790,001441_1786799374.248790.png
1442,1786799374,315404178,1786799374.315404,001442_1786799374.315404.png
1443,1786799374,382049196,1786799374.382049,001443_1786799374.382049.png
1444,1786799374,748793747,1786799374.748794,001444_1786799374.748794.png
1445,1786799375,248814411,1786799375.248814,001445_1786799375.248814.png
1446,1786799375,882151237,1786799375.882151,001446_1786799375.882151.png
1447,1786799376,15440348,1786799376.015440,001447_1786799376.015440.png
1448,1786799376,148737822,1786799376.148738,001448_1786799376.148738.png
1449,1786799376,182067492,1786799376.182067,001449_1786799376.182067.png
1450,1786799376,315407810,1786799376.315408,001450_1786799376.315408.png
1451,1786799376,348758054,1786799376.348758,001451_1786799376.348758.png
1452,1786799376,448729124,1786799376.448729,001452_1786799376.448729.png
1453,1786799376,548753680,1786799376.548754,001453_1786799376.548754.png
1454,1786799376,882155795,1786799376.882156,001454_1786799376.882156.png
1455,1786799377,15418444,1786799377.015419,001455_1786799377.015419.png
1456,1786799377,48713731,1786799377.048714,001456_1786799377.048714.png
1457,1786799378,182102160,1786799378.182102,001457_1786799378.182102.png
1458,1786799378,215385656,1786799378.215386,001458_1786799378.215386.png
1459,1786799378,282097073,1786799378.282097,001459_1786799378.282097.png
1460,1786799378,315450641,1786799378.315451,001460_1786799378.315451.png
1461,1786799378,382097003,1786799378.382097,001461_1786799378.382097.png
1462,1786799378,415454159,1786799378.415454,001462_1786799378.415454.png
1463,1786799378,448752727,1786799378.448753,001463_1786799378.448753.png
1464,1786799378,882183964,1786799378.882184,001464_1786799378.882184.png
1465,1786799379,115478574,1786799379.115479,001465_1786799379.115479.png
1466,1786799379,215589261,1786799379.215589,001466_1786799379.215589.png
1467,1786799379,482191936,1786799379.482192,001467_1786799379.482192.png
1468,1786799379,515455189,1786799379.515455,001468_1786799379.515455.png
1469,1786799379,582122863,1786799379.582123,001469_1786799379.582123.png
1470,1786799379,648829808,1786799379.648830,001470_1786799379.648830.png
1471,1786799379,982156663,1786799379.982157,001471_1786799379.982157.png
1472,1786799380,448850056,1786799380.448850,001472_1786799380.448850.png
1473,1786799380,548805294,1786799380.548805,001473_1786799380.548805.png
1474,1786799380,782187414,1786799380.782187,001474_1786799380.782187.png
1475,1786799380,882245709,1786799380.882246,001475_1786799380.882246.png
1476,1786799380,915449587,1786799380.915450,001476_1786799380.915450.png
1477,1786799381,115502164,1786799381.115502,001477_1786799381.115502.png
1478,1786799381,182148808,1786799381.182149,001478_1786799381.182149.png
1479,1786799381,215511251,1786799381.215511,001479_1786799381.215511.png
1480,1786799381,248822595,1786799381.248823,001480_1786799381.248823.png
1481,1786799381,415540602,1786799381.415541,001481_1786799381.415541.png
1482,1786799381,448863912,1786799381.448864,001482_1786799381.448864.png
1483,1786799382,48848307,1786799382.048848,001483_1786799382.048848.png
1484,1786799382,148807800,1786799382.148808,001484_1786799382.148808.png
1485,1786799382,215545734,1786799382.215546,001485_1786799382.215546.png
1486,1786799382,248839918,1786799382.248840,001486_1786799382.248840.png
1487,1786799382,315573172,1786799382.315573,001487_1786799382.315573.png
1488,1786799382,348852277,1786799382.348852,001488_1786799382.348852.png
1489,1786799382,515499224,1786799382.515499,001489_1786799382.515499.png
1490,1786799382,582179497,1786799382.582180,001490_1786799382.582180.png
1491,1786799383,48874428,1786799383.048874,001491_1786799383.048874.png
1492,1786799383,82240811,1786799383.082241,001492_1786799383.082241.png
1493,1786799383,182223172,1786799383.182223,001493_1786799383.182223.png
1494,1786799383,248815024,1786799383.248815,001494_1786799383.248815.png
1495,1786799383,282220151,1786799383.282220,001495_1786799383.282220.png
1496,1786799383,348856200,1786799383.348856,001496_1786799383.348856.png
1497,1786799383,415545903,1786799383.415546,001497_1786799383.415546.png
1498,1786799383,448844753,1786799383.448845,001498_1786799383.448845.png
1499,1786799384,82143493,1786799384.082144,001499_1786799384.082144.png
1500,1786799384,548875362,1786799384.548875,001500_1786799384.548875.png
1501,1786799384,748917363,1786799384.748917,001501_1786799384.748917.png
1502,1786799384,815666607,1786799384.815667,001502_1786799384.815667.png
1503,1786799384,882287008,1786799384.882287,001503_1786799384.882287.png
1504,1786799384,982302291,1786799384.982302,001504_1786799384.982302.png
1505,1786799385,115707343,1786799385.115707,001505_1786799385.115707.png
1506,1786799385,882306469,1786799385.882307,001506_1786799385.882307.png
1507,1786799385,982258732,1786799385.982259,001507_1786799385.982259.png
1508,1786799386,282268123,1786799386.282268,001508_1786799386.282268.png
1509,1786799386,548944493,1786799386.548944,001509_1786799386.548944.png
1510,1786799387,349028116,1786799387.349028,001510_1786799387.349028.png
1511,1786799387,648924869,1786799387.648925,001511_1786799387.648925.png
1512,1786799388,415683073,1786799388.415683,001512_1786799388.415683.png
1513,1786799388,448952221,1786799388.448952,001513_1786799388.448952.png
1514,1786799388,482339652,1786799388.482340,001514_1786799388.482340.png
1515,1786799388,582328232,1786799388.582328,001515_1786799388.582328.png
1516,1786799388,615710721,1786799388.615711,001516_1786799388.615711.png
1517,1786799388,682307189,1786799388.682307,001517_1786799388.682307.png
1518,1786799388,882369373,1786799388.882369,001518_1786799388.882369.png
1519,1786799388,915685815,1786799388.915686,001519_1786799388.915686.png
1520,1786799389,982450912,1786799389.982451,001520_1786799389.982451.png
1521,1786799390,82322324,1786799390.082322,001521_1786799390.082322.png
1522,1786799390,149026675,1786799390.149027,001522_1786799390.149027.png
1523,1786799390,182355310,1786799390.182355,001523_1786799390.182355.png
1524,1786799390,215723040,1786799390.215723,001524_1786799390.215723.png
1525,1786799390,248994900,1786799390.248995,001525_1786799390.248995.png
1526,1786799390,315668559,1786799390.315669,001526_1786799390.315669.png
1527,1786799390,415668738,1786799390.415669,001527_1786799390.415669.png
1528,1786799390,482471951,1786799390.482472,001528_1786799390.482472.png
1529,1786799390,515754720,1786799390.515755,001529_1786799390.515755.png
1530,1786799390,549024447,1786799390.549024,001530_1786799390.549024.png
1531,1786799390,782370348,1786799390.782370,001531_1786799390.782370.png
1532,1786799391,82345980,1786799391.082346,001532_1786799391.082346.png
1533,1786799391,149021892,1786799391.149022,001533_1786799391.149022.png
1534,1786799391,249036898,1786799391.249037,001534_1786799391.249037.png
1535,1786799391,282352903,1786799391.282353,001535_1786799391.282353.png
1536,1786799391,382333417,1786799391.382334,001536_1786799391.382334.png
1537,1786799391,649008688,1786799391.649009,001537_1786799391.649009.png
1538,1786799391,682351521,1786799391.682352,001538_1786799391.682352.png
1539,1786799391,715720956,1786799391.715721,001539_1786799391.715721.png
1540,1786799391,815792256,1786799391.815792,001540_1786799391.815792.png
1541,1786799391,882359197,1786799391.882359,001541_1786799391.882359.png
1542,1786799392,215810588,1786799392.215811,001542_1786799392.215811.png
1543,1786799392,382431683,1786799392.382432,001543_1786799392.382432.png
1544,1786799392,949053270,1786799392.949053,001544_1786799392.949053.png
1545,1786799393,449054357,1786799393.449054,001545_1786799393.449054.png
1546,1786799393,549045839,1786799393.549046,001546_1786799393.549046.png
1547,1786799393,682415199,1786799393.682415,001547_1786799393.682415.png
1548,1786799394,15828648,1786799394.015829,001548_1786799394.015829.png
1549,1786799394,115749969,1786799394.115750,001549_1786799394.115750.png
1550,1786799394,149092191,1786799394.149092,001550_1786799394.149092.png
1551,1786799394,315816656,1786799394.315817,001551_1786799394.315817.png
1552,1786799394,382505340,1786799394.382505,001552_1786799394.382505.png
1553,1786799394,415862600,1786799394.415863,001553_1786799394.415863.png
1554,1786799394,449066021,1786799394.449066,001554_1786799394.449066.png
1555,1786799394,515768421,1786799394.515769,001555_1786799394.515769.png
1556,1786799394,649151519,1786799394.649152,001556_1786799394.649152.png
1557,1786799395,82535668,1786799395.082536,001557_1786799395.082536.png
1558,1786799395,149157319,1786799395.149157,001558_1786799395.149157.png
1559,1786799395,182424760,1786799395.182425,001559_1786799395.182425.png
1560,1786799395,582572375,1786799395.582572,001560_1786799395.582572.png
1561,1786799395,649081931,1786799395.649082,001561_1786799395.649082.png
1562,1786799396,149129664,1786799396.149130,001562_1786799396.149130.png
1563,1786799396,382484581,1786799396.382485,001563_1786799396.382485.png
1564,1786799396,482464220,1786799396.482464,001564_1786799396.482464.png
1565,1786799396,882647019,1786799396.882647,001565_1786799396.882647.png
1566,1786799396,949164465,1786799396.949164,001566_1786799396.949164.png
1567,1786799396,982469225,1786799396.982469,001567_1786799396.982469.png
1568,1786799397,15829698,1786799397.015830,001568_1786799397.015830.png
1569,1786799397,49161374,1786799397.049161,001569_1786799397.049161.png
1570,1786799397,149150422,1786799397.149150,001570_1786799397.149150.png
1571,1786799397,249170725,1786799397.249171,001571_1786799397.249171.png
1572,1786799397,282461178,1786799397.282461,001572_1786799397.282461.png
1573,1786799397,315881707,1786799397.315882,001573_1786799397.315882.png
1574,1786799397,549175205,1786799397.549175,001574_1786799397.549175.png
1575,1786799397,582487517,1786799397.582488,001575_1786799397.582488.png
1576,1786799397,915856299,1786799397.915856,001576_1786799397.915856.png
1577,1786799397,949282725,1786799397.949283,001577_1786799397.949283.png
1578,1786799397,982609161,1786799397.982609,001578_1786799397.982609.png
1579,1786799398,115811164,1786799398.115811,001579_1786799398.115811.png
1580,1786799398,149137180,1786799398.149137,001580_1786799398.149137.png
1581,1786799398,215806613,1786799398.215807,001581_1786799398.215807.png
1582,1786799398,249198480,1786799398.249198,001582_1786799398.249198.png
1583,1786799398,282614466,1786799398.282614,001583_1786799398.282614.png
1584,1786799398,315820875,1786799398.315821,001584_1786799398.315821.png
1585,1786799398,349161420,1786799398.349161,001585_1786799398.349161.png
1586,1786799398,515941244,1786799398.515941,001586_1786799398.515941.png
1587,1786799398,549271799,1786799398.549272,001587_1786799398.549272.png
1588,1786799398,582514683,1786799398.582515,001588_1786799398.582515.png
1589,1786799398,615866005,1786799398.615866,001589_1786799398.615866.png
1590,1786799398,915908018,1786799398.915908,001590_1786799398.915908.png
1591,1786799398,982577221,1786799398.982577,001591_1786799398.982577.png
1592,1786799399,49235437,1786799399.049235,001592_1786799399.049235.png
1593,1786799399,82575880,1786799399.082576,001593_1786799399.082576.png
1594,1786799399,349191567,1786799399.349192,001594_1786799399.349192.png
1595,1786799399,382501268,1786799399.382501,001595_1786799399.382501.png
1596,1786799399,415838849,1786799399.415839,001596_1786799399.415839.png
1597,1786799399,449205701,1786799399.449206,001597_1786799399.449206.png
1598,1786799399,482535993,1786799399.482536,001598_1786799399.482536.png
1599,1786799399,515843824,1786799399.515844,001599_1786799399.515844.png
1600,1786799399,815876419,1786799399.815876,001600_1786799399.815876.png
1601,1786799399,982577091,1786799399.982577,001601_1786799399.982577.png
1602,1786799400,49222128,1786799400.049222,001602_1786799400.049222.png
1603,1786799400,115905222,1786799400.115905,001603_1786799400.115905.png
1604,1786799400,249224571,1786799400.249225,001604_1786799400.249225.png
1605,1786799400,349191328,1786799400.349191,001605_1786799400.349191.png
1606,1786799400,415862633,1786799400.415863,001606_1786799400.415863.png
1607,1786799400,449218633,1786799400.449219,001607_1786799400.449219.png
1608,1786799400,482566613,1786799400.482567,001608_1786799400.482567.png
1609,1786799400,515872358,1786799400.515872,001609_1786799400.515872.png
1610,1786799400,549211978,1786799400.549212,001610_1786799400.549212.png
1611,1786799400,582538345,1786799400.582538,001611_1786799400.582538.png
1612,1786799400,615853039,1786799400.615853,001612_1786799400.615853.png
1613,1786799400,915866790,1786799400.915867,001613_1786799400.915867.png
1614,1786799400,949217222,1786799400.949217,001614_1786799400.949217.png
1615,1786799401,49276912,1786799401.049277,001615_1786799401.049277.png
1616,1786799401,549255610,1786799401.549256,001616_1786799401.549256.png
1617,1786799401,616004040,1786799401.616004,001617_1786799401.616004.png
1618,1786799401,649240273,1786799401.649240,001618_1786799401.649240.png
1619,1786799402,315916561,1786799402.315917,001619_1786799402.315917.png
1620,1786799402,615902936,1786799402.615903,001620_1786799402.615903.png
1621,1786799403,149283827,1786799403.149284,001621_1786799403.149284.png
1622,1786799403,282622201,1786799403.282622,001622_1786799403.282622.png
1623,1786799403,315961359,1786799403.315961,001623_1786799403.315961.png
1624,1786799403,349308925,1786799403.349309,001624_1786799403.349309.png
1625,1786799403,382603631,1786799403.382604,001625_1786799403.382604.png
1626,1786799403,582757695,1786799403.582758,001626_1786799403.582758.png
1627,1786799403,816020191,1786799403.816020,001627_1786799403.816020.png
1628,1786799403,882731016,1786799403.882731,001628_1786799403.882731.png
1629,1786799404,282640849,1786799404.282641,001629_1786799404.282641.png
1630,1786799404,349287937,1786799404.349288,001630_1786799404.349288.png
1631,1786799404,482648901,1786799404.482649,001631_1786799404.482649.png
1632,1786799404,515972194,1786799404.515972,001632_1786799404.515972.png
1633,1786799404,715941863,1786799404.715942,001633_1786799404.715942.png
1634,1786799404,749282857,1786799404.749283,001634_1786799404.749283.png
1635,1786799404,782605245,1786799404.782605,001635_1786799404.782605.png
1636,1786799404,849263649,1786799404.849264,001636_1786799404.849264.png
1637,1786799404,882676232,1786799404.882676,001637_1786799404.882676.png
1638,1786799404,915954783,1786799404.915955,001638_1786799404.915955.png
1639,1786799405,915957092,1786799405.915957,001639_1786799405.915957.png
1640,1786799406,49253474,1786799406.049253,001640_1786799406.049253.png
1641,1786799406,149364555,1786799406.149364,001641_1786799406.149364.png
1642,1786799406,215944057,1786799406.215944,001642_1786799406.215944.png
1643,1786799406,282711064,1786799406.282711,001643_1786799406.282711.png
1644,1786799407,16010105,1786799407.016010,001644_1786799407.016010.png
1645,1786799407,49399886,1786799407.049400,001645_1786799407.049400.png
1646,1786799407,82755577,1786799407.082756,001646_1786799407.082756.png
1647,1786799407,116037679,1786799407.116038,001647_1786799407.116038.png
1648,1786799407,149460046,1786799407.149460,001648_1786799407.149460.png
1649,1786799407,316003693,1786799407.316004,001649_1786799407.316004.png
1650,1786799407,349365149,1786799407.349365,001650_1786799407.349365.png
1651,1786799407,416057146,1786799407.416057,001651_1786799407.416057.png
1652,1786799407,449409984,1786799407.449410,001652_1786799407.449410.png
1653,1786799407,949352077,1786799407.949352,001653_1786799407.949352.png
1654,1786799407,982762517,1786799407.982763,001654_1786799407.982763.png
1655,1786799408,16027436,1786799408.016027,001655_1786799408.016027.png
1656,1786799408,49446288,1786799408.049446,001656_1786799408.049446.png
1657,1786799408,116012651,1786799408.116013,001657_1786799408.116013.png
1658,1786799408,149361604,1786799408.149362,001658_1786799408.149362.png
1659,1786799408,182841958,1786799408.182842,001659_1786799408.182842.png
1660,1786799408,249393729,1786799408.249394,001660_1786799408.249394.png
1661,1786799408,315987642,1786799408.315988,001661_1786799408.315988.png
1662,1786799408,349305791,1786799408.349306,001662_1786799408.349306.png
1663,1786799408,449409849,1786799408.449410,001663_1786799408.449410.png
1664,1786799408,649411575,1786799408.649412,001664_1786799408.649412.png
1665,1786799408,882799673,1786799408.882800,001665_1786799408.882800.png
1666,1786799409,16065830,1786799409.016066,001666_1786799409.016066.png
1667,1786799409,216023809,1786799409.216024,001667_1786799409.216024.png
1668,1786799409,316093336,1786799409.316093,001668_1786799409.316093.png
1669,1786799409,416065368,1786799409.416065,001669_1786799409.416065.png
1670,1786799409,949392846,1786799409.949393,001670_1786799409.949393.png
1671,1786799409,982751424,1786799409.982751,001671_1786799409.982751.png
1672,1786799410,949435655,1786799410.949436,001672_1786799410.949436.png
1673,1786799411,49405803,1786799411.049406,001673_1786799411.049406.png
1674,1786799411,482881412,1786799411.482881,001674_1786799411.482881.png
1675,1786799411,949532645,1786799411.949533,001675_1786799411.949533.png
1676,1786799411,982852396,1786799411.982852,001676_1786799411.982852.png
1677,1786799412,16125090,1786799412.016125,001677_1786799412.016125.png
1678,1786799412,316119185,1786799412.316119,001678_1786799412.316119.png
1679,1786799412,349464616,1786799412.349465,001679_1786799412.349465.png
1680,1786799412,382792395,1786799412.382792,001680_1786799412.382792.png
1681,1786799412,416136338,1786799412.416136,001681_1786799412.416136.png
1682,1786799412,449481129,1786799412.449481,001682_1786799412.449481.png
1683,1786799412,649436633,1786799412.649437,001683_1786799412.649437.png
1684,1786799412,782775190,1786799412.782775,001684_1786799412.782775.png
1685,1786799412,882827373,1786799412.882827,001685_1786799412.882827.png
1686,1786799412,916167541,1786799412.916167,001686_1786799412.916167.png
1687,1786799413,116186005,1786799413.116186,001687_1786799413.116186.png
1688,1786799413,149483281,1786799413.149483,001688_1786799413.149483.png
1689,1786799414,16149083,1786799414.016149,001689_1786799414.016149.png
1690,1786799414,49565492,1786799414.049566,001690_1786799414.049566.png
1691,1786799414,349514672,1786799414.349515,001691_1786799414.349515.png
1692,1786799414,516192594,1786799414.516193,001692_1786799414.516193.png
1693,1786799414,882834295,1786799414.882834,001693_1786799414.882834.png
1694,1786799414,916198677,1786799414.916199,001694_1786799414.916199.png
1695,1786799414,982914789,1786799414.982915,001695_1786799414.982915.png
1696,1786799415,16214236,1786799415.016214,001696_1786799415.016214.png
1697,1786799415,116217379,1786799415.116217,001697_1786799415.116217.png
1698,1786799415,182841820,1786799415.182842,001698_1786799415.182842.png
1699,1786799415,249510977,1786799415.249511,001699_1786799415.249511.png
1700,1786799415,282822779,1786799415.282823,001700_1786799415.282823.png
1701,1786799415,449520167,1786799415.449520,001701_1786799415.449520.png
1702,1786799416,182848932,1786799416.182849,001702_1786799416.182849.png
1703,1786799416,249567033,1786799416.249567,001703_1786799416.249567.png
1704,1786799416,349514073,1786799416.349514,001704_1786799416.349514.png
1705,1786799416,549664783,1786799416.549665,001705_1786799416.549665.png
1706,1786799416,616320428,1786799416.616320,001706_1786799416.616320.png
1707,1786799417,316195420,1786799417.316195,001707_1786799417.316195.png
1708,1786799418,16241050,1786799418.016241,001708_1786799418.016241.png
1709,1786799418,49663253,1786799418.049663,001709_1786799418.049663.png
1710,1786799418,249598662,1786799418.249599,001710_1786799418.249599.png
1711,1786799418,282904845,1786799418.282905,001711_1786799418.282905.png
1712,1786799418,749563456,1786799418.749563,001712_1786799418.749563.png
1713,1786799418,949562094,1786799418.949562,001713_1786799418.949562.png
1714,1786799418,982968409,1786799418.982968,001714_1786799418.982968.png
1715,1786799419,82957040,1786799419.082957,001715_1786799419.082957.png
1716,1786799419,116304203,1786799419.116304,001716_1786799419.116304.png
1717,1786799419,149610576,1786799419.149611,001717_1786799419.149611.png
1718,1786799419,216669031,1786799419.216669,001718_1786799419.216669.png
1719,1786799419,416313260,1786799419.416313,001719_1786799419.416313.png
1720,1786799419,449623701,1786799419.449624,001720_1786799419.449624.png
1721,1786799419,882922299,1786799419.882922,001721_1786799419.882922.png
1722,1786799419,949615433,1786799419.949615,001722_1786799419.949615.png
1723,1786799420,316342122,1786799420.316342,001723_1786799420.316342.png
1724,1786799420,349586220,1786799420.349586,001724_1786799420.349586.png
1725,1786799420,383000346,1786799420.383000,001725_1786799420.383000.png
1726,1786799420,749625693,1786799420.749626,001726_1786799420.749626.png
1727,1786799420,782943904,1786799420.782944,001727_1786799420.782944.png
1728,1786799420,982936857,1786799420.982937,001728_1786799420.982937.png
1729,1786799421,149712109,1786799421.149712,001729_1786799421.149712.png
1730,1786799421,282995655,1786799421.282996,001730_1786799421.282996.png
1731,1786799421,649626965,1786799421.649627,001731_1786799421.649627.png
1732,1786799421,749624964,1786799421.749625,001732_1786799421.749625.png
1733,1786799421,782967070,1786799421.782967,001733_1786799421.782967.png
1734,1786799421,882951446,1786799421.882951,001734_1786799421.882951.png
1735,1786799422,16357962,1786799422.016358,001735_1786799422.016358.png
1736,1786799422,616315276,1786799422.616315,001736_1786799422.616315.png
1737,1786799422,949799997,1786799422.949800,001737_1786799422.949800.png
1738,1786799423,149700614,1786799423.149701,001738_1786799423.149701.png
1739,1786799423,549680782,1786799423.549681,001739_1786799423.549681.png
1740,1786799423,583025224,1786799423.583025,001740_1786799423.583025.png
1741,1786799423,849891133,1786799423.849891,001741_1786799423.849891.png
1742,1786799423,949879183,1786799423.949879,001742_1786799423.949879.png
1743,1786799423,983101827,1786799423.983102,001743_1786799423.983102.png
1744,1786799424,316479822,1786799424.316480,001744_1786799424.316480.png
1745,1786799424,349774479,1786799424.349774,001745_1786799424.349774.png
1746,1786799424,383027046,1786799424.383027,001746_1786799424.383027.png
1747,1786799424,416415382,1786799424.416415,001747_1786799424.416415.png
1748,1786799424,516369443,1786799424.516369,001748_1786799424.516369.png
1749,1786799424,649759686,1786799424.649760,001749_1786799424.649760.png
1750,1786799424,983179545,1786799424.983180,001750_1786799424.983180.png
1751,1786799425,183130242,1786799425.183130,001751_1786799425.183130.png
1752,1786799425,216452124,1786799425.216452,001752_1786799425.216452.png
1753,1786799425,383029289,1786799425.383029,001753_1786799425.383029.png
1754,1786799425,549799259,1786799425.549799,001754_1786799425.549799.png
1755,1786799425,716396396,1786799425.716396,001755_1786799425.716396.png
1756,1786799425,749715742,1786799425.749716,001756_1786799425.749716.png
1757,1786799425,949824533,1786799425.949825,001757_1786799425.949825.png
1758,1786799426,83016796,1786799426.083017,001758_1786799426.083017.png
1759,1786799426,116384840,1786799426.116385,001759_1786799426.116385.png
1760,1786799426,816389048,1786799426.816389,001760_1786799426.816389.png
1761,1786799426,849893335,1786799426.849893,001761_1786799426.849893.png
1762,1786799426,883094124,1786799426.883094,001762_1786799426.883094.png
1763,1786799427,83082250,1786799427.083082,001763_1786799427.083082.png
1764,1786799427,116574381,1786799427.116574,001764_1786799427.116574.png
1765,1786799427,516477013,1786799427.516477,001765_1786799427.516477.png
1766,1786799427,549850306,1786799427.549850,001766_1786799427.549850.png
1767,1786799428,16428720,1786799428.016429,001767_1786799428.016429.png
1768,1786799428,416550934,1786799428.416551,001768_1786799428.416551.png
1769,1786799428,549795445,1786799428.549795,001769_1786799428.549795.png
1770,1786799428,749776015,1786799428.749776,001770_1786799428.749776.png
1771,1786799428,816491364,1786799428.816491,001771_1786799428.816491.png
1772,1786799428,983137611,1786799428.983138,001772_1786799428.983138.png
1773,1786799429,316441891,1786799429.316442,001773_1786799429.316442.png
1774,1786799429,416560669,1786799429.416561,001774_1786799429.416561.png
1775,1786799429,516500267,1786799429.516500,001775_1786799429.516500.png
1776,1786799429,549727031,1786799429.549727,001776_1786799429.549727.png
1777,1786799429,583117907,1786799429.583118,001777_1786799429.583118.png
1778,1786799430,83131690,1786799430.083132,001778_1786799430.083132.png
1779,1786799430,116468400,1786799430.116468,001779_1786799430.116468.png
1780,1786799430,149856097,1786799430.149856,001780_1786799430.149856.png
1781,1786799430,383130320,1786799430.383130,001781_1786799430.383130.png
1782,1786799430,416588203,1786799430.416588,001782_1786799430.416588.png
1783,1786799430,616607180,1786799430.616607,001783_1786799430.616607.png
1784,1786799430,749869878,1786799430.749870,001784_1786799430.749870.png
1785,1786799430,783136368,1786799430.783136,001785_1786799430.783136.png
1786,1786799431,216562958,1786799431.216563,001786_1786799431.216563.png
1787,1786799431,483255729,1786799431.483256,001787_1786799431.483256.png
1788,1786799431,516545788,1786799431.516546,001788_1786799431.516546.png
1789,1786799431,783211594,1786799431.783212,001789_1786799431.783212.png
1790,1786799431,849824542,1786799431.849824,001790_1786799431.849824.png
1791,1786799432,116559784,1786799432.116560,001791_1786799432.116560.png
1792,1786799432,149877573,1786799432.149878,001792_1786799432.149878.png
1793,1786799432,183208079,1786799432.183208,001793_1786799432.183208.png
1794,1786799432,216513186,1786799432.216513,001794_1786799432.216513.png
1795,1786799432,316550067,1786799432.316550,001795_1786799432.316550.png
1796,1786799432,349835997,1786799432.349836,001796_1786799432.349836.png
1797,1786799432,383236350,1786799432.383236,001797_1786799432.383236.png
1798,1786799432,449806593,1786799432.449807,001798_1786799432.449807.png
1799,1786799432,483210188,1786799432.483210,001799_1786799432.483210.png
1800,1786799432,516551401,1786799432.516551,001800_1786799432.516551.png
1801,1786799432,549863859,1786799432.549864,001801_1786799432.549864.png
1802,1786799432,583197561,1786799432.583198,001802_1786799432.583198.png
1803,1786799432,616585481,1786799432.616585,001803_1786799432.616585.png
1804,1786799432,683177363,1786799432.683177,001804_1786799432.683177.png
1805,1786799432,883354528,1786799432.883354,001805_1786799432.883354.png
1806,1786799432,916762817,1786799432.916763,001806_1786799432.916763.png
1807,1786799432,949900243,1786799432.949900,001807_1786799432.949900.png
1808,1786799432,983230844,1786799432.983231,001808_1786799432.983231.png
1809,1786799433,16536102,1786799433.016536,001809_1786799433.016536.png
1810,1786799433,83228241,1786799433.083228,001810_1786799433.083228.png
1811,1786799434,49907847,1786799434.049908,001811_1786799434.049908.png
1812,1786799434,83249130,1786799434.083249,001812_1786799434.083249.png
1813,1786799434,116612517,1786799434.116612,001813_1786799434.116612.png
1814,1786799434,383251571,1786799434.383252,001814_1786799434.383252.png
1815,1786799434,449924797,1786799434.449925,001815_1786799434.449925.png
1816,1786799434,516625620,1786799434.516626,001816_1786799434.516626.png
1817,1786799434,549904625,1786799434.549905,001817_1786799434.549905.png
1818,1786799434,616806003,1786799434.616806,001818_1786799434.616806.png
1819,1786799434,649892811,1786799434.649893,001819_1786799434.649893.png
1820,1786799434,783275216,1786799434.783275,001820_1786799434.783275.png
1821,1786799434,816641156,1786799434.816641,001821_1786799434.816641.png
1822,1786799434,983294515,1786799434.983294,001822_1786799434.983294.png
1823,1786799435,16584692,1786799435.016585,001823_1786799435.016585.png
1824,1786799435,149932182,1786799435.149932,001824_1786799435.149932.png
1825,1786799435,249883700,1786799435.249884,001825_1786799435.249884.png
1826,1786799435,383339483,1786799435.383339,001826_1786799435.383339.png
1827,1786799435,449927836,1786799435.449928,001827_1786799435.449928.png
1828,1786799435,816684196,1786799435.816684,001828_1786799435.816684.png
1829,1786799436,250094976,1786799436.250095,001829_1786799436.250095.png
1830,1786799436,283235046,1786799436.283235,001830_1786799436.283235.png
1831,1786799436,449967133,1786799436.449967,001831_1786799436.449967.png
1832,1786799436,483301987,1786799436.483302,001832_1786799436.483302.png
1833,1786799436,549993499,1786799436.549994,001833_1786799436.549994.png
1834,1786799436,683281547,1786799436.683282,001834_1786799436.683282.png
1835,1786799436,916759049,1786799436.916759,001835_1786799436.916759.png
1836,1786799436,949990213,1786799436.949990,001836_1786799436.949990.png
1837,1786799437,50481940,1786799437.050482,001837_1786799437.050482.png
1838,1786799437,83351623,1786799437.083352,001838_1786799437.083352.png
1839,1786799437,149997211,1786799437.149997,001839_1786799437.149997.png
1840,1786799437,183318405,1786799437.183318,001840_1786799437.183318.png
1841,1786799437,250009412,1786799437.250009,001841_1786799437.250009.png
1842,1786799437,483277622,1786799437.483278,001842_1786799437.483278.png
1843,1786799437,516696014,1786799437.516696,001843_1786799437.516696.png
1844,1786799437,583320144,1786799437.583320,001844_1786799437.583320.png
1845,1786799437,983412770,1786799437.983413,001845_1786799437.983413.png
1846,1786799438,83290329,1786799438.083290,001846_1786799438.083290.png
1847,1786799438,383333675,1786799438.383334,001847_1786799438.383334.png
1848,1786799438,416764483,1786799438.416764,001848_1786799438.416764.png
1849,1786799438,450011340,1786799438.450011,001849_1786799438.450011.png
1850,1786799438,483304313,1786799438.483304,001850_1786799438.483304.png
1851,1786799438,516716788,1786799438.516717,001851_1786799438.516717.png
1852,1786799438,550003307,1786799438.550003,001852_1786799438.550003.png
1853,1786799438,716684533,1786799438.716685,001853_1786799438.716685.png
1854,1786799438,949930483,1786799438.949930,001854_1786799438.949930.png
1855,1786799439,50045349,1786799439.050045,001855_1786799439.050045.png
1856,1786799439,183407398,1786799439.183407,001856_1786799439.183407.png
1857,1786799439,250003530,1786799439.250004,001857_1786799439.250004.png
1858,1786799439,416715328,1786799439.416715,001858_1786799439.416715.png
1859,1786799439,450027698,1786799439.450028,001859_1786799439.450028.png
1860,1786799439,683322149,1786799439.683322,001860_1786799439.683322.png
1861,1786799439,749932512,1786799439.749933,001861_1786799439.749933.png
1862,1786799440,16662814,1786799440.016663,001862_1786799440.016663.png
1863,1786799440,316685398,1786799440.316685,001863_1786799440.316685.png
1864,1786799440,950103275,1786799440.950103,001864_1786799440.950103.png
1865,1786799440,983468849,1786799440.983469,001865_1786799440.983469.png
1866,1786799441,16806916,1786799441.016807,001866_1786799441.016807.png
1867,1786799441,50089004,1786799441.050089,001867_1786799441.050089.png
1868,1786799441,150065519,1786799441.150065,001868_1786799441.150065.png
1869,1786799441,250132956,1786799441.250133,001869_1786799441.250133.png
1870,1786799441,550035909,1786799441.550036,001870_1786799441.550036.png
1871,1786799441,916831167,1786799441.916831,001871_1786799441.916831.png
1872,1786799442,50096601,1786799442.050097,001872_1786799442.050097.png
1873,1786799442,116826271,1786799442.116826,001873_1786799442.116826.png
1874,1786799442,216833662,1786799442.216834,001874_1786799442.216834.png
1875,1786799442,250012255,1786799442.250012,001875_1786799442.250012.png
1876,1786799442,316830010,1786799442.316830,001876_1786799442.316830.png
1877,1786799442,350168755,1786799442.350169,001877_1786799442.350169.png
1878,1786799442,383540370,1786799442.383540,001878_1786799442.383540.png
1879,1786799442,416770523,1786799442.416770,001879_1786799442.416770.png
1880,1786799442,450105573,1786799442.450106,001880_1786799442.450106.png
1881,1786799442,483460394,1786799442.483460,001881_1786799442.483460.png
1882,1786799442,550080482,1786799442.550081,001882_1786799442.550081.png
1883,1786799442,583427742,1786799442.583428,001883_1786799442.583428.png
1884,1786799443,16745305,1786799443.016745,001884_1786799443.016745.png
1885,1786799443,50146730,1786799443.050147,001885_1786799443.050147.png
1886,1786799443,83456347,1786799443.083456,001886_1786799443.083456.png
1887,1786799443,116802673,1786799443.116803,001887_1786799443.116803.png
1888,1786799443,216778850,1786799443.216779,001888_1786799443.216779.png
1889,1786799443,283446931,1786799443.283447,001889_1786799443.283447.png
1890,1786799444,250177419,1786799444.250177,001890_1786799444.250177.png
1891,1786799444,416746974,1786799444.416747,001891_1786799444.416747.png
1892,1786799444,516739652,1786799444.516740,001892_1786799444.516740.png
1893,1786799444,550079856,1786799444.550080,001893_1786799444.550080.png
1894,1786799444,883470222,1786799444.883470,001894_1786799444.883470.png
1895,1786799444,950082388,1786799444.950082,001895_1786799444.950082.png
1896,1786799445,216768138,1786799445.216768,001896_1786799445.216768.png
1897,1786799445,250251603,1786799445.250252,001897_1786799445.250252.png
1898,1786799445,283467413,1786799445.283468,001898_1786799445.283468.png
1899,1786799445,316813624,1786799445.316814,001899_1786799445.316814.png
1900,1786799445,816691737,1786799445.816692,001900_1786799445.816692.png
1901,1786799446,83565631,1786799446.083566,001901_1786799446.083566.png
1902,1786799446,116822045,1786799446.116822,001902_1786799446.116822.png
1903,1786799446,250132261,1786799446.250132,001903_1786799446.250132.png
1904,1786799446,350128116,1786799446.350128,001904_1786799446.350128.png
1905,1786799446,483507061,1786799446.483507,001905_1786799446.483507.png
1906,1786799446,516762410,1786799446.516762,001906_1786799446.516762.png
1907,1786799446,683468054,1786799446.683468,001907_1786799446.683468.png
1908,1786799446,950107241,1786799446.950107,001908_1786799446.950107.png
1909,1786799447,116829337,1786799447.116829,001909_1786799447.116829.png
1910,1786799447,150191066,1786799447.150191,001910_1786799447.150191.png
1911,1786799447,183517334,1786799447.183517,001911_1786799447.183517.png
1912,1786799447,216779174,1786799447.216779,001912_1786799447.216779.png
1913,1786799447,250170212,1786799447.250170,001913_1786799447.250170.png
1914,1786799447,316841124,1786799447.316841,001914_1786799447.316841.png
1915,1786799447,583528001,1786799447.583528,001915_1786799447.583528.png
1916,1786799447,650171972,1786799447.650172,001916_1786799447.650172.png
1917,1786799447,950255473,1786799447.950255,001917_1786799447.950255.png
1918,1786799447,983606909,1786799447.983607,001918_1786799447.983607.png
1919,1786799448,16820683,1786799448.016821,001919_1786799448.016821.png
1920,1786799448,83501202,1786799448.083501,001920_1786799448.083501.png
1921,1786799448,350206177,1786799448.350206,001921_1786799448.350206.png
1922,1786799448,416827861,1786799448.416828,001922_1786799448.416828.png
1923,1786799448,450210633,1786799448.450211,001923_1786799448.450211.png
1924,1786799448,483602306,1786799448.483602,001924_1786799448.483602.png
1925,1786799448,850288475,1786799448.850288,001925_1786799448.850288.png
1926,1786799448,883517273,1786799448.883517,001926_1786799448.883517.png
1927,1786799448,950206694,1786799448.950207,001927_1786799448.950207.png
1928,1786799449,50200256,1786799449.050200,001928_1786799449.050200.png
1929,1786799449,83578706,1786799449.083579,001929_1786799449.083579.png
1930,1786799449,116908529,1786799449.116909,001930_1786799449.116909.png
1931,1786799449,150206959,1786799449.150207,001931_1786799449.150207.png
1932,1786799449,350150052,1786799449.350150,001932_1786799449.350150.png
1933,1786799449,450180245,1786799449.450180,001933_1786799449.450180.png
1934,1786799449,750293512,1786799449.750293,001934_1786799449.750293.png
1935,1786799449,883652760,1786799449.883653,001935_1786799449.883653.png
1936,1786799450,16872925,1786799450.016873,001936_1786799450.016873.png
1937,1786799450,50161912,1786799450.050162,001937_1786799450.050162.png
1938,1786799450,250193910,1786799450.250194,001938_1786799450.250194.png
1939,1786799450,283639671,1786799450.283640,001939_1786799450.283640.png
1940,1786799450,316937347,1786799450.316937,001940_1786799450.316937.png
1941,1786799450,483651864,1786799450.483652,001941_1786799450.483652.png
1942,1786799450,683558498,1786799450.683558,001942_1786799450.683558.png
1943,1786799450,816878731,1786799450.816879,001943_1786799450.816879.png
1944,1786799451,383619598,1786799451.383620,001944_1786799451.383620.png
1945,1786799451,483649074,1786799451.483649,001945_1786799451.483649.png
1946,1786799451,583627148,1786799451.583627,001946_1786799451.583627.png
1947,1786799451,950327403,1786799451.950327,001947_1786799451.950327.png
1948,1786799452,50276641,1786799452.050277,001948_1786799452.050277.png
1949,1786799452,416980418,1786799452.416981,001949_1786799452.416981.png
1950,1786799452,516914917,1786799452.516915,001950_1786799452.516915.png
1951,1786799453,383847888,1786799453.383848,001951_1786799453.383848.png
1952,1786799453,583692758,1786799453.583693,001952_1786799453.583693.png
1953,1786799453,650316727,1786799453.650317,001953_1786799453.650317.png
1954,1786799454,216965297,1786799454.216965,001954_1786799454.216965.png
1955,1786799454,250313980,1786799454.250314,001955_1786799454.250314.png
1956,1786799454,283631963,1786799454.283632,001956_1786799454.283632.png
1957,1786799454,616936686,1786799454.616937,001957_1786799454.616937.png
1958,1786799454,683640374,1786799454.683640,001958_1786799454.683640.png
1959,1786799455,83668311,1786799455.083668,001959_1786799455.083668.png
1960,1786799455,250290405,1786799455.250290,001960_1786799455.250290.png
1961,1786799455,283628408,1786799455.283628,001961_1786799455.283628.png
1962,1786799455,316973239,1786799455.316973,001962_1786799455.316973.png
1963,1786799455,450319762,1786799455.450320,001963_1786799455.450320.png
1964,1786799455,783775935,1786799455.783776,001964_1786799455.783776.png
1965,1786799456,416930451,1786799456.416930,001965_1786799456.416930.png
1966,1786799457,183825710,1786799457.183826,001966_1786799457.183826.png
1967,1786799457,350382532,1786799457.350383,001967_1786799457.350383.png
1968,1786799457,917045763,1786799457.917046,001968_1786799457.917046.png
1969,1786799458,250345835,1786799458.250346,001969_1786799458.250346.png
1970,1786799458,283705942,1786799458.283706,001970_1786799458.283706.png
1971,1786799458,317048249,1786799458.317048,001971_1786799458.317048.png
1972,1786799458,350440823,1786799458.350441,001972_1786799458.350441.png
1973,1786799458,550489354,1786799458.550489,001973_1786799458.550489.png
1974,1786799459,250452110,1786799459.250452,001974_1786799459.250452.png
1975,1786799459,283857943,1786799459.283858,001975_1786799459.283858.png
1976,1786799459,783850543,1786799459.783850,001976_1786799459.783850.png
1977,1786799459,883914630,1786799459.883915,001977_1786799459.883915.png
1978,1786799459,950422709,1786799459.950423,001978_1786799459.950423.png
1979,1786799460,450619148,1786799460.450619,001979_1786799460.450619.png
1980,1786799461,417215892,1786799461.417216,001980_1786799461.417216.png
1981,1786799461,450463174,1786799461.450463,001981_1786799461.450463.png
1982,1786799461,683803392,1786799461.683803,001982_1786799461.683803.png
1983,1786799461,883819863,1786799461.883820,001983_1786799461.883820.png
1984,1786799462,250453609,1786799462.250454,001984_1786799462.250454.png
1985,1786799462,417171106,1786799462.417171,001985_1786799462.417171.png
1986,1786799462,483821302,1786799462.483821,001986_1786799462.483821.png
1987,1786799462,550458095,1786799462.550458,001987_1786799462.550458.png
1988,1786799462,750543211,1786799462.750543,001988_1786799462.750543.png
1989,1786799462,917184123,1786799462.917184,001989_1786799462.917184.png
1990,1786799463,50562537,1786799463.050563,001990_1786799463.050563.png
1991,1786799463,383854893,1786799463.383855,001991_1786799463.383855.png
1992,1786799464,17213748,1786799464.017214,001992_1786799464.017214.png
1993,1786799464,350498198,1786799464.350498,001993_1786799464.350498.png
1994,1786799464,617215610,1786799464.617216,001994_1786799464.617216.png
1995,1786799464,683814392,1786799464.683814,001995_1786799464.683814.png
1996,1786799465,150486709,1786799465.150487,001996_1786799465.150487.png
1997,1786799465,283778973,1786799465.283779,001997_1786799465.283779.png
1998,1786799465,317193336,1786799465.317193,001998_1786799465.317193.png
1999,1786799465,383802111,1786799465.383802,001999_1786799465.383802.png
2000,1786799465,483867615,1786799465.483868,002000_1786799465.483868.png
2001,1786799465,883879189,1786799465.883879,002001_1786799465.883879.png
2002,1786799465,917211342,1786799465.917211,002002_1786799465.917211.png
2003,1786799465,950671994,1786799465.950672,002003_1786799465.950672.png
2004,1786799465,983883898,1786799465.983884,002004_1786799465.983884.png
2005,1786799466,17233093,1786799466.017233,002005_1786799466.017233.png
2006,1786799466,83937047,1786799466.083937,002006_1786799466.083937.png
2007,1786799466,150552113,1786799466.150552,002007_1786799466.150552.png
2008,1786799466,283847164,1786799466.283847,002008_1786799466.283847.png
2009,1786799466,350694239,1786799466.350694,002009_1786799466.350694.png
2010,1786799466,650638169,1786799466.650638,002010_1786799466.650638.png
2011,1786799466,683950751,1786799466.683951,002011_1786799466.683951.png
2012,1786799467,183928854,1786799467.183929,002012_1786799467.183929.png
2013,1786799467,350607022,1786799467.350607,002013_1786799467.350607.png
2014,1786799467,450671863,1786799467.450672,002014_1786799467.450672.png
2015,1786799467,950545904,1786799467.950546,002015_1786799467.950546.png
2016,1786799468,217233369,1786799468.217233,002016_1786799468.217233.png
2017,1786799468,350647714,1786799468.350648,002017_1786799468.350648.png
2018,1786799468,450535625,1786799468.450536,002018_1786799468.450536.png
2019,1786799468,483905751,1786799468.483906,002019_1786799468.483906.png
2020,1786799469,83860684,1786799469.083861,002020_1786799469.083861.png
2021,1786799469,217370182,1786799469.217370,002021_1786799469.217370.png
2022,1786799469,250743452,1786799469.250743,002022_1786799469.250743.png
2023,1786799469,317277673,1786799469.317278,002023_1786799469.317278.png
2024,1786799469,517200466,1786799469.517200,002024_1786799469.517200.png
2025,1786799469,550539801,1786799469.550540,002025_1786799469.550540.png
2026,1786799469,684024660,1786799469.684025,002026_1786799469.684025.png
2027,1786799469,717382588,1786799469.717383,002027_1786799469.717383.png
2028,1786799469,783968954,1786799469.783969,002028_1786799469.783969.png
2029,1786799469,917290129,1786799469.917290,002029_1786799469.917290.png
2030,1786799470,184002555,1786799470.184003,002030_1786799470.184003.png
2031,1786799470,317304482,1786799470.317304,002031_1786799470.317304.png
2032,1786799470,350636712,1786799470.350637,002032_1786799470.350637.png
2033,1786799470,383974391,1786799470.383974,002033_1786799470.383974.png
2034,1786799470,417323519,1786799470.417324,002034_1786799470.417324.png
2035,1786799470,450609499,1786799470.450609,002035_1786799470.450609.png
2036,1786799470,483961228,1786799470.483961,002036_1786799470.483961.png
2037,1786799470,517322229,1786799470.517322,002037_1786799470.517322.png
2038,1786799470,750685822,1786799470.750686,002038_1786799470.750686.png
2039,1786799470,817322485,1786799470.817322,002039_1786799470.817322.png
2040,1786799471,250621617,1786799471.250622,002040_1786799471.250622.png
2041,1786799471,350794689,1786799471.350795,002041_1786799471.350795.png
2042,1786799471,517287763,1786799471.517288,002042_1786799471.517288.png
2043,1786799471,783979509,1786799471.783979,002043_1786799471.783979.png
2044,1786799472,217541709,1786799472.217542,002044_1786799472.217542.png
2045,1786799472,317307805,1786799472.317308,002045_1786799472.317308.png
2046,1786799472,350729309,1786799472.350729,002046_1786799472.350729.png
2047,1786799472,550739548,1786799472.550740,002047_1786799472.550740.png
2048,1786799472,584009891,1786799472.584010,002048_1786799472.584010.png
2049,1786799472,683992204,1786799472.683992,002049_1786799472.683992.png
2050,1786799472,750672462,1786799472.750673,002050_1786799472.750673.png
2051,1786799472,784013216,1786799472.784013,002051_1786799472.784013.png
2052,1786799472,850698030,1786799472.850698,002052_1786799472.850698.png
2053,1786799473,17359022,1786799473.017359,002053_1786799473.017359.png
2054,1786799473,584023961,1786799473.584024,002054_1786799473.584024.png
2055,1786799473,683982790,1786799473.683983,002055_1786799473.683983.png
2056,1786799473,717350667,1786799473.717351,002056_1786799473.717351.png
2057,1786799473,784068748,1786799473.784069,002057_1786799473.784069.png
2058,1786799473,850748469,1786799473.850749,002058_1786799473.850749.png
2059,1786799473,884053412,1786799473.884053,002059_1786799473.884053.png
2060,1786799474,17384732,1786799474.017385,002060_1786799474.017385.png
2061,1786799474,217363883,1786799474.217364,002061_1786799474.217364.png
2062,1786799474,384063297,1786799474.384063,002062_1786799474.384063.png
2063,1786799474,417404741,1786799474.417405,002063_1786799474.417405.png
2064,1786799474,450763375,1786799474.450763,002064_1786799474.450763.png
2065,1786799474,484047336,1786799474.484047,002065_1786799474.484047.png
2066,1786799474,550753619,1786799474.550754,002066_1786799474.550754.png
2067,1786799474,584010506,1786799474.584011,002067_1786799474.584011.png
2068,1786799474,617473329,1786799474.617473,002068_1786799474.617473.png
2069,1786799474,650757753,1786799474.650758,002069_1786799474.650758.png
2070,1786799474,750761238,1786799474.750761,002070_1786799474.750761.png
2071,1786799474,784066420,1786799474.784066,002071_1786799474.784066.png
2072,1786799474,817483480,1786799474.817483,002072_1786799474.817483.png
2073,1786799474,850744209,1786799474.850744,002073_1786799474.850744.png
2074,1786799474,884124365,1786799474.884124,002074_1786799474.884124.png
2075,1786799475,117400668,1786799475.117401,002075_1786799475.117401.png
2076,1786799475,150804256,1786799475.150804,002076_1786799475.150804.png
2077,1786799475,717456977,1786799475.717457,002077_1786799475.717457.png
2078,1786799476,17349462,1786799476.017349,002078_1786799476.017349.png
2079,1786799476,50767488,1786799476.050767,002079_1786799476.050767.png
2080,1786799476,317423551,1786799476.317424,002080_1786799476.317424.png
2081,1786799476,350794033,1786799476.350794,002081_1786799476.350794.png
2082,1786799476,417461415,1786799476.417461,002082_1786799476.417461.png
2083,1786799476,484117814,1786799476.484118,002083_1786799476.484118.png
2084,1786799477,417435585,1786799477.417436,002084_1786799477.417436.png
2085,1786799478,17604093,1786799478.017604,002085_1786799478.017604.png
2086,1786799478,84094616,1786799478.084095,002086_1786799478.084095.png
2087,1786799478,150762338,1786799478.150762,002087_1786799478.150762.png
2088,1786799478,184128613,1786799478.184129,002088_1786799478.184129.png
2089,1786799478,217457873,1786799478.217458,002089_1786799478.217458.png
2090,1786799478,917499181,1786799478.917499,002090_1786799478.917499.png
2091,1786799478,950865333,1786799478.950865,002091_1786799478.950865.png
2092,1786799478,984141281,1786799478.984141,002092_1786799478.984141.png
2093,1786799479,250920547,1786799479.250921,002093_1786799479.250921.png
2094,1786799479,884135236,1786799479.884135,002094_1786799479.884135.png
2095,1786799480,150855333,1786799480.150855,002095_1786799480.150855.png
2096,1786799480,250875894,1786799480.250876,002096_1786799480.250876.png
2097,1786799480,450853124,1786799480.450853,002097_1786799480.450853.png
2098,1786799480,484178458,1786799480.484179,002098_1786799480.484179.png
2099,1786799480,519732490,1786799480.519732,002099_1786799480.519732.png
2100,1786799480,550829374,1786799480.550829,002100_1786799480.550829.png
2101,1786799480,617463964,1786799480.617464,002101_1786799480.617464.png
2102,1786799480,717529450,1786799480.717530,002102_1786799480.717530.png
2103,1786799480,984202917,1786799480.984203,002103_1786799480.984203.png
2104,1786799481,17495506,1786799481.017495,002104_1786799481.017495.png
2105,1786799481,317623259,1786799481.317623,002105_1786799481.317623.png
2106,1786799481,350826898,1786799481.350827,002106_1786799481.350827.png
2107,1786799481,384179695,1786799481.384180,002107_1786799481.384180.png
2108,1786799481,417542083,1786799481.417542,002108_1786799481.417542.png
2109,1786799481,450864502,1786799481.450865,002109_1786799481.450865.png
2110,1786799481,484147889,1786799481.484148,002110_1786799481.484148.png
2111,1786799481,517583910,1786799481.517584,002111_1786799481.517584.png
2112,1786799481,550799252,1786799481.550799,002112_1786799481.550799.png
2113,1786799481,850874076,1786799481.850874,002113_1786799481.850874.png
2114,1786799481,884217389,1786799481.884218,002114_1786799481.884218.png
2115,1786799482,50942185,1786799482.050942,002115_1786799482.050942.png
2116,1786799482,417495943,1786799482.417496,002116_1786799482.417496.png
2117,1786799482,450839562,1786799482.450840,002117_1786799482.450840.png
2118,1786799482,584189057,1786799482.584189,002118_1786799482.584189.png
2119,1786799482,650814278,1786799482.650814,002119_1786799482.650814.png
2120,1786799482,717626825,1786799482.717627,002120_1786799482.717627.png
2121,1786799482,750846260,1786799482.750846,002121_1786799482.750846.png
2122,1786799483,84266669,1786799483.084267,002122_1786799483.084267.png
2123,1786799483,417576391,1786799483.417576,002123_1786799483.417576.png
2124,1786799483,550889009,1786799483.550889,002124_1786799483.550889.png
2125,1786799483,684230322,1786799483.684230,002125_1786799483.684230.png
2126,1786799483,817521236,1786799483.817521,002126_1786799483.817521.png
2127,1786799484,917717340,1786799484.917717,002127_1786799484.917717.png
2128,1786799485,417534985,1786799485.417535,002128_1786799485.417535.png
2129,1786799485,550970485,1786799485.550971,002129_1786799485.550971.png
2130,1786799485,584316796,1786799485.584317,002130_1786799485.584317.png
2131,1786799485,917641750,1786799485.917642,002131_1786799485.917642.png
2132,1786799485,951028666,1786799485.951029,002132_1786799485.951029.png
2133,1786799486,50947460,1786799486.050947,002133_1786799486.050947.png
2134,1786799486,117613182,1786799486.117613,002134_1786799486.117613.png
2135,1786799486,384285026,1786799486.384285,002135_1786799486.384285.png
2136,1786799486,550929705,1786799486.550930,002136_1786799486.550930.png
2137,1786799486,650898946,1786799486.650899,002137_1786799486.650899.png
2138,1786799486,684312474,1786799486.684313,002138_1786799486.684313.png
2139,1786799486,850959107,1786799486.850959,002139_1786799486.850959.png
2140,1786799486,884369182,1786799486.884369,002140_1786799486.884369.png
2141,1786799486,950955524,1786799486.950956,002141_1786799486.950956.png
2142,1786799487,217772385,1786799487.217772,002142_1786799487.217772.png
2143,1786799487,250935061,1786799487.250935,002143_1786799487.250935.png
2144,1786799487,284264658,1786799487.284265,002144_1786799487.284265.png
2145,1786799487,684310790,1786799487.684311,002145_1786799487.684311.png
2146,1786799487,917735419,1786799487.917735,002146_1786799487.917735.png
2147,1786799487,950971107,1786799487.950971,002147_1786799487.950971.png
2148,1786799487,984331067,1786799487.984331,002148_1786799487.984331.png
2149,1786799488,17678951,1786799488.017679,002149_1786799488.017679.png
2150,1786799488,50958747,1786799488.050959,002150_1786799488.050959.png
2151,1786799488,84323839,1786799488.084324,002151_1786799488.084324.png
2152,1786799488,484402867,1786799488.484403,002152_1786799488.484403.png
2153,1786799488,684332152,1786799488.684332,002153_1786799488.684332.png
2154,1786799489,117660119,1786799489.117660,002154_1786799489.117660.png
2155,1786799489,484335936,1786799489.484336,002155_1786799489.484336.png
2156,1786799489,984329510,1786799489.984329,002156_1786799489.984329.png
2157,1786799490,51044019,1786799490.051044,002157_1786799490.051044.png
2158,1786799490,117729387,1786799490.117729,002158_1786799490.117729.png
2159,1786799490,284364611,1786799490.284365,002159_1786799490.284365.png
2160,1786799490,317782966,1786799490.317783,002160_1786799490.317783.png
2161,1786799490,351037102,1786799490.351037,002161_1786799490.351037.png
2162,1786799490,384362250,1786799490.384362,002162_1786799490.384362.png
2163,1786799490,517795874,1786799490.517796,002163_1786799490.517796.png
2164,1786799490,784332162,1786799490.784332,002164_1786799490.784332.png
2165,1786799490,917723877,1786799490.917724,002165_1786799490.917724.png
2166,1786799491,117738999,1786799491.117739,002166_1786799491.117739.png
2167,1786799491,284317620,1786799491.284318,002167_1786799491.284318.png
2168,1786799491,384327641,1786799491.384328,002168_1786799491.384328.png
2169,1786799492,51121204,1786799492.051121,002169_1786799492.051121.png
2170,1786799492,84386169,1786799492.084386,002170_1786799492.084386.png
2171,1786799492,217736896,1786799492.217737,002171_1786799492.217737.png
2172,1786799492,517787669,1786799492.517788,002172_1786799492.517788.png
2173,1786799492,584356123,1786799492.584356,002173_1786799492.584356.png
2174,1786799492,851149804,1786799492.851150,002174_1786799492.851150.png
2175,1786799492,917773396,1786799492.917773,002175_1786799492.917773.png
2176,1786799493,17738870,1786799493.017739,002176_1786799493.017739.png
2177,1786799493,484420887,1786799493.484421,002177_1786799493.484421.png
2178,1786799493,684477400,1786799493.684477,002178_1786799493.684477.png
2179,1786799493,917775093,1786799493.917775,002179_1786799493.917775.png
2180,1786799493,984469352,1786799493.984469,002180_1786799493.984469.png
2181,1786799494,17747281,1786799494.017747,002181_1786799494.017747.png
2182,1786799494,51074962,1786799494.051075,002182_1786799494.051075.png
2183,1786799494,251054028,1786799494.251054,002183_1786799494.251054.png
2184,1786799494,284389890,1786799494.284390,002184_1786799494.284390.png
2185,1786799494,317783291,1786799494.317783,002185_1786799494.317783.png
2186,1786799494,484517173,1786799494.484517,002186_1786799494.484517.png
2187,1786799494,517794325,1786799494.517794,002187_1786799494.517794.png
2188,1786799494,751038235,1786799494.751038,002188_1786799494.751038.png
2189,1786799494,917795568,1786799494.917796,002189_1786799494.917796.png
2190,1786799495,351182675,1786799495.351183,002190_1786799495.351183.png
2191,1786799495,684524551,1786799495.684525,002191_1786799495.684525.png
2192,1786799495,751172197,1786799495.751172,002192_1786799495.751172.png
2193,1786799495,884513030,1786799495.884513,002193_1786799495.884513.png
2194,1786799495,951131967,1786799495.951132,002194_1786799495.951132.png
2195,1786799496,84397847,1786799496.084398,002195_1786799496.084398.png
2196,1786799496,117809116,1786799496.117809,002196_1786799496.117809.png
2197,1786799496,151119176,1786799496.151119,002197_1786799496.151119.png
2198,1786799496,218033915,1786799496.218034,002198_1786799496.218034.png
2199,1786799496,417932278,1786799496.417932,002199_1786799496.417932.png
2200,1786799496,451186773,1786799496.451187,002200_1786799496.451187.png
2201,1786799496,517864855,1786799496.517865,002201_1786799496.517865.png
2202,1786799496,884551065,1786799496.884551,002202_1786799496.884551.png
2203,1786799496,951155591,1786799496.951156,002203_1786799496.951156.png
2204,1786799497,17791886,1786799497.017792,002204_1786799497.017792.png
2205,1786799497,51174139,1786799497.051174,002205_1786799497.051174.png
2206,1786799497,84570872,1786799497.084571,002206_1786799497.084571.png
2207,1786799497,451140137,1786799497.451140,002207_1786799497.451140.png
2208,1786799497,917881478,1786799497.917881,002208_1786799497.917881.png
2209,1786799498,51149512,1786799498.051150,002209_1786799498.051150.png
2210,1786799498,117865492,1786799498.117866,002210_1786799498.117866.png
2211,1786799498,151198068,1786799498.151198,002211_1786799498.151198.png
2212,1786799498,317957036,1786799498.317957,002212_1786799498.317957.png
2213,1786799498,551127283,1786799498.551127,002213_1786799498.551127.png
2214,1786799498,784614091,1786799498.784614,002214_1786799498.784614.png
2215,1786799498,817806903,1786799498.817807,002215_1786799498.817807.png
2216,1786799499,17891013,1786799499.017891,002216_1786799499.017891.png
2217,1786799499,51348462,1786799499.051348,002217_1786799499.051348.png
2218,1786799499,84542284,1786799499.084542,002218_1786799499.084542.png
2219,1786799499,117831744,1786799499.117832,002219_1786799499.117832.png
2220,1786799499,284598886,1786799499.284599,002220_1786799499.284599.png
2221,1786799499,317853990,1786799499.317854,002221_1786799499.317854.png
2222,1786799499,417881439,1786799499.417881,002222_1786799499.417881.png
2223,1786799499,917855216,1786799499.917855,002223_1786799499.917855.png
2224,1786799499,951216395,1786799499.951216,002224_1786799499.951216.png
2225,1786799499,984562828,1786799499.984563,002225_1786799499.984563.png
2226,1786799500,117883793,1786799500.117884,002226_1786799500.117884.png
2227,1786799500,317957376,1786799500.317957,002227_1786799500.317957.png
2228,1786799500,384559207,1786799500.384559,002228_1786799500.384559.png
2229,1786799500,451217038,1786799500.451217,002229_1786799500.451217.png
2230,1786799500,551253500,1786799500.551254,002230_1786799500.551254.png
2231,1786799501,251227692,1786799501.251228,002231_1786799501.251228.png
2232,1786799501,284574597,1786799501.284575,002232_1786799501.284575.png
2233,1786799501,484637064,1786799501.484637,002233_1786799501.484637.png
2234,1786799501,784704630,1786799501.784705,002234_1786799501.784705.png
2235,1786799502,51282380,1786799502.051282,002235_1786799502.051282.png
2236,1786799502,184567765,1786799502.184568,002236_1786799502.184568.png
2237,1786799502,217936746,1786799502.217937,002237_1786799502.217937.png
2238,1786799502,251220641,1786799502.251221,002238_1786799502.251221.png
2239,1786799502,351265508,1786799502.351265,002239_1786799502.351265.png
2240,1786799502,417869173,1786799502.417869,002240_1786799502.417869.png
2241,1786799502,584701458,1786799502.584702,002241_1786799502.584702.png
2242,1786799503,117973928,1786799503.117974,002242_1786799503.117974.png
2243,1786799503,151289658,1786799503.151290,002243_1786799503.151290.png
2244,1786799503,184639482,1786799503.184639,002244_1786799503.184639.png
2245,1786799503,651298336,1786799503.651298,002245_1786799503.651298.png
2246,1786799503,684548677,1786799503.684549,002246_1786799503.684549.png
2247,1786799503,751324786,1786799503.751325,002247_1786799503.751325.png
2248,1786799504,117959679,1786799504.117960,002248_1786799504.117960.png
2249,1786799504,451230445,1786799504.451231,002249_1786799504.451231.png
2250,1786799504,484616377,1786799504.484616,002250_1786799504.484616.png
2251,1786799504,517925318,1786799504.517925,002251_1786799504.517925.png
2252,1786799504,551306984,1786799504.551307,002252_1786799504.551307.png
2253,1786799504,651344866,1786799504.651345,002253_1786799504.651345.png
2254,1786799504,717923617,1786799504.717924,002254_1786799504.717924.png
2255,1786799504,751282804,1786799504.751283,002255_1786799504.751283.png
2256,1786799504,784679189,1786799504.784679,002256_1786799504.784679.png
2257,1786799504,817947669,1786799504.817948,002257_1786799504.817948.png
2258,1786799504,851297135,1786799504.851297,002258_1786799504.851297.png
2259,1786799504,917927186,1786799504.917927,002259_1786799504.917927.png
2260,1786799505,184732176,1786799505.184732,002260_1786799505.184732.png
2261,1786799505,384759357,1786799505.384759,002261_1786799505.384759.png
2262,1786799505,484680464,1786799505.484680,002262_1786799505.484680.png
2263,1786799505,651282190,1786799505.651282,002263_1786799505.651282.png
2264,1786799505,684628155,1786799505.684628,002264_1786799505.684628.png
2265,1786799505,984641294,1786799505.984641,002265_1786799505.984641.png
2266,1786799506,51361217,1786799506.051361,002266_1786799506.051361.png
2267,1786799506,84683372,1786799506.084683,002267_1786799506.084683.png
2268,1786799506,217998782,1786799506.217999,002268_1786799506.217999.png
2269,1786799506,451482253,1786799506.451482,002269_1786799506.451482.png
2270,1786799506,518012080,1786799506.518012,002270_1786799506.518012.png
2271,1786799506,551372993,1786799506.551373,002271_1786799506.551373.png
2272,1786799507,84821304,1786799507.084821,002272_1786799507.084821.png
2273,1786799507,518057624,1786799507.518058,002273_1786799507.518058.png
2274,1786799507,551405990,1786799507.551406,002274_1786799507.551406.png
2275,1786799507,618048231,1786799507.618048,002275_1786799507.618048.png
2276,1786799507,918026432,1786799507.918026,002276_1786799507.918026.png
2277,1786799508,84728862,1786799508.084729,002277_1786799508.084729.png
2278,1786799508,184784813,1786799508.184785,002278_1786799508.184785.png
2279,1786799508,218046416,1786799508.218046,002279_1786799508.218046.png
2280,1786799508,751409763,1786799508.751410,002280_1786799508.751410.png
2281,1786799508,918111596,1786799508.918112,002281_1786799508.918112.png
2282,1786799509,251342505,1786799509.251343,002282_1786799509.251343.png
2283,1786799509,418066915,1786799509.418067,002283_1786799509.418067.png
2284,1786799509,451482587,1786799509.451483,002284_1786799509.451483.png
2285,1786799509,751358765,1786799509.751359,002285_1786799509.751359.png
2286,1786799510,284832556,1786799510.284832,002286_1786799510.284832.png
2287,1786799510,318060726,1786799510.318061,002287_1786799510.318061.png
2288,1786799510,451456029,1786799510.451456,002288_1786799510.451456.png
2289,1786799510,618103862,1786799510.618104,002289_1786799510.618104.png
2290,1786799511,384861277,1786799511.384861,002290_1786799511.384861.png
2291,1786799511,451503279,1786799511.451503,002291_1786799511.451503.png
2292,1786799511,584864979,1786799511.584865,002292_1786799511.584865.png
2293,1786799511,851915914,1786799511.851916,002293_1786799511.851916.png
2294,1786799512,151467193,1786799512.151467,002294_1786799512.151467.png
2295,1786799512,184810129,1786799512.184810,002295_1786799512.184810.png
2296,1786799512,318223408,1786799512.318223,002296_1786799512.318223.png
2297,1786799512,384792407,1786799512.384792,002297_1786799512.384792.png
2298,1786799512,584798014,1786799512.584798,002298_1786799512.584798.png
2299,1786799512,984824807,1786799512.984825,002299_1786799512.984825.png
2300,1786799513,18217391,1786799513.018217,002300_1786799513.018217.png
2301,1786799513,184905039,1786799513.184905,002301_1786799513.184905.png
2302,1786799513,284983205,1786799513.284983,002302_1786799513.284983.png
2303,1786799513,384938034,1786799513.384938,002303_1786799513.384938.png
2304,1786799513,418244872,1786799513.418245,002304_1786799513.418245.png
2305,1786799513,451533848,1786799513.451534,002305_1786799513.451534.png
2306,1786799513,484787573,1786799513.484787,002306_1786799513.484787.png
2307,1786799513,518180860,1786799513.518181,002307_1786799513.518181.png
2308,1786799513,885080206,1786799513.885080,002308_1786799513.885080.png
2309,1786799513,918280791,1786799513.918281,002309_1786799513.918281.png
2310,1786799513,951502041,1786799513.951502,002310_1786799513.951502.png
2311,1786799513,984861496,1786799513.984862,002311_1786799513.984862.png
2312,1786799514,551546153,1786799514.551546,002312_1786799514.551546.png
2313,1786799514,584862388,1786799514.584862,002313_1786799514.584862.png
2314,1786799514,618213419,1786799514.618213,002314_1786799514.618213.png
2315,1786799514,851545222,1786799514.851545,002315_1786799514.851545.png
2316,1786799514,884867984,1786799514.884868,002316_1786799514.884868.png
2317,1786799514,918288825,1786799514.918289,002317_1786799514.918289.png
2318,1786799514,984818365,1786799514.984818,002318_1786799514.984818.png
2319,1786799515,485078461,1786799515.485079,002319_1786799515.485079.png
2320,1786799515,718234746,1786799515.718235,002320_1786799515.718235.png
2321,1786799515,751529961,1786799515.751530,002321_1786799515.751530.png
2322,1786799515,784877092,1786799515.784877,002322_1786799515.784877.png
2323,1786799515,984973695,1786799515.984974,002323_1786799515.984974.png
2324,1786799516,284960834,1786799516.284961,002324_1786799516.284961.png
2325,1786799516,351539441,1786799516.351539,002325_1786799516.351539.png
2326,1786799516,384875754,1786799516.384876,002326_1786799516.384876.png
2327,1786799516,484840893,1786799516.484841,002327_1786799516.484841.png
2328,1786799516,651711605,1786799516.651712,002328_1786799516.651712.png
2329,1786799516,684904262,1786799516.684904,002329_1786799516.684904.png
2330,1786799516,718212105,1786799516.718212,002330_1786799516.718212.png
2331,1786799516,884877238,1786799516.884877,002331_1786799516.884877.png
2332,1786799517,918267967,1786799517.918268,002332_1786799517.918268.png
2333,1786799518,884943198,1786799518.884943,002333_1786799518.884943.png
2334,1786799518,918254113,1786799518.918254,002334_1786799518.918254.png
2335,1786799518,951586614,1786799518.951587,002335_1786799518.951587.png
2336,1786799518,984926955,1786799518.984927,002336_1786799518.984927.png
2337,1786799519,18246350,1786799519.018246,002337_1786799519.018246.png
2338,1786799519,51615863,1786799519.051616,002338_1786799519.051616.png
2339,1786799519,118285430,1786799519.118285,002339_1786799519.118285.png
2340,1786799519,218287492,1786799519.218287,002340_1786799519.218287.png
2341,1786799519,251612640,1786799519.251613,002341_1786799519.251613.png
2342,1786799519,418248704,1786799519.418249,002342_1786799519.418249.png
2343,1786799519,484937394,1786799519.484937,002343_1786799519.484937.png
2344,1786799519,551608480,1786799519.551609,002344_1786799519.551609.png
2345,1786799519,584923472,1786799519.584924,002345_1786799519.584924.png
2346,1786799520,84978950,1786799520.084979,002346_1786799520.084979.png
2347,1786799520,251626555,1786799520.251626,002347_1786799520.251626.png
2348,1786799520,384977650,1786799520.384978,002348_1786799520.384978.png
2349,1786799520,451661575,1786799520.451662,002349_1786799520.451662.png
2350,1786799520,718249868,1786799520.718250,002350_1786799520.718250.png
2351,1786799520,851607752,1786799520.851608,002351_1786799520.851608.png
2352,1786799520,918379352,1786799520.918379,002352_1786799520.918379.png
2353,1786799520,951684680,1786799520.951685,002353_1786799520.951685.png
2354,1786799521,84978406,1786799521.084978,002354_1786799521.084978.png
2355,1786799521,118358447,1786799521.118358,002355_1786799521.118358.png
2356,1786799521,218298361,1786799521.218298,002356_1786799521.218298.png
2357,1786799521,385072346,1786799521.385072,002357_1786799521.385072.png
2358,1786799521,418346423,1786799521.418346,002358_1786799521.418346.png
2359,1786799521,451695940,1786799521.451696,002359_1786799521.451696.png
2360,1786799521,485065298,1786799521.485065,002360_1786799521.485065.png
2361,1786799521,684974663,1786799521.684975,002361_1786799521.684975.png
2362,1786799521,985028139,1786799521.985028,002362_1786799521.985028.png
2363,1786799522,18332273,1786799522.018332,002363_1786799522.018332.png
2364,1786799522,218353939,1786799522.218354,002364_1786799522.218354.png
2365,1786799522,284992143,1786799522.284992,002365_1786799522.284992.png
2366,1786799522,451698392,1786799522.451698,002366_1786799522.451698.png
2367,1786799522,484985902,1786799522.484986,002367_1786799522.484986.png
2368,1786799522,518338237,1786799522.518338,002368_1786799522.518338.png
2369,1786799522,551674588,1786799522.551675,002369_1786799522.551675.png
2370,1786799522,585000259,1786799522.585000,002370_1786799522.585000.png
2371,1786799523,351718836,1786799523.351719,002371_1786799523.351719.png
2372,1786799523,451793950,1786799523.451794,002372_1786799523.451794.png
2373,1786799523,551673232,1786799523.551673,002373_1786799523.551673.png
2374,1786799523,785033705,1786799523.785034,002374_1786799523.785034.png
2375,1786799524,118505686,1786799524.118506,002375_1786799524.118506.png
2376,1786799524,251705024,1786799524.251705,002376_1786799524.251705.png
2377,1786799524,385024906,1786799524.385025,002377_1786799524.385025.png
2378,1786799524,418369588,1786799524.418370,002378_1786799524.418370.png
2379,1786799524,518436899,1786799524.518437,002379_1786799524.518437.png
2380,1786799524,585049057,1786799524.585049,002380_1786799524.585049.png
2381,1786799524,951781561,1786799524.951782,002381_1786799524.951782.png
2382,1786799525,51756155,1786799525.051756,002382_1786799525.051756.png
2383,1786799525,618431051,1786799525.618431,002383_1786799525.618431.png
2384,1786799525,751730141,1786799525.751730,002384_1786799525.751730.png
2385,1786799525,918430887,1786799525.918431,002385_1786799525.918431.png
2386,1786799526,18426394,1786799526.018426,002386_1786799526.018426.png
2387,1786799526,318454330,1786799526.318454,002387_1786799526.318454.png
2388,1786799526,351747276,1786799526.351747,002388_1786799526.351747.png
2389,1786799526,418423214,1786799526.418423,002389_1786799526.418423.png
2390,1786799526,451791395,1786799526.451791,002390_1786799526.451791.png
2391,1786799526,485166253,1786799526.485166,002391_1786799526.485166.png
2392,1786799526,518465642,1786799526.518466,002392_1786799526.518466.png
2393,1786799526,851920242,1786799526.851920,002393_1786799526.851920.png
2394,1786799527,18491988,1786799527.018492,002394_1786799527.018492.png
2395,1786799527,351821342,1786799527.351821,002395_1786799527.351821.png
2396,1786799527,418501055,1786799527.418501,002396_1786799527.418501.png
2397,1786799527,485414895,1786799527.485415,002397_1786799527.485415.png
2398,1786799527,685089047,1786799527.685089,002398_1786799527.685089.png
2399,1786799527,885108858,1786799527.885109,002399_1786799527.885109.png
2400,1786799528,118461167,1786799528.118461,002400_1786799528.118461.png
2401,1786799528,251777422,1786799528.251777,002401_1786799528.251777.png
2402,1786799528,285069456,1786799528.285069,002402_1786799528.285069.png
2403,1786799528,318458136,1786799528.318458,002403_1786799528.318458.png
2404,1786799528,651796911,1786799528.651797,002404_1786799528.651797.png
2405,1786799528,885202210,1786799528.885202,002405_1786799528.885202.png
2406,1786799528,918480485,1786799528.918480,002406_1786799528.918480.png
2407,1786799529,51791341,1786799529.051791,002407_1786799529.051791.png
2408,1786799529,85151179,1786799529.085151,002408_1786799529.085151.png
2409,1786799529,285205209,1786799529.285205,002409_1786799529.285205.png
2410,1786799529,318602471,1786799529.318603,002410_1786799529.318603.png
2411,1786799529,451794692,1786799529.451795,002411_1786799529.451795.png
2412,1786799529,485163855,1786799529.485164,002412_1786799529.485164.png
2413,1786799529,551791870,1786799529.551792,002413_1786799529.551792.png
2414,1786799529,585172156,1786799529.585172,002414_1786799529.585172.png
2415,1786799529,618491152,1786799529.618491,002415_1786799529.618491.png
2416,1786799529,651803541,1786799529.651803,002416_1786799529.651803.png
2417,1786799529,718491367,1786799529.718491,002417_1786799529.718491.png
2418,1786799529,885257171,1786799529.885257,002418_1786799529.885257.png
2419,1786799530,418530537,1786799530.418530,002419_1786799530.418530.png
2420,1786799530,485230467,1786799530.485230,002420_1786799530.485230.png
2421,1786799530,518661191,1786799530.518661,002421_1786799530.518661.png
2422,1786799530,753390702,1786799530.753391,002422_1786799530.753391.png
2423,1786799530,885172171,1786799530.885172,002423_1786799530.885172.png
2424,1786799530,918538838,1786799530.918539,002424_1786799530.918539.png
2425,1786799531,118584632,1786799531.118585,002425_1786799531.118585.png
2426,1786799531,151875765,1786799531.151876,002426_1786799531.151876.png
2427,1786799531,185215607,1786799531.185216,002427_1786799531.185216.png
2428,1786799531,251827163,1786799531.251827,002428_1786799531.251827.png
2429,1786799531,385251354,1786799531.385251,002429_1786799531.385251.png
2430,1786799531,518569549,1786799531.518569,002430_1786799531.518569.png
2431,1786799532,51892827,1786799532.051893,002431_1786799532.051893.png
2432,1786799532,251860590,1786799532.251861,002432_1786799532.251861.png
2433,1786799532,385235956,1786799532.385236,002433_1786799532.385236.png
2434,1786799532,718588386,1786799532.718588,002434_1786799532.718588.png
2435,1786799533,118581253,1786799533.118581,002435_1786799533.118581.png
2436,1786799533,151895148,1786799533.151895,002436_1786799533.151895.png
2437,1786799533,185266153,1786799533.185266,002437_1786799533.185266.png
2438,1786799533,285134954,1786799533.285135,002438_1786799533.285135.png
2439,1786799533,551863203,1786799533.551863,002439_1786799533.551863.png
2440,1786799533,685233008,1786799533.685233,002440_1786799533.685233.png
2441,1786799533,751877530,1786799533.751878,002441_1786799533.751878.png
2442,1786799533,985297836,1786799533.985298,002442_1786799533.985298.png
2443,1786799534,118641780,1786799534.118642,002443_1786799534.118642.png
2444,1786799534,185217704,1786799534.185218,002444_1786799534.185218.png
2445,1786799534,451989627,1786799534.451990,002445_1786799534.451990.png
2446,1786799534,485257585,1786799534.485258,002446_1786799534.485258.png
2447,1786799534,518601904,1786799534.518602,002447_1786799534.518602.png
2448,1786799534,618506336,1786799534.618506,002448_1786799534.618506.png
2449,1786799534,651900385,1786799534.651900,002449_1786799534.651900.png
2450,1786799534,718607321,1786799534.718607,002450_1786799534.718607.png
2451,1786799534,751819208,1786799534.751819,002451_1786799534.751819.png
2452,1786799534,785392354,1786799534.785392,002452_1786799534.785392.png
2453,1786799534,885338334,1786799534.885338,002453_1786799534.885338.png
2454,1786799534,918554422,1786799534.918554,002454_1786799534.918554.png
2455,1786799534,951934104,1786799534.951934,002455_1786799534.951934.png
2456,1786799535,18669357,1786799535.018669,002456_1786799535.018669.png
2457,1786799535,85274292,1786799535.085274,002457_1786799535.085274.png
2458,1786799535,118698392,1786799535.118698,002458_1786799535.118698.png
2459,1786799535,285268239,1786799535.285268,002459_1786799535.285268.png
2460,1786799535,385345382,1786799535.385345,002460_1786799535.385345.png
2461,1786799535,418665061,1786799535.418665,002461_1786799535.418665.png
2462,1786799535,452012721,1786799535.452013,002462_1786799535.452013.png
2463,1786799535,518661891,1786799535.518662,002463_1786799535.518662.png
2464,1786799535,652006062,1786799535.652006,002464_1786799535.652006.png
2465,1786799536,185401715,1786799536.185402,002465_1786799536.185402.png
2466,1786799536,318882298,1786799536.318882,002466_1786799536.318882.png
2467,1786799536,385339710,1786799536.385340,002467_1786799536.385340.png
2468,1786799536,518771329,1786799536.518771,002468_1786799536.518771.png
2469,1786799536,618693334,1786799536.618693,002469_1786799536.618693.png
2470,1786799537,285259043,1786799537.285259,002470_1786799537.285259.png
2471,1786799537,318681130,1786799537.318681,002471_1786799537.318681.png
2472,1786799537,418737116,1786799537.418737,002472_1786799537.418737.png
2473,1786799537,452817195,1786799537.452817,002473_1786799537.452817.png
2474,1786799537,518591788,1786799537.518592,002474_1786799537.518592.png
2475,1786799537,785305316,1786799537.785305,002475_1786799537.785305.png
2476,1786799537,985367446,1786799537.985368,002476_1786799537.985368.png
2477,1786799538,18668218,1786799538.018668,002477_1786799538.018668.png
2478,1786799538,51949602,1786799538.051950,002478_1786799538.051950.png
2479,1786799538,118672488,1786799538.118672,002479_1786799538.118672.png
2480,1786799538,185363343,1786799538.185363,002480_1786799538.185363.png
2481,1786799538,385439989,1786799538.385440,002481_1786799538.385440.png
2482,1786799538,418692912,1786799538.418693,002482_1786799538.418693.png
2483,1786799538,552031411,1786799538.552032,002483_1786799538.552032.png
2484,1786799538,851983592,1786799538.851984,002484_1786799538.851984.png
2485,1786799539,118696585,1786799539.118697,002485_1786799539.118697.png
2486,1786799539,152019820,1786799539.152020,002486_1786799539.152020.png
2487,1786799539,618781477,1786799539.618782,002487_1786799539.618782.png
2488,1786799539,652040348,1786799539.652040,002488_1786799539.652040.png
2489,1786799539,885323257,1786799539.885323,002489_1786799539.885323.png
2490,1786799540,51979180,1786799540.051979,002490_1786799540.051979.png
2491,1786799540,85422462,1786799540.085423,002491_1786799540.085423.png
2492,1786799540,118692237,1786799540.118692,002492_1786799540.118692.png
2493,1786799540,152032053,1786799540.152032,002493_1786799540.152032.png
2494,1786799540,218784416,1786799540.218784,002494_1786799540.218784.png
2495,1786799540,652050104,1786799540.652050,002495_1786799540.652050.png
2496,1786799540,718675256,1786799540.718675,002496_1786799540.718675.png
2497,1786799540,918773170,1786799540.918773,002497_1786799540.918773.png
2498,1786799540,985368117,1786799540.985368,002498_1786799540.985368.png
2499,1786799541,18844655,1786799541.018845,002499_1786799541.018845.png
2500,1786799541,318812345,1786799541.318812,002500_1786799541.318812.png
2501,1786799541,452045817,1786799541.452046,002501_1786799541.452046.png
2502,1786799541,585551900,1786799541.585552,002502_1786799541.585552.png
2503,1786799542,18793399,1786799542.018793,002503_1786799542.018793.png
2504,1786799542,152059937,1786799542.152060,002504_1786799542.152060.png
2505,1786799542,185437701,1786799542.185438,002505_1786799542.185438.png
2506,1786799542,285571445,1786799542.285571,002506_1786799542.285571.png
2507,1786799542,352035065,1786799542.352035,002507_1786799542.352035.png
2508,1786799542,385418569,1786799542.385419,002508_1786799542.385419.png
2509,1786799542,452158740,1786799542.452159,002509_1786799542.452159.png
2510,1786799542,485398703,1786799542.485399,002510_1786799542.485399.png
2511,1786799542,818815262,1786799542.818815,002511_1786799542.818815.png
2512,1786799542,918751017,1786799542.918751,002512_1786799542.918751.png
2513,1786799542,952167676,1786799542.952168,002513_1786799542.952168.png
2514,1786799542,985417273,1786799542.985417,002514_1786799542.985417.png
2515,1786799543,185487967,1786799543.185488,002515_1786799543.185488.png
2516,1786799543,252127132,1786799543.252127,002516_1786799543.252127.png
2517,1786799543,385630891,1786799543.385631,002517_1786799543.385631.png
2518,1786799543,618770232,1786799543.618770,002518_1786799543.618770.png
2519,1786799543,685444484,1786799543.685445,002519_1786799543.685445.png
2520,1786799543,918838831,1786799543.918839,002520_1786799543.918839.png
2521,1786799544,18745070,1786799544.018745,002521_1786799544.018745.png
2522,1786799544,152140704,1786799544.152141,002522_1786799544.152141.png
2523,1786799544,252187231,1786799544.252187,002523_1786799544.252187.png
2524,1786799544,418802003,1786799544.418802,002524_1786799544.418802.png
2525,1786799544,585615157,1786799544.585615,002525_1786799544.585615.png
2526,1786799544,618873334,1786799544.618873,002526_1786799544.618873.png
2527,1786799544,652123796,1786799544.652124,002527_1786799544.652124.png
2528,1786799544,785585710,1786799544.785586,002528_1786799544.785586.png
2529,1786799545,252106847,1786799545.252107,002529_1786799545.252107.png
2530,1786799545,585601692,1786799545.585602,002530_1786799545.585602.png
2531,1786799545,618811278,1786799545.618811,002531_1786799545.618811.png
2532,1786799545,785545050,1786799545.785545,002532_1786799545.785545.png
2533,1786799545,985563729,1786799545.985564,002533_1786799545.985564.png
2534,1786799546,252183774,1786799546.252184,002534_1786799546.252184.png
2535,1786799546,418924705,1786799546.418925,002535_1786799546.418925.png
2536,1786799546,518908715,1786799546.518909,002536_1786799546.518909.png
2537,1786799546,552233587,1786799546.552234,002537_1786799546.552234.png
2538,1786799546,685649318,1786799546.685649,002538_1786799546.685649.png
2539,1786799547,218877325,1786799547.218877,002539_1786799547.218877.png
2540,1786799547,318884877,1786799547.318885,002540_1786799547.318885.png
2541,1786799547,618824448,1786799547.618824,002541_1786799547.618824.png
2542,1786799547,785548095,1786799547.785548,002542_1786799547.785548.png
2543,1786799548,152190615,1786799548.152191,002543_1786799548.152191.png
2544,1786799548,185577603,1786799548.185578,002544_1786799548.185578.png
2545,1786799548,252243161,1786799548.252243,002545_1786799548.252243.png
2546,1786799548,352172112,1786799548.352172,002546_1786799548.352172.png
2547,1786799548,718850809,1786799548.718851,002547_1786799548.718851.png
2548,1786799548,885654869,1786799548.885655,002548_1786799548.885655.png
2549,1786799548,918907024,1786799548.918907,002549_1786799548.918907.png
2550,1786799549,52166502,1786799549.052166,002550_1786799549.052166.png
2551,1786799549,118923400,1786799549.118923,002551_1786799549.118923.png
2552,1786799550,18974222,1786799550.018974,002552_1786799550.018974.png
2553,1786799550,118887238,1786799550.118887,002553_1786799550.118887.png
2554,1786799550,952278899,1786799550.952279,002554_1786799550.952279.png
2555,1786799551,185624123,1786799551.185624,002555_1786799551.185624.png
2556,1786799551,218875489,1786799551.218875,002556_1786799551.218875.png
2557,1786799551,318922690,1786799551.318923,002557_1786799551.318923.png
2558,1786799551,352279126,1786799551.352279,002558_1786799551.352279.png
2559,1786799551,385619085,1786799551.385619,002559_1786799551.385619.png
2560,1786799551,485672959,1786799551.485673,002560_1786799551.485673.png
2561,1786799552,85734613,1786799552.085735,002561_1786799552.085735.png
2562,1786799552,485643110,1786799552.485643,002562_1786799552.485643.png
2563,1786799552,685598265,1786799552.685598,002563_1786799552.685598.png
2564,1786799552,852259484,1786799552.852259,002564_1786799552.852259.png
2565,1786799552,885611061,1786799552.885611,002565_1786799552.885611.png
2566,1786799552,919022399,1786799552.919022,002566_1786799552.919022.png
2567,1786799552,952222979,1786799552.952223,002567_1786799552.952223.png
2568,1786799552,985663493,1786799552.985663,002568_1786799552.985663.png
2569,1786799553,118875723,1786799553.118876,002569_1786799553.118876.png
2570,1786799553,152248388,1786799553.152248,002570_1786799553.152248.png
2571,1786799553,185701140,1786799553.185701,002571_1786799553.185701.png
2572,1786799553,218915556,1786799553.218915,002572_1786799553.218915.png
2573,1786799553,285721081,1786799553.285721,002573_1786799553.285721.png
2574,1786799553,418913934,1786799553.418914,002574_1786799553.418914.png
2575,1786799553,785737893,1786799553.785738,002575_1786799553.785738.png
2576,1786799553,818891561,1786799553.818892,002576_1786799553.818892.png
2577,1786799554,885664758,1786799554.885665,002577_1786799554.885665.png
2578,1786799554,985684577,1786799554.985685,002578_1786799554.985685.png
2579,1786799555,352347228,1786799555.352347,002579_1786799555.352347.png
2580,1786799556,385776235,1786799556.385776,002580_1786799556.385776.png
2581,1786799556,418973272,1786799556.418973,002581_1786799556.418973.png
2582,1786799556,485741250,1786799556.485741,002582_1786799556.485741.png
2583,1786799556,519019568,1786799556.519020,002583_1786799556.519020.png
2584,1786799556,552337261,1786799556.552337,002584_1786799556.552337.png
2585,1786799556,652389425,1786799556.652390,002585_1786799556.652390.png
2586,1786799556,952413867,1786799556.952414,002586_1786799556.952414.png
2587,1786799557,252456694,1786799557.252457,002587_1786799557.252457.png
2588,1786799557,419029385,1786799557.419029,002588_1786799557.419029.png
2589,1786799558,52424033,1786799558.052424,002589_1786799558.052424.png
2590,1786799558,118997508,1786799558.118998,002590_1786799558.118998.png
2591,1786799558,985773677,1786799558.985774,002591_1786799558.985774.png
2592,1786799559,152392337,1786799559.152392,002592_1786799559.152392.png
2593,1786799559,352410428,1786799559.352410,002593_1786799559.352410.png
2594,1786799559,485700675,1786799559.485701,002594_1786799559.485701.png
2595,1786799559,685849222,1786799559.685849,002595_1786799559.685849.png
2596,1786799560,552545389,1786799560.552545,002596_1786799560.552545.png
2597,1786799560,719108201,1786799560.719108,002597_1786799560.719108.png
2598,1786799560,819069282,1786799560.819069,002598_1786799560.819069.png
2599,1786799561,52433004,1786799561.052433,002599_1786799561.052433.png
2600,1786799561,85798794,1786799561.085799,002600_1786799561.085799.png
2601,1786799561,152458209,1786799561.152458,002601_1786799561.152458.png
2602,1786799561,219122335,1786799561.219122,002602_1786799561.219122.png
2603,1786799561,319073607,1786799561.319074,002603_1786799561.319074.png
2604,1786799561,452568776,1786799561.452569,002604_1786799561.452569.png
2605,1786799561,485831892,1786799561.485832,002605_1786799561.485832.png
2606,1786799561,552445430,1786799561.552445,002606_1786799561.552445.png
2607,1786799561,752422014,1786799561.752422,002607_1786799561.752422.png
2608,1786799562,252412625,1786799562.252413,002608_1786799562.252413.png
2609,1786799562,785863407,1786799562.785863,002609_1786799562.785863.png
2610,1786799562,952415197,1786799562.952415,002610_1786799562.952415.png
2611,1786799563,385820142,1786799563.385820,002611_1786799563.385820.png
2612,1786799563,452495501,1786799563.452496,002612_1786799563.452496.png
2613,1786799563,485789852,1786799563.485790,002613_1786799563.485790.png
2614,1786799563,585774645,1786799563.585775,002614_1786799563.585775.png
2615,1786799563,619108828,1786799563.619109,002615_1786799563.619109.png
2616,1786799563,885908472,1786799563.885908,002616_1786799563.885908.png
2617,1786799564,52445498,1786799564.052445,002617_1786799564.052445.png
2618,1786799564,85817882,1786799564.085818,002618_1786799564.085818.png
2619,1786799564,185858230,1786799564.185858,002619_1786799564.185858.png
2620,1786799564,219118702,1786799564.219119,002620_1786799564.219119.png
2621,1786799564,252464776,1786799564.252465,002621_1786799564.252465.png
2622,1786799564,852614317,1786799564.852614,002622_1786799564.852614.png
2623,1786799564,885818862,1786799564.885819,002623_1786799564.885819.png
2624,1786799565,85807489,1786799565.085808,002624_1786799565.085808.png
2625,1786799565,385805355,1786799565.385805,002625_1786799565.385805.png
2626,1786799566,86838002,1786799566.086838,002626_1786799566.086838.png
2627,1786799566,119250927,1786799566.119251,002627_1786799566.119251.png
2628,1786799566,185854733,1786799566.185855,002628_1786799566.185855.png
2629,1786799566,219196133,1786799566.219196,002629_1786799566.219196.png
2630,1786799566,752528561,1786799566.752529,002630_1786799566.752529.png
2631,1786799566,785786519,1786799566.785787,002631_1786799566.785787.png
2632,1786799567,19261278,1786799567.019261,002632_1786799567.019261.png
2633,1786799567,385976516,1786799567.385977,002633_1786799567.385977.png
2634,1786799567,419208210,1786799567.419208,002634_1786799567.419208.png
2635,1786799567,519181608,1786799567.519181,002635_1786799567.519181.png
2636,1786799567,652572628,1786799567.652573,002636_1786799567.652573.png
2637,1786799568,485930283,1786799568.485930,002637_1786799568.485930.png
2638,1786799568,685901472,1786799568.685901,002638_1786799568.685901.png
2639,1786799569,519291320,1786799569.519291,002639_1786799569.519291.png
2640,1786799569,685955558,1786799569.685956,002640_1786799569.685956.png
2641,1786799569,752652023,1786799569.752652,002641_1786799569.752652.png
2642,1786799570,319303897,1786799570.319304,002642_1786799570.319304.png
2643,1786799570,952677908,1786799570.952678,002643_1786799570.952678.png
2644,1786799571,152744327,1786799571.152744,002644_1786799571.152744.png
2645,1786799571,386001936,1786799571.386002,002645_1786799571.386002.png
2646,1786799571,685935645,1786799571.685936,002646_1786799571.685936.png
2647,1786799571,785923229,1786799571.785923,002647_1786799571.785923.png
2648,1786799571,819392003,1786799571.819392,002648_1786799571.819392.png
2649,1786799572,19355643,1786799572.019356,002649_1786799572.019356.png
2650,1786799572,119255682,1786799572.119256,002650_1786799572.119256.png
2651,1786799572,185944395,1786799572.185944,002651_1786799572.185944.png
2652,1786799572,252700561,1786799572.252701,002652_1786799572.252701.png
2653,1786799572,619362957,1786799572.619363,002653_1786799572.619363.png
2654,1786799572,652762037,1786799572.652762,002654_1786799572.652762.png
2655,1786799572,886084068,1786799572.886084,002655_1786799572.886084.png
2656,1786799573,86039354,1786799573.086039,002656_1786799573.086039.png
2657,1786799573,186024442,1786799573.186024,002657_1786799573.186024.png
2658,1786799573,586032066,1786799573.586032,002658_1786799573.586032.png
2659,1786799574,19441165,1786799574.019441,002659_1786799574.019441.png
2660,1786799574,52791077,1786799574.052791,002660_1786799574.052791.png
2661,1786799574,86048834,1786799574.086049,002661_1786799574.086049.png
2662,1786799574,186046144,1786799574.186046,002662_1786799574.186046.png
2663,1786799574,219298226,1786799574.219298,002663_1786799574.219298.png
2664,1786799574,485989249,1786799574.485989,002664_1786799574.485989.png
2665,1786799574,519354051,1786799574.519354,002665_1786799574.519354.png
2666,1786799574,552774985,1786799574.552775,002666_1786799574.552775.png
2667,1786799574,919361047,1786799574.919361,002667_1786799574.919361.png
2668,1786799575,219474687,1786799575.219475,002668_1786799575.219475.png
2669,1786799575,286029326,1786799575.286029,002669_1786799575.286029.png
2670,1786799575,952908898,1786799575.952909,002670_1786799575.952909.png
2671,1786799576,19430664,1786799576.019431,002671_1786799576.019431.png
2672,1786799576,119439417,1786799576.119439,002672_1786799576.119439.png
2673,1786799576,152763596,1786799576.152764,002673_1786799576.152764.png
2674,1786799576,186112413,1786799576.186112,002674_1786799576.186112.png
2675,1786799576,219423529,1786799576.219424,002675_1786799576.219424.png
2676,1786799576,586059439,1786799576.586059,002676_1786799576.586059.png
2677,1786799576,886110522,1786799576.886111,002677_1786799576.886111.png
2678,1786799576,919431318,1786799576.919431,002678_1786799576.919431.png
2679,1786799577,86038194,1786799577.086038,002679_1786799577.086038.png
2680,1786799577,119466535,1786799577.119467,002680_1786799577.119467.png
2681,1786799577,486099632,1786799577.486100,002681_1786799577.486100.png
2682,1786799577,719480551,1786799577.719481,002682_1786799577.719481.png
2683,1786799577,752831973,1786799577.752832,002683_1786799577.752832.png
2684,1786799577,986143526,1786799577.986144,002684_1786799577.986144.png
2685,1786799578,52863526,1786799578.052864,002685_1786799578.052864.png
2686,1786799578,319413445,1786799578.319413,002686_1786799578.319413.png
2687,1786799578,486149912,1786799578.486150,002687_1786799578.486150.png
2688,1786799578,519424606,1786799578.519425,002688_1786799578.519425.png
2689,1786799578,586162980,1786799578.586163,002689_1786799578.586163.png
2690,1786799578,686114006,1786799578.686114,002690_1786799578.686114.png
2691,1786799578,886229775,1786799578.886230,002691_1786799578.886230.png
2692,1786799579,86237787,1786799579.086238,002692_1786799579.086238.png
2693,1786799579,219470568,1786799579.219471,002693_1786799579.219471.png
2694,1786799579,286149771,1786799579.286150,002694_1786799579.286150.png
2695,1786799579,452806632,1786799579.452807,002695_1786799579.452807.png
2696,1786799579,486146752,1786799579.486147,002696_1786799579.486147.png
2697,1786799579,519461919,1786799579.519462,002697_1786799579.519462.png
2698,1786799579,552825212,1786799579.552825,002698_1786799579.552825.png
2699,1786799579,619503788,1786799579.619504,002699_1786799579.619504.png
2700,1786799579,719582596,1786799579.719583,002700_1786799579.719583.png
2701,1786799579,786152154,1786799579.786152,002701_1786799579.786152.png
2702,1786799579,852767567,1786799579.852767,002702_1786799579.852767.png
2703,1786799579,919514560,1786799579.919515,002703_1786799579.919515.png
2704,1786799580,19494770,1786799580.019495,002704_1786799580.019495.png
2705,1786799580,52892447,1786799580.052892,002705_1786799580.052892.png
2706,1786799580,186147736,1786799580.186148,002706_1786799580.186148.png
2707,1786799580,352809819,1786799580.352810,002707_1786799580.352810.png
2708,1786799580,419460392,1786799580.419460,002708_1786799580.419460.png
2709,1786799580,719590745,1786799580.719591,002709_1786799580.719591.png
2710,1786799580,886269183,1786799580.886269,002710_1786799580.886269.png
2711,1786799580,986200523,1786799580.986201,002711_1786799580.986201.png
2712,1786799581,486204210,1786799581.486204,002712_1786799581.486204.png
2713,1786799581,519543858,1786799581.519544,002713_1786799581.519544.png
2714,1786799581,586197943,1786799581.586198,002714_1786799581.586198.png
2715,1786799581,786262585,1786799581.786263,002715_1786799581.786263.png
2716,1786799581,886226138,1786799581.886226,002716_1786799581.886226.png
2717,1786799581,919535652,1786799581.919536,002717_1786799581.919536.png
2718,1786799582,119667191,1786799582.119667,002718_1786799582.119667.png
2719,1786799582,219545104,1786799582.219545,002719_1786799582.219545.png
2720,1786799582,252890399,1786799582.252890,002720_1786799582.252890.png
2721,1786799582,286222440,1786799582.286222,002721_1786799582.286222.png
2722,1786799582,419539252,1786799582.419539,002722_1786799582.419539.png
2723,1786799582,486180502,1786799582.486181,002723_1786799582.486181.png
2724,1786799582,519530453,1786799582.519531,002724_1786799582.519531.png
2725,1786799582,686238014,1786799582.686238,002725_1786799582.686238.png
2726,1786799583,19520650,1786799583.019521,002726_1786799583.019521.png
2727,1786799583,119534749,1786799583.119535,002727_1786799583.119535.png
2728,1786799583,252859386,1786799583.252859,002728_1786799583.252859.png
2729,1786799583,286252962,1786799583.286253,002729_1786799583.286253.png
2730,1786799583,419533321,1786799583.419533,002730_1786799583.419533.png
2731,1786799583,452858436,1786799583.452858,002731_1786799583.452858.png
2732,1786799583,486263336,1786799583.486263,002732_1786799583.486263.png
2733,1786799584,186283136,1786799584.186283,002733_1786799584.186283.png
2734,1786799584,219604423,1786799584.219604,002734_1786799584.219604.png
2735,1786799584,286208871,1786799584.286209,002735_1786799584.286209.png
2736,1786799584,319634573,1786799584.319635,002736_1786799584.319635.png
2737,1786799584,486258385,1786799584.486258,002737_1786799584.486258.png
2738,1786799584,952867678,1786799584.952868,002738_1786799584.952868.png
2739,1786799585,19694137,1786799585.019694,002739_1786799585.019694.png
2740,1786799585,486310520,1786799585.486310,002740_1786799585.486310.png
2741,1786799585,786335321,1786799585.786335,002741_1786799585.786335.png
2742,1786799585,819659210,1786799585.819659,002742_1786799585.819659.png
2743,1786799585,852914239,1786799585.852914,002743_1786799585.852914.png
2744,1786799586,419774517,1786799586.419775,002744_1786799586.419775.png
2745,1786799586,552862745,1786799586.552863,002745_1786799586.552863.png
2746,1786799586,586288353,1786799586.586288,002746_1786799586.586288.png
2747,1786799586,619642187,1786799586.619642,002747_1786799586.619642.png
2748,1786799586,886332521,1786799586.886333,002748_1786799586.886333.png
2749,1786799587,919656971,1786799587.919657,002749_1786799587.919657.png
2750,1786799588,86332421,1786799588.086332,002750_1786799588.086332.png
2751,1786799588,186404480,1786799588.186404,002751_1786799588.186404.png
2752,1786799588,386372952,1786799588.386373,002752_1786799588.386373.png
2753,1786799588,452975469,1786799588.452976,002753_1786799588.452976.png
2754,1786799588,486391431,1786799588.486392,002754_1786799588.486392.png
2755,1786799588,819668001,1786799588.819668,002755_1786799588.819668.png
2756,1786799589,19717051,1786799589.019717,002756_1786799589.019717.png
2757,1786799589,52990600,1786799589.052991,002757_1786799589.052991.png
2758,1786799589,186376335,1786799589.186376,002758_1786799589.186376.png
2759,1786799589,419795670,1786799589.419796,002759_1786799589.419796.png
2760,1786799589,453003290,1786799589.453003,002760_1786799589.453003.png
2761,1786799589,486325353,1786799589.486325,002761_1786799589.486325.png
2762,1786799589,719769191,1786799589.719769,002762_1786799589.719769.png
2763,1786799589,886388924,1786799589.886389,002763_1786799589.886389.png
2764,1786799590,53035933,1786799590.053036,002764_1786799590.053036.png
2765,1786799590,86357196,1786799590.086357,002765_1786799590.086357.png
2766,1786799590,119718056,1786799590.119718,002766_1786799590.119718.png
2767,1786799590,153032662,1786799590.153033,002767_1786799590.153033.png
2768,1786799590,286412837,1786799590.286413,002768_1786799590.286413.png
2769,1786799590,419655186,1786799590.419655,002769_1786799590.419655.png
2770,1786799590,453035141,1786799590.453035,002770_1786799590.453035.png
2771,1786799590,686364084,1786799590.686364,002771_1786799590.686364.png
2772,1786799590,719793151,1786799590.719793,002772_1786799590.719793.png
2773,1786799590,753001811,1786799590.753002,002773_1786799590.753002.png
2774,1786799591,53072949,1786799591.053073,002774_1786799591.053073.png
2775,1786799591,553080277,1786799591.553080,002775_1786799591.553080.png
2776,1786799591,953174252,1786799591.953174,002776_1786799591.953174.png
2777,1786799591,986404269,1786799591.986404,002777_1786799591.986404.png
2778,1786799592,86431259,1786799592.086431,002778_1786799592.086431.png
2779,1786799592,119793082,1786799592.119793,002779_1786799592.119793.png
2780,1786799592,486381749,1786799592.486382,002780_1786799592.486382.png
2781,1786799592,519757084,1786799592.519757,002781_1786799592.519757.png
2782,1786799592,553095567,1786799592.553096,002782_1786799592.553096.png
2783,1786799592,619779424,1786799592.619779,002783_1786799592.619779.png
2784,1786799592,653077951,1786799592.653078,002784_1786799592.653078.png
2785,1786799592,986473187,1786799592.986473,002785_1786799592.986473.png
2786,1786799593,19796718,1786799593.019797,002786_1786799593.019797.png
2787,1786799593,253136776,1786799593.253137,002787_1786799593.253137.png
2788,1786799593,319775640,1786799593.319776,002788_1786799593.319776.png
2789,1786799593,386446487,1786799593.386446,002789_1786799593.386446.png
2790,1786799593,553053286,1786799593.553053,002790_1786799593.553053.png
2791,1786799594,53176852,1786799594.053177,002791_1786799594.053177.png
2792,1786799594,286522979,1786799594.286523,002792_1786799594.286523.png
2793,1786799594,553069568,1786799594.553070,002793_1786799594.553070.png
2794,1786799594,586490255,1786799594.586490,002794_1786799594.586490.png
2795,1786799594,919784117,1786799594.919784,002795_1786799594.919784.png
2796,1786799594,953126753,1786799594.953127,002796_1786799594.953127.png
2797,1786799594,986435361,1786799594.986435,002797_1786799594.986435.png
2798,1786799595,19856327,1786799595.019856,002798_1786799595.019856.png
2799,1786799595,86495037,1786799595.086495,002799_1786799595.086495.png
2800,1786799595,453225625,1786799595.453226,002800_1786799595.453226.png
2801,1786799595,486528206,1786799595.486528,002801_1786799595.486528.png
2802,1786799596,619952816,1786799596.619953,002802_1786799596.619953.png
2803,1786799596,819820682,1786799596.819821,002803_1786799596.819821.png
2804,1786799597,553165017,1786799597.553165,002804_1786799597.553165.png
2805,1786799598,619951249,1786799598.619951,002805_1786799598.619951.png
2806,1786799598,753193226,1786799598.753193,002806_1786799598.753193.png
2807,1786799599,53221031,1786799599.053221,002807_1786799599.053221.png
2808,1786799599,86712559,1786799599.086713,002808_1786799599.086713.png
2809,1786799599,119923322,1786799599.119923,002809_1786799599.119923.png
2810,1786799599,453351911,1786799599.453352,002810_1786799599.453352.png
2811,1786799599,486562853,1786799599.486563,002811_1786799599.486563.png
2812,1786799599,819815178,1786799599.819815,002812_1786799599.819815.png
2813,1786799599,919891775,1786799599.919892,002813_1786799599.919892.png
2814,1786799599,953202577,1786799599.953202,002814_1786799599.953202.png
2815,1786799599,986617598,1786799599.986618,002815_1786799599.986618.png
2816,1786799600,53230667,1786799600.053231,002816_1786799600.053231.png
2817,1786799600,219930034,1786799600.219930,002817_1786799600.219930.png
2818,1786799600,453331138,1786799600.453331,002818_1786799600.453331.png
2819,1786799600,486602535,1786799600.486603,002819_1786799600.486603.png
2820,1786799600,519942591,1786799600.519943,002820_1786799600.519943.png
2821,1786799600,553253953,1786799600.553254,002821_1786799600.553254.png
2822,1786799600,586579350,1786799600.586579,002822_1786799600.586579.png
2823,1786799600,986652795,1786799600.986653,002823_1786799600.986653.png
2824,1786799601,86598289,1786799601.086598,002824_1786799601.086598.png
2825,1786799601,119873334,1786799601.119873,002825_1786799601.119873.png
2826,1786799601,186615436,1786799601.186615,002826_1786799601.186615.png
2827,1786799601,386630830,1786799601.386631,002827_1786799601.386631.png
2828,1786799601,519902925,1786799601.519903,002828_1786799601.519903.png
2829,1786799601,553216616,1786799601.553217,002829_1786799601.553217.png
2830,1786799602,19921958,1786799602.019922,002830_1786799602.019922.png
2831,1786799602,86649916,1786799602.086650,002831_1786799602.086650.png
2832,1786799602,119942367,1786799602.119942,002832_1786799602.119942.png
2833,1786799602,153300590,1786799602.153301,002833_1786799602.153301.png
2834,1786799602,253278771,1786799602.253279,002834_1786799602.253279.png
2835,1786799602,286516544,1786799602.286516,002835_1786799602.286516.png
2836,1786799602,353232347,1786799602.353232,002836_1786799602.353232.png
2837,1786799602,386635169,1786799602.386635,002837_1786799602.386635.png
2838,1786799602,419898274,1786799602.419898,002838_1786799602.419898.png
2839,1786799602,553259822,1786799602.553260,002839_1786799602.553260.png
2840,1786799602,753336149,1786799602.753336,002840_1786799602.753336.png
2841,1786799602,953264973,1786799602.953265,002841_1786799602.953265.png
2842,1786799602,986720292,1786799602.986720,002842_1786799602.986720.png
2843,1786799603,386697792,1786799603.386698,002843_1786799603.386698.png
2844,1786799603,486574100,1786799603.486574,002844_1786799603.486574.png
2845,1786799603,619997387,1786799603.619998,002845_1786799603.619998.png
2846,1786799603,719989731,1786799603.719990,002846_1786799603.719990.png
2847,1786799604,20025335,1786799604.020025,002847_1786799604.020025.png
2848,1786799604,319951699,1786799604.319952,002848_1786799604.319952.png
2849,1786799604,353312736,1786799604.353313,002849_1786799604.353313.png
2850,1786799604,453429062,1786799604.453429,002850_1786799604.453429.png
2851,1786799604,553301254,1786799604.553301,002851_1786799604.553301.png
2852,1786799604,686663763,1786799604.686664,002852_1786799604.686664.png
2853,1786799604,953293011,1786799604.953293,002853_1786799604.953293.png
2854,1786799605,19938173,1786799605.019938,002854_1786799605.019938.png
2855,1786799605,386684767,1786799605.386685,002855_1786799605.386685.png
2856,1786799605,420005972,1786799605.420006,002856_1786799605.420006.png
2857,1786799605,453436958,1786799605.453437,002857_1786799605.453437.png
2858,1786799605,586683694,1786799605.586684,002858_1786799605.586684.png
2859,1786799605,619961371,1786799605.619961,002859_1786799605.619961.png
2860,1786799605,719921505,1786799605.719922,002860_1786799605.719922.png
2861,1786799605,786719859,1786799605.786720,002861_1786799605.786720.png
2862,1786799605,819976072,1786799605.819976,002862_1786799605.819976.png
2863,1786799605,886754600,1786799605.886755,002863_1786799605.886755.png
2864,1786799606,119966851,1786799606.119967,002864_1786799606.119967.png
2865,1786799606,353352890,1786799606.353353,002865_1786799606.353353.png
2866,1786799606,419949553,1786799606.419950,002866_1786799606.419950.png
2867,1786799606,853394659,1786799606.853395,002867_1786799606.853395.png
2868,1786799606,920015530,1786799606.920016,002868_1786799606.920016.png
2869,1786799606,986714689,1786799606.986715,002869_1786799606.986715.png
2870,1786799607,86682797,1786799607.086683,002870_1786799607.086683.png
2871,1786799607,120132577,1786799607.120133,002871_1786799607.120133.png
2872,1786799608,420041032,1786799608.420041,002872_1786799608.420041.png
2873,1786799608,553377286,1786799608.553377,002873_1786799608.553377.png
2874,1786799608,920108719,1786799608.920109,002874_1786799608.920109.png
2875,1786799609,86658895,1786799609.086659,002875_1786799609.086659.png
2876,1786799609,253442296,1786799609.253442,002876_1786799609.253442.png
2877,1786799609,553404835,1786799609.553405,002877_1786799609.553405.png
2878,1786799609,720099754,1786799609.720100,002878_1786799609.720100.png
2879,1786799610,286815238,1786799610.286815,002879_1786799610.286815.png
2880,1786799610,353421357,1786799610.353421,002880_1786799610.353421.png
2881,1786799610,386776038,1786799610.386776,002881_1786799610.386776.png
2882,1786799610,453520716,1786799610.453521,002882_1786799610.453521.png
2883,1786799610,486783689,1786799610.486784,002883_1786799610.486784.png
2884,1786799610,720087952,1786799610.720088,002884_1786799610.720088.png
2885,1786799610,786766858,1786799610.786767,002885_1786799610.786767.png
2886,1786799610,820053943,1786799610.820054,002886_1786799610.820054.png
2887,1786799610,986729125,1786799610.986729,002887_1786799610.986729.png
2888,1786799611,453570200,1786799611.453570,002888_1786799611.453570.png
2889,1786799611,853514484,1786799611.853514,002889_1786799611.853514.png
2890,1786799612,53561350,1786799612.053561,002890_1786799612.053561.png
2891,1786799612,386864120,1786799612.386864,002891_1786799612.386864.png
2892,1786799612,420066483,1786799612.420067,002892_1786799612.420067.png
2893,1786799612,586821614,1786799612.586822,002893_1786799612.586822.png
2894,1786799612,753395450,1786799612.753396,002894_1786799612.753396.png
2895,1786799612,953444521,1786799612.953444,002895_1786799612.953444.png
2896,1786799612,986830010,1786799612.986830,002896_1786799612.986830.png
2897,1786799613,20117751,1786799613.020118,002897_1786799613.020118.png
2898,1786799613,186773962,1786799613.186774,002898_1786799613.186774.png
2899,1786799613,486858726,1786799613.486859,002899_1786799613.486859.png
2900,1786799613,553538604,1786799613.553539,002900_1786799613.553539.png
2901,1786799613,620133980,1786799613.620134,002901_1786799613.620134.png
2902,1786799613,953472462,1786799613.953472,002902_1786799613.953472.png
2903,1786799614,386908049,1786799614.386908,002903_1786799614.386908.png
2904,1786799614,886922289,1786799614.886922,002904_1786799614.886922.png
2905,1786799615,86830840,1786799615.086831,002905_1786799615.086831.png
2906,1786799615,153516027,1786799615.153516,002906_1786799615.153516.png
2907,1786799615,320224450,1786799615.320225,002907_1786799615.320225.png
2908,1786799616,120210738,1786799616.120211,002908_1786799616.120211.png
2909,1786799616,520232237,1786799616.520232,002909_1786799616.520232.png
2910,1786799616,986977394,1786799616.986977,002910_1786799616.986977.png
2911,1786799617,20273381,1786799617.020273,002911_1786799617.020273.png
2912,1786799617,153537180,1786799617.153537,002912_1786799617.153537.png
2913,1786799617,286905948,1786799617.286906,002913_1786799617.286906.png
2914,1786799617,953687667,1786799617.953688,002914_1786799617.953688.png
2915,1786799618,20239819,1786799618.020240,002915_1786799618.020240.png
2916,1786799618,53711814,1786799618.053712,002916_1786799618.053712.png
2917,1786799618,153526624,1786799618.153527,002917_1786799618.153527.png
2918,1786799618,253718841,1786799618.253719,002918_1786799618.253719.png
2919,1786799618,320236182,1786799618.320236,002919_1786799618.320236.png
2920,1786799618,520279412,1786799618.520279,002920_1786799618.520279.png
2921,1786799619,420307500,1786799619.420307,002921_1786799619.420307.png
2922,1786799619,486963257,1786799619.486963,002922_1786799619.486963.png
2923,1786799619,886922533,1786799619.886923,002923_1786799619.886923.png
2924,1786799620,420320492,1786799620.420321,002924_1786799620.420321.png
2925,1786799620,987013755,1786799620.987014,002925_1786799620.987014.png
2926,1786799621,53772503,1786799621.053772,002926_1786799621.053772.png
2927,1786799621,120312787,1786799621.120313,002927_1786799621.120313.png
2928,1786799621,553801013,1786799621.553801,002928_1786799621.553801.png
2929,1786799621,586909670,1786799621.586910,002929_1786799621.586910.png
2930,1786799621,887056776,1786799621.887057,002930_1786799621.887057.png
2931,1786799621,987015091,1786799621.987015,002931_1786799621.987015.png
2932,1786799622,220435220,1786799622.220435,002932_1786799622.220435.png
2933,1786799622,520354995,1786799622.520355,002933_1786799622.520355.png
2934,1786799622,653746689,1786799622.653747,002934_1786799622.653747.png
2935,1786799622,720329110,1786799622.720329,002935_1786799622.720329.png
2936,1786799622,753728028,1786799622.753728,002936_1786799622.753728.png
2937,1786799622,787005757,1786799622.787006,002937_1786799622.787006.png
2938,1786799623,120367919,1786799623.120368,002938_1786799623.120368.png
2939,1786799623,487048330,1786799623.487048,002939_1786799623.487048.png
2940,1786799623,586960305,1786799623.586960,002940_1786799623.586960.png
2941,1786799624,53708839,1786799624.053709,002941_1786799624.053709.png
2942,1786799624,87081784,1786799624.087082,002942_1786799624.087082.png
2943,1786799624,153698314,1786799624.153698,002943_1786799624.153698.png
2944,1786799624,253725778,1786799624.253726,002944_1786799624.253726.png
2945,1786799624,287057301,1786799624.287057,002945_1786799624.287057.png
2946,1786799624,420352987,1786799624.420353,002946_1786799624.420353.png
2947,1786799624,453801750,1786799624.453802,002947_1786799624.453802.png
2948,1786799624,553680209,1786799624.553680,002948_1786799624.553680.png
2949,1786799624,587007242,1786799624.587007,002949_1786799624.587007.png
2950,1786799624,720362018,1786799624.720362,002950_1786799624.720362.png
2951,1786799624,753661811,1786799624.753662,002951_1786799624.753662.png
2952,1786799624,787048061,1786799624.787048,002952_1786799624.787048.png
2953,1786799624,820463371,1786799624.820463,002953_1786799624.820463.png
2954,1786799624,853765823,1786799624.853766,002954_1786799624.853766.png
2955,1786799624,887073037,1786799624.887073,002955_1786799624.887073.png
2956,1786799625,20328186,1786799625.020328,002956_1786799625.020328.png
2957,1786799625,53715024,1786799625.053715,002957_1786799625.053715.png
2958,1786799625,86996419,1786799625.086996,002958_1786799625.086996.png
2959,1786799625,120409845,1786799625.120410,002959_1786799625.120410.png
2960,1786799625,153794072,1786799625.153794,002960_1786799625.153794.png
2961,1786799625,187033071,1786799625.187033,002961_1786799625.187033.png
2962,1786799625,353793158,1786799625.353793,002962_1786799625.353793.png
2963,1786799626,220393322,1786799626.220393,002963_1786799626.220393.png
2964,1786799626,387079635,1786799626.387080,002964_1786799626.387080.png
2965,1786799626,887192220,1786799626.887192,002965_1786799626.887192.png
2966,1786799626,920489720,1786799626.920490,002966_1786799626.920490.png
2967,1786799627,520468526,1786799627.520468,002967_1786799627.520468.png
2968,1786799627,553730956,1786799627.553731,002968_1786799627.553731.png
2969,1786799627,587133404,1786799627.587133,002969_1786799627.587133.png
2970,1786799627,653766756,1786799627.653767,002970_1786799627.653767.png
2971,1786799627,787076116,1786799627.787076,002971_1786799627.787076.png
2972,1786799627,887050838,1786799627.887051,002972_1786799627.887051.png
2973,1786799628,187150501,1786799628.187150,002973_1786799628.187150.png
2974,1786799628,487075115,1786799628.487075,002974_1786799628.487075.png
2975,1786799628,520431157,1786799628.520431,002975_1786799628.520431.png
2976,1786799628,553793965,1786799628.553794,002976_1786799628.553794.png
2977,1786799628,920481801,1786799628.920482,002977_1786799628.920482.png
2978,1786799629,20492714,1786799629.020493,002978_1786799629.020493.png
2979,1786799629,87202754,1786799629.087203,002979_1786799629.087203.png
2980,1786799629,487136700,1786799629.487137,002980_1786799629.487137.png
2981,1786799629,520479530,1786799629.520479,002981_1786799629.520479.png
2982,1786799629,687170617,1786799629.687171,002982_1786799629.687171.png
2983,1786799629,887184736,1786799629.887185,002983_1786799629.887185.png
2984,1786799630,487220209,1786799630.487220,002984_1786799630.487220.png
2985,1786799630,553874853,1786799630.553875,002985_1786799630.553875.png
2986,1786799630,620561870,1786799630.620562,002986_1786799630.620562.png
2987,1786799631,120486988,1786799631.120487,002987_1786799631.120487.png
2988,1786799631,187213649,1786799631.187214,002988_1786799631.187214.png
2989,1786799631,287215066,1786799631.287215,002989_1786799631.287215.png
2990,1786799631,587128332,1786799631.587128,002990_1786799631.587128.png
2991,1786799631,620560148,1786799631.620560,002991_1786799631.620560.png
2992,1786799632,153819877,1786799632.153820,002992_1786799632.153820.png
2993,1786799632,187162256,1786799632.187162,002993_1786799632.187162.png
2994,1786799632,353849320,1786799632.353849,002994_1786799632.353849.png
2995,1786799632,453952017,1786799632.453952,002995_1786799632.453952.png
2996,1786799632,553885231,1786799632.553885,002996_1786799632.553885.png
2997,1786799633,53996784,1786799633.053997,002997_1786799633.053997.png
2998,1786799633,187271029,1786799633.187271,002998_1786799633.187271.png
2999,1786799633,520533131,1786799633.520533,002999_1786799633.520533.png
3000,1786799633,620503258,1786799633.620503,003000_1786799633.620503.png
3001,1786799633,687193917,1786799633.687194,003001_1786799633.687194.png
3002,1786799634,20603185,1786799634.020603,003002_1786799634.020603.png
3003,1786799634,153866478,1786799634.153867,003003_1786799634.153867.png
3004,1786799634,253904565,1786799634.253905,003004_1786799634.253905.png
3005,1786799634,487305641,1786799634.487306,003005_1786799634.487306.png
3006,1786799634,520618430,1786799634.520618,003006_1786799634.520618.png
3007,1786799634,754154932,1786799634.754155,003007_1786799634.754155.png
3008,1786799634,953864585,1786799634.953865,003008_1786799634.953865.png
3009,1786799635,454005682,1786799635.454006,003009_1786799635.454006.png
3010,1786799635,920684524,1786799635.920685,003010_1786799635.920685.png
3011,1786799635,987289104,1786799635.987289,003011_1786799635.987289.png
3012,1786799636,20700606,1786799636.020701,003012_1786799636.020701.png
3013,1786799636,253867569,1786799636.253868,003013_1786799636.253868.png
3014,1786799636,687381630,1786799636.687382,003014_1786799636.687382.png
3015,1786799636,920645043,1786799636.920645,003015_1786799636.920645.png
3016,1786799637,920700354,1786799637.920700,003016_1786799637.920700.png
3017,1786799637,953989971,1786799637.953990,003017_1786799637.953990.png
3018,1786799638,254011571,1786799638.254012,003018_1786799638.254012.png
3019,1786799638,420660889,1786799638.420661,003019_1786799638.420661.png
3020,1786799638,720685956,1786799638.720686,003020_1786799638.720686.png
3021,1786799638,753901586,1786799638.753901,003021_1786799638.753901.png
3022,1786799638,920648976,1786799638.920649,003022_1786799638.920649.png
3023,1786799638,954018017,1786799638.954018,003023_1786799638.954018.png
3024,1786799638,987360135,1786799638.987360,003024_1786799638.987360.png
3025,1786799639,120755916,1786799639.120756,003025_1786799639.120756.png
3026,1786799639,353979337,1786799639.353979,003026_1786799639.353979.png
3027,1786799639,654064136,1786799639.654064,003027_1786799639.654064.png
3028,1786799639,720793541,1786799639.720793,003028_1786799639.720793.png
3029,1786799639,753973172,1786799639.753973,003029_1786799639.753973.png
3030,1786799639,820814641,1786799639.820815,003030_1786799639.820815.png
3031,1786799639,853981574,1786799639.853981,003031_1786799639.853981.png
3032,1786799639,987406063,1786799639.987406,003032_1786799639.987406.png
3033,1786799640,120752547,1786799640.120753,003033_1786799640.120753.png
3034,1786799640,154006286,1786799640.154006,003034_1786799640.154006.png
3035,1786799640,187364137,1786799640.187364,003035_1786799640.187364.png
3036,1786799640,487448992,1786799640.487449,003036_1786799640.487449.png
3037,1786799640,654013927,1786799640.654014,003037_1786799640.654014.png
3038,1786799640,820825168,1786799640.820825,003038_1786799640.820825.png
3039,1786799641,87393267,1786799641.087393,003039_1786799641.087393.png
3040,1786799641,154019848,1786799641.154020,003040_1786799641.154020.png
3041,1786799641,220707875,1786799641.220708,003041_1786799641.220708.png
3042,1786799641,387425855,1786799641.387426,003042_1786799641.387426.png
3043,1786799641,454063809,1786799641.454064,003043_1786799641.454064.png
3044,1786799641,754010107,1786799641.754010,003044_1786799641.754010.png
3045,1786799641,787356746,1786799641.787357,003045_1786799641.787357.png
3046,1786799641,920786940,1786799641.920787,003046_1786799641.920787.png
3047,1786799641,954068695,1786799641.954069,003047_1786799641.954069.png
3048,1786799642,20696465,1786799642.020696,003048_1786799642.020696.png
3049,1786799642,420781266,1786799642.420781,003049_1786799642.420781.png
3050,1786799642,487526778,1786799642.487527,003050_1786799642.487527.png
3051,1786799642,887677462,1786799642.887677,003051_1786799642.887677.png
3052,1786799642,920774959,1786799642.920775,003052_1786799642.920775.png
3053,1786799643,87571178,1786799643.087571,003053_1786799643.087571.png
3054,1786799643,287514943,1786799643.287515,003054_1786799643.287515.png
3055,1786799643,487443980,1786799643.487444,003055_1786799643.487444.png
3056,1786799643,620803826,1786799643.620804,003056_1786799643.620804.png
3057,1786799643,787436986,1786799643.787437,003057_1786799643.787437.png
3058,1786799643,887402274,1786799643.887402,003058_1786799643.887402.png
3059,1786799643,920803784,1786799643.920804,003059_1786799643.920804.png
3060,1786799644,87527064,1786799644.087527,003060_1786799644.087527.png
3061,1786799644,320748403,1786799644.320748,003061_1786799644.320748.png
3062,1786799644,454091129,1786799644.454091,003062_1786799644.454091.png
3063,1786799644,587484433,1786799644.587484,003063_1786799644.587484.png
3064,1786799644,654068972,1786799644.654069,003064_1786799644.654069.png
3065,1786799644,954094855,1786799644.954095,003065_1786799644.954095.png
