idx,sec,nanosec,t,fluid_pressure,variance
0,1786799101,481119369,1786799101.481119,1.9945565119612496,400.0
1,1786799101,528722471,1786799101.528723,-2.320868286784885,400.0
2,1786799101,581055503,1786799101.581055,10.133700663138496,400.0
3,1786799101,631084293,1786799101.631084,32.79358734619913,400.0
4,1786799101,679730307,1786799101.679730,10.771797802802059,400.0
5,1786799101,730582947,1786799101.730583,17.62120583194011,400.0
6,1786799101,779842853,1786799101.779843,-2.432401617625596,400.0
7,1786799101,830821639,1786799101.830822,-16.83071578693645,400.0
8,1786799101,880134429,1786799101.880134,-16.947753826370054,400.0
9,1786799101,930731646,1786799101.930732,6.942604181366074,400.0
10,1786799101,979072107,1786799101.979072,15.90395045463219,400.0
11,1786799102,29818975,1786799102.029819,-39.92011117602884,400.0
12,1786799102,81323194,1786799102.081323,16.856272702044038,400.0
13,1786799102,128612020,1786799102.128612,47.05169124511368,400.0
14,1786799102,181056030,1786799102.181056,-8.469419906734027,400.0
15,1786799102,231653398,1786799102.231653,-28.353663975469775,400.0
16,1786799102,280217262,1786799102.280217,12.400346197163351,400.0
17,1786799102,330806129,1786799102.330806,2.285955609040881,400.0
18,1786799102,379297745,1786799102.379298,-29.201820444064985,400.0
19,1786799102,429970226,1786799102.429970,20.016046889385137,400.0
20,1786799102,482686725,1786799102.482687,4.209073003624356,400.0
21,1786799102,529671919,1786799102.529672,14.677861865977048,400.0
22,1786799102,581794965,1786799102.581795,-18.32494453265771,400.0
23,1786799102,629227479,1786799102.629227,-11.751273881593399,400.0
24,1786799102,681123046,1786799102.681123,-47.926810570528886,400.0
25,1786799102,731515288,1786799102.731515,36.89456383090128,400.0
26,1786799102,780012804,1786799102.780013,-5.256096510359511,400.0
27,1786799102,831174579,1786799102.831175,13.505882667673232,400.0
28,1786799102,880476807,1786799102.880477,41.267004592586005,400.0
29,1786799102,931042831,1786799102.931043,17.50400391084892,400.0
30,1786799102,979674316,1786799102.979674,-28.161888891468557,400.0
31,1786799103,30887135,1786799103.030887,-31.002793956866398,400.0
32,1786799103,79680363,1786799103.079680,17.817373643468596,400.0
33,1786799103,130245288,1786799103.130245,-28.67287155879837,400.0
34,1786799103,179231933,1786799103.179232,16.869022438127914,400.0
35,1786799103,230260319,1786799103.230260,-3.1751026137097718,400.0
36,1786799103,279041270,1786799103.279041,14.49772056609543,400.0
37,1786799103,330031304,1786799103.330031,2.351776532561014,400.0
38,1786799103,382266706,1786799103.382267,-17.91371586767796,400.0
39,1786799103,430114912,1786799103.430115,9.345855726633674,400.0
40,1786799103,483050479,1786799103.483051,-1.1386471229891755,400.0
41,1786799103,530616332,1786799103.530616,-7.843311516197984,400.0
42,1786799103,581949555,1786799103.581949,17.626036211893023,400.0
43,1786799103,629276202,1786799103.629276,15.440984330472023,400.0
44,1786799103,681989106,1786799103.681989,-15.506411690559398,400.0
45,1786799103,729042432,1786799103.729043,6.940926123077736,400.0
46,1786799103,781174678,1786799103.781175,2.3080611193660667,400.0
47,1786799103,828636769,1786799103.828637,-17.683875463984997,400.0
48,1786799103,880489983,1786799103.880490,12.651256504109167,400.0
49,1786799103,931157834,1786799103.931158,15.846857282119124,400.0
50,1786799103,979244447,1786799103.979244,22.171906463510417,400.0
51,1786799104,30303267,1786799104.030303,-44.749796045241126,400.0
52,1786799104,78860481,1786799104.078861,-17.77540494430661,400.0
53,1786799104,130237391,1786799104.130237,14.001229199778674,400.0
54,1786799104,178923093,1786799104.178923,-23.114255553361083,400.0
55,1786799104,229648221,1786799104.229648,-38.384037261245645,400.0
56,1786799104,281307810,1786799104.281308,-20.313507625465725,400.0
57,1786799104,328636608,1786799104.328637,-8.66148749013666,400.0
58,1786799104,380461890,1786799104.380462,34.8526734936563,400.0
59,1786799104,431058451,1786799104.431058,-1.0150694615494107,400.0
60,1786799104,479827743,1786799104.479828,-25.553412786339894,400.0
61,1786799104,530849845,1786799104.530850,-0.9575861062574486,400.0
62,1786799104,579400273,1786799104.579400,-25.541997919524793,400.0
63,1786799104,630225772,1786799104.630226,17.064598303640775,400.0
64,1786799104,682113228,1786799104.682113,-12.535007651626726,400.0
65,1786799104,729558862,1786799104.729559,15.94074345934638,400.0
66,1786799104,782023348,1786799104.782023,-11.709586424493637,400.0
67,1786799104,828766756,1786799104.828767,16.52460740893201,400.0
68,1786799104,880813357,1786799104.880813,0.26982785655064245,400.0
69,1786799104,928367272,1786799104.928367,1.2375557398885757,400.0
70,1786799104,979933027,1786799104.979933,-2.642640601902548,400.0
71,1786799105,30565400,1786799105.030566,24.090443929262918,400.0
72,1786799105,79257793,1786799105.079258,-4.536877601692428,400.0
73,1786799105,130049116,1786799105.130049,-0.69025232521784,400.0
74,1786799105,178772500,1786799105.178772,30.849374798656527,400.0
75,1786799105,229340241,1786799105.229340,-27.49694091374913,400.0
76,1786799105,281625554,1786799105.281626,26.94491444125135,400.0
77,1786799105,328713164,1786799105.328713,8.194554190161343,400.0
78,1786799105,380573189,1786799105.380573,-27.51678994435021,400.0
79,1786799105,431400169,1786799105.431400,-17.729960103299934,400.0
80,1786799105,480366314,1786799105.480366,16.358702708050945,400.0
81,1786799105,530525355,1786799105.530525,-2.029321950536846,400.0
82,1786799105,579456201,1786799105.579456,3.140825508603236,400.0
83,1786799105,629411412,1786799105.629411,-7.852986738641031,400.0
84,1786799105,681550219,1786799105.681550,-1.0394392834965174,400.0
85,1786799105,728621088,1786799105.728621,-5.776326880392631,400.0
86,1786799105,780653495,1786799105.780653,5.455087503689874,400.0
87,1786799105,831227565,1786799105.831228,14.336922125939921,400.0
88,1786799105,880234046,1786799105.880234,-7.035847353057219,400.0
89,1786799105,931059138,1786799105.931059,6.123824220251356,400.0
90,1786799105,979815220,1786799105.979815,25.65932293874726,400.0
91,1786799106,29882708,1786799106.029883,-23.384438570304905,400.0
92,1786799106,81867298,1786799106.081867,-13.049761787734424,400.0
93,1786799106,129133940,1786799106.129134,-34.24517463825699,400.0
94,1786799106,181541871,1786799106.181542,-33.56698854567699,400.0
95,1786799106,228460475,1786799106.228461,-17.206945164790305,400.0
96,1786799106,281480387,1786799106.281480,5.8432609813786405,400.0
97,1786799106,331115392,1786799106.331115,29.85657228531533,400.0
98,1786799106,380093861,1786799106.380094,35.46705098534854,400.0
99,1786799106,430708454,1786799106.430708,-3.1090282632078905,400.0
100,1786799106,479502774,1786799106.479503,-18.90551704228923,400.0
101,1786799106,529974787,1786799106.529975,28.185168139070388,400.0
102,1786799106,582224826,1786799106.582225,11.284520972005886,400.0
103,1786799106,629247880,1786799106.629248,-0.22342460856902838,400.0
104,1786799106,681215563,1786799106.681216,16.78017223306678,400.0
105,1786799106,728542988,1786799106.728543,-35.84861159418037,400.0
106,1786799106,780974076,1786799106.780974,-5.6442776426193495,400.0
107,1786799106,828105434,1786799106.828105,11.686338630208049,400.0
108,1786799106,880194662,1786799106.880195,1.7576941185732196,400.0
109,1786799106,930544176,1786799106.930544,7.348321045786755,400.0
110,1786799106,979506404,1786799106.979506,20.391042652543835,400.0
111,1786799107,29982635,1786799107.029983,20.32627086030986,400.0
112,1786799107,79420249,1786799107.079420,8.297977545662414,400.0
113,1786799107,129577771,1786799107.129578,-7.336742724533201,400.0
114,1786799107,181272427,1786799107.181273,-21.91030682912929,400.0
115,1786799107,228462097,1786799107.228462,-8.338471886390138,400.0
116,1786799107,280245866,1786799107.280246,-13.868472207200032,400.0
117,1786799107,330827383,1786799107.330827,-20.71096410783308,400.0
118,1786799107,379121752,1786799107.379122,-21.203109687449874,400.0
119,1786799107,429887444,1786799107.429888,31.211333540923217,400.0
120,1786799107,479200586,1786799107.479201,-32.24833761296146,400.0
121,1786799107,529354720,1786799107.529355,-28.394087185617774,400.0
122,1786799107,581745692,1786799107.581746,13.52622167142645,400.0
123,1786799107,628329645,1786799107.628330,-23.436000023473675,400.0
124,1786799107,680031320,1786799107.680031,4.505632381731045,400.0
125,1786799107,730305120,1786799107.730305,-6.667569043564652,400.0
126,1786799107,779027322,1786799107.779027,-29.105930124409003,400.0
127,1786799107,829340007,1786799107.829340,-18.622425581020075,400.0
128,1786799107,881474331,1786799107.881474,-29.00701908618875,400.0
129,1786799107,928570265,1786799107.928570,7.122359014696889,400.0
130,1786799107,980487555,1786799107.980488,25.971607177482326,400.0
131,1786799108,31218269,1786799108.031218,-1.2423862104672088,400.0
132,1786799108,79696147,1786799108.079696,7.16031552086225,400.0
133,1786799108,130768379,1786799108.130768,-14.782842748682219,400.0
134,1786799108,179676693,1786799108.179677,13.354471545274835,400.0
135,1786799108,230243492,1786799108.230243,13.400849652435785,400.0
136,1786799108,278983587,1786799108.278984,27.023155929298277,400.0
137,1786799108,329643410,1786799108.329643,-8.041931418470178,400.0
138,1786799108,381975745,1786799108.381976,13.97804730357074,400.0
139,1786799108,428732643,1786799108.428733,-29.23029967846724,400.0
140,1786799108,480956307,1786799108.480956,42.61625337318654,400.0
141,1786799108,531182832,1786799108.531183,7.314709001136852,400.0
142,1786799108,580007696,1786799108.580008,-3.953785951762387,400.0
143,1786799108,630386972,1786799108.630387,40.31579558423324,400.0
144,1786799108,679142067,1786799108.679142,-30.93463660041848,400.0
145,1786799108,730086959,1786799108.730087,-2.8125635136883353,400.0
146,1786799108,779368173,1786799108.779368,22.046860354373354,400.0
147,1786799108,829590279,1786799108.829590,33.46634696480179,400.0
148,1786799108,881180803,1786799108.881181,-13.689200488435969,400.0
149,1786799108,928718756,1786799108.928719,-4.426442491501238,400.0
150,1786799108,980408265,1786799108.980408,-27.137623166986824,400.0
151,1786799109,31073115,1786799109.031073,-3.439130325232145,400.0
152,1786799109,79700175,1786799109.079700,15.215373890623027,400.0
153,1786799109,130309928,1786799109.130310,-12.353796798497571,400.0
154,1786799109,178714808,1786799109.178715,-12.116091117707548,400.0
155,1786799109,229740662,1786799109.229741,4.662811427054253,400.0
156,1786799109,281606379,1786799109.281606,-12.514619645287103,400.0
157,1786799109,328543214,1786799109.328543,3.023487950502855,400.0
158,1786799109,380678835,1786799109.380679,-5.245390329273149,400.0
159,1786799109,427823108,1786799109.427823,-15.654891137717122,400.0
160,1786799109,480162742,1786799109.480163,-9.353098448612656,400.0
161,1786799109,529898276,1786799109.529898,-7.881342011230074,400.0
162,1786799109,578400811,1786799109.578401,-27.85475303924453,400.0
163,1786799109,629084503,1786799109.629085,16.929641709918076,400.0
164,1786799109,681272375,1786799109.681272,43.67131895374154,400.0
165,1786799109,728638172,1786799109.728638,29.032139335150955,400.0
166,1786799109,780683833,1786799109.780684,10.935631205926853,400.0
167,1786799109,828304263,1786799109.828304,-30.79901769398011,400.0
168,1786799109,880857471,1786799109.880857,15.581157144937132,400.0
169,1786799109,930952076,1786799109.930952,-36.12833942415953,400.0
170,1786799109,980179198,1786799109.980179,9.949584457750507,400.0
171,1786799110,30195395,1786799110.030195,18.027228878189135,400.0
172,1786799110,78720856,1786799110.078721,-6.770815585803595,400.0
173,1786799110,129294603,1786799110.129295,30.586579444168294,400.0
174,1786799110,181074514,1786799110.181075,11.189760728996204,400.0
175,1786799110,228483094,1786799110.228483,5.599715125078583,400.0
176,1786799110,281128109,1786799110.281128,14.700414044020446,400.0
177,1786799110,327729991,1786799110.327730,11.192772848666309,400.0
178,1786799110,380195292,1786799110.380195,2.8403619158619717,400.0
179,1786799110,430561814,1786799110.430562,-6.251911432942908,400.0
180,1786799110,478939445,1786799110.478940,9.626364399222293,400.0
181,1786799110,529767862,1786799110.529768,-17.912879178114466,400.0
182,1786799110,578467152,1786799110.578467,6.2172820367471555,400.0
183,1786799110,629964043,1786799110.629964,27.222705926719204,400.0
184,1786799110,678772931,1786799110.678773,-24.433180127426372,400.0
185,1786799110,729531414,1786799110.729532,31.17466929599508,400.0
186,1786799110,781124726,1786799110.781125,21.039682086864445,400.0
187,1786799110,828600506,1786799110.828600,-10.913149130585085,400.0
188,1786799110,880790290,1786799110.880790,15.39162038643421,400.0
189,1786799110,927637419,1786799110.927637,-10.122467566501408,400.0
190,1786799110,980320320,1786799110.980320,-14.586287478171002,400.0
191,1786799111,30389209,1786799111.030389,-8.099246656577204,400.0
192,1786799111,78988421,1786799111.078988,6.044168331506423,400.0
193,1786799111,129558383,1786799111.129558,6.038142236414807,400.0
194,1786799111,178284627,1786799111.178285,5.22249821608116,400.0
195,1786799111,229063547,1786799111.229064,35.0768211141577,400.0
196,1786799111,280920938,1786799111.280921,1.796101054582957,400.0
197,1786799111,328360833,1786799111.328361,49.05937252360796,400.0
198,1786799111,380517774,1786799111.380518,-17.274188649723815,400.0
199,1786799111,428091246,1786799111.428091,31.049727313915895,400.0
200,1786799111,480198484,1786799111.480198,-19.0430108186193,400.0
201,1786799111,527740890,1786799111.527741,8.230204711093938,400.0
202,1786799111,579393228,1786799111.579393,-1.0271666016971621,400.0
203,1786799111,630057470,1786799111.630058,3.039953124729215,400.0
204,1786799111,678610547,1786799111.678611,-17.03450674344516,400.0
205,1786799111,729770830,1786799111.729771,8.380937616457071,400.0
206,1786799111,778415972,1786799111.778416,53.35514372199821,400.0
207,1786799111,829576837,1786799111.829577,-25.297424906455824,400.0
208,1786799111,878254261,1786799111.878254,1.5541953686253795,400.0
209,1786799111,928998277,1786799111.928998,-73.64267081209208,400.0
210,1786799111,980689691,1786799111.980690,-3.464239312323084,400.0
211,1786799112,28402139,1786799112.028402,4.315908099599301,400.0
212,1786799112,80183152,1786799112.080183,15.332706288166651,400.0
213,1786799112,130768034,1786799112.130768,-10.148975609578176,400.0
214,1786799112,179510062,1786799112.179510,-2.7112016555347203,400.0
215,1786799112,230373686,1786799112.230374,-13.201919461473363,400.0
216,1786799112,279015711,1786799112.279016,4.930119845520141,400.0
217,1786799112,329698119,1786799112.329698,28.257450833884675,400.0
218,1786799112,378730416,1786799112.378730,42.48073694754929,400.0
219,1786799112,429157598,1786799112.429157,8.855952964855376,400.0
220,1786799112,481444394,1786799112.481444,8.76691340731439,400.0
221,1786799112,528897815,1786799112.528898,-20.33739178928198,400.0
222,1786799112,581153919,1786799112.581154,-34.46539449309359,400.0
223,1786799112,627764102,1786799112.627764,44.56294024024095,400.0
224,1786799112,680489157,1786799112.680489,-10.201686339913095,400.0
225,1786799112,730881788,1786799112.730882,-26.115015575424536,400.0
226,1786799112,779013002,1786799112.779013,-32.67348436608366,400.0
227,1786799112,829758483,1786799112.829758,-13.384495697982828,400.0
228,1786799112,878489369,1786799112.878489,7.050619514415874,400.0
229,1786799112,928968453,1786799112.928968,-28.308373077248792,400.0
230,1786799112,980749206,1786799112.980749,-37.2831712598317,400.0
231,1786799113,27887563,1786799113.027888,-8.730726828477843,400.0
232,1786799113,80011005,1786799113.080011,25.395761937118927,400.0
233,1786799113,130814511,1786799113.130815,14.00218177534207,400.0
234,1786799113,179789351,1786799113.179789,-5.4788829064918065,400.0
235,1786799113,230629057,1786799113.230629,-1.9072104282247344,400.0
236,1786799113,278910877,1786799113.278911,-9.710855133046904,400.0
237,1786799113,329516166,1786799113.329516,-8.984827041675171,400.0
238,1786799113,377935981,1786799113.377936,-1.7789368976197906,400.0
239,1786799113,428547853,1786799113.428548,35.94457787028979,400.0
240,1786799113,480777532,1786799113.480778,-2.9395790921817877,400.0
241,1786799113,527563402,1786799113.527563,-3.1468782507489235,400.0
242,1786799113,579122016,1786799113.579122,-16.72517165981556,400.0
243,1786799113,629607213,1786799113.629607,6.258565107144776,400.0
244,1786799113,681701220,1786799113.681701,20.142099642295932,400.0
245,1786799113,728641470,1786799113.728642,-2.3937944958172412,400.0
246,1786799113,780865442,1786799113.780865,32.2870665242855,400.0
247,1786799113,828599526,1786799113.828599,8.192855901286881,400.0
248,1786799113,881134183,1786799113.881134,12.118893957976397,400.0
249,1786799113,927856921,1786799113.927857,-5.231163856531927,400.0
250,1786799113,979779194,1786799113.979779,21.314335984214008,400.0
251,1786799114,27473482,1786799114.027473,-21.905490687545097,400.0
252,1786799114,79975088,1786799114.079975,7.358743328633917,400.0
253,1786799114,127380665,1786799114.127381,-12.455921361039788,400.0
254,1786799114,179435785,1786799114.179436,4.498054227184815,400.0
255,1786799114,229626390,1786799114.229626,-3.1481298348633753,400.0
256,1786799114,278444803,1786799114.278445,-3.4200624831351414,400.0
257,1786799114,328666275,1786799114.328666,16.72496616765525,400.0
258,1786799114,380496882,1786799114.380497,1.380419701280755,400.0
259,1786799114,427572310,1786799114.427572,23.837895782306116,400.0
260,1786799114,479201825,1786799114.479202,-17.755520880966454,400.0
261,1786799114,529659310,1786799114.529659,-5.054992264686444,400.0
262,1786799114,577876474,1786799114.577877,14.936626961267445,400.0
263,1786799114,628529940,1786799114.628530,-5.135222270073351,400.0
264,1786799114,680644342,1786799114.680644,65.94197060308412,400.0
265,1786799114,728555429,1786799114.728555,-13.945889832195537,400.0
266,1786799114,780630072,1786799114.780630,6.220471718491378,400.0
267,1786799114,827792153,1786799114.827792,13.686722395768987,400.0
268,1786799114,880102469,1786799114.880102,3.6626026241271408,400.0
269,1786799114,930243322,1786799114.930243,4.592538048150489,400.0
270,1786799114,978930268,1786799114.978930,6.69309935804006,400.0
271,1786799115,29696464,1786799115.029696,-17.028970884094104,400.0
272,1786799115,79297261,1786799115.079297,-25.623348916653153,400.0
273,1786799115,129251940,1786799115.129252,-12.4734761862251,400.0
274,1786799115,181213990,1786799115.181214,14.947619965266053,400.0
275,1786799115,228537616,1786799115.228538,-22.308596549681106,400.0
276,1786799115,280482756,1786799115.280483,-24.6735149683192,400.0
277,1786799115,327922627,1786799115.327923,5.0622544557472775,400.0
278,1786799115,380094738,1786799115.380095,18.156527843909466,400.0
279,1786799115,430417191,1786799115.430417,1.7555187129722363,400.0
280,1786799115,478824609,1786799115.478825,-25.029128204398326,400.0
281,1786799115,529309184,1786799115.529309,2.803924563167877,400.0
282,1786799115,581048716,1786799115.581049,14.814120917648319,400.0
283,1786799115,628240320,1786799115.628240,-1.3178302495101366,400.0
284,1786799115,680234685,1786799115.680235,10.688292665362107,400.0
285,1786799115,727236941,1786799115.727237,12.835239816245199,400.0
286,1786799115,778832601,1786799115.778833,28.77207588036515,400.0
287,1786799115,829265910,1786799115.829266,-5.463076790786695,400.0
288,1786799115,878158967,1786799115.878159,-5.532626324176397,400.0
289,1786799115,928488778,1786799115.928489,-13.798576387028012,400.0
290,1786799115,980112893,1786799115.980113,-24.546542661797975,400.0
291,1786799116,27259825,1786799116.027260,0.6352830829682359,400.0
292,1786799116,79650723,1786799116.079651,2.1402962368815155,400.0
293,1786799116,129845015,1786799116.129845,-19.51323009401668,400.0
294,1786799116,178144208,1786799116.178144,-34.55140120407334,400.0
295,1786799116,228524693,1786799116.228525,-5.972000130813889,400.0
296,1786799116,280234368,1786799116.280234,-39.21498457314068,400.0
297,1786799116,327374149,1786799116.327374,1.183878111517863,400.0
298,1786799116,378887718,1786799116.378888,17.086446672984856,400.0
299,1786799116,429743849,1786799116.429744,-5.016978701092588,400.0
300,1786799116,478255494,1786799116.478256,-0.5383028846056275,400.0
301,1786799116,528746078,1786799116.528746,24.67980818557276,400.0
302,1786799116,580708108,1786799116.580708,-8.005161947726434,400.0
303,1786799116,627651482,1786799116.627651,1.340665797918337,400.0
304,1786799116,679168098,1786799116.679168,-3.807205636245214,400.0
305,1786799116,729578357,1786799116.729578,-14.247521355853124,400.0
306,1786799116,777901458,1786799116.777901,-12.552187354791027,400.0
307,1786799116,828730836,1786799116.828731,4.4839705271987675,400.0
308,1786799116,880919972,1786799116.880920,-14.275835316217826,400.0
309,1786799116,927853609,1786799116.927854,3.509335620834182,400.0
310,1786799116,979242656,1786799116.979243,-24.360970429417016,400.0
311,1786799117,29817917,1786799117.029818,13.127980915264262,400.0
312,1786799117,78384190,1786799117.078384,-19.227176781015082,400.0
313,1786799117,129133004,1786799117.129133,4.996246845761735,400.0
314,1786799117,181329843,1786799117.181330,7.447214079989556,400.0
315,1786799117,228433565,1786799117.228434,9.59536917679123,400.0
316,1786799117,280414890,1786799117.280415,53.69571475873862,400.0
317,1786799117,327862791,1786799117.327863,33.95610279343458,400.0
318,1786799117,379621420,1786799117.379622,0.6262343639565976,400.0
319,1786799117,429465420,1786799117.429466,-10.169525609575524,400.0
320,1786799117,477881649,1786799117.477882,-20.502795122457492,400.0
321,1786799117,528812566,1786799117.528813,-12.831071334337258,400.0
322,1786799117,581432538,1786799117.581433,1.9376897517084015,400.0
323,1786799117,628001275,1786799117.628001,29.338948868779692,400.0
324,1786799117,679961606,1786799117.679962,-36.660827648893736,400.0
325,1786799117,726847324,1786799117.726847,12.546507728467764,400.0
326,1786799117,778507186,1786799117.778507,17.56508443814931,400.0
327,1786799117,829236497,1786799117.829237,-10.01365540160085,400.0
328,1786799117,878551050,1786799117.878551,1.4461854890880592,400.0
329,1786799117,927918213,1786799117.927918,4.846243846445473,400.0
330,1786799117,979813989,1786799117.979814,-6.140456854321163,400.0
331,1786799118,27532766,1786799118.027533,35.54548105937339,400.0
332,1786799118,79201475,1786799118.079201,-38.39990683779143,400.0
333,1786799118,130171811,1786799118.130172,15.527850369823588,400.0
334,1786799118,178403363,1786799118.178403,-22.837786489930973,400.0
335,1786799118,228980089,1786799118.228980,37.721099383050245,400.0
336,1786799118,277824433,1786799118.277824,-0.19541490237704567,400.0
337,1786799118,328674703,1786799118.328675,28.81202582790116,400.0
338,1786799118,380762878,1786799118.380763,-2.605779789600688,400.0
339,1786799118,427963262,1786799118.427963,41.2018853050591,400.0
340,1786799118,480386194,1786799118.480386,-9.105401117159364,400.0
341,1786799118,527663869,1786799118.527664,-5.384697252165087,400.0
342,1786799118,579700865,1786799118.579701,11.378333666898744,400.0
343,1786799118,627123771,1786799118.627124,-5.07246774003677,400.0
344,1786799118,679416311,1786799118.679416,-10.704773509706357,400.0
345,1786799118,729394415,1786799118.729394,32.14270232762874,400.0
346,1786799118,777521644,1786799118.777522,-45.1612092218472,400.0
347,1786799118,828191594,1786799118.828192,12.41369736969244,400.0
348,1786799118,879884155,1786799118.879884,2.354994535841068,400.0
349,1786799118,927102690,1786799118.927103,-2.1910281048843774,400.0
350,1786799118,978970963,1786799118.978971,44.50362890779391,400.0
351,1786799119,29575754,1786799119.029576,16.402495851823794,400.0
352,1786799119,78401783,1786799119.078402,-9.415478901977732,400.0
353,1786799119,128722836,1786799119.128723,-6.918379441049894,400.0
354,1786799119,181035771,1786799119.181036,-15.053371265985618,400.0
355,1786799119,228067670,1786799119.228068,17.90506465958095,400.0
356,1786799119,279753738,1786799119.279754,42.99667196416773,400.0
357,1786799119,327297546,1786799119.327297,14.753188632171561,400.0
358,1786799119,379388530,1786799119.379389,-27.208906981310406,400.0
359,1786799119,429855865,1786799119.429856,16.758915607028303,400.0
360,1786799119,478740487,1786799119.478740,20.107931129056745,400.0
361,1786799119,528827226,1786799119.528827,-22.013166320296328,400.0
362,1786799119,577390014,1786799119.577390,5.016755785440021,400.0
363,1786799119,627976266,1786799119.627976,-16.619153686063804,400.0
364,1786799119,679538318,1786799119.679538,-28.546510550780695,400.0
365,1786799119,726726082,1786799119.726726,-5.487109992314133,400.0
366,1786799119,778356138,1786799119.778356,-17.601477521162753,400.0
367,1786799119,828747792,1786799119.828748,1.5362071563639212,400.0
368,1786799119,877448067,1786799119.877448,-20.514456850724695,400.0
369,1786799119,928474708,1786799119.928475,0.6206763103873185,400.0
370,1786799119,980043506,1786799119.980043,-12.044251447463509,400.0
371,1786799120,27283260,1786799120.027283,-9.043372899819689,400.0
372,1786799120,78681202,1786799120.078681,-29.462846290461435,400.0
373,1786799120,129383265,1786799120.129383,-30.058130332562747,400.0
374,1786799120,178138194,1786799120.178138,3.9789240501771523,400.0
375,1786799120,228790021,1786799120.228790,-33.37111198136104,400.0
376,1786799120,280734607,1786799120.280735,9.599436203267794,400.0
377,1786799120,327873715,1786799120.327874,-37.78781497189241,400.0
378,1786799120,379681763,1786799120.379682,-3.3717348264021223,400.0
379,1786799120,427361615,1786799120.427362,-1.0885363532830445,400.0
380,1786799120,479498125,1786799120.479498,-20.35956198503098,400.0
381,1786799120,529363772,1786799120.529364,-5.811063363113603,400.0
382,1786799120,577745944,1786799120.577746,9.378967200642034,400.0
383,1786799120,628262366,1786799120.628262,-13.909520195646456,400.0
384,1786799120,679986812,1786799120.679987,17.147585804079593,400.0
385,1786799120,727413255,1786799120.727413,-0.8948645349361607,400.0
386,1786799120,779561493,1786799120.779562,27.72356624576269,400.0
387,1786799120,826929396,1786799120.826929,-10.048290271181626,400.0
388,1786799120,879028828,1786799120.879029,34.93130605365381,400.0
389,1786799120,929686381,1786799120.929686,2.9776983388233456,400.0
390,1786799120,977965279,1786799120.977965,-1.609612655368161,400.0
391,1786799121,28666673,1786799121.028667,3.536619024290235,400.0
392,1786799121,77357311,1786799121.077357,14.263221823358359,400.0
393,1786799121,128241989,1786799121.128242,3.570897134724747,400.0
394,1786799121,180268336,1786799121.180268,-36.16437657011934,400.0
395,1786799121,227025054,1786799121.227025,31.363841281286618,400.0
396,1786799121,279610247,1786799121.279610,4.35391831846402,400.0
397,1786799121,329720849,1786799121.329721,-11.31465642840565,400.0
398,1786799121,377998785,1786799121.377999,3.2037886080177493,400.0
399,1786799121,428243901,1786799121.428244,25.51108877333245,400.0
400,1786799121,480228659,1786799121.480229,-36.33185993621592,400.0
401,1786799121,527140011,1786799121.527140,1.0118090053755642,400.0
402,1786799121,579180401,1786799121.579180,-32.36180286060262,400.0
403,1786799121,629275990,1786799121.629276,-5.160864531202081,400.0
404,1786799121,677552023,1786799121.677552,-12.649962261599013,400.0
405,1786799121,728411551,1786799121.728411,7.4466789737788535,400.0
406,1786799121,780682652,1786799121.780683,7.9108659178059,400.0
407,1786799121,827726351,1786799121.827726,15.050907187401165,400.0
408,1786799121,880038999,1786799121.880039,0.23606185862414447,400.0
409,1786799121,927231591,1786799121.927232,17.02177236548866,400.0
410,1786799121,978791438,1786799121.978791,1.096390064003189,400.0
411,1786799122,29107200,1786799122.029107,-8.923741617703193,400.0
412,1786799122,77341815,1786799122.077342,-26.8551308263997,400.0
413,1786799122,127503134,1786799122.127503,-7.337744722688733,400.0
414,1786799122,178999375,1786799122.178999,-24.010568154562723,400.0
415,1786799122,229328743,1786799122.229329,-3.6201931680932153,400.0
416,1786799122,278407845,1786799122.278408,31.392191996225844,400.0
417,1786799122,328950299,1786799122.328950,11.130152876064638,400.0
418,1786799122,377356281,1786799122.377356,-22.457421281809022,400.0
419,1786799122,428351023,1786799122.428351,60.9224298805582,400.0
420,1786799122,480521876,1786799122.480522,23.763433517584268,400.0
421,1786799122,528012106,1786799122.528012,17.76078827653571,400.0
422,1786799122,580622649,1786799122.580623,-4.210036556392975,400.0
423,1786799122,627352891,1786799122.627353,-10.29493081657831,400.0
424,1786799122,679489350,1786799122.679489,-19.496194083169783,400.0
425,1786799122,726683285,1786799122.726683,-21.08564050336884,400.0
426,1786799122,779088322,1786799122.779088,-5.572855210257228,400.0
427,1786799122,826381796,1786799122.826382,34.167440704751826,400.0
428,1786799122,878300354,1786799122.878300,-9.806870305736428,400.0
429,1786799122,929415761,1786799122.929416,-0.7017460244133138,400.0
430,1786799122,978077151,1786799122.978077,15.721272984096954,400.0
431,1786799123,28600028,1786799123.028600,2.6747325816061442,400.0
432,1786799123,77027229,1786799123.077027,20.97224642059662,400.0
433,1786799123,130946991,1786799123.130947,-21.635339714750593,400.0
434,1786799123,182024045,1786799123.182024,11.224850555967256,400.0
435,1786799123,229658624,1786799123.229659,-6.947045511547816,400.0
436,1786799123,280941070,1786799123.280941,12.495505713957966,400.0
437,1786799123,331873436,1786799123.331873,-2.8419763854874374,400.0
438,1786799123,380392246,1786799123.380392,13.567614924977976,400.0
439,1786799123,430881960,1786799123.430882,-24.539860181186324,400.0
440,1786799123,482258128,1786799123.482258,-19.88262009997281,400.0
441,1786799123,529959120,1786799123.529959,-20.487402646947302,400.0
442,1786799123,581193061,1786799123.581193,-2.5553387153460054,400.0
443,1786799123,632558280,1786799123.632558,-22.79105244604853,400.0
444,1786799123,680480635,1786799123.680481,-38.43165395387962,400.0
445,1786799123,731342025,1786799123.731342,-4.405749225809913,400.0
446,1786799123,783058846,1786799123.783059,-26.70117194677475,400.0
447,1786799123,831100794,1786799123.831101,-12.232000192367376,400.0
448,1786799123,882173414,1786799123.882173,-43.394905278938616,400.0
449,1786799123,930022802,1786799123.930023,1.6308539891609661,400.0
450,1786799123,981380222,1786799123.981380,-19.50368560767408,400.0
451,1786799124,32562828,1786799124.032563,11.937219168370557,400.0
452,1786799124,80218287,1786799124.080218,25.599844924516056,400.0
453,1786799124,131922558,1786799124.131922,-45.34129379208606,400.0
454,1786799124,179756131,1786799124.179756,-29.14697472529328,400.0
455,1786799124,231128509,1786799124.231128,-45.18996132294304,400.0
456,1786799124,282847451,1786799124.282847,-23.09087074437332,400.0
457,1786799124,330872597,1786799124.330873,-3.6131412223727333,400.0
458,1786799124,382644358,1786799124.382644,-12.448064625909637,400.0
459,1786799124,430770545,1786799124.430771,7.37418366622361,400.0
460,1786799124,482027267,1786799124.482027,4.318720241759629,400.0
461,1786799124,529540555,1786799124.529541,12.658737895556962,400.0
462,1786799124,580781787,1786799124.580782,42.481956605491376,400.0
463,1786799124,631794390,1786799124.631794,-58.439698447966116,400.0
464,1786799124,679997548,1786799124.679997,-13.509170729605643,400.0
465,1786799124,730833384,1786799124.730833,12.529628356113907,400.0
466,1786799124,781734781,1786799124.781735,-4.323496431880817,400.0
467,1786799124,829775516,1786799124.829776,-11.566754203441976,400.0
468,1786799124,880806479,1786799124.880806,-16.753944155762316,400.0
469,1786799124,931789301,1786799124.931789,-41.98790019561958,400.0
470,1786799124,982689647,1786799124.982690,-17.28978746712785,400.0
471,1786799125,30567389,1786799125.030567,18.225903373642595,400.0
472,1786799125,81862440,1786799125.081862,43.07612277518649,400.0
473,1786799125,129702399,1786799125.129702,-22.12564378803302,400.0
474,1786799125,181283347,1786799125.181283,-9.496978332368586,400.0
475,1786799125,232386864,1786799125.232387,-22.79892268690508,400.0
476,1786799125,280303802,1786799125.280304,14.605898891156823,400.0
477,1786799125,331767579,1786799125.331768,-3.9924557138428725,400.0
478,1786799125,379883405,1786799125.379883,-37.1669736754666,400.0
479,1786799125,431212955,1786799125.431213,-1.7795547212256606,400.0
480,1786799125,481994701,1786799125.481995,0.8475746597148875,400.0
481,1786799125,529841696,1786799125.529842,26.191212815930008,400.0
482,1786799125,580837850,1786799125.580838,-5.729490785143022,400.0
483,1786799125,631979009,1786799125.631979,-12.714233955421705,400.0
484,1786799125,679822439,1786799125.679822,-22.62538578442529,400.0
485,1786799125,731513442,1786799125.731514,49.40272796611147,400.0
486,1786799125,779548002,1786799125.779548,1.5911618940450318,400.0
487,1786799125,831043172,1786799125.831043,-4.7406654410975975,400.0
488,1786799125,882128066,1786799125.882128,43.37325460266639,400.0
489,1786799125,930210729,1786799125.930211,33.46809457507462,400.0
490,1786799125,981501791,1786799125.981502,-21.98183719641442,400.0
491,1786799126,32655543,1786799126.032655,-2.738711334953739,400.0
492,1786799126,80705943,1786799126.080706,-25.565426326086328,400.0
493,1786799126,131948108,1786799126.131948,-24.08584405727916,400.0
494,1786799126,179654249,1786799126.179654,7.346880880760743,400.0
495,1786799126,231109522,1786799126.231110,26.514574411590953,400.0
496,1786799126,282440456,1786799126.282440,17.396665074070828,400.0
497,1786799126,330747722,1786799126.330748,4.093965489506693,400.0
498,1786799126,381984783,1786799126.381985,-18.74638562586053,400.0
499,1786799126,429737754,1786799126.429738,12.49548728369778,400.0
500,1786799126,480891700,1786799126.480892,13.282893951513088,400.0
501,1786799126,532069864,1786799126.532070,-20.852749299608515,400.0
502,1786799126,579941851,1786799126.579942,25.82556850187794,400.0
503,1786799126,631278181,1786799126.631278,27.265199626068327,400.0
504,1786799126,679621126,1786799126.679621,51.58435844559573,400.0
505,1786799126,730842522,1786799126.730843,6.146071115016389,400.0
506,1786799126,781865495,1786799126.781866,-12.283924703158819,400.0
507,1786799126,829549621,1786799126.829550,46.119120656051535,400.0
508,1786799126,881094741,1786799126.881095,-15.808617490232892,400.0
509,1786799126,929467703,1786799126.929468,19.187120493095563,400.0
510,1786799126,980829362,1786799126.980829,4.8769686171177415,400.0
511,1786799127,32215095,1786799127.032215,23.722294545410037,400.0
512,1786799127,80254289,1786799127.080254,6.827370467574035,400.0
513,1786799127,131765269,1786799127.131765,-8.705256240415695,400.0
514,1786799127,179905053,1786799127.179905,-26.085812293276895,400.0
515,1786799127,231412545,1786799127.231413,29.08212591116194,400.0
516,1786799127,279322014,1786799127.279322,-26.40967215908733,400.0
517,1786799127,330653144,1786799127.330653,26.364029815558624,400.0
518,1786799127,382064060,1786799127.382064,43.725334759012554,400.0
519,1786799127,429844501,1786799127.429845,-0.19848415350096327,400.0
520,1786799127,481421776,1786799127.481422,-15.985940326444775,400.0
521,1786799127,529888315,1786799127.529888,-17.67220362969945,400.0
522,1786799127,581238061,1786799127.581238,-16.4535993799423,400.0
523,1786799127,632589698,1786799127.632590,19.854611105109818,400.0
524,1786799127,680708279,1786799127.680708,-13.471313389252632,400.0
525,1786799127,732502982,1786799127.732503,0.7777452376233079,400.0
526,1786799127,780855843,1786799127.780856,-22.235690570733855,400.0
527,1786799127,832512333,1786799127.832512,-20.34021001791085,400.0
528,1786799127,880748610,1786799127.880749,7.4438551405567885,400.0
529,1786799127,932002415,1786799127.932002,-45.08320727135707,400.0
530,1786799127,980394201,1786799127.980394,7.6528988322513,400.0
531,1786799128,31724040,1786799128.031724,-51.43114240371857,400.0
532,1786799128,79814907,1786799128.079815,2.248536674130716,400.0
533,1786799128,131138392,1786799128.131138,4.229834950708772,400.0
534,1786799128,179464585,1786799128.179465,0.9939593670985405,400.0
535,1786799128,230542984,1786799128.230543,0.5033789738315174,400.0
536,1786799128,282048945,1786799128.282049,-17.900769108685285,400.0
537,1786799128,329665156,1786799128.329665,34.99739053958178,400.0
538,1786799128,380692267,1786799128.380692,5.598914481724123,400.0
539,1786799128,431931852,1786799128.431932,3.362761727575181,400.0
540,1786799128,479857690,1786799128.479858,-24.25620386752206,400.0
541,1786799128,530942678,1786799128.530943,16.683839597952144,400.0
542,1786799128,582061907,1786799128.582062,-13.521311648891821,400.0
543,1786799128,629814968,1786799128.629815,-34.24416360389846,400.0
544,1786799128,681636045,1786799128.681636,-14.66916139863441,400.0
545,1786799128,729834037,1786799128.729834,-0.11682788315336304,400.0
546,1786799128,781485853,1786799128.781486,-6.24630120931319,400.0
547,1786799128,829437987,1786799128.829438,-27.889845473216308,400.0
548,1786799128,880650150,1786799128.880650,-12.484585017447436,400.0
549,1786799128,932005517,1786799128.932005,-13.605980521591123,400.0
550,1786799128,980214557,1786799128.980215,48.028252169460615,400.0
551,1786799129,31256450,1786799129.031256,-5.996808635169362,400.0
552,1786799129,79378094,1786799129.079378,44.26813830927591,400.0
553,1786799129,130724401,1786799129.130724,-36.644954600556915,400.0
554,1786799129,182440818,1786799129.182441,-32.10467579104568,400.0
555,1786799129,230441279,1786799129.230441,-3.848032071924878,400.0
556,1786799129,281984969,1786799129.281985,20.53438124147489,400.0
557,1786799129,330258256,1786799129.330258,11.5633263362609,400.0
558,1786799129,381929650,1786799129.381930,-5.467543312944258,400.0
559,1786799129,429465965,1786799129.429466,-6.7425478948496265,400.0
560,1786799129,480872172,1786799129.480872,-12.704728050436842,400.0
561,1786799129,532279884,1786799129.532280,33.95278328928183,400.0
562,1786799129,580185765,1786799129.580186,12.71489161963046,400.0
563,1786799129,631831632,1786799129.631832,30.15373483169341,400.0
564,1786799129,680275671,1786799129.680276,-7.934657046041083,400.0
565,1786799129,732035809,1786799129.732036,6.316759174012612,400.0
566,1786799129,780146661,1786799129.780147,17.90371447422969,400.0
567,1786799129,831720619,1786799129.831721,12.229577814773059,400.0
568,1786799129,879839486,1786799129.879839,13.199386997057939,400.0
569,1786799129,931304785,1786799129.931305,-0.03927416618384052,400.0
570,1786799129,982339119,1786799129.982339,-0.9836241256398284,400.0
571,1786799130,30269641,1786799130.030270,-9.069018540662677,400.0
572,1786799130,81271865,1786799130.081272,0.16962229592237224,400.0
573,1786799130,132392098,1786799130.132392,11.329037725646254,400.0
574,1786799130,180289660,1786799130.180290,5.510828047471804,400.0
575,1786799130,231700293,1786799130.231700,-34.15567776398921,400.0
576,1786799130,280357417,1786799130.280357,-4.825963535208402,400.0
577,1786799130,331691252,1786799130.331691,8.424068671300562,400.0
578,1786799130,379463252,1786799130.379463,12.481473336420645,400.0
579,1786799130,431179008,1786799130.431179,14.57791684128885,400.0
580,1786799130,479223326,1786799130.479223,-14.543333370337162,400.0
581,1786799130,530943275,1786799130.530943,-14.391368658948974,400.0
582,1786799130,579100643,1786799130.579101,9.242791828798646,400.0
583,1786799130,630618315,1786799130.630618,-1.19361929975254,400.0
584,1786799130,682136335,1786799130.682136,-21.081509761925524,400.0
585,1786799130,730253756,1786799130.730254,5.339019780220216,400.0
586,1786799130,781353779,1786799130.781354,11.576926176252293,400.0
587,1786799130,829615520,1786799130.829616,16.332396370149603,400.0
588,1786799130,880878382,1786799130.880878,6.961665523095757,400.0
589,1786799130,932131692,1786799130.932132,17.174316539494086,400.0
590,1786799130,980147576,1786799130.980148,29.390784195230953,400.0
591,1786799131,31746680,1786799131.031747,6.237359799885644,400.0
592,1786799131,79296167,1786799131.079296,-26.757905785387614,400.0
593,1786799131,130396085,1786799131.130396,7.578530255662095,400.0
594,1786799131,181765262,1786799131.181765,8.09678244274233,400.0
595,1786799131,229822125,1786799131.229822,12.623982169330787,400.0
596,1786799131,280976012,1786799131.280976,-10.889941158347273,400.0
597,1786799131,329328357,1786799131.329328,-28.121116692156086,400.0
598,1786799131,380885152,1786799131.380885,-29.2392793591969,400.0
599,1786799131,429217707,1786799131.429218,-10.945875159882599,400.0
600,1786799131,480303279,1786799131.480303,-4.260881996580068,400.0
601,1786799131,531497419,1786799131.531497,-17.379016732173945,400.0
602,1786799131,579333878,1786799131.579334,-15.101876907069565,400.0
603,1786799131,630800959,1786799131.630801,1.9832102788480446,400.0
604,1786799131,679046684,1786799131.679047,-3.7073594059259474,400.0
605,1786799131,730802054,1786799131.730802,-11.206437365687327,400.0
606,1786799131,778843833,1786799131.778844,-0.5986291698333392,400.0
607,1786799131,830408824,1786799131.830409,16.11894296561851,400.0
608,1786799131,881722128,1786799131.881722,19.40477129554601,400.0
609,1786799131,929804283,1786799131.929804,22.775527176930566,400.0
610,1786799131,981251923,1786799131.981252,-24.44354868275161,400.0
611,1786799132,28826564,1786799132.028826,30.20039821963765,400.0
612,1786799132,79862012,1786799132.079862,11.469052923348126,400.0
613,1786799132,131258033,1786799132.131258,1.6503400196461477,400.0
614,1786799132,179694437,1786799132.179694,-8.576100800685076,400.0
615,1786799132,231252994,1786799132.231253,-26.91909536667236,400.0
616,1786799132,279251875,1786799132.279252,2.210126909964609,400.0
617,1786799132,330545219,1786799132.330545,5.137468666410184,400.0
618,1786799132,381630021,1786799132.381630,-25.472234561641905,400.0
619,1786799132,429745810,1786799132.429746,29.942623246124725,400.0
620,1786799132,481263109,1786799132.481263,0.9259566739025099,400.0
621,1786799132,528764308,1786799132.528764,5.260811212894079,400.0
622,1786799132,580057370,1786799132.580057,-5.70578030483253,400.0
623,1786799132,631112052,1786799132.631112,9.36368017699835,400.0
624,1786799132,679334677,1786799132.679335,-4.577781782298006,400.0
625,1786799132,729669383,1786799132.729669,-1.7459600913950246,400.0
626,1786799132,780682223,1786799132.780682,-26.991962254324328,400.0
627,1786799132,831852667,1786799132.831853,-10.721633693128648,400.0
628,1786799132,880071074,1786799132.880071,-15.980051466061688,400.0
629,1786799132,931092670,1786799132.931093,-0.38566548079840013,400.0
630,1786799132,978999423,1786799132.978999,-15.716644957310837,400.0
631,1786799133,30404288,1786799133.030404,-16.144887978675712,400.0
632,1786799133,81910374,1786799133.081910,6.984539293644158,400.0
633,1786799133,129702514,1786799133.129703,6.187602258463645,400.0
634,1786799133,181028549,1786799133.181029,41.88269788345845,400.0
635,1786799133,228816837,1786799133.228817,-3.222091094648239,400.0
636,1786799133,280016075,1786799133.280016,-18.859237031029018,400.0
637,1786799133,331125993,1786799133.331126,3.568029421338715,400.0
638,1786799133,379119739,1786799133.379120,-38.880690872276425,400.0
639,1786799133,430288808,1786799133.430289,2.3244271205687035,400.0
640,1786799133,481841138,1786799133.481841,33.329200063430385,400.0
641,1786799133,529908678,1786799133.529909,-37.83154950401229,400.0
642,1786799133,581243947,1786799133.581244,-10.440157809027701,400.0
643,1786799133,629174248,1786799133.629174,-1.365110843594549,400.0
644,1786799133,680812801,1786799133.680813,-39.76771234462228,400.0
645,1786799133,729063043,1786799133.729063,3.5789373556561817,400.0
646,1786799133,780637792,1786799133.780638,-3.155832100657987,400.0
647,1786799133,828817957,1786799133.828818,-4.701832356180198,400.0
648,1786799133,880334160,1786799133.880334,-43.02093684288692,400.0
649,1786799133,931522426,1786799133.931522,27.74562723390387,400.0
650,1786799133,979819920,1786799133.979820,-5.77373557602921,400.0
651,1786799134,31170559,1786799134.031171,-3.166101711858624,400.0
652,1786799134,79165191,1786799134.079165,0.10598128407420997,400.0
653,1786799134,130702049,1786799134.130702,15.13081305532581,400.0
654,1786799134,178943565,1786799134.178944,9.219515125941157,400.0
655,1786799134,230789864,1786799134.230790,-2.0792578177026395,400.0
656,1786799134,280638943,1786799134.280639,-12.044697476602835,400.0
657,1786799134,331769402,1786799134.331769,8.679155401143813,400.0
658,1786799134,379635409,1786799134.379635,-45.570914295257055,400.0
659,1786799134,431145959,1786799134.431146,4.683736056556317,400.0
660,1786799134,479038316,1786799134.479038,17.216582615176563,400.0
661,1786799134,530259876,1786799134.530260,-5.701126192044291,400.0
662,1786799134,581499187,1786799134.581499,7.305706647702191,400.0
663,1786799134,629641344,1786799134.629641,42.503863385445285,400.0
664,1786799134,680898627,1786799134.680899,13.829902670370215,400.0
665,1786799134,728948343,1786799134.728948,0.052258169265063964,400.0
666,1786799134,780669925,1786799134.780670,-2.9949819902128665,400.0
667,1786799134,829241727,1786799134.829242,18.414830313735322,400.0
668,1786799134,880816029,1786799134.880816,12.890136797329022,400.0
669,1786799134,928848475,1786799134.928849,6.5881538390373215,400.0
670,1786799134,979941436,1786799134.979941,10.157752753555972,400.0
671,1786799135,31568410,1786799135.031569,82.10315330714339,400.0
672,1786799135,79275575,1786799135.079276,50.06680858006236,400.0
673,1786799135,130772458,1786799135.130772,93.65775319596105,400.0
674,1786799135,178952545,1786799135.178952,81.70803296847619,400.0
675,1786799135,230378955,1786799135.230379,100.84268367247516,400.0
676,1786799135,279535119,1786799135.279535,100.51797605340488,400.0
677,1786799135,329699583,1786799135.329700,97.70160907684736,400.0
678,1786799135,381290251,1786799135.381290,65.9368597797544,400.0
679,1786799135,429482954,1786799135.429483,142.38668034306284,400.0
680,1786799135,480762426,1786799135.480762,126.67953705725347,400.0
681,1786799135,528577873,1786799135.528578,150.1789656636929,400.0
682,1786799135,579970451,1786799135.579970,180.1555456906221,400.0
683,1786799135,631328675,1786799135.631329,186.08786668231897,400.0
684,1786799135,679473054,1786799135.679473,155.89781156356145,400.0
685,1786799135,731063196,1786799135.731063,155.45474100242984,400.0
686,1786799135,778968968,1786799135.778969,208.0126542157914,400.0
687,1786799135,830567000,1786799135.830567,195.20923483581157,400.0
688,1786799135,879208234,1786799135.879208,219.85151146780962,400.0
689,1786799135,930230329,1786799135.930230,226.90733168519785,400.0
690,1786799135,981481176,1786799135.981481,203.20741295988088,400.0
691,1786799136,29615664,1786799136.029616,260.95053812870225,400.0
692,1786799136,80774480,1786799136.080775,260.4873660608698,400.0
693,1786799136,128567807,1786799136.128568,269.10359854167723,400.0
694,1786799136,180342263,1786799136.180342,281.0386449482273,400.0
695,1786799136,231900032,1786799136.231900,286.8158792615143,400.0
696,1786799136,280056837,1786799136.280057,287.4408327463827,400.0
697,1786799136,331284316,1786799136.331284,274.9883853572647,400.0
698,1786799136,379449941,1786799136.379450,287.995712849201,400.0
699,1786799136,430606432,1786799136.430606,327.3812526937877,400.0
700,1786799136,478606362,1786799136.478606,317.7207065839862,400.0
701,1786799136,529676578,1786799136.529677,354.1289440294736,400.0
702,1786799136,580975221,1786799136.580975,337.4581441319026,400.0
703,1786799136,629061626,1786799136.629062,352.5139192509983,400.0
704,1786799136,680760963,1786799136.680761,360.2045795491911,400.0
705,1786799136,728541444,1786799136.728541,344.40134291923954,400.0
706,1786799136,780106539,1786799136.780107,340.46171613938225,400.0
707,1786799136,831656514,1786799136.831656,387.73643767201946,400.0
708,1786799136,879878413,1786799136.879879,374.1574725133691,400.0
709,1786799136,930844616,1786799136.930845,382.05084444173815,400.0
710,1786799136,978826486,1786799136.978827,376.3404444141912,400.0
711,1786799137,30539346,1786799137.030539,416.55928923063493,400.0
712,1786799137,81692912,1786799137.081693,435.26104941524665,400.0
713,1786799137,129941844,1786799137.129942,411.0596334175128,400.0
714,1786799137,181589769,1786799137.181590,451.19066688983486,400.0
715,1786799137,229337195,1786799137.229337,460.5681623284665,400.0
716,1786799137,280609081,1786799137.280609,455.7878449439957,400.0
717,1786799137,328388505,1786799137.328388,518.3674825291637,400.0
718,1786799137,379713960,1786799137.379714,447.9438559238109,400.0
719,1786799137,431655215,1786799137.431655,491.23878169363604,400.0
720,1786799137,479247604,1786799137.479248,480.8635066144926,400.0
721,1786799137,530387506,1786799137.530387,470.16560600035024,400.0
722,1786799137,579986290,1786799137.579986,489.0967062439068,400.0
723,1786799137,629434189,1786799137.629434,524.0284832955099,400.0
724,1786799137,680538508,1786799137.680538,485.95252157809654,400.0
725,1786799137,728505967,1786799137.728506,491.35039737384864,400.0
726,1786799137,779146930,1786799137.779147,508.5912889765275,400.0
727,1786799137,830344375,1786799137.830344,510.33938878297585,400.0
728,1786799137,881501050,1786799137.881501,570.0084229717512,400.0
729,1786799137,928925124,1786799137.928925,535.5182744799882,400.0
730,1786799137,980733491,1786799137.980733,559.1556893215234,400.0
731,1786799138,28455869,1786799138.028456,575.9596947169758,400.0
732,1786799138,80463149,1786799138.080463,569.0289651371676,400.0
733,1786799138,131504567,1786799138.131505,569.297040964629,400.0
734,1786799138,179235392,1786799138.179235,587.5035780123519,400.0
735,1786799138,230458294,1786799138.230458,573.4187269509946,400.0
736,1786799138,278350749,1786799138.278351,581.7056280832913,400.0
737,1786799138,329687346,1786799138.329687,591.1387139049815,400.0
738,1786799138,381280767,1786799138.381281,601.1279298051467,400.0
739,1786799138,428915109,1786799138.428915,614.3158843984958,400.0
740,1786799138,480504655,1786799138.480505,599.933461743094,400.0
741,1786799138,528763237,1786799138.528763,586.4407381341371,400.0
742,1786799138,579908493,1786799138.579909,620.268442425355,400.0
743,1786799138,631247198,1786799138.631247,596.9566057031019,400.0
744,1786799138,679155123,1786799138.679155,647.22737347039,400.0
745,1786799138,730062979,1786799138.730063,649.2544424615538,400.0
746,1786799138,781546016,1786799138.781546,647.6635093994619,400.0
747,1786799138,829693704,1786799138.829694,667.089388567592,400.0
748,1786799138,881089042,1786799138.881089,664.1083981475264,400.0
749,1786799138,929220379,1786799138.929220,660.262811265518,400.0
750,1786799138,980354977,1786799138.980355,669.3041450516681,400.0
751,1786799139,28195043,1786799139.028195,738.8311900690449,400.0
752,1786799139,79809886,1786799139.079810,721.566406684413,400.0
753,1786799139,131341361,1786799139.131341,713.3253069905883,400.0
754,1786799139,179731383,1786799139.179731,722.6344316284446,400.0
755,1786799139,231177915,1786799139.231178,723.1332249035049,400.0
756,1786799139,279327069,1786799139.279327,733.7798200090481,400.0
757,1786799139,330668996,1786799139.330669,745.6454400539188,400.0
758,1786799139,378744671,1786799139.378745,755.8193076809324,400.0
759,1786799139,429826386,1786799139.429826,753.589680160395,400.0
760,1786799139,481112343,1786799139.481112,776.3432955768402,400.0
761,1786799139,529270145,1786799139.529270,759.467919996026,400.0
762,1786799139,580622620,1786799139.580623,789.8113713687122,400.0
763,1786799139,628646979,1786799139.628647,852.9485982709544,400.0
764,1786799139,679582124,1786799139.679582,786.8970894252745,400.0
765,1786799139,730578127,1786799139.730578,795.0837942657404,400.0
766,1786799139,778828806,1786799139.778829,794.4992395787058,400.0
767,1786799139,829807241,1786799139.829807,828.9326497432241,400.0
768,1786799139,878027908,1786799139.878028,840.7492232766095,400.0
769,1786799139,929460493,1786799139.929461,843.7275068410955,400.0
770,1786799139,980368878,1786799139.980369,875.610301175004,400.0
771,1786799140,28268662,1786799140.028269,857.1917714384609,400.0
772,1786799140,79986279,1786799140.079986,858.3218565433835,400.0
773,1786799140,131264939,1786799140.131265,895.8813309408042,400.0
774,1786799140,178996692,1786799140.178997,932.0213230529955,400.0
775,1786799140,230386796,1786799140.230387,899.7742605367606,400.0
776,1786799140,278613531,1786799140.278614,939.0878481296139,400.0
777,1786799140,330009907,1786799140.330010,922.2255244020914,400.0
778,1786799140,378316448,1786799140.378316,950.0081580339304,400.0
779,1786799140,430046008,1786799140.430046,908.2723817803707,400.0
780,1786799140,478316534,1786799140.478317,907.2617775358185,400.0
781,1786799140,529463655,1786799140.529464,940.2511880999709,400.0
782,1786799140,580589761,1786799140.580590,974.8158706735227,400.0
783,1786799140,628675415,1786799140.628675,959.2562347264574,400.0
784,1786799140,679891737,1786799140.679892,971.1679669514555,400.0
785,1786799140,731207398,1786799140.731207,1021.9834798437475,400.0
786,1786799140,779149495,1786799140.779150,1026.9612873466606,400.0
787,1786799140,830831704,1786799140.830832,1032.620515151349,400.0
788,1786799140,879026043,1786799140.879026,993.8711526657321,400.0
789,1786799140,930878068,1786799140.930878,1008.3694110284134,400.0
790,1786799140,978917292,1786799140.978917,1027.2374797314296,400.0
791,1786799141,30319090,1786799141.030319,1059.5345030365654,400.0
792,1786799141,78121186,1786799141.078121,1052.9905291964708,400.0
793,1786799141,129355967,1786799141.129356,1036.4063656049702,400.0
794,1786799141,180927301,1786799141.180927,1063.7064137137872,400.0
795,1786799141,229262073,1786799141.229262,1093.8521149424007,400.0
796,1786799141,280564175,1786799141.280564,1071.6269998116222,400.0
797,1786799141,328597379,1786799141.328597,1088.0688511518968,400.0
798,1786799141,379536791,1786799141.379537,1116.1839846978633,400.0
799,1786799141,430887525,1786799141.430887,1095.1510114884302,400.0
800,1786799141,478842856,1786799141.478843,1096.5387334628606,400.0
801,1786799141,530027218,1786799141.530027,1076.3018160088668,400.0
802,1786799141,577970275,1786799141.577970,1107.9339695332562,400.0
803,1786799141,629792706,1786799141.629793,1039.4898875164429,400.0
804,1786799141,678130208,1786799141.678130,1067.2265433537918,400.0
805,1786799141,729758189,1786799141.729758,1085.2328511473677,400.0
806,1786799141,778899462,1786799141.778899,1103.0219962051092,400.0
807,1786799141,829430149,1786799141.829430,1132.985078497171,400.0
808,1786799141,880599895,1786799141.880600,1142.4488125099092,400.0
809,1786799141,928587073,1786799141.928587,1097.6437503584436,400.0
810,1786799141,980156283,1786799141.980156,1139.9004646786937,400.0
811,1786799142,28314269,1786799142.028314,1102.9155370051153,400.0
812,1786799142,79890454,1786799142.079890,1184.423942640984,400.0
813,1786799142,128227478,1786799142.128227,1128.813657828156,400.0
814,1786799142,179774798,1786799142.179775,1167.7663315160828,400.0
815,1786799142,227776021,1786799142.227776,1148.128015198723,400.0
816,1786799142,279246744,1786799142.279247,1162.2952144483572,400.0
817,1786799142,328358765,1786799142.328359,1236.5651969699582,400.0
818,1786799142,379649223,1786799142.379649,1152.2687647966616,400.0
819,1786799142,431075551,1786799142.431076,1199.4510156292863,400.0
820,1786799142,479112635,1786799142.479113,1191.178238311829,400.0
821,1786799142,530526119,1786799142.530526,1172.0314653212715,400.0
822,1786799142,578237583,1786799142.578238,1187.3291927263151,400.0
823,1786799142,629842130,1786799142.629842,1260.618540274508,400.0
824,1786799142,678020755,1786799142.678021,1249.7674375719355,400.0
825,1786799142,729433520,1786799142.729434,1216.4779934423682,400.0
826,1786799142,780539869,1786799142.780540,1250.8879492664773,400.0
827,1786799142,828813126,1786799142.828813,1223.5010230141233,400.0
828,1786799142,880388963,1786799142.880389,1283.947255068144,400.0
829,1786799142,928007263,1786799142.928007,1271.0491052985665,400.0
830,1786799142,979303946,1786799142.979304,1257.1813215214179,400.0
831,1786799143,30996807,1786799143.030997,1292.4307588598429,400.0
832,1786799143,79088807,1786799143.079089,1300.960001347871,400.0
833,1786799143,130720198,1786799143.130720,1323.7462851674536,400.0
834,1786799143,178801743,1786799143.178802,1303.1096027100941,400.0
835,1786799143,230629321,1786799143.230629,1320.079444527053,400.0
836,1786799143,278429076,1786799143.278429,1298.2250641728351,400.0
837,1786799143,329575133,1786799143.329575,1320.585068752803,400.0
838,1786799143,380745044,1786799143.380745,1317.2627837277405,400.0
839,1786799143,428679968,1786799143.428680,1339.4444353486633,400.0
840,1786799143,479595382,1786799143.479595,1341.4538761234057,400.0
841,1786799143,527734369,1786799143.527734,1374.7196785977364,400.0
842,1786799143,579463090,1786799143.579463,1410.4703414700057,400.0
843,1786799143,630713967,1786799143.630714,1373.247692522234,400.0
844,1786799143,678702660,1786799143.678703,1408.8618175176632,400.0
845,1786799143,729762952,1786799143.729763,1402.3284875881566,400.0
846,1786799143,778078627,1786799143.778079,1419.2177542839454,400.0
847,1786799143,829219024,1786799143.829219,1408.452815105778,400.0
848,1786799143,880906751,1786799143.880907,1429.233143094043,400.0
849,1786799143,928770147,1786799143.928770,1472.741127501159,400.0
850,1786799143,980138771,1786799143.980139,1456.9996085411833,400.0
851,1786799144,28200256,1786799144.028200,1500.082560327088,400.0
852,1786799144,79240792,1786799144.079241,1491.2312286512265,400.0
853,1786799144,130521534,1786799144.130522,1518.1306714304603,400.0
854,1786799144,178422672,1786799144.178423,1488.0552744454899,400.0
855,1786799144,229757215,1786799144.229757,1507.7028058475685,400.0
856,1786799144,277789339,1786799144.277789,1489.5811380930213,400.0
857,1786799144,328972302,1786799144.328972,1500.3451200951267,400.0
858,1786799144,380567671,1786799144.380568,1571.7189859816103,400.0
859,1786799144,428236077,1786799144.428236,1537.5691601225228,400.0
860,1786799144,479220589,1786799144.479221,1556.2839981957031,400.0
861,1786799144,530670171,1786799144.530670,1541.2688065993286,400.0
862,1786799144,578743867,1786799144.578744,1529.083887396002,400.0
863,1786799144,629824556,1786799144.629825,1523.0836218316726,400.0
864,1786799144,677964734,1786799144.677965,1566.9479348773968,400.0
865,1786799144,729342156,1786799144.729342,1599.3123074466444,400.0
866,1786799144,777745846,1786799144.777746,1612.0447682590934,400.0
867,1786799144,829035023,1786799144.829035,1600.2055573290386,400.0
868,1786799144,880214316,1786799144.880214,1589.3759472968363,400.0
869,1786799144,928140178,1786799144.928140,1633.224366498142,400.0
870,1786799144,979342423,1786799144.979342,1651.0020179463036,400.0
871,1786799145,27448198,1786799145.027448,1661.1513818329463,400.0
872,1786799145,78341818,1786799145.078342,1649.3312531811466,400.0
873,1786799145,129634776,1786799145.129635,1666.8129534435257,400.0
874,1786799145,177666298,1786799145.177666,1673.9541749812179,400.0
875,1786799145,229132911,1786799145.229133,1658.3736060978424,400.0
876,1786799145,280673859,1786799145.280674,1658.8629047223062,400.0
877,1786799145,328769997,1786799145.328770,1716.910513623424,400.0
878,1786799145,380038032,1786799145.380038,1736.8350346184989,400.0
879,1786799145,427591953,1786799145.427592,1674.8386587156801,400.0
880,1786799145,479351557,1786799145.479352,1726.4539272293125,400.0
881,1786799145,530694103,1786799145.530694,1754.9387591585464,400.0
882,1786799145,578458171,1786799145.578458,1744.2397896599766,400.0
883,1786799145,629680191,1786799145.629680,1758.4357015197843,400.0
884,1786799145,677729329,1786799145.677729,1740.0943239824626,400.0
885,1786799145,729482973,1786799145.729483,1765.5285618344142,400.0
886,1786799145,777713679,1786799145.777714,1791.5011019286246,400.0
887,1786799145,829576572,1786799145.829576,1786.366484563863,400.0
888,1786799145,877775920,1786799145.877776,1769.01162548598,400.0
889,1786799145,929462192,1786799145.929462,1806.270785231717,400.0
890,1786799145,977713660,1786799145.977714,1831.5135316180765,400.0
891,1786799146,29065943,1786799146.029066,1835.513888446774,400.0
892,1786799146,80179367,1786799146.080179,1808.5655859561903,400.0
893,1786799146,128110800,1786799146.128111,1820.089845567038,400.0
894,1786799146,179694015,1786799146.179694,1816.538864159895,400.0
895,1786799146,228063346,1786799146.228063,1861.3480939224246,400.0
896,1786799146,279628560,1786799146.279629,1908.8979722340137,400.0
897,1786799146,327921760,1786799146.327922,1895.0691478705687,400.0
898,1786799146,379411258,1786799146.379411,1914.6422624184438,400.0
899,1786799146,427641468,1786799146.427641,1886.7408502119408,400.0
900,1786799146,478669749,1786799146.478670,1935.0357376146103,400.0
901,1786799146,530050359,1786799146.530050,1922.500250412543,400.0
902,1786799146,578294646,1786799146.578295,1925.1287132741725,400.0
903,1786799146,629916645,1786799146.629917,1939.1771502031518,400.0
904,1786799146,677481437,1786799146.677481,1948.8325911509078,400.0
905,1786799146,729252990,1786799146.729253,1935.7513263269364,400.0
906,1786799146,777961985,1786799146.777962,1980.9567277348895,400.0
907,1786799146,828970185,1786799146.828970,1942.0084138050117,400.0
908,1786799146,880536704,1786799146.880537,1989.5383862720093,400.0
909,1786799146,928267494,1786799146.928267,1977.9325338845981,400.0
910,1786799146,979434547,1786799146.979434,2005.9235615750415,400.0
911,1786799147,27945490,1786799147.027946,1986.6871676382245,400.0
912,1786799147,79406556,1786799147.079406,2028.5512351461755,400.0
913,1786799147,130566549,1786799147.130567,1987.2143385886054,400.0
914,1786799147,178732981,1786799147.178733,2031.383728004577,400.0
915,1786799147,230113369,1786799147.230113,2070.759102459926,400.0
916,1786799147,278212150,1786799147.278212,2045.6912965082624,400.0
917,1786799147,329605165,1786799147.329605,2021.0330990924367,400.0
918,1786799147,377800203,1786799147.377800,2057.841488481421,400.0
919,1786799147,429264634,1786799147.429265,2072.0294804412924,400.0
920,1786799147,477477293,1786799147.477477,2080.340796581536,400.0
921,1786799147,528735908,1786799147.528736,2115.2977252409023,400.0
922,1786799147,579749602,1786799147.579750,2082.473822906851,400.0
923,1786799147,627994929,1786799147.627995,2144.0008945004347,400.0
924,1786799147,679561016,1786799147.679561,2127.3595129823034,400.0
925,1786799147,727975557,1786799147.727976,2153.1505774567195,400.0
926,1786799147,779667025,1786799147.779667,2170.4683828381935,400.0
927,1786799147,828004504,1786799147.828005,2151.4336408040044,400.0
928,1786799147,879580704,1786799147.879581,2179.214905592571,400.0
929,1786799147,927671361,1786799147.927671,2133.8634679153283,400.0
930,1786799147,978707565,1786799147.978708,2150.190371356112,400.0
931,1786799148,30126687,1786799148.030127,2175.4289825584983,400.0
932,1786799148,78269642,1786799148.078270,2163.515626091792,400.0
933,1786799148,129402807,1786799148.129403,2167.99508793128,400.0
934,1786799148,177586271,1786799148.177586,2203.3051299290505,400.0
935,1786799148,228552978,1786799148.228553,2231.440323676688,400.0
936,1786799148,279672721,1786799148.279673,2251.162781069855,400.0
937,1786799148,327522393,1786799148.327522,2210.899280739843,400.0
938,1786799148,379035869,1786799148.379036,2230.722622547132,400.0
939,1786799148,430147570,1786799148.430148,2267.409487951172,400.0
940,1786799148,478085596,1786799148.478086,2254.519131869996,400.0
941,1786799148,529651117,1786799148.529651,2279.827095880088,400.0
942,1786799148,577401164,1786799148.577401,2289.945769095269,400.0
943,1786799148,629087464,1786799148.629087,2281.6393830117877,400.0
944,1786799148,677436466,1786799148.677436,2267.7613381325295,400.0
945,1786799148,728744793,1786799148.728745,2341.438883523094,400.0
946,1786799148,780216276,1786799148.780216,2312.845053538797,400.0
947,1786799148,828492193,1786799148.828492,2288.2381428578665,400.0
948,1786799148,879974072,1786799148.879974,2317.3205827651345,400.0
949,1786799148,927865435,1786799148.927866,2364.1509623401303,400.0
950,1786799148,979331638,1786799148.979332,2325.60661350085,400.0
951,1786799149,27277379,1786799149.027277,2370.152295361035,400.0
952,1786799149,79047872,1786799149.079048,2340.4719451065425,400.0
953,1786799149,127231461,1786799149.127231,2350.599124598383,400.0
954,1786799149,178375753,1786799149.178376,2412.9169385131227,400.0
955,1786799149,229287703,1786799149.229288,2372.2109737005044,400.0
956,1786799149,277319095,1786799149.277319,2400.081849030746,400.0
957,1786799149,328771623,1786799149.328772,2410.776972168647,400.0
958,1786799149,380124119,1786799149.380124,2438.534336280518,400.0
959,1786799149,428558082,1786799149.428558,2458.9874280176223,400.0
960,1786799149,479575171,1786799149.479575,2475.4354750326024,400.0
961,1786799149,527365816,1786799149.527366,2501.694472818544,400.0
962,1786799149,579143374,1786799149.579143,2452.9930068831995,400.0
963,1786799149,627093092,1786799149.627093,2452.5973039972873,400.0
964,1786799149,678257063,1786799149.678257,2482.5917272028382,400.0
965,1786799149,729305832,1786799149.729306,2478.283815906299,400.0
966,1786799149,777318023,1786799149.777318,2510.3137101009834,400.0
967,1786799149,828860283,1786799149.828860,2517.231747975502,400.0
968,1786799149,878144650,1786799149.878145,2533.4785363819205,400.0
969,1786799149,928278747,1786799149.928279,2517.3497187486455,400.0
970,1786799149,979931979,1786799149.979932,2550.6280163761094,400.0
971,1786799150,27602023,1786799150.027602,2551.6001080561823,400.0
972,1786799150,78660355,1786799150.078660,2551.488504700682,400.0
973,1786799150,129905881,1786799150.129906,2575.5504015891056,400.0
974,1786799150,177451131,1786799150.177451,2580.2936554010976,400.0
975,1786799150,229055659,1786799150.229056,2566.1594323905038,400.0
976,1786799150,277236001,1786799150.277236,2593.6890423179098,400.0
977,1786799150,328961130,1786799150.328961,2583.7645601474533,400.0
978,1786799150,379961578,1786799150.379961,2587.776727472901,400.0
979,1786799150,427662305,1786799150.427662,2636.7779170876197,400.0
980,1786799150,478898838,1786799150.478899,2631.0896136953247,400.0
981,1786799150,530053236,1786799150.530053,2595.93798922138,400.0
982,1786799150,577995948,1786799150.577996,2675.6901348817823,400.0
983,1786799150,629717175,1786799150.629717,2629.2899557827745,400.0
984,1786799150,677564031,1786799150.677564,2670.182054940769,400.0
985,1786799150,728883495,1786799150.728884,2640.4978962656937,400.0
986,1786799150,778109643,1786799150.778110,2649.2920240411377,400.0
987,1786799150,828703954,1786799150.828704,2656.3471611389677,400.0
988,1786799150,880373134,1786799150.880373,2674.1389140316487,400.0
989,1786799150,928185815,1786799150.928186,2712.03852272339,400.0
990,1786799150,979518486,1786799150.979518,2759.058564363337,400.0
991,1786799151,27345375,1786799151.027345,2737.1999716285695,400.0
992,1786799151,78991344,1786799151.078991,2722.0055427006314,400.0
993,1786799151,127200977,1786799151.127201,2733.6891878417046,400.0
994,1786799151,178573785,1786799151.178574,2751.7114735329037,400.0
995,1786799151,230055314,1786799151.230055,2759.5697420547153,400.0
996,1786799151,278379773,1786799151.278380,2782.9214910685723,400.0
997,1786799151,329638449,1786799151.329638,2781.609940347516,400.0
998,1786799151,377750444,1786799151.377750,2789.967321876589,400.0
999,1786799151,429218436,1786799151.429219,2743.772141366554,400.0
1000,1786799151,476989343,1786799151.476989,2792.3748686810077,400.0
1001,1786799151,528630299,1786799151.528630,2805.0952576054656,400.0
1002,1786799151,579720504,1786799151.579720,2801.955981263586,400.0
1003,1786799151,627895107,1786799151.627895,2811.9624335510116,400.0
1004,1786799151,679378055,1786799151.679378,2818.1015215267616,400.0
1005,1786799151,778862367,1786799151.778862,2885.649733686579,400.0
1006,1786799151,826842328,1786799151.826842,2902.9873067478197,400.0
1007,1786799151,877942454,1786799151.877943,2860.623657356465,400.0
1008,1786799151,929236706,1786799151.929237,2903.579893609176,400.0
1009,1786799151,977037379,1786799151.977037,2852.6620191426114,400.0
1010,1786799152,28501963,1786799152.028502,2885.9955291212977,400.0
1011,1786799152,79761915,1786799152.079762,2878.428576504271,400.0
1012,1786799152,127324985,1786799152.127325,2916.09842306605,400.0
1013,1786799152,178345992,1786799152.178346,2907.3628849551546,400.0
1014,1786799152,229454674,1786799152.229455,2883.9036039787347,400.0
1015,1786799152,277740585,1786799152.277740,2950.3922349959885,400.0
1016,1786799152,329225637,1786799152.329226,2913.1925326224855,400.0
1017,1786799152,377322325,1786799152.377322,2963.07926787527,400.0
1018,1786799152,428850684,1786799152.428851,2963.070072280951,400.0
1019,1786799152,479993879,1786799152.479994,2997.9692007066187,400.0
1020,1786799152,528070398,1786799152.528070,2960.152005330964,400.0
1021,1786799152,579200146,1786799152.579200,2990.4612093982087,400.0
1022,1786799152,626895923,1786799152.626896,3034.9892421646814,400.0
1023,1786799152,678741860,1786799152.678742,3027.999879038447,400.0
1024,1786799152,726882240,1786799152.726882,3024.839965656299,400.0
1025,1786799152,778518687,1786799152.778519,3021.259324025159,400.0
1026,1786799152,829519296,1786799152.829519,3028.423254781014,400.0
1027,1786799152,877139972,1786799152.877140,3036.8642861290964,400.0
1028,1786799152,927120374,1786799152.927120,3055.461501577086,400.0
1029,1786799152,978271553,1786799152.978271,3093.2653684811708,400.0
1030,1786799153,29349989,1786799153.029350,3086.5410668722056,400.0
1031,1786799153,77114470,1786799153.077115,3058.2836036643944,400.0
1032,1786799153,128366384,1786799153.128366,3096.969259980302,400.0
1033,1786799153,179634263,1786799153.179634,3085.6265855468982,400.0
1034,1786799153,227211045,1786799153.227211,3120.574899955188,400.0
1035,1786799153,278687405,1786799153.278687,3092.656052453514,400.0
1036,1786799153,326648774,1786799153.326649,3158.337643795347,400.0
1037,1786799153,378159331,1786799153.378159,3167.3572890919145,400.0
1038,1786799153,429272708,1786799153.429273,3169.2475907107973,400.0
1039,1786799153,477350379,1786799153.477350,3167.419244462277,400.0
1040,1786799153,529068070,1786799153.529068,3179.096197655247,400.0
1041,1786799153,577504718,1786799153.577505,3165.3283856870366,400.0
1042,1786799153,628368558,1786799153.628369,3154.825882495769,400.0
1043,1786799153,679819090,1786799153.679819,3190.715911737045,400.0
1044,1786799153,727969813,1786799153.727970,3219.804951651671,400.0
1045,1786799153,778976105,1786799153.778976,3211.7499581110983,400.0
1046,1786799153,826634912,1786799153.826635,3243.7085702500453,400.0
1047,1786799153,877886037,1786799153.877886,3208.3772044315056,400.0
1048,1786799153,929267155,1786799153.929267,3202.7521192647996,400.0
1049,1786799153,976989451,1786799153.976990,3236.7963415233644,400.0
1050,1786799154,28524588,1786799154.028525,3246.965030115335,400.0
1051,1786799154,79607258,1786799154.079607,3288.6360945851256,400.0
1052,1786799154,127236868,1786799154.127237,3268.047672054933,400.0
1053,1786799154,178630808,1786799154.178631,3284.6091590617125,400.0
1054,1786799154,226747857,1786799154.226748,3297.7303514611312,400.0
1055,1786799154,278480798,1786799154.278481,3263.7506717250994,400.0
1056,1786799154,329855483,1786799154.329855,3297.029753267561,400.0
1057,1786799154,378004727,1786799154.378005,3328.8873347989274,400.0
1058,1786799154,429052871,1786799154.429053,3337.841867345525,400.0
1059,1786799154,476803802,1786799154.476804,3350.3283417773723,400.0
1060,1786799154,528200940,1786799154.528201,3355.444284614177,400.0
1061,1786799154,579569102,1786799154.579569,3344.391351175909,400.0
1062,1786799154,627586873,1786799154.627587,3418.3359444921894,400.0
1063,1786799154,679230632,1786799154.679231,3376.090476295887,400.0
1064,1786799154,727420606,1786799154.727421,3400.38493561533,400.0
1065,1786799154,778793995,1786799154.778794,3421.65118838628,400.0
1066,1786799154,829707347,1786799154.829707,3381.0276115756933,400.0
1067,1786799154,877803966,1786799154.877804,3392.2351893614837,400.0
1068,1786799154,928993475,1786799154.928993,3429.6534806195436,400.0
1069,1786799154,976827010,1786799154.976827,3391.857278828495,400.0
1070,1786799155,28494714,1786799155.028495,3426.1883976411737,400.0
1071,1786799155,76668455,1786799155.076669,3429.3003681311434,400.0
1072,1786799155,128155573,1786799155.128155,3420.28472789863,400.0
1073,1786799155,179516571,1786799155.179517,3494.8263905380086,400.0
1074,1786799155,227358306,1786799155.227358,3464.354506714602,400.0
1075,1786799155,279144626,1786799155.279145,3470.518276010231,400.0
1076,1786799155,327457587,1786799155.327458,3495.0458133048805,400.0
1077,1786799155,379081626,1786799155.379082,3513.0929419551694,400.0
1078,1786799155,427326850,1786799155.427327,3511.142885397974,400.0
1079,1786799155,478615100,1786799155.478615,3489.270558868992,400.0
1080,1786799155,526685106,1786799155.526685,3503.053984560946,400.0
1081,1786799155,578333162,1786799155.578333,3526.5047962108547,400.0
1082,1786799155,626570322,1786799155.626570,3560.0790111095716,400.0
1083,1786799155,678905573,1786799155.678905,3516.836406379655,400.0
1084,1786799155,726888365,1786799155.726888,3539.230601422376,400.0
1085,1786799155,778313736,1786799155.778314,3562.9669951047244,400.0
1086,1786799155,829533765,1786799155.829534,3595.987740691887,400.0
1087,1786799155,877270904,1786799155.877271,3581.749748676449,400.0
1088,1786799155,928909451,1786799155.928910,3616.5281512157767,400.0
1089,1786799155,976775300,1786799155.976775,3590.4956624058113,400.0
1090,1786799156,28243251,1786799156.028243,3612.5532079835853,400.0
1091,1786799156,79612072,1786799156.079612,3632.750735895852,400.0
1092,1786799156,127579443,1786799156.127579,3612.7479593781227,400.0
1093,1786799156,178719819,1786799156.178720,3651.400534184611,400.0
1094,1786799156,226879786,1786799156.226880,3655.60179488082,400.0
1095,1786799156,278719621,1786799156.278720,3659.680446483994,400.0
1096,1786799156,327005436,1786799156.327005,3661.1625904483776,400.0
1097,1786799156,378210305,1786799156.378210,3644.94744345441,400.0
1098,1786799156,429640821,1786799156.429641,3655.115007604153,400.0
1099,1786799156,480838994,1786799156.480839,3694.1807519516547,400.0
1100,1786799156,532219715,1786799156.532220,3686.8387021065755,400.0
1101,1786799156,580148691,1786799156.580149,3717.803949942887,400.0
1102,1786799156,631924812,1786799156.631925,3714.787651237208,400.0
1103,1786799156,680062760,1786799156.680063,3730.018438791471,400.0
1104,1786799156,731411128,1786799156.731411,3729.649366585024,400.0
1105,1786799156,779777813,1786799156.779778,3767.4686149344866,400.0
1106,1786799156,831339796,1786799156.831340,3729.225212662139,400.0
1107,1786799156,882771478,1786799156.882771,3776.4142550969927,400.0
1108,1786799156,931209851,1786799156.931210,3748.6334615693127,400.0
1109,1786799156,982684211,1786799156.982684,3800.38507610998,400.0
1110,1786799157,30889830,1786799157.030890,3774.749654248987,400.0
1111,1786799157,82633501,1786799157.082633,3784.2170803432005,400.0
1112,1786799157,130907462,1786799157.130908,3821.9192813636596,400.0
1113,1786799157,182681500,1786799157.182682,3814.3607251463436,400.0
1114,1786799157,230808090,1786799157.230808,3809.039096993412,400.0
1115,1786799157,280660308,1786799157.280660,3837.4660095042386,400.0
1116,1786799157,331915225,1786799157.331915,3830.0370112069045,400.0
1117,1786799157,382754454,1786799157.382755,3891.290776893181,400.0
1118,1786799157,431034032,1786799157.431034,3858.9200871828048,400.0
1119,1786799157,482632911,1786799157.482633,3872.4962136545905,400.0
1120,1786799157,530695886,1786799157.530696,3882.421320665077,400.0
1121,1786799157,581631607,1786799157.581632,3906.037758212606,400.0
1122,1786799157,629648727,1786799157.629649,3906.1204228159313,400.0
1123,1786799157,681239667,1786799157.681240,3893.1903898301757,400.0
1124,1786799157,732758689,1786799157.732759,3892.774147133956,400.0
1125,1786799157,781044895,1786799157.781045,3885.8513965591987,400.0
1126,1786799157,832878405,1786799157.832878,3954.118138793885,400.0
1127,1786799157,880855612,1786799157.880856,3934.035474422813,400.0
1128,1786799157,932096597,1786799157.932096,3961.397808521404,400.0
1129,1786799157,980010786,1786799157.980011,3966.807665680442,400.0
1130,1786799158,31762271,1786799158.031762,3976.650848928266,400.0
1131,1786799158,82783612,1786799158.082784,4003.9376775567216,400.0
1132,1786799158,130789608,1786799158.130790,3981.871740469849,400.0
1133,1786799158,181982466,1786799158.181983,3996.4822226246833,400.0
1134,1786799158,229956464,1786799158.229956,4044.5410770112844,400.0
1135,1786799158,281293795,1786799158.281294,4010.0394045087123,400.0
1136,1786799158,332791373,1786799158.332791,4054.572776237695,400.0
1137,1786799158,380865194,1786799158.380865,4009.496857434688,400.0
1138,1786799158,432669758,1786799158.432670,4047.286441420846,400.0
1139,1786799158,480879399,1786799158.480879,4073.465857338711,400.0
1140,1786799158,532039495,1786799158.532039,4080.4598038024424,400.0
1141,1786799158,580165974,1786799158.580166,4061.780053743127,400.0
1142,1786799158,631374570,1786799158.631375,4086.359764520974,400.0
1143,1786799158,679608383,1786799158.679608,4094.976430631424,400.0
1144,1786799158,731259306,1786799158.731259,4091.398443691359,400.0
1145,1786799158,782791305,1786799158.782791,4109.533270329948,400.0
1146,1786799158,830995722,1786799158.830996,4130.727926546079,400.0
1147,1786799158,882494257,1786799158.882494,4144.962274689789,400.0
1148,1786799158,930407814,1786799158.930408,4161.823787520507,400.0
1149,1786799158,981602767,1786799158.981603,4175.752211044614,400.0
1150,1786799159,29610871,1786799159.029611,4151.084775851166,400.0
1151,1786799159,80637630,1786799159.080638,4147.675936666657,400.0
1152,1786799159,131750009,1786799159.131750,4158.8633047833455,400.0
1153,1786799159,179693066,1786799159.179693,4230.704079499701,400.0
1154,1786799159,231294298,1786799159.231294,4175.4033582556995,400.0
1155,1786799159,282788903,1786799159.282789,4188.331618042199,400.0
1156,1786799159,330467365,1786799159.330467,4196.373635770009,400.0
1157,1786799159,382136685,1786799159.382137,4227.3032893648015,400.0
1158,1786799159,429907834,1786799159.429908,4239.544349563896,400.0
1159,1786799159,481416628,1786799159.481417,4225.504321824444,400.0
1160,1786799159,532568017,1786799159.532568,4243.728578996911,400.0
1161,1786799159,580401726,1786799159.580402,4240.644376677195,400.0
1162,1786799159,632173619,1786799159.632174,4254.185998191894,400.0
1163,1786799159,680149330,1786799159.680149,4262.130102794798,400.0
1164,1786799159,731734841,1786799159.731735,4295.933944162209,400.0
1165,1786799159,779915308,1786799159.779915,4240.319693090177,400.0
1166,1786799159,831418776,1786799159.831419,4310.166591910682,400.0
1167,1786799159,879858546,1786799159.879858,4289.41288932554,400.0
1168,1786799159,931171432,1786799159.931171,4307.199602309368,400.0
1169,1786799159,982686508,1786799159.982687,4298.707819449006,400.0
1170,1786799160,30335558,1786799160.030336,4315.554082549016,400.0
1171,1786799160,81968877,1786799160.081969,4333.22609201563,400.0
1172,1786799160,130206744,1786799160.130207,4374.515403993698,400.0
1173,1786799160,181339064,1786799160.181339,4335.212726929667,400.0
1174,1786799160,229414081,1786799160.229414,4346.224168896094,400.0
1175,1786799160,280784852,1786799160.280785,4389.0676430946905,400.0
1176,1786799160,332118076,1786799160.332118,4416.782993012274,400.0
1177,1786799160,380525752,1786799160.380526,4421.158390475882,400.0
1178,1786799160,432108676,1786799160.432109,4389.975691699375,400.0
1179,1786799160,480206340,1786799160.480206,4410.157475075204,400.0
1180,1786799160,531855900,1786799160.531856,4417.414178022999,400.0
1181,1786799160,580006727,1786799160.580007,4448.583642110674,400.0
1182,1786799160,631066903,1786799160.631067,4450.2666007848875,400.0
1183,1786799160,682621143,1786799160.682621,4425.158732221972,400.0
1184,1786799160,730962062,1786799160.730962,4428.2397274887735,400.0
1185,1786799160,782455685,1786799160.782456,4443.86881749272,400.0
1186,1786799160,830530590,1786799160.830531,4464.40686867946,400.0
1187,1786799160,881955875,1786799160.881956,4456.192201528085,400.0
1188,1786799160,930218573,1786799160.930218,4481.011578358374,400.0
1189,1786799160,981568948,1786799160.981569,4507.492150538002,400.0
1190,1786799161,29480042,1786799161.029480,4494.247967267033,400.0
1191,1786799161,80857111,1786799161.080857,4522.03016360283,400.0
1192,1786799161,132238594,1786799161.132239,4505.484763147235,400.0
1193,1786799161,179893953,1786799161.179894,4531.866435841383,400.0
1194,1786799161,231249954,1786799161.231250,4526.849957278617,400.0
1195,1786799161,279278783,1786799161.279279,4551.210744383672,400.0
1196,1786799161,330837977,1786799161.330838,4566.533590545953,400.0
1197,1786799161,382439742,1786799161.382440,4584.23016987125,400.0
1198,1786799161,430402834,1786799161.430403,4543.034473516257,400.0
1199,1786799161,481963547,1786799161.481964,4553.528312868192,400.0
1200,1786799161,529927292,1786799161.529927,4594.367075781655,400.0
1201,1786799161,580872177,1786799161.580872,4613.657087105489,400.0
1202,1786799161,632426660,1786799161.632427,4628.218591507539,400.0
1203,1786799161,680416452,1786799161.680416,4650.83034472307,400.0
1204,1786799161,731322521,1786799161.731323,4654.8645216841605,400.0
1205,1786799161,779254158,1786799161.779254,4604.0245883281395,400.0
1206,1786799161,830689404,1786799161.830689,4606.950729467558,400.0
1207,1786799161,882105703,1786799161.882106,4670.456135206797,400.0
1208,1786799161,930449690,1786799161.930450,4653.980898889188,400.0
1209,1786799161,981877537,1786799161.981878,4665.064994381039,400.0
1210,1786799162,30075847,1786799162.030076,4715.807820546305,400.0
1211,1786799162,81754945,1786799162.081755,4703.8895695506435,400.0
1212,1786799162,129270358,1786799162.129270,4721.381105095473,400.0
1213,1786799162,180789941,1786799162.180790,4715.861945595514,400.0
1214,1786799162,232358419,1786799162.232358,4716.260903930199,400.0
1215,1786799162,280490941,1786799162.280491,4775.083550898228,400.0
1216,1786799162,332169353,1786799162.332169,4730.310430197327,400.0
1217,1786799162,380106345,1786799162.380106,4719.119079869055,400.0
1218,1786799162,431409654,1786799162.431410,4755.646986536639,400.0
1219,1786799162,479661762,1786799162.479662,4769.453089160366,400.0
1220,1786799162,531059170,1786799162.531059,4760.9476415532745,400.0
1221,1786799162,579244388,1786799162.579244,4774.249616265518,400.0
1222,1786799162,631047709,1786799162.631048,4789.716176572019,400.0
1223,1786799162,679265213,1786799162.679265,4803.553114019042,400.0
1224,1786799162,730796514,1786799162.730797,4827.75694378005,400.0
1225,1786799162,782117509,1786799162.782118,4828.704350126726,400.0
1226,1786799162,829983121,1786799162.829983,4780.957701212316,400.0
1227,1786799162,881817651,1786799162.881818,4855.463351422302,400.0
1228,1786799162,929797568,1786799162.929798,4828.378306571773,400.0
1229,1786799162,980999730,1786799162.981000,4831.767157120576,400.0
1230,1786799163,32243581,1786799163.032243,4837.994222553535,400.0
1231,1786799163,80036419,1786799163.080036,4870.568178432806,400.0
1232,1786799163,131538919,1786799163.131539,4864.522694251748,400.0
1233,1786799163,179260046,1786799163.179260,4888.540474462009,400.0
1234,1786799163,230366425,1786799163.230366,4880.267230996923,400.0
1235,1786799163,281838308,1786799163.281838,4897.231860981366,400.0
1236,1786799163,329457005,1786799163.329457,4879.0160526335385,400.0
1237,1786799163,380772283,1786799163.380772,4890.007687490639,400.0
1238,1786799163,432136099,1786799163.432136,4872.527040500054,400.0
1239,1786799163,480023615,1786799163.480024,4859.767200602382,400.0
1240,1786799163,531114505,1786799163.531115,4945.935069087949,400.0
1241,1786799163,582166871,1786799163.582167,4923.338960847058,400.0
1242,1786799163,630137345,1786799163.630137,4995.490193478148,400.0
1243,1786799163,681776076,1786799163.681776,4944.039972801538,400.0
1244,1786799163,729463804,1786799163.729464,4964.139830466463,400.0
1245,1786799163,780585171,1786799163.780585,4951.124715960415,400.0
1246,1786799163,832355606,1786799163.832355,4947.256886712458,400.0
1247,1786799163,880543051,1786799163.880543,5015.189990540445,400.0
1248,1786799163,931787026,1786799163.931787,4968.688619263423,400.0
1249,1786799163,979578465,1786799163.979578,4991.445742290549,400.0
1250,1786799164,30503098,1786799164.030503,5031.454251170775,400.0
1251,1786799164,81841177,1786799164.081841,5028.895528481553,400.0
1252,1786799164,129757357,1786799164.129757,5009.173591475448,400.0
1253,1786799164,181288192,1786799164.181288,4994.318654023189,400.0
1254,1786799164,229075062,1786799164.229075,5034.7452934051935,400.0
1255,1786799164,280222001,1786799164.280222,5021.423063823379,400.0
1256,1786799164,331403096,1786799164.331403,5045.535797200924,400.0
1257,1786799164,379570744,1786799164.379571,5054.002407286556,400.0
1258,1786799164,430654951,1786799164.430655,5051.609163107223,400.0
1259,1786799164,481780047,1786799164.481780,5059.96610548154,400.0
1260,1786799164,529624650,1786799164.529625,5057.170100518685,400.0
1261,1786799164,580942007,1786799164.580942,5104.322219441932,400.0
1262,1786799164,631955983,1786799164.631956,5065.233406801162,400.0
1263,1786799164,680174021,1786799164.680174,5097.870906391122,400.0
1264,1786799164,731640381,1786799164.731640,5122.544813835624,400.0
1265,1786799164,779644358,1786799164.779644,5122.892163466798,400.0
1266,1786799164,830846498,1786799164.830847,5149.140938242259,400.0
1267,1786799164,879095844,1786799164.879096,5131.37733436071,400.0
1268,1786799164,930608922,1786799164.930609,5115.075114454175,400.0
1269,1786799164,982234431,1786799164.982234,5122.995037925931,400.0
1270,1786799165,30163387,1786799165.030163,5122.366913177424,400.0
1271,1786799165,83953260,1786799165.083953,5148.774426879522,400.0
1272,1786799165,131880542,1786799165.131881,5157.983533737977,400.0
1273,1786799165,179470741,1786799165.179471,5116.855320091769,400.0
1274,1786799165,230814373,1786799165.230814,5218.55196200142,400.0
1275,1786799165,282211508,1786799165.282212,5183.999528250188,400.0
1276,1786799165,330118957,1786799165.330119,5185.912999507673,400.0
1277,1786799165,381344371,1786799165.381344,5176.177530113368,400.0
1278,1786799165,429524621,1786799165.429525,5229.969814726572,400.0
1279,1786799165,480937591,1786799165.480937,5237.968869805799,400.0
1280,1786799165,528947139,1786799165.528947,5242.497315405592,400.0
1281,1786799165,580258749,1786799165.580259,5191.185972889778,400.0
1282,1786799165,631761383,1786799165.631761,5235.183246051006,400.0
1283,1786799165,679697390,1786799165.679697,5249.900345368097,400.0
1284,1786799165,731202832,1786799165.731203,5226.559650476338,400.0
1285,1786799165,779589031,1786799165.779589,5223.001516437653,400.0
1286,1786799165,831069811,1786799165.831070,5249.522803669966,400.0
1287,1786799165,879119610,1786799165.879120,5282.76681340634,400.0
1288,1786799165,930915407,1786799165.930915,5261.408903705392,400.0
1289,1786799165,978971327,1786799165.978971,5253.175885710894,400.0
1290,1786799166,30168555,1786799166.030169,5246.482964629523,400.0
1291,1786799166,81394845,1786799166.081395,5272.805604154435,400.0
1292,1786799166,129299326,1786799166.129299,5291.008548682983,400.0
1293,1786799166,180969831,1786799166.180970,5276.29177704156,400.0
1294,1786799166,228757617,1786799166.228758,5317.671822595173,400.0
1295,1786799166,280538147,1786799166.280538,5311.172625525212,400.0
1296,1786799166,328774548,1786799166.328774,5290.57995876257,400.0
1297,1786799166,380433348,1786799166.380433,5299.9118580847235,400.0
1298,1786799166,428809202,1786799166.428809,5350.001184293365,400.0
1299,1786799166,480043643,1786799166.480044,5352.44372229356,400.0
1300,1786799166,531506459,1786799166.531507,5336.020595122995,400.0
1301,1786799166,579216251,1786799166.579216,5316.25515709451,400.0
1302,1786799166,630241789,1786799166.630242,5369.146060619653,400.0
1303,1786799166,681756350,1786799166.681756,5371.111004505675,400.0
1304,1786799166,730063372,1786799166.730063,5381.8089235784055,400.0
1305,1786799166,782072219,1786799166.782072,5380.650201508041,400.0
1306,1786799166,829964727,1786799166.829965,5362.651918280867,400.0
1307,1786799166,880980671,1786799166.880981,5416.288910014442,400.0
1308,1786799166,928929724,1786799166.928930,5409.066979247455,400.0
1309,1786799166,980539388,1786799166.980539,5427.975172740963,400.0
1310,1786799167,31856743,1786799167.031857,5460.519678306306,400.0
1311,1786799167,80072574,1786799167.080073,5433.5244901773085,400.0
1312,1786799167,131402533,1786799167.131402,5440.83104973934,400.0
1313,1786799167,179501359,1786799167.179501,5435.654689084612,400.0
1314,1786799167,231196726,1786799167.231197,5449.903454657768,400.0
1315,1786799167,279557231,1786799167.279557,5448.663645492325,400.0
1316,1786799167,330845234,1786799167.330845,5454.3509256218695,400.0
1317,1786799167,378932593,1786799167.378932,5475.913187913171,400.0
1318,1786799167,430717195,1786799167.430717,5503.30141444201,400.0
1319,1786799167,478615424,1786799167.478616,5479.723599740439,400.0
1320,1786799167,530096321,1786799167.530096,5499.482380777049,400.0
1321,1786799167,581698305,1786799167.581698,5536.299812071439,400.0
1322,1786799167,629840647,1786799167.629841,5541.823484082737,400.0
1323,1786799167,681180424,1786799167.681180,5528.721629233029,400.0
1324,1786799167,729503809,1786799167.729504,5549.80665595977,400.0
1325,1786799167,780970789,1786799167.780971,5519.946459684399,400.0
1326,1786799167,829086796,1786799167.829087,5542.511171935443,400.0
1327,1786799167,880624290,1786799167.880624,5520.308134558065,400.0
1328,1786799167,931764885,1786799167.931765,5561.622692165475,400.0
1329,1786799167,979613961,1786799167.979614,5554.545463281632,400.0
1330,1786799168,30543531,1786799168.030544,5551.483916724518,400.0
1331,1786799168,78564223,1786799168.078564,5604.4840282638925,400.0
1332,1786799168,129680151,1786799168.129680,5557.696523350837,400.0
1333,1786799168,181103699,1786799168.181104,5602.0159678388345,400.0
1334,1786799168,229021610,1786799168.229022,5601.184278880934,400.0
1335,1786799168,280095941,1786799168.280096,5600.31076039468,400.0
1336,1786799168,331649405,1786799168.331649,5663.345858132081,400.0
1337,1786799168,379746770,1786799168.379747,5616.612344312942,400.0
1338,1786799168,431117974,1786799168.431118,5661.78897566636,400.0
1339,1786799168,479360835,1786799168.479361,5645.508496891747,400.0
1340,1786799168,530546425,1786799168.530546,5645.428789829909,400.0
1341,1786799168,578685668,1786799168.578686,5638.646208897711,400.0
1342,1786799168,629875705,1786799168.629876,5647.090842782573,400.0
1343,1786799168,681328432,1786799168.681329,5638.622761831951,400.0
1344,1786799168,729707239,1786799168.729707,5653.655292996375,400.0
1345,1786799168,781142664,1786799168.781143,5639.075079451274,400.0
1346,1786799168,828817127,1786799168.828817,5648.369483468375,400.0
1347,1786799168,880247506,1786799168.880248,5681.059817981815,400.0
1348,1786799168,931780262,1786799168.931780,5725.346780239081,400.0
1349,1786799168,979663265,1786799168.979663,5736.078271714545,400.0
1350,1786799169,30794396,1786799169.030794,5668.94413256323,400.0
1351,1786799169,78506797,1786799169.078507,5690.94659936197,400.0
1352,1786799169,129674912,1786799169.129675,5735.469836560108,400.0
1353,1786799169,180727231,1786799169.180727,5777.271209809877,400.0
1354,1786799169,228621258,1786799169.228621,5745.717385046716,400.0
1355,1786799169,280294693,1786799169.280295,5718.2041564066585,400.0
1356,1786799169,331232740,1786799169.331233,5775.446061324379,400.0
1357,1786799169,378846556,1786799169.378847,5750.649548831974,400.0
1358,1786799169,429951713,1786799169.429952,5758.729044235106,400.0
1359,1786799169,481309807,1786799169.481310,5756.959528856821,400.0
1360,1786799169,528706169,1786799169.528706,5753.097587104421,400.0
1361,1786799169,580070152,1786799169.580070,5793.072820832884,400.0
1362,1786799169,631435414,1786799169.631435,5800.797759169901,400.0
1363,1786799169,679153549,1786799169.679153,5791.623378377341,400.0
1364,1786799169,730379253,1786799169.730379,5788.553931054822,400.0
1365,1786799169,778415189,1786799169.778415,5809.583392386869,400.0
1366,1786799169,830072537,1786799169.830073,5821.202365084683,400.0
1367,1786799169,878498262,1786799169.878498,5826.838873697302,400.0
1368,1786799169,930058193,1786799169.930058,5790.2595205852385,400.0
1369,1786799169,981836178,1786799169.981836,5842.335810958559,400.0
1370,1786799170,29769474,1786799170.029769,5852.3268141434155,400.0
1371,1786799170,81199964,1786799170.081200,5817.226442904362,400.0
1372,1786799170,129018696,1786799170.129019,5868.547898563384,400.0
1373,1786799170,180310884,1786799170.180311,5860.021947719977,400.0
1374,1786799170,228424362,1786799170.228424,5900.023032313201,400.0
1375,1786799170,279816553,1786799170.279817,5899.830782449311,400.0
1376,1786799170,331250292,1786799170.331250,5890.47975780133,400.0
1377,1786799170,378881989,1786799170.378882,5871.195591243357,400.0
1378,1786799170,429850102,1786799170.429850,5909.674588430189,400.0
1379,1786799170,481197947,1786799170.481198,5876.929520724969,400.0
1380,1786799170,529115453,1786799170.529115,5920.586034632733,400.0
1381,1786799170,580324640,1786799170.580325,5913.804665695779,400.0
1382,1786799170,631634010,1786799170.631634,5912.686107311413,400.0
1383,1786799170,679578790,1786799170.679579,5938.678970698603,400.0
1384,1786799170,730994236,1786799170.730994,5912.786424966154,400.0
1385,1786799170,779234298,1786799170.779234,5946.40952806509,400.0
1386,1786799170,830851940,1786799170.830852,5934.894993790297,400.0
1387,1786799170,879282737,1786799170.879283,5938.715155668048,400.0
1388,1786799170,931186518,1786799170.931186,5953.347082064184,400.0
1389,1786799170,979362944,1786799170.979363,5999.520593037757,400.0
1390,1786799171,30305900,1786799171.030306,5986.30186268251,400.0
1391,1786799171,78297381,1786799171.078297,5962.089586493257,400.0
1392,1786799171,129731397,1786799171.129731,6022.330722991254,400.0
1393,1786799171,180901478,1786799171.180902,6017.545052525568,400.0
1394,1786799171,229047008,1786799171.229047,6039.958652000259,400.0
1395,1786799171,281062309,1786799171.281062,6013.426290036822,400.0
1396,1786799171,328761964,1786799171.328762,6046.139121026095,400.0
1397,1786799171,380305164,1786799171.380305,5999.112345683042,400.0
1398,1786799171,428208894,1786799171.428209,6008.055804809439,400.0
1399,1786799171,479347447,1786799171.479347,6041.621289839392,400.0
1400,1786799171,530598045,1786799171.530598,5991.221201364427,400.0
1401,1786799171,578792457,1786799171.578793,6032.167749683832,400.0
1402,1786799171,629776693,1786799171.629777,6058.72218792663,400.0
1403,1786799171,681361949,1786799171.681362,6042.139654066661,400.0
1404,1786799171,729217549,1786799171.729218,6068.238235882231,400.0
1405,1786799171,780966907,1786799171.780967,6069.304236928475,400.0
1406,1786799171,829260527,1786799171.829261,6074.946736827087,400.0
1407,1786799171,880872748,1786799171.880873,6085.061775810874,400.0
1408,1786799171,929140736,1786799171.929141,6099.039878613513,400.0
1409,1786799171,980926022,1786799171.980926,6093.404707828371,400.0
1410,1786799172,28936497,1786799172.028936,6086.601892505684,400.0
1411,1786799172,80321208,1786799172.080321,6138.968341363459,400.0
1412,1786799172,131282893,1786799172.131283,6101.383448817845,400.0
1413,1786799172,179463354,1786799172.179463,6138.398542833166,400.0
1414,1786799172,230417048,1786799172.230417,6130.5260890474665,400.0
1415,1786799172,278872551,1786799172.278872,6194.985038396068,400.0
1416,1786799172,330045259,1786799172.330045,6150.289099081106,400.0
1417,1786799172,381911984,1786799172.381912,6177.099571134687,400.0
1418,1786799172,429571891,1786799172.429572,6163.3447109665885,400.0
1419,1786799172,481231959,1786799172.481232,6155.367884044739,400.0
1420,1786799172,529090311,1786799172.529090,6172.632490832243,400.0
1421,1786799172,580168849,1786799172.580169,6179.780302571625,400.0
1422,1786799172,631302839,1786799172.631303,6211.368052751894,400.0
1423,1786799172,679235661,1786799172.679236,6227.052942986772,400.0
1424,1786799172,730277906,1786799172.730278,6185.580685709618,400.0
1425,1786799172,778222281,1786799172.778222,6214.951296436015,400.0
1426,1786799172,829346272,1786799172.829346,6180.840030356457,400.0
1427,1786799172,880668982,1786799172.880669,6195.278367360551,400.0
1428,1786799172,928375526,1786799172.928375,6242.118564324581,400.0
1429,1786799172,979630523,1786799172.979630,6237.0595878854165,400.0
1430,1786799173,31065442,1786799173.031065,6234.8810439335075,400.0
1431,1786799173,79427155,1786799173.079427,6225.658215239734,400.0
1432,1786799173,130726140,1786799173.130726,6263.269097187979,400.0
1433,1786799173,178479249,1786799173.178479,6261.708076278413,400.0
1434,1786799173,229888075,1786799173.229888,6283.896098961909,400.0
1435,1786799173,281074161,1786799173.281074,6297.952942380068,400.0
1436,1786799173,328752338,1786799173.328752,6281.927820121674,400.0
1437,1786799173,380296605,1786799173.380297,6287.743142028133,400.0
1438,1786799173,428256561,1786799173.428257,6242.020077090828,400.0
1439,1786799173,479701222,1786799173.479701,6274.681724480909,400.0
1440,1786799173,531014708,1786799173.531015,6253.845820019604,400.0
1441,1786799173,579124059,1786799173.579124,6299.382024989547,400.0
1442,1786799173,630433402,1786799173.630433,6328.682278485046,400.0
1443,1786799173,678502275,1786799173.678502,6278.518445272488,400.0
1444,1786799173,730000154,1786799173.730000,6308.876180570612,400.0
1445,1786799173,778620081,1786799173.778620,6275.659324804846,400.0
1446,1786799173,830085312,1786799173.830085,6313.898259619732,400.0
1447,1786799173,877982759,1786799173.877983,6302.806051555295,400.0
1448,1786799173,929243537,1786799173.929244,6329.111589006115,400.0
1449,1786799173,980402972,1786799173.980403,6322.554314721665,400.0
1450,1786799174,28168596,1786799174.028169,6291.040794034925,400.0
1451,1786799174,79077055,1786799174.079077,6339.14453872346,400.0
1452,1786799174,130075723,1786799174.130076,6300.29542231369,400.0
1453,1786799174,181316775,1786799174.181317,6339.78461881411,400.0
1454,1786799174,228858462,1786799174.228858,6319.274474091723,400.0
1455,1786799174,280411605,1786799174.280412,6335.597116637807,400.0
1456,1786799174,327976152,1786799174.327976,6289.999356302487,400.0
1457,1786799174,379410036,1786799174.379410,6342.51244497339,400.0
1458,1786799174,430947783,1786799174.430948,6344.121480136459,400.0
1459,1786799174,478520800,1786799174.478521,6321.498271182314,400.0
1460,1786799174,529499304,1786799174.529499,6346.031174723781,400.0
1461,1786799174,580655487,1786799174.580656,6328.330061733388,400.0
1462,1786799174,628326409,1786799174.628326,6331.062629287316,400.0
1463,1786799174,679810852,1786799174.679811,6279.898003915746,400.0
1464,1786799174,730899503,1786799174.730900,6330.558155643114,400.0
1465,1786799174,778541084,1786799174.778541,6324.554564777478,400.0
1466,1786799174,830282631,1786799174.830283,6353.279785530341,400.0
1467,1786799174,878567819,1786799174.878568,6325.370184615363,400.0
1468,1786799174,930227237,1786799174.930227,6337.984035775608,400.0
1469,1786799174,978246118,1786799174.978246,6326.972525317033,400.0
1470,1786799175,29699245,1786799175.029699,6334.529673415987,400.0
1471,1786799175,77942662,1786799175.077943,6296.570891868313,400.0
1472,1786799175,129222132,1786799175.129222,6340.923046401298,400.0
1473,1786799175,180182177,1786799175.180182,6303.1437432760085,400.0
1474,1786799175,227833685,1786799175.227834,6300.225715324542,400.0
1475,1786799175,278740523,1786799175.278740,6294.254672241689,400.0
1476,1786799175,329763229,1786799175.329763,6333.542374778714,400.0
1477,1786799175,380810429,1786799175.380810,6307.514376413887,400.0
1478,1786799175,428755408,1786799175.428756,6320.884643654072,400.0
1479,1786799175,479732308,1786799175.479732,6305.198536241883,400.0
1480,1786799175,531067704,1786799175.531068,6326.831712400156,400.0
1481,1786799175,578904206,1786799175.578904,6319.848121517133,400.0
1482,1786799175,629932509,1786799175.629932,6315.79777017075,400.0
1483,1786799175,678046797,1786799175.678047,6310.233833626713,400.0
1484,1786799175,729162311,1786799175.729162,6389.465255010396,400.0
1485,1786799175,780143846,1786799175.780144,6311.6935757720385,400.0
1486,1786799175,828397805,1786799175.828398,6315.452955151855,400.0
1487,1786799175,879802448,1786799175.879802,6315.950180826321,400.0
1488,1786799175,931062897,1786799175.931063,6350.57647453232,400.0
1489,1786799175,979215418,1786799175.979215,6295.482372870915,400.0
1490,1786799176,30669593,1786799176.030670,6332.535488639545,400.0
1491,1786799176,78324616,1786799176.078325,6288.080125458871,400.0
1492,1786799176,129412845,1786799176.129413,6311.454878877857,400.0
1493,1786799176,180613920,1786799176.180614,6303.686938334002,400.0
1494,1786799176,228604095,1786799176.228604,6335.79196130944,400.0
1495,1786799176,280090038,1786799176.280090,6305.749494682041,400.0
1496,1786799176,328391801,1786799176.328392,6318.1796362601735,400.0
1497,1786799176,380027964,1786799176.380028,6296.477481551335,400.0
1498,1786799176,428147254,1786799176.428147,6323.568007267624,400.0
1499,1786799176,479473403,1786799176.479473,6333.941173021012,400.0
1500,1786799176,530616976,1786799176.530617,6289.407054265083,400.0
1501,1786799176,580003866,1786799176.580004,6339.027409861142,400.0
1502,1786799176,628086664,1786799176.628087,6336.285743299899,400.0
1503,1786799176,679526028,1786799176.679526,6292.2349641559,400.0
1504,1786799176,727622348,1786799176.727622,6326.126828215362,400.0
1505,1786799176,778564791,1786799176.778565,6317.103876249107,400.0
1506,1786799176,830040868,1786799176.830041,6325.683027723982,400.0
1507,1786799176,878000383,1786799176.878000,6323.5052628757985,400.0
1508,1786799176,929483408,1786799176.929483,6328.925915229687,400.0
1509,1786799176,977753176,1786799176.977753,6350.947090850466,400.0
1510,1786799177,29017707,1786799177.029018,6304.755314082608,400.0
1511,1786799177,80428667,1786799177.080429,6299.021267949469,400.0
1512,1786799177,128513963,1786799177.128514,6327.919991045238,400.0
1513,1786799177,179547280,1786799177.179547,6312.583629635531,400.0
1514,1786799177,230683990,1786799177.230684,6290.359972172106,400.0
1515,1786799177,278408712,1786799177.278409,6327.90534831659,400.0
1516,1786799177,329800768,1786799177.329801,6346.48424711568,400.0
1517,1786799177,377874550,1786799177.377875,6317.035855834214,400.0
1518,1786799177,429292787,1786799177.429293,6322.416831827981,400.0
1519,1786799177,481413612,1786799177.481414,6315.73198727889,400.0
1520,1786799177,529383218,1786799177.529383,6327.981393177603,400.0
1521,1786799177,580841538,1786799177.580842,6322.46123987252,400.0
1522,1786799177,628706351,1786799177.628706,6310.255441325417,400.0
1523,1786799177,679693415,1786799177.679693,6319.495467472144,400.0
1524,1786799177,727599971,1786799177.727600,6329.126276480199,400.0
1525,1786799177,779301451,1786799177.779301,6321.392046739088,400.0
1526,1786799177,830835429,1786799177.830835,6332.444699448947,400.0
1527,1786799177,879104376,1786799177.879104,6325.367429492206,400.0
1528,1786799177,930608968,1786799177.930609,6294.30606126721,400.0
1529,1786799177,978391202,1786799177.978391,6283.897604508458,400.0
1530,1786799178,29818443,1786799178.029819,6290.465851957083,400.0
1531,1786799178,77819485,1786799178.077820,6350.569092530653,400.0
1532,1786799178,129205944,1786799178.129206,6354.460513071745,400.0
1533,1786799178,180849836,1786799178.180850,6315.462138226894,400.0
1534,1786799178,229106055,1786799178.229106,6319.214010553788,400.0
1535,1786799178,280750066,1786799178.280750,6311.605345584788,400.0
1536,1786799178,328815568,1786799178.328815,6317.718357413018,400.0
1537,1786799178,379923334,1786799178.379923,6318.906427755797,400.0
1538,1786799178,428321602,1786799178.428322,6325.616530624724,400.0
1539,1786799178,480239553,1786799178.480240,6320.29503586078,400.0
1540,1786799178,528491536,1786799178.528491,6367.185756687356,400.0
1541,1786799178,579865602,1786799178.579866,6328.585193492311,400.0
1542,1786799178,627810547,1786799178.627810,6337.3990926198085,400.0
1543,1786799178,679269871,1786799178.679270,6338.457529695595,400.0
1544,1786799178,727637514,1786799178.727638,6285.309499961529,400.0
1545,1786799178,779582568,1786799178.779583,6315.80489875559,400.0
1546,1786799178,827836552,1786799178.827837,6282.423728993959,400.0
1547,1786799178,879794943,1786799178.879795,6307.109946004823,400.0
1548,1786799178,927897132,1786799178.927897,6319.1470796774865,400.0
1549,1786799178,979811264,1786799178.979811,6339.00206204486,400.0
1550,1786799179,27948550,1786799179.027949,6329.940712550443,400.0
1551,1786799179,79662659,1786799179.079663,6338.797880698016,400.0
1552,1786799179,127435607,1786799179.127436,6305.921281444426,400.0
1553,1786799179,178640393,1786799179.178640,6320.880748448859,400.0
1554,1786799179,230225918,1786799179.230226,6300.622558145358,400.0
1555,1786799179,278268696,1786799179.278269,6290.689942236535,400.0
1556,1786799179,329470039,1786799179.329470,6320.030299199682,400.0
1557,1786799179,380581038,1786799179.380581,6264.835537909224,400.0
1558,1786799179,428471299,1786799179.428471,6319.3279094985,400.0
1559,1786799179,479967944,1786799179.479968,6308.316799306178,400.0
1560,1786799179,528127485,1786799179.528127,6317.324210877066,400.0
1561,1786799179,579453258,1786799179.579453,6336.076231701578,400.0
1562,1786799179,627703360,1786799179.627703,6308.583274126064,400.0
1563,1786799179,679435472,1786799179.679435,6315.385917689519,400.0
1564,1786799179,727611748,1786799179.727612,6334.94631467549,400.0
1565,1786799179,779261890,1786799179.779262,6286.691482084643,400.0
1566,1786799179,827461836,1786799179.827462,6309.588447050052,400.0
1567,1786799179,879332650,1786799179.879333,6294.0081211980305,400.0
1568,1786799179,927457419,1786799179.927457,6355.750253922061,400.0
1569,1786799179,979337261,1786799179.979337,6300.194932066282,400.0
1570,1786799180,30743071,1786799180.030743,6303.8722974952625,400.0
1571,1786799180,78389733,1786799180.078390,6308.523284687031,400.0
1572,1786799180,130006726,1786799180.130007,6320.766638762171,400.0
1573,1786799180,178084980,1786799180.178085,6358.067124171278,400.0
1574,1786799180,229719310,1786799180.229719,6351.225290773153,400.0
1575,1786799180,277660604,1786799180.277661,6301.949851095204,400.0
1576,1786799180,329010061,1786799180.329010,6341.848674923526,400.0
1577,1786799180,380620471,1786799180.380620,6318.313594006769,400.0
1578,1786799180,428175437,1786799180.428175,6316.291033498566,400.0
1579,1786799180,479543035,1786799180.479543,6348.840415181553,400.0
1580,1786799180,527437666,1786799180.527438,6281.504300273969,400.0
1581,1786799180,578754457,1786799180.578754,6344.743295488879,400.0
1582,1786799180,630179987,1786799180.630180,6311.107123804564,400.0
1583,1786799180,678135673,1786799180.678136,6292.746369198464,400.0
1584,1786799180,729261095,1786799180.729261,6319.641418924126,400.0
1585,1786799180,777536029,1786799180.777536,6351.041390196454,400.0
1586,1786799180,829291060,1786799180.829291,6350.300995228449,400.0
1587,1786799180,877441583,1786799180.877442,6321.09181167973,400.0
1588,1786799180,928344154,1786799180.928344,6309.540493243557,400.0
1589,1786799180,979691028,1786799180.979691,6343.000005563691,400.0
1590,1786799181,27313890,1786799181.027314,6366.10101355385,400.0
1591,1786799181,78673110,1786799181.078673,6345.503148394656,400.0
1592,1786799181,130264984,1786799181.130265,6350.26977133041,400.0
1593,1786799181,178485758,1786799181.178486,6334.707239775921,400.0
1594,1786799181,230050560,1786799181.230051,6358.568774860951,400.0
1595,1786799181,278294947,1786799181.278295,6338.334969611184,400.0
1596,1786799181,329607752,1786799181.329608,6290.384088215286,400.0
1597,1786799181,377779672,1786799181.377780,6344.974651619488,400.0
1598,1786799181,429133750,1786799181.429134,6321.5018727059,400.0
1599,1786799181,480142380,1786799181.480142,6351.471661335409,400.0
1600,1786799181,528158103,1786799181.528158,6306.271428420583,400.0
1601,1786799181,579671123,1786799181.579671,6343.320167438327,400.0
1602,1786799181,627316358,1786799181.627316,6317.579358021671,400.0
1603,1786799181,679059110,1786799181.679059,6335.925574125308,400.0
1604,1786799181,727301230,1786799181.727301,6285.100780633497,400.0
1605,1786799181,778686428,1786799181.778687,6341.8393167409595,400.0
1606,1786799181,830395419,1786799181.830395,6315.326120331692,400.0
1607,1786799181,878137389,1786799181.878137,6318.601988462074,400.0
1608,1786799181,929619559,1786799181.929620,6344.750140327227,400.0
1609,1786799181,977720049,1786799181.977720,6334.354148268922,400.0
1610,1786799182,29444534,1786799182.029444,6329.692451889033,400.0
1611,1786799182,77391511,1786799182.077392,6283.640394273617,400.0
1612,1786799182,129245209,1786799182.129245,6341.466813215007,400.0
1613,1786799182,177612316,1786799182.177612,6317.078376134383,400.0
1614,1786799182,228776934,1786799182.228777,6305.412453863098,400.0
1615,1786799182,280037480,1786799182.280037,6306.466675418538,400.0
1616,1786799182,327900600,1786799182.327901,6306.936558380582,400.0
1617,1786799182,379180900,1786799182.379181,6259.371281840463,400.0
1618,1786799182,428262657,1786799182.428263,6273.529353597868,400.0
1619,1786799182,479584669,1786799182.479585,6316.685720539192,400.0
1620,1786799182,527487823,1786799182.527488,6300.0889588911705,400.0
1621,1786799182,579282220,1786799182.579282,6285.161267034378,400.0
1622,1786799182,627126623,1786799182.627127,6270.373829300301,400.0
1623,1786799182,678513635,1786799182.678514,6286.001744480969,400.0
1624,1786799182,730047052,1786799182.730047,6296.580179078158,400.0
1625,1786799182,778407637,1786799182.778408,6305.4180384006895,400.0
1626,1786799182,829454533,1786799182.829454,6277.538301437225,400.0
1627,1786799182,877312928,1786799182.877313,6322.369116836666,400.0
1628,1786799182,928503608,1786799182.928504,6295.347102037561,400.0
1629,1786799182,980091201,1786799182.980091,6296.753184326569,400.0
1630,1786799183,28319687,1786799183.028320,6306.761029687419,400.0
1631,1786799183,79797517,1786799183.079798,6347.662339296073,400.0
1632,1786799183,128096549,1786799183.128097,6288.905076324072,400.0
1633,1786799183,179612506,1786799183.179612,6323.383562333623,400.0
1634,1786799183,227696938,1786799183.227697,6310.051706713497,400.0
1635,1786799183,279226092,1786799183.279226,6331.498169735586,400.0
1636,1786799183,327257804,1786799183.327258,6298.211488510608,400.0
1637,1786799183,378966825,1786799183.378967,6294.563019931524,400.0
1638,1786799183,430300572,1786799183.430300,6304.762937042887,400.0
1639,1786799183,478020498,1786799183.478020,6360.309040269613,400.0
1640,1786799183,529758168,1786799183.529758,6302.432446421324,400.0
1641,1786799183,577507711,1786799183.577508,6331.6596701039825,400.0
1642,1786799183,628745001,1786799183.628745,6297.7988713797,400.0
1643,1786799183,680276417,1786799183.680276,6347.484717419959,400.0
1644,1786799183,728177551,1786799183.728178,6340.3443801326275,400.0
1645,1786799183,779819127,1786799183.779819,6326.6508760893075,400.0
1646,1786799183,827832556,1786799183.827832,6368.870911214743,400.0
1647,1786799183,879199416,1786799183.879200,6354.444005248307,400.0
1648,1786799183,927023372,1786799183.927023,6306.1006518374825,400.0
1649,1786799183,978727300,1786799183.978727,6362.965866917667,400.0
1650,1786799184,26928638,1786799184.026929,6288.909912686001,400.0
1651,1786799184,78146693,1786799184.078147,6330.916040718437,400.0
1652,1786799184,129131289,1786799184.129131,6298.674183040258,400.0
1653,1786799184,180369885,1786799184.180370,6288.48528355173,400.0
1654,1786799184,228457933,1786799184.228458,6304.562416543651,400.0
1655,1786799184,279459697,1786799184.279460,6251.78771924262,400.0
1656,1786799184,327342024,1786799184.327342,6290.258560097441,400.0
1657,1786799184,379026175,1786799184.379026,6309.899038216276,400.0
1658,1786799184,427108547,1786799184.427109,6292.460808048246,400.0
1659,1786799184,478512625,1786799184.478513,6271.6208563359005,400.0
1660,1786799184,529950203,1786799184.529950,6269.119713264525,400.0
1661,1786799184,577863889,1786799184.577864,6293.534814955589,400.0
1662,1786799184,628738826,1786799184.628739,6263.621330873301,400.0
1663,1786799184,679650472,1786799184.679651,6270.115045385335,400.0
1664,1786799184,727339217,1786799184.727339,6298.318720743652,400.0
1665,1786799184,778794063,1786799184.778794,6275.612578515981,400.0
1666,1786799184,826954038,1786799184.826954,6282.219765729711,400.0
1667,1786799184,878588328,1786799184.878588,6299.50635231479,400.0
1668,1786799184,926837621,1786799184.926838,6287.629967396624,400.0
1669,1786799184,977859139,1786799184.977859,6303.997811965081,400.0
1670,1786799185,29539160,1786799185.029539,6299.046167918631,400.0
1671,1786799185,77288815,1786799185.077289,6275.501310635278,400.0
1672,1786799185,128636942,1786799185.128637,6314.1576720474595,400.0
1673,1786799185,179935564,1786799185.179935,6306.702045476449,400.0
1674,1786799185,227847670,1786799185.227848,6315.843575334754,400.0
1675,1786799185,279028970,1786799185.279029,6315.128518941701,400.0
1676,1786799185,326829019,1786799185.326829,6307.991131727004,400.0
1677,1786799185,378326754,1786799185.378327,6290.792680852321,400.0
1678,1786799185,429941321,1786799185.429941,6319.899500748199,400.0
1679,1786799185,477893564,1786799185.477894,6296.226250618635,400.0
1680,1786799185,529294531,1786799185.529294,6287.436246720794,400.0
1681,1786799185,577318098,1786799185.577318,6270.083834965468,400.0
1682,1786799185,629037039,1786799185.629037,6316.316598553686,400.0
1683,1786799185,680010814,1786799185.680011,6326.67727856822,400.0
1684,1786799185,728287989,1786799185.728288,6321.932955541847,400.0
1685,1786799185,779480862,1786799185.779481,6377.695913550516,400.0
1686,1786799185,827487492,1786799185.827487,6301.665122273425,400.0
1687,1786799185,879163357,1786799185.879163,6350.080403781102,400.0
1688,1786799185,927241882,1786799185.927242,6338.8695698280935,400.0
1689,1786799185,978448871,1786799185.978449,6319.056024125506,400.0
1690,1786799186,29859424,1786799186.029860,6307.28178005878,400.0
1691,1786799186,77879466,1786799186.077879,6314.005049572385,400.0
1692,1786799186,129223514,1786799186.129224,6342.402455093115,400.0
1693,1786799186,177015019,1786799186.177015,6314.121168040528,400.0
1694,1786799186,228520477,1786799186.228520,6342.323804652386,400.0
1695,1786799186,279725709,1786799186.279726,6346.637663767311,400.0
1696,1786799186,327697762,1786799186.327698,6324.731946068803,400.0
1697,1786799186,379141365,1786799186.379141,6353.136064981328,400.0
1698,1786799186,427080053,1786799186.427080,6327.7621501452295,400.0
1699,1786799186,478442559,1786799186.478443,6335.996552223652,400.0
1700,1786799186,529531477,1786799186.529531,6326.808156430598,400.0
1701,1786799186,577223765,1786799186.577224,6336.697437495616,400.0
1702,1786799186,628763062,1786799186.628763,6324.714343982971,400.0
1703,1786799186,676742762,1786799186.676743,6337.038988108813,400.0
1704,1786799186,728670061,1786799186.728670,6314.487961614684,400.0
1705,1786799186,776862051,1786799186.776862,6329.790689720736,400.0
1706,1786799186,828189100,1786799186.828189,6358.60980825321,400.0
1707,1786799186,879339794,1786799186.879340,6308.731827181937,400.0
1708,1786799186,927556294,1786799186.927556,6305.141323238734,400.0
1709,1786799186,978689700,1786799186.978690,6316.610803427769,400.0
1710,1786799187,29928343,1786799187.029928,6323.014614748143,400.0
1711,1786799187,77891211,1786799187.077891,6303.627705528797,400.0
1712,1786799187,129441436,1786799187.129441,6348.62261628246,400.0
1713,1786799187,177471074,1786799187.177471,6326.549087498642,400.0
1714,1786799187,228802298,1786799187.228802,6354.093705906027,400.0
1715,1786799187,276959372,1786799187.276959,6289.498427265004,400.0
1716,1786799187,328663536,1786799187.328664,6313.312048547312,400.0
1717,1786799187,376849511,1786799187.376849,6315.736050568591,400.0
1718,1786799187,428232162,1786799187.428232,6320.588957507605,400.0
1719,1786799187,479886279,1786799187.479886,6364.778279844951,400.0
1720,1786799187,528325590,1786799187.528326,6309.543771708804,400.0
1721,1786799187,579704064,1786799187.579704,6318.396976426476,400.0
1722,1786799187,627733758,1786799187.627734,6359.172540885561,400.0
1723,1786799187,679080604,1786799187.679080,6311.286172315647,400.0
1724,1786799187,727175940,1786799187.727176,6325.04517785298,400.0
1725,1786799187,778807087,1786799187.778807,6325.140365935948,400.0
1726,1786799187,829601416,1786799187.829602,6338.37763830431,400.0
1727,1786799187,878108854,1786799187.878109,6297.716917475075,400.0
1728,1786799187,929644291,1786799187.929644,6319.885900968939,400.0
1729,1786799187,977401650,1786799187.977402,6320.454747669326,400.0
1730,1786799188,28564581,1786799188.028565,6299.407085157587,400.0
1731,1786799188,76822746,1786799188.076823,6341.713319091847,400.0
1732,1786799188,128054364,1786799188.128054,6299.854290278029,400.0
1733,1786799188,179266413,1786799188.179266,6318.083286614397,400.0
1734,1786799188,227164057,1786799188.227164,6324.865163998581,400.0
1735,1786799188,278585595,1786799188.278586,6295.384201696382,400.0
1736,1786799188,329801608,1786799188.329802,6311.775749704156,400.0
1737,1786799188,377898101,1786799188.377898,6288.647897333458,400.0
1738,1786799188,429298215,1786799188.429298,6318.959744208904,400.0
1739,1786799188,477037362,1786799188.477037,6338.493145409897,400.0
1740,1786799188,528621342,1786799188.528621,6336.160510750995,400.0
1741,1786799188,576675048,1786799188.576675,6306.70551010928,400.0
1742,1786799188,627546971,1786799188.627547,6282.818789109806,400.0
1743,1786799188,679179375,1786799188.679179,6299.997683479557,400.0
1744,1786799188,726839740,1786799188.726840,6321.689495113818,400.0
1745,1786799188,778436020,1786799188.778436,6295.540458809235,400.0
1746,1786799188,829695118,1786799188.829695,6304.636028406626,400.0
1747,1786799188,877870815,1786799188.877871,6284.4867828071965,400.0
1748,1786799188,929431127,1786799188.929431,6294.258077199633,400.0
1749,1786799188,977422655,1786799188.977423,6286.210585485556,400.0
1750,1786799189,28949390,1786799189.028949,6315.154920036592,400.0
1751,1786799189,77148784,1786799189.077149,6306.474143203017,400.0
1752,1786799189,128142545,1786799189.128143,6306.568079172677,400.0
1753,1786799189,179321534,1786799189.179322,6270.48055620011,400.0
1754,1786799189,227368025,1786799189.227368,6294.2724047775355,400.0
1755,1786799189,278919750,1786799189.278920,6260.5236061360365,400.0
1756,1786799189,327098834,1786799189.327099,6271.413796774371,400.0
1757,1786799189,378389539,1786799189.378390,6318.1215372608085,400.0
1758,1786799189,429805589,1786799189.429806,6280.744728574786,400.0
1759,1786799189,477544260,1786799189.477544,6276.375608584133,400.0
1760,1786799189,529268829,1786799189.529269,6311.291904544702,400.0
1761,1786799189,577139308,1786799189.577139,6307.848417640269,400.0
1762,1786799189,628710774,1786799189.628711,6310.7120122369715,400.0
1763,1786799189,676947443,1786799189.676947,6293.983855243041,400.0
1764,1786799189,728344476,1786799189.728344,6310.03199606267,400.0
1765,1786799189,779876359,1786799189.779876,6320.700873696319,400.0
1766,1786799189,831927841,1786799189.831928,6306.292892285738,400.0
1767,1786799189,882805914,1786799189.882806,6314.66969393629,400.0
1768,1786799189,930833254,1786799189.930833,6313.0471656997415,400.0
1769,1786799189,982277380,1786799189.982277,6333.619464332872,400.0
1770,1786799190,30309018,1786799190.030309,6291.777058408516,400.0
1771,1786799190,81341825,1786799190.081342,6331.819475524467,400.0
1772,1786799190,133107008,1786799190.133107,6341.865527014212,400.0
1773,1786799190,180131389,1786799190.180131,6292.377038265253,400.0
1774,1786799190,233272281,1786799190.233272,6311.367619466183,400.0
1775,1786799190,280450057,1786799190.280450,6319.053006500583,400.0
1776,1786799190,332197911,1786799190.332198,6298.664250286555,400.0
1777,1786799190,379754489,1786799190.379755,6322.167180615701,400.0
1778,1786799190,432248878,1786799190.432249,6328.9405855605355,400.0
1779,1786799190,482659485,1786799190.482660,6358.502295572715,400.0
1780,1786799190,530953281,1786799190.530953,6314.85038959326,400.0
1781,1786799190,581879796,1786799190.581880,6312.175238624346,400.0
1782,1786799190,630312379,1786799190.630312,6324.4247305935105,400.0
1783,1786799190,681058281,1786799190.681058,6325.526157828669,400.0
1784,1786799190,732733405,1786799190.732733,6328.293477847597,400.0
1785,1786799190,780855043,1786799190.780855,6295.907401190051,400.0
1786,1786799190,833008119,1786799190.833008,6364.483739497573,400.0
1787,1786799190,880350475,1786799190.880351,6342.914259495423,400.0
1788,1786799190,932333000,1786799190.932333,6327.0862111210645,400.0
1789,1786799190,980014071,1786799190.980014,6312.436119091515,400.0
1790,1786799191,31625759,1786799191.031626,6309.391945794192,400.0
1791,1786799191,82304711,1786799191.082305,6314.905573463051,400.0
1792,1786799191,130827115,1786799191.130827,6332.865567236123,400.0
1793,1786799191,181361680,1786799191.181362,6321.060359113283,400.0
1794,1786799191,233461715,1786799191.233462,6341.08705563076,400.0
1795,1786799191,280521505,1786799191.280521,6354.585962486047,400.0
1796,1786799191,332712011,1786799191.332712,6311.499398079277,400.0
1797,1786799191,382890369,1786799191.382890,6342.26200188752,400.0
1798,1786799191,431973389,1786799191.431973,6289.411969890319,400.0
1799,1786799191,482183291,1786799191.482183,6336.582827856261,400.0
1800,1786799191,531281617,1786799191.531282,6339.621819487439,400.0
1801,1786799191,581978339,1786799191.581978,6332.453554691836,400.0
1802,1786799191,630743695,1786799191.630744,6302.715287831331,400.0
1803,1786799191,681624954,1786799191.681625,6322.291432699322,400.0
1804,1786799191,730513208,1786799191.730513,6337.074019515637,400.0
1805,1786799191,781175725,1786799191.781176,6320.516037800154,400.0
1806,1786799191,833205915,1786799191.833206,6330.85969763797,400.0
1807,1786799191,880587061,1786799191.880587,6332.1098502608775,400.0
1808,1786799191,933423938,1786799191.933424,6295.2931315326205,400.0
1809,1786799191,980595980,1786799191.980596,6329.858620437702,400.0
1810,1786799192,32625205,1786799192.032625,6333.629129946002,400.0
1811,1786799192,79874708,1786799192.079875,6315.438437746554,400.0
1812,1786799192,131648186,1786799192.131648,6306.630424737029,400.0
1813,1786799192,182338798,1786799192.182339,6273.761568739197,400.0
1814,1786799192,231090793,1786799192.231091,6344.869197356,400.0
1815,1786799192,281853858,1786799192.281854,6353.82337442704,400.0
1816,1786799192,330669911,1786799192.330670,6301.2511321815255,400.0
1817,1786799192,381486639,1786799192.381487,6273.143942320745,400.0
1818,1786799192,430297069,1786799192.430297,6293.401154579241,400.0
1819,1786799192,481241579,1786799192.481241,6331.347175631851,400.0
1820,1786799192,532921058,1786799192.532921,6309.701421940952,400.0
1821,1786799192,579969888,1786799192.579970,6301.134810525883,400.0
1822,1786799192,631392112,1786799192.631392,6295.220461161052,400.0
1823,1786799192,681938172,1786799192.681938,6322.822783661435,400.0
1824,1786799192,730153986,1786799192.730154,6292.35898644966,400.0
1825,1786799192,780868178,1786799192.780868,6312.237106852781,400.0
1826,1786799192,832986630,1786799192.832987,6305.730027452606,400.0
1827,1786799192,881106126,1786799192.881106,6315.339263728657,400.0
1828,1786799192,932771113,1786799192.932771,6300.019666460743,400.0
1829,1786799192,980363487,1786799192.980363,6334.683825199759,400.0
1830,1786799193,32525108,1786799193.032525,6329.815435126748,400.0
1831,1786799193,80235097,1786799193.080235,6313.000449489998,400.0
1832,1786799193,132196446,1786799193.132196,6311.795522339996,400.0
1833,1786799193,179673020,1786799193.179673,6351.33369154049,400.0
1834,1786799193,231228833,1786799193.231229,6326.456089342215,400.0
1835,1786799193,282107043,1786799193.282107,6312.548674643391,400.0
1836,1786799193,330679171,1786799193.330679,6295.32777884291,400.0
1837,1786799193,381642515,1786799193.381643,6278.9398056988,400.0
1838,1786799193,430374756,1786799193.430375,6332.9159889106495,400.0
1839,1786799193,481125445,1786799193.481125,6355.988885365233,400.0
1840,1786799193,532950905,1786799193.532951,6321.810970106484,400.0
1841,1786799193,580674476,1786799193.580674,6308.8970705823285,400.0
1842,1786799193,632697221,1786799193.632697,6330.274711215021,400.0
1843,1786799193,680356836,1786799193.680357,6339.484614520293,400.0
1844,1786799193,732222486,1786799193.732223,6296.441229211305,400.0
1845,1786799193,779568326,1786799193.779568,6338.167358710607,400.0
1846,1786799193,831635598,1786799193.831636,6339.441143501803,400.0
1847,1786799193,879309810,1786799193.879310,6342.724880017665,400.0
1848,1786799193,931434118,1786799193.931434,6337.9690104479705,400.0
1849,1786799193,982146453,1786799193.982147,6314.5705594137025,400.0
1850,1786799194,31018817,1786799194.031019,6342.854981798306,400.0
1851,1786799194,81288821,1786799194.081289,6320.8586833484605,400.0
1852,1786799194,129765420,1786799194.129766,6314.454008629837,400.0
1853,1786799194,180606549,1786799194.180607,6333.896308250137,400.0
1854,1786799194,232991618,1786799194.232992,6311.752849112069,400.0
1855,1786799194,280309494,1786799194.280309,6327.791679541075,400.0
1856,1786799194,332157255,1786799194.332157,6312.598146367465,400.0
1857,1786799194,379829012,1786799194.379829,6290.603747595957,400.0
1858,1786799194,431512545,1786799194.431513,6313.685853101728,400.0
1859,1786799194,482370770,1786799194.482371,6295.858054803868,400.0
1860,1786799194,530821487,1786799194.530822,6297.6840892786,400.0
1861,1786799194,581784769,1786799194.581785,6293.957919623941,400.0
1862,1786799194,630402181,1786799194.630402,6312.452109256086,400.0
1863,1786799194,681056014,1786799194.681056,6294.04295777574,400.0
1864,1786799194,732880502,1786799194.732881,6307.489833210882,400.0
1865,1786799194,780526023,1786799194.780526,6313.304722485671,400.0
1866,1786799194,831991767,1786799194.831992,6339.30128526021,400.0
1867,1786799194,879476465,1786799194.879477,6293.11121525909,400.0
1868,1786799194,931386808,1786799194.931387,6287.899584800661,400.0
1869,1786799194,982370214,1786799194.982370,6297.481364150837,400.0
1870,1786799195,30968291,1786799195.030968,6307.238603803261,400.0
1871,1786799195,82001102,1786799195.082001,6335.214427161037,400.0
1872,1786799195,130431294,1786799195.130431,6298.664139897002,400.0
1873,1786799195,180859306,1786799195.180859,6326.627689310719,400.0
1874,1786799195,232849768,1786799195.232850,6296.665496844202,400.0
1875,1786799195,279285898,1786799195.279286,6325.6027468595685,400.0
1876,1786799195,331629246,1786799195.331629,6329.753496504878,400.0
1877,1786799195,382041497,1786799195.382041,6296.939425538316,400.0
1878,1786799195,430897534,1786799195.430897,6312.570865512171,400.0
1879,1786799195,481444519,1786799195.481445,6319.407212056766,400.0
1880,1786799195,530086845,1786799195.530087,6374.391515916352,400.0
1881,1786799195,580734472,1786799195.580734,6308.179847790871,400.0
1882,1786799195,632713910,1786799195.632714,6336.9513450009845,400.0
1883,1786799195,680598112,1786799195.680598,6321.16462707718,400.0
1884,1786799195,732691349,1786799195.732691,6276.667349517837,400.0
1885,1786799195,780271935,1786799195.780272,6333.447147000195,400.0
1886,1786799195,832138925,1786799195.832139,6312.480334567195,400.0
1887,1786799195,879211544,1786799195.879211,6306.492170011725,400.0
1888,1786799195,931212473,1786799195.931212,6315.606776523571,400.0
1889,1786799195,979199188,1786799195.979199,6336.804819416903,400.0
1890,1786799196,30881502,1786799196.030881,6321.598879548261,400.0
1891,1786799196,81968088,1786799196.081968,6337.10464222403,400.0
1892,1786799196,129996579,1786799196.129997,6329.094463665416,400.0
1893,1786799196,180876699,1786799196.180877,6318.424829002528,400.0
1894,1786799196,232875965,1786799196.232876,6324.3676323687005,400.0
1895,1786799196,280146911,1786799196.280147,6317.069179827302,400.0
1896,1786799196,332096003,1786799196.332096,6319.829298544394,400.0
1897,1786799196,379881439,1786799196.379881,6309.923974425731,400.0
1898,1786799196,431943387,1786799196.431943,6345.761448953833,400.0
1899,1786799196,479662452,1786799196.479662,6337.441594060537,400.0
1900,1786799196,531722619,1786799196.531723,6270.177866329895,400.0
1901,1786799196,582391604,1786799196.582392,6324.59598439521,400.0
1902,1786799196,631295929,1786799196.631296,6305.558847755229,400.0
1903,1786799196,682126638,1786799196.682127,6287.255236793555,400.0
1904,1786799196,731008948,1786799196.731009,6336.455490919352,400.0
1905,1786799196,781846369,1786799196.781846,6271.168249992687,400.0
1906,1786799196,830282843,1786799196.830283,6319.779802925501,400.0
1907,1786799196,881209281,1786799196.881209,6308.285227716056,400.0
1908,1786799196,932944449,1786799196.932945,6371.892230377553,400.0
1909,1786799196,980374247,1786799196.980374,6297.809071050489,400.0
1910,1786799197,32754083,1786799197.032754,6308.737377579266,400.0
1911,1786799197,79850106,1786799197.079850,6306.389134937635,400.0
1912,1786799197,131965127,1786799197.131965,6307.634158522375,400.0
1913,1786799197,179277945,1786799197.179278,6296.432117245365,400.0
1914,1786799197,231011906,1786799197.231012,6319.928688810341,400.0
1915,1786799197,281834095,1786799197.281834,6303.212174214922,400.0
1916,1786799197,330008555,1786799197.330009,6313.931022696272,400.0
1917,1786799197,380898148,1786799197.380898,6316.880786486773,400.0
1918,1786799197,432948598,1786799197.432949,6312.953335532905,400.0
1919,1786799197,480490219,1786799197.480490,6291.031834199499,400.0
1920,1786799197,533205020,1786799197.533205,6317.496649423557,400.0
1921,1786799197,580802025,1786799197.580802,6305.176319721782,400.0
1922,1786799197,632377338,1786799197.632377,6324.933779205319,400.0
1923,1786799197,679864184,1786799197.679864,6312.018857050048,400.0
1924,1786799197,732399287,1786799197.732399,6327.95808520471,400.0
1925,1786799197,779816541,1786799197.779817,6278.298568072087,400.0
1926,1786799197,832113887,1786799197.832114,6296.527600095634,400.0
1927,1786799197,879339376,1786799197.879339,6293.667500172878,400.0
1928,1786799197,931406695,1786799197.931407,6323.1090663120485,400.0
1929,1786799197,979304018,1786799197.979304,6295.22597292053,400.0
1930,1786799198,31046179,1786799198.031046,6311.342537154439,400.0
1931,1786799198,81958702,1786799198.081959,6313.081220854975,400.0
1932,1786799198,130473541,1786799198.130474,6296.557243236797,400.0
1933,1786799198,181345278,1786799198.181345,6266.454997818134,400.0
1934,1786799198,230268823,1786799198.230269,6307.836159487515,400.0
1935,1786799198,280714266,1786799198.280714,6286.754787526132,400.0
1936,1786799198,329368710,1786799198.329369,6312.039100852381,400.0
1937,1786799198,380525205,1786799198.380525,6318.082780885231,400.0
1938,1786799198,432407217,1786799198.432407,6310.723555031773,400.0
1939,1786799198,479648110,1786799198.479648,6349.642297423409,400.0
1940,1786799198,531881575,1786799198.531882,6309.2608691783735,400.0
1941,1786799198,579435868,1786799198.579436,6281.532004224225,400.0
1942,1786799198,630907508,1786799198.630908,6333.0926021651,400.0
1943,1786799198,682045471,1786799198.682045,6324.459451170005,400.0
1944,1786799198,730721112,1786799198.730721,6290.581285216141,400.0
1945,1786799198,781843733,1786799198.781844,6288.906494285601,400.0
1946,1786799198,830660867,1786799198.830661,6289.533470704929,400.0
1947,1786799198,881581770,1786799198.881582,6337.912682851228,400.0
1948,1786799198,930532597,1786799198.930533,6304.689185764369,400.0
1949,1786799198,980689722,1786799198.980690,6360.530381843327,400.0
1950,1786799199,33164407,1786799199.033165,6323.011350774647,400.0
1951,1786799199,80357854,1786799199.080358,6311.685671026567,400.0
1952,1786799199,132145851,1786799199.132146,6340.215101518976,400.0
1953,1786799199,180063728,1786799199.180064,6332.974693940938,400.0
1954,1786799199,231673474,1786799199.231673,6320.183116844429,400.0
1955,1786799199,279207025,1786799199.279207,6314.634128500902,400.0
1956,1786799199,330885304,1786799199.330885,6343.558902228942,400.0
1957,1786799199,381347210,1786799199.381347,6315.9864173571505,400.0
1958,1786799199,429394651,1786799199.429395,6355.929687555877,400.0
1959,1786799199,480220233,1786799199.480220,6328.1603364845805,400.0
1960,1786799199,532496037,1786799199.532496,6330.64799156641,400.0
1961,1786799199,579016643,1786799199.579017,6331.890661025025,400.0
1962,1786799199,630980284,1786799199.630980,6337.018543184925,400.0
1963,1786799199,679004660,1786799199.679005,6324.5997983763355,400.0
1964,1786799199,730810453,1786799199.730810,6352.256710825649,400.0
1965,1786799199,781964092,1786799199.781964,6355.1499268382,400.0
1966,1786799199,830516980,1786799199.830517,6325.364343816507,400.0
1967,1786799199,881838019,1786799199.881838,6315.990535323306,400.0
1968,1786799199,930530620,1786799199.930531,6332.385132667115,400.0
1969,1786799199,981851491,1786799199.981852,6288.997184338525,400.0
1970,1786799200,30080585,1786799200.030081,6321.283487366229,400.0
1971,1786799200,80837100,1786799200.080837,6337.659741850952,400.0
1972,1786799200,132637864,1786799200.132638,6304.4307032458655,400.0
1973,1786799200,179876865,1786799200.179877,6349.15972527307,400.0
1974,1786799200,231778453,1786799200.231778,6339.507247283945,400.0
1975,1786799200,279494874,1786799200.279495,6350.447020506261,400.0
1976,1786799200,331419146,1786799200.331419,6337.850148728601,400.0
1977,1786799200,378821311,1786799200.378821,6310.366996442274,400.0
1978,1786799200,430810211,1786799200.430810,6315.855190407382,400.0
1979,1786799200,481535062,1786799200.481535,6296.464699410909,400.0
1980,1786799200,530189664,1786799200.530190,6279.834279032167,400.0
1981,1786799200,580858343,1786799200.580858,6280.937775010426,400.0
1982,1786799200,630161859,1786799200.630162,6308.893302867453,400.0
1983,1786799200,680820479,1786799200.680820,6312.152479094458,400.0
1984,1786799200,729787329,1786799200.729787,6313.6543957859085,400.0
1985,1786799200,781008335,1786799200.781008,6274.9495295320085,400.0
1986,1786799200,829743790,1786799200.829744,6296.73974064364,400.0
1987,1786799200,880710044,1786799200.880710,6290.97254801951,400.0
1988,1786799200,929503197,1786799200.929503,6277.654431416737,400.0
1989,1786799200,979881964,1786799200.979882,6283.290401493085,400.0
1990,1786799201,32226008,1786799201.032226,6346.636760791409,400.0
1991,1786799201,79812061,1786799201.079812,6326.929420416061,400.0
1992,1786799201,132006593,1786799201.132007,6299.808400573832,400.0
1993,1786799201,179319049,1786799201.179319,6331.9335640870095,400.0
1994,1786799201,231007792,1786799201.231008,6282.649836150768,400.0
1995,1786799201,281810728,1786799201.281811,6322.824637234417,400.0
1996,1786799201,331309331,1786799201.331309,6297.6853226229005,400.0
1997,1786799201,381720959,1786799201.381721,6330.278662114372,400.0
1998,1786799201,430215662,1786799201.430216,6300.5478541316925,400.0
1999,1786799201,480360968,1786799201.480361,6277.541780931985,400.0
2000,1786799201,532635888,1786799201.532636,6286.615982121191,400.0
2001,1786799201,579844858,1786799201.579845,6304.217724313606,400.0
2002,1786799201,632113547,1786799201.632113,6294.1943376366835,400.0
2003,1786799201,679136865,1786799201.679137,6306.175372384861,400.0
2004,1786799201,731145464,1786799201.731145,6288.218234246397,400.0
2005,1786799201,781511018,1786799201.781511,6299.05888980538,400.0
2006,1786799201,829675550,1786799201.829675,6324.75496833824,400.0
2007,1786799201,880169849,1786799201.880170,6334.974258881189,400.0
2008,1786799201,932016146,1786799201.932016,6302.924728112392,400.0
2009,1786799201,979653057,1786799201.979653,6308.701973072871,400.0
2010,1786799202,31798575,1786799202.031799,6288.8599197402,400.0
2011,1786799202,79365603,1786799202.079365,6298.395888543724,400.0
2012,1786799202,131430619,1786799202.131431,6262.201188061084,400.0
2013,1786799202,179126193,1786799202.179126,6303.474780638859,400.0
2014,1786799202,231165838,1786799202.231166,6274.140061824242,400.0
2015,1786799202,278796253,1786799202.278796,6317.772262578864,400.0
2016,1786799202,330651137,1786799202.330651,6295.364909683465,400.0
2017,1786799202,381636809,1786799202.381637,6278.968440431281,400.0
2018,1786799202,430150568,1786799202.430151,6298.322056412906,400.0
2019,1786799202,480882243,1786799202.480882,6230.895960946543,400.0
2020,1786799202,579648013,1786799202.579648,6315.325841472426,400.0
2021,1786799202,631857070,1786799202.631857,6238.046708557294,400.0
2022,1786799202,679323269,1786799202.679323,6269.342241101779,400.0
2023,1786799202,730717902,1786799202.730718,6292.057679290924,400.0
2024,1786799202,781731690,1786799202.781732,6299.794900862144,400.0
2025,1786799202,830602861,1786799202.830603,6274.88725487368,400.0
2026,1786799202,881344433,1786799202.881344,6309.836250522195,400.0
2027,1786799202,930698534,1786799202.930699,6249.964215140812,400.0
2028,1786799202,980916865,1786799202.980917,6314.166484256731,400.0
2029,1786799203,29625499,1786799203.029625,6256.182473027731,400.0
2030,1786799203,79609737,1786799203.079610,6283.188662557661,400.0
2031,1786799203,131572300,1786799203.131572,6277.7918859148185,400.0
2032,1786799203,179215565,1786799203.179216,6316.223946363166,400.0
2033,1786799203,231361123,1786799203.231361,6308.797808615914,400.0
2034,1786799203,278540658,1786799203.278541,6286.604033732644,400.0
2035,1786799203,330429785,1786799203.330430,6326.532310025313,400.0
2036,1786799203,380985594,1786799203.380985,6302.790429310729,400.0
2037,1786799203,429795678,1786799203.429796,6290.391490476961,400.0
2038,1786799203,480342358,1786799203.480342,6291.365113802273,400.0
2039,1786799203,531993771,1786799203.531994,6327.119402538775,400.0
2040,1786799203,579488634,1786799203.579489,6302.460456350862,400.0
2041,1786799203,631500067,1786799203.631500,6310.734907727927,400.0
2042,1786799203,678731632,1786799203.678732,6323.627665548397,400.0
2043,1786799203,730437924,1786799203.730438,6309.869593895548,400.0
2044,1786799203,780761581,1786799203.780761,6316.398255976685,400.0
2045,1786799203,829738680,1786799203.829739,6321.138645099971,400.0
2046,1786799203,880568130,1786799203.880568,6335.667801463518,400.0
2047,1786799203,928755763,1786799203.928756,6318.6570516126785,400.0
2048,1786799203,979961968,1786799203.979962,6342.3630423644245,400.0
2049,1786799204,28791253,1786799204.028791,6327.132834331376,400.0
2050,1786799204,79748869,1786799204.079749,6316.097936005235,400.0
2051,1786799204,131405976,1786799204.131406,6311.003671638013,400.0
2052,1786799204,178998167,1786799204.178998,6326.037660318862,400.0
2053,1786799204,230923904,1786799204.230924,6325.714451354799,400.0
2054,1786799204,278788686,1786799204.278789,6310.610624909282,400.0
2055,1786799204,330559667,1786799204.330560,6297.576235141853,400.0
2056,1786799204,381417362,1786799204.381417,6360.977428484368,400.0
2057,1786799204,429367890,1786799204.429368,6326.936975618451,400.0
2058,1786799204,479910747,1786799204.479911,6344.456499541518,400.0
2059,1786799204,531952255,1786799204.531952,6352.280059282116,400.0
2060,1786799204,578842218,1786799204.578842,6310.277813510305,400.0
2061,1786799204,631343263,1786799204.631343,6320.649825562642,400.0
2062,1786799204,678734785,1786799204.678735,6361.230424926078,400.0
2063,1786799204,731089280,1786799204.731089,6346.843570961863,400.0
2064,1786799204,778370690,1786799204.778371,6314.716703448086,400.0
2065,1786799204,830031727,1786799204.830032,6331.740945785104,400.0
2066,1786799204,880514890,1786799204.880515,6334.7708607639825,400.0
2067,1786799204,929342608,1786799204.929343,6362.536049869442,400.0
2068,1786799204,980058917,1786799204.980059,6326.162371620438,400.0
2069,1786799205,28870464,1786799205.028871,6369.153620467427,400.0
2070,1786799205,80123491,1786799205.080123,6334.7395678348785,400.0
2071,1786799205,131944533,1786799205.131944,6329.204124625621,400.0
2072,1786799205,179116133,1786799205.179116,6327.342682258808,400.0
2073,1786799205,231143860,1786799205.231144,6315.385811298889,400.0
2074,1786799205,278406044,1786799205.278406,6282.565042958298,400.0
2075,1786799205,330145379,1786799205.330145,6303.208184464352,400.0
2076,1786799205,381195430,1786799205.381196,6310.859267455797,400.0
2077,1786799205,429465249,1786799205.429465,6333.531544887629,400.0
2078,1786799205,480713670,1786799205.480714,6296.706516190779,400.0
2079,1786799205,529388808,1786799205.529389,6338.9515433453225,400.0
2080,1786799205,579766165,1786799205.579766,6316.179534162003,400.0
2081,1786799205,631574949,1786799205.631575,6313.781844473077,400.0
2082,1786799205,678557276,1786799205.678557,6310.6423943551645,400.0
2083,1786799205,730643803,1786799205.730644,6327.297072052,400.0
2084,1786799205,778352980,1786799205.778353,6296.66856321677,400.0
2085,1786799205,830476945,1786799205.830477,6339.264127491374,400.0
2086,1786799205,881168446,1786799205.881168,6272.102208813746,400.0
2087,1786799205,930058071,1786799205.930058,6337.424753844788,400.0
2088,1786799205,980148057,1786799205.980148,6255.042329010234,400.0
2089,1786799206,28675585,1786799206.028676,6297.775170649089,400.0
2090,1786799206,79069982,1786799206.079070,6304.031904251768,400.0
2091,1786799206,130861226,1786799206.130861,6293.6658265444075,400.0
2092,1786799206,181251407,1786799206.181252,6293.062447301517,400.0
2093,1786799206,229779665,1786799206.229780,6341.523731529373,400.0
2094,1786799206,280449853,1786799206.280450,6304.499480848152,400.0
2095,1786799206,329172547,1786799206.329173,6298.927170011776,400.0
2096,1786799206,379897836,1786799206.379898,6312.40530272896,400.0
2097,1786799206,432384663,1786799206.432385,6322.794294691808,400.0
2098,1786799206,479139830,1786799206.479140,6283.674654124859,400.0
2099,1786799206,531273312,1786799206.531273,6314.822656070495,400.0
2100,1786799206,578417747,1786799206.578418,6310.857586442804,400.0
2101,1786799206,630985751,1786799206.630986,6326.954012935088,400.0
2102,1786799206,678200285,1786799206.678200,6309.326299109204,400.0
2103,1786799206,730091376,1786799206.730091,6262.692874247408,400.0
2104,1786799206,781255393,1786799206.781255,6288.175133878582,400.0
2105,1786799206,829606784,1786799206.829607,6311.360916214747,400.0
2106,1786799206,880391548,1786799206.880392,6325.091064165518,400.0
2107,1786799206,929605769,1786799206.929606,6315.162004467597,400.0
2108,1786799206,980424303,1786799206.980424,6301.702472506181,400.0
2109,1786799207,28748436,1786799207.028749,6311.452277154125,400.0
2110,1786799207,80015656,1786799207.080016,6310.682376290319,400.0
2111,1786799207,131414639,1786799207.131415,6332.623436984506,400.0
2112,1786799207,178757846,1786799207.178758,6296.673378087447,400.0
2113,1786799207,230961810,1786799207.230962,6280.555219380689,400.0
2114,1786799207,278484725,1786799207.278485,6308.738139318988,400.0
2115,1786799207,330419003,1786799207.330419,6314.994667466668,400.0
2116,1786799207,380933957,1786799207.380934,6298.509524022493,400.0
2117,1786799207,429658760,1786799207.429659,6316.086590283865,400.0
2118,1786799207,480853154,1786799207.480853,6308.509648637657,400.0
2119,1786799207,529613469,1786799207.529613,6305.5288697783035,400.0
2120,1786799207,580695428,1786799207.580695,6287.344207234966,400.0
2121,1786799207,629302456,1786799207.629303,6280.647579407875,400.0
2122,1786799207,680526436,1786799207.680526,6312.408219525621,400.0
2123,1786799207,729740373,1786799207.729740,6332.2846858296725,400.0
2124,1786799207,780507450,1786799207.780508,6302.138661744898,400.0
2125,1786799207,829102784,1786799207.829103,6310.85683600201,400.0
2126,1786799207,879651594,1786799207.879652,6305.653173470436,400.0
2127,1786799207,931185514,1786799207.931185,6312.226607812086,400.0
2128,1786799207,978722727,1786799207.978723,6345.211840207027,400.0
2129,1786799208,30272841,1786799208.030273,6330.19083675917,400.0
2130,1786799208,81144580,1786799208.081145,6288.756323240155,400.0
2131,1786799208,129437000,1786799208.129437,6317.747129080474,400.0
2132,1786799208,180153370,1786799208.180153,6331.885248735628,400.0
2133,1786799208,228700297,1786799208.228700,6319.221801156207,400.0
2134,1786799208,279941470,1786799208.279942,6337.529830705288,400.0
2135,1786799208,328546581,1786799208.328547,6336.808836217549,400.0
2136,1786799208,379499955,1786799208.379500,6329.243334214589,400.0
2137,1786799208,431296951,1786799208.431297,6302.779526173687,400.0
2138,1786799208,478493289,1786799208.478493,6338.307904006159,400.0
2139,1786799208,530562628,1786799208.530563,6334.402517078719,400.0
2140,1786799208,578033483,1786799208.578033,6343.422170652622,400.0
2141,1786799208,629547755,1786799208.629548,6345.806261377588,400.0
2142,1786799208,680357356,1786799208.680357,6326.50932668601,400.0
2143,1786799208,728809606,1786799208.728810,6331.654661825358,400.0
2144,1786799208,780155620,1786799208.780156,6329.766156290219,400.0
2145,1786799208,828757126,1786799208.828757,6317.408768863292,400.0
2146,1786799208,879944587,1786799208.879945,6340.67466154729,400.0
2147,1786799208,928525024,1786799208.928525,6321.48517344599,400.0
2148,1786799208,979171867,1786799208.979172,6322.8954788964265,400.0
2149,1786799209,30980899,1786799209.030981,6332.411631611523,400.0
2150,1786799209,78303238,1786799209.078303,6313.169089135642,400.0
2151,1786799209,130568190,1786799209.130568,6323.065277916356,400.0
2152,1786799209,180942049,1786799209.180942,6293.262570230894,400.0
2153,1786799209,229641797,1786799209.229642,6300.410708523036,400.0
2154,1786799209,280193159,1786799209.280193,6290.14814666251,400.0
2155,1786799209,328915938,1786799209.328916,6342.6464418782125,400.0
2156,1786799209,379528046,1786799209.379528,6287.145127679858,400.0
2157,1786799209,431580031,1786799209.431580,6321.133693910899,400.0
2158,1786799209,478432815,1786799209.478433,6293.40997835738,400.0
2159,1786799209,530719512,1786799209.530720,6320.846857462512,400.0
2160,1786799209,581135543,1786799209.581136,6293.712503964572,400.0
2161,1786799209,629419648,1786799209.629420,6322.827430376286,400.0
2162,1786799209,680258663,1786799209.680259,6271.839908766802,400.0
2163,1786799209,729352045,1786799209.729352,6338.0899078543725,400.0
2164,1786799209,779874681,1786799209.779875,6315.530858581418,400.0
2165,1786799209,828382549,1786799209.828382,6317.879095971246,400.0
2166,1786799209,879059318,1786799209.879059,6311.287843758653,400.0
2167,1786799209,930931488,1786799209.930932,6326.561440027385,400.0
2168,1786799209,978178548,1786799209.978179,6296.851360748474,400.0
2169,1786799210,29685541,1786799210.029685,6341.749062060905,400.0
2170,1786799210,80413112,1786799210.080413,6309.548869538764,400.0
2171,1786799210,129083274,1786799210.129083,6330.828142985139,400.0
2172,1786799210,180118310,1786799210.180118,6305.095815059841,400.0
2173,1786799210,228251438,1786799210.228251,6291.281417348213,400.0
2174,1786799210,279322142,1786799210.279322,6329.2282513825185,400.0
2175,1786799210,330919189,1786799210.330919,6334.026655697866,400.0
2176,1786799210,377977005,1786799210.377977,6300.820988063307,400.0
2177,1786799210,429514435,1786799210.429514,6309.2661249388175,400.0
2178,1786799210,480032345,1786799210.480032,6309.995316569055,400.0
2179,1786799210,528348199,1786799210.528348,6312.429940668918,400.0
2180,1786799210,579371827,1786799210.579372,6284.886641361026,400.0
2181,1786799210,631109261,1786799210.631109,6309.687689254522,400.0
2182,1786799210,678157760,1786799210.678158,6291.626557741708,400.0
2183,1786799210,729885093,1786799210.729885,6319.297814440451,400.0
2184,1786799210,780639460,1786799210.780639,6330.469041621562,400.0
2185,1786799210,829124858,1786799210.829125,6300.253398963917,400.0
2186,1786799210,880210080,1786799210.880210,6322.521160205365,400.0
2187,1786799210,928506730,1786799210.928507,6308.722585945341,400.0
2188,1786799210,978972577,1786799210.978973,6322.3072105921,400.0
2189,1786799211,30616400,1786799211.030616,6319.981568729084,400.0
2190,1786799211,77857446,1786799211.077857,6329.271240827563,400.0
2191,1786799211,130444536,1786799211.130445,6274.341756992268,400.0
2192,1786799211,180680593,1786799211.180681,6293.251792339456,400.0
2193,1786799211,229058745,1786799211.229059,6312.53031023826,400.0
2194,1786799211,279682756,1786799211.279683,6292.7570895885665,400.0
2195,1786799211,331309664,1786799211.331310,6332.046925613622,400.0
2196,1786799211,379028602,1786799211.379029,6291.906463802713,400.0
2197,1786799211,430856576,1786799211.430856,6324.148091432274,400.0
2198,1786799211,477673736,1786799211.477674,6315.1941874901695,400.0
2199,1786799211,529736425,1786799211.529737,6319.69430298539,400.0
2200,1786799211,580801331,1786799211.580801,6299.704264426302,400.0
2201,1786799211,679775501,1786799211.679775,6296.413708759324,400.0
2202,1786799211,728755904,1786799211.728756,6298.92346023565,400.0
2203,1786799211,779062482,1786799211.779063,6288.173702531651,400.0
2204,1786799211,830877796,1786799211.830878,6292.797874598897,400.0
2205,1786799211,878851358,1786799211.878851,6282.634531303969,400.0
2206,1786799211,930837768,1786799211.930838,6285.667209446342,400.0
2207,1786799211,978209855,1786799211.978210,6266.4811046017185,400.0
2208,1786799212,30365609,1786799212.030366,6317.353423241916,400.0
2209,1786799212,78191656,1786799212.078192,6286.281368812021,400.0
2210,1786799212,130038900,1786799212.130039,6276.785511471776,400.0
2211,1786799212,180642193,1786799212.180642,6270.246993562065,400.0
2212,1786799212,229588647,1786799212.229589,6290.695198191477,400.0
2213,1786799212,280041120,1786799212.280041,6320.051856631013,400.0
2214,1786799212,328496113,1786799212.328496,6292.926605330558,400.0
2215,1786799212,379434391,1786799212.379434,6318.676142284286,400.0
2216,1786799212,428404980,1786799212.428405,6301.163944128578,400.0
2217,1786799212,479098247,1786799212.479098,6299.219544134633,400.0
2218,1786799212,530936779,1786799212.530937,6297.5631093189695,400.0
2219,1786799212,578162825,1786799212.578163,6283.303334707774,400.0
2220,1786799212,630034847,1786799212.630035,6315.850237878671,400.0
2221,1786799212,677840215,1786799212.677840,6303.026640396191,400.0
2222,1786799212,730015769,1786799212.730016,6315.173869855631,400.0
2223,1786799212,777821695,1786799212.777822,6331.55170319601,400.0
2224,1786799212,830035021,1786799212.830035,6300.197411810356,400.0
2225,1786799212,877549012,1786799212.877549,6293.174577065863,400.0
2226,1786799212,929358653,1786799212.929359,6315.405606022929,400.0
2227,1786799212,980106915,1786799212.980107,6296.096796971786,400.0
2228,1786799213,28789050,1786799213.028789,6316.462724858249,400.0
2229,1786799213,79108989,1786799213.079109,6283.955620160676,400.0
2230,1786799213,130750695,1786799213.130751,6305.795980668763,400.0
2231,1786799213,178272464,1786799213.178272,6329.087830962222,400.0
2232,1786799213,229812707,1786799213.229813,6292.400693958156,400.0
2233,1786799213,277826957,1786799213.277827,6330.785693918974,400.0
2234,1786799213,329652745,1786799213.329653,6340.109488492394,400.0
2235,1786799213,377405514,1786799213.377405,6296.348849231826,400.0
2236,1786799213,429511658,1786799213.429512,6303.7074435217,400.0
2237,1786799213,480127918,1786799213.480128,6300.396801061885,400.0
2238,1786799213,529017797,1786799213.529018,6301.0005301407555,400.0
2239,1786799213,579379631,1786799213.579380,6311.021406901206,400.0
2240,1786799213,631386667,1786799213.631387,6312.773232706777,400.0
2241,1786799213,678586045,1786799213.678586,6314.625584023337,400.0
2242,1786799213,730449842,1786799213.730450,6329.146100753847,400.0
2243,1786799213,777795333,1786799213.777795,6329.052182304431,400.0
2244,1786799213,829786935,1786799213.829787,6368.803879795523,400.0
2245,1786799213,880708817,1786799213.880709,6323.531375609131,400.0
2246,1786799213,929187685,1786799213.929188,6343.9898709125,400.0
2247,1786799213,979512992,1786799213.979513,6311.816477697633,400.0
2248,1786799214,28045569,1786799214.028046,6323.205629518592,400.0
2249,1786799214,78557294,1786799214.078557,6329.276337110767,400.0
2250,1786799214,130481997,1786799214.130482,6365.26743292883,400.0
2251,1786799214,178406599,1786799214.178407,6327.832059897937,400.0
2252,1786799214,230589640,1786799214.230590,6352.756908191699,400.0
2253,1786799214,277979787,1786799214.277980,6340.325153543167,400.0
2254,1786799214,330043403,1786799214.330043,6326.409663552772,400.0
2255,1786799214,380229662,1786799214.380230,6326.946593876415,400.0
2256,1786799214,429090558,1786799214.429090,6322.974255470004,400.0
2257,1786799214,479483899,1786799214.479484,6334.918397114554,400.0
2258,1786799214,528281247,1786799214.528281,6316.361215605094,400.0
2259,1786799214,578889598,1786799214.578890,6349.1972050866825,400.0
2260,1786799214,631356031,1786799214.631356,6324.529946759043,400.0
2261,1786799214,678824107,1786799214.678824,6307.173278231677,400.0
2262,1786799214,730902574,1786799214.730903,6349.288892958735,400.0
2263,1786799214,778009008,1786799214.778009,6352.9493652973915,400.0
2264,1786799214,829775943,1786799214.829776,6329.342583848379,400.0
2265,1786799214,880566195,1786799214.880566,6331.840676740616,400.0
2266,1786799214,929135465,1786799214.929136,6313.292761644999,400.0
2267,1786799214,980185008,1786799214.980185,6321.377908281769,400.0
2268,1786799215,28822243,1786799215.028822,6320.573046702883,400.0
2269,1786799215,79611541,1786799215.079612,6337.944411216141,400.0
2270,1786799215,128754157,1786799215.128754,6334.231062515994,400.0
2271,1786799215,179209364,1786799215.179209,6293.499156665111,400.0
2272,1786799215,227768821,1786799215.227769,6284.1766989266,400.0
2273,1786799215,278290239,1786799215.278290,6328.8173189645495,400.0
2274,1786799215,330181017,1786799215.330181,6313.141708076923,400.0
2275,1786799215,377507211,1786799215.377507,6293.613709306309,400.0
2276,1786799215,429209387,1786799215.429209,6316.975289519752,400.0
2277,1786799215,479826469,1786799215.479826,6316.025717479184,400.0
2278,1786799215,528440670,1786799215.528441,6323.13561870822,400.0
2279,1786799215,579232350,1786799215.579232,6292.092433148493,400.0
2280,1786799215,631215051,1786799215.631215,6273.9059782425675,400.0
2281,1786799215,678293034,1786799215.678293,6323.983271978969,400.0
2282,1786799215,730308047,1786799215.730308,6290.333950321828,400.0
2283,1786799215,777935022,1786799215.777935,6287.266336850891,400.0
2284,1786799215,829875420,1786799215.829875,6290.410292935383,400.0
2285,1786799215,877505827,1786799215.877506,6284.390931319142,400.0
2286,1786799215,929822351,1786799215.929822,6273.893482947466,400.0
2287,1786799215,979972183,1786799215.979972,6306.236378955568,400.0
2288,1786799216,28183612,1786799216.028184,6310.319653333415,400.0
2289,1786799216,78815622,1786799216.078816,6296.696000362605,400.0
2290,1786799216,130492067,1786799216.130492,6279.868462451504,400.0
2291,1786799216,177970330,1786799216.177970,6283.625155325817,400.0
2292,1786799216,230145709,1786799216.230146,6286.285223516854,400.0
2293,1786799216,277830227,1786799216.277830,6296.016449194556,400.0
2294,1786799216,328603320,1786799216.328603,6307.45885831864,400.0
2295,1786799216,379870321,1786799216.379870,6293.253368255989,400.0
2296,1786799216,428267250,1786799216.428267,6299.487982769245,400.0
2297,1786799216,479190585,1786799216.479191,6315.146439136717,400.0
2298,1786799216,530768528,1786799216.530769,6329.710806094295,400.0
2299,1786799216,577876217,1786799216.577876,6323.207780852244,400.0
2300,1786799216,629341382,1786799216.629341,6277.451982146572,400.0
2301,1786799216,680264594,1786799216.680265,6315.288062632697,400.0
2302,1786799216,729117934,1786799216.729118,6319.548851130734,400.0
2303,1786799216,780101297,1786799216.780101,6311.878939123055,400.0
2304,1786799216,828345479,1786799216.828346,6322.065791981831,400.0
2305,1786799216,879538584,1786799216.879539,6280.2486145016355,400.0
2306,1786799216,928151406,1786799216.928151,6334.656988740854,400.0
2307,1786799216,978898094,1786799216.978898,6305.906934552763,400.0
2308,1786799217,27623912,1786799217.027624,6290.541860363433,400.0
2309,1786799217,78135120,1786799217.078135,6322.465882476855,400.0
2310,1786799217,129620811,1786799217.129621,6343.736525843677,400.0
2311,1786799217,180284812,1786799217.180285,6314.5311370191675,400.0
2312,1786799217,228606679,1786799217.228607,6322.656262514373,400.0
2313,1786799217,279354190,1786799217.279354,6329.719657205189,400.0
2314,1786799217,327614906,1786799217.327615,6313.765485996797,400.0
2315,1786799217,378174226,1786799217.378174,6343.590171921435,400.0
2316,1786799217,430066338,1786799217.430066,6359.172271736956,400.0
2317,1786799217,477109123,1786799217.477109,6341.681075364357,400.0
2318,1786799217,528826064,1786799217.528826,6316.8094375232195,400.0
2319,1786799217,579369201,1786799217.579369,6341.213173630491,400.0
2320,1786799217,627946254,1786799217.627946,6335.462647976182,400.0
2321,1786799217,678255111,1786799217.678255,6322.386799080464,400.0
2322,1786799217,730167141,1786799217.730167,6314.113198303118,400.0
2323,1786799217,777346356,1786799217.777346,6318.707743906214,400.0
2324,1786799217,829447479,1786799217.829448,6330.979628659276,400.0
2325,1786799217,876922385,1786799217.876922,6340.130718574887,400.0
2326,1786799217,928712664,1786799217.928713,6319.078769439469,400.0
2327,1786799217,980061019,1786799217.980061,6296.408974330667,400.0
2328,1786799218,28881901,1786799218.028882,6370.906420444061,400.0
2329,1786799218,128217832,1786799218.128218,6301.736931584637,400.0
2330,1786799218,179272065,1786799218.179272,6300.062122300542,400.0
2331,1786799218,227924094,1786799218.227924,6294.733607936719,400.0
2332,1786799218,278738408,1786799218.278738,6336.559183645001,400.0
2333,1786799218,327983293,1786799218.327983,6322.071297491271,400.0
2334,1786799218,378445626,1786799218.378446,6305.516295773024,400.0
2335,1786799218,430183267,1786799218.430183,6321.616225977111,400.0
2336,1786799218,478102092,1786799218.478102,6347.075162571394,400.0
2337,1786799218,530162396,1786799218.530162,6311.066643460031,400.0
2338,1786799218,577101311,1786799218.577101,6337.488751291738,400.0
2339,1786799218,629026253,1786799218.629026,6330.803267303569,400.0
2340,1786799218,679986265,1786799218.679986,6331.09475027936,400.0
2341,1786799218,728765340,1786799218.728765,6290.847491818793,400.0
2342,1786799218,779375558,1786799218.779376,6326.188426142672,400.0
2343,1786799218,827678277,1786799218.827678,6333.089453168807,400.0
2344,1786799218,878347685,1786799218.878348,6314.571986773144,400.0
2345,1786799218,930790484,1786799218.930790,6295.791009120299,400.0
2346,1786799218,978168732,1786799218.978169,6325.511146933122,400.0
2347,1786799219,30612486,1786799219.030612,6307.855591080934,400.0
2348,1786799219,77436727,1786799219.077437,6273.528802957937,400.0
2349,1786799219,129632167,1786799219.129632,6294.140209274503,400.0
2350,1786799219,179915689,1786799219.179916,6339.036592962381,400.0
2351,1786799219,228508044,1786799219.228508,6324.2157061898,400.0
2352,1786799219,279168232,1786799219.279168,6298.887338321845,400.0
2353,1786799219,327781214,1786799219.327781,6299.703183355292,400.0
2354,1786799219,378677002,1786799219.378677,6316.247077611225,400.0
2355,1786799219,427935243,1786799219.427935,6283.97829717272,400.0
2356,1786799219,478850064,1786799219.478850,6295.263477871572,400.0
2357,1786799219,528234402,1786799219.528234,6305.136256557558,400.0
2358,1786799219,579057435,1786799219.579057,6319.57504883659,400.0
2359,1786799219,627566651,1786799219.627567,6326.170112378137,400.0
2360,1786799219,678872767,1786799219.678873,6285.383533187906,400.0
2361,1786799219,728007833,1786799219.728008,6329.015006380569,400.0
2362,1786799219,778726541,1786799219.778727,6287.448898073621,400.0
2363,1786799219,830526949,1786799219.830527,6332.445592072666,400.0
2364,1786799219,877586849,1786799219.877587,6312.28449568021,400.0
2365,1786799219,929396166,1786799219.929396,6274.165168966178,400.0
2366,1786799219,976742481,1786799219.976743,6331.916846582094,400.0
2367,1786799220,28467077,1786799220.028467,6308.5330058618765,400.0
2368,1786799220,79202460,1786799220.079202,6277.34683905782,400.0
2369,1786799220,127874552,1786799220.127875,6306.674232098142,400.0
2370,1786799220,178733565,1786799220.178734,6295.758572723365,400.0
2371,1786799220,230792643,1786799220.230793,6331.01143716281,400.0
2372,1786799220,278045515,1786799220.278045,6329.581027063417,400.0
2373,1786799220,329643934,1786799220.329644,6342.21892071561,400.0
2374,1786799220,377520174,1786799220.377520,6302.851153357226,400.0
2375,1786799220,429288051,1786799220.429288,6288.323352608186,400.0
2376,1786799220,479782804,1786799220.479783,6313.31160431449,400.0
2377,1786799220,527991652,1786799220.527992,6305.838233364836,400.0
2378,1786799220,579287467,1786799220.579288,6312.114907706838,400.0
2379,1786799220,628057768,1786799220.628058,6301.714835886798,400.0
2380,1786799220,679056726,1786799220.679057,6319.219507297815,400.0
2381,1786799220,727900395,1786799220.727901,6316.592518858397,400.0
2382,1786799220,778326505,1786799220.778327,6310.311160641325,400.0
2383,1786799220,830737482,1786799220.830738,6306.14647620684,400.0
2384,1786799220,877652273,1786799220.877652,6316.2585110175805,400.0
2385,1786799220,929897262,1786799220.929897,6296.211774719112,400.0
2386,1786799220,976710240,1786799220.976710,6302.227928721225,400.0
2387,1786799221,28503110,1786799221.028503,6326.644731804171,400.0
2388,1786799221,78940369,1786799221.078940,6337.419048855372,400.0
2389,1786799221,127486463,1786799221.127486,6338.918434635029,400.0
2390,1786799221,178432818,1786799221.178433,6309.499001580925,400.0
2391,1786799221,230281613,1786799221.230282,6298.510078721901,400.0
2392,1786799221,277429261,1786799221.277429,6292.305300039073,400.0
2393,1786799221,329261700,1786799221.329262,6263.582212027053,400.0
2394,1786799221,379905356,1786799221.379905,6296.967449947674,400.0
2395,1786799221,428572023,1786799221.428572,6330.430589511448,400.0
2396,1786799221,476862477,1786799221.476862,6304.859851939088,400.0
2397,1786799221,528989551,1786799221.528990,6325.173520865064,400.0
2398,1786799221,576579455,1786799221.576580,6301.795002742409,400.0
2399,1786799221,628041308,1786799221.628041,6292.868153850725,400.0
2400,1786799221,679095481,1786799221.679096,6310.036682937407,400.0
2401,1786799221,727340821,1786799221.727341,6280.473844226576,400.0
2402,1786799221,777925845,1786799221.777926,6280.5348349478245,400.0
2403,1786799221,829991114,1786799221.829991,6298.652435661404,400.0
2404,1786799221,877138129,1786799221.877138,6315.4096993619805,400.0
2405,1786799221,929787826,1786799221.929788,6297.359589800381,400.0
2406,1786799222,28836475,1786799222.028836,6322.8541238510315,400.0
2407,1786799222,78567747,1786799222.078568,6311.543060234536,400.0
2408,1786799222,127918124,1786799222.127918,6307.7218229940845,400.0
2409,1786799222,177518692,1786799222.177519,6307.070889652979,400.0
2410,1786799222,229587726,1786799222.229588,6308.329225236047,400.0
2411,1786799222,276564192,1786799222.276564,6280.303341501559,400.0
2412,1786799222,328378991,1786799222.328379,6370.710349894056,400.0
2413,1786799222,378890331,1786799222.378890,6330.221207795196,400.0
2414,1786799222,427192716,1786799222.427193,6317.034018871472,400.0
2415,1786799222,477645976,1786799222.477646,6322.784876897336,400.0
2416,1786799222,529331183,1786799222.529331,6295.392392372319,400.0
2417,1786799222,576866656,1786799222.576867,6313.27033142104,400.0
2418,1786799222,629145106,1786799222.629145,6305.760000033142,400.0
2419,1786799222,676370270,1786799222.676370,6320.740885725444,400.0
2420,1786799222,728350176,1786799222.728350,6301.898424835071,400.0
2421,1786799222,779016585,1786799222.779016,6292.641276735324,400.0
2422,1786799222,827425857,1786799222.827426,6302.456598806703,400.0
2423,1786799222,878350143,1786799222.878350,6314.89358959509,400.0
2424,1786799222,930144648,1786799222.930145,6317.586967116535,400.0
2425,1786799222,977429583,1786799222.977430,6325.4971111632085,400.0
2426,1786799223,30239760,1786799223.030240,6321.050903431601,400.0
2427,1786799223,77005373,1786799223.077005,6305.659533154951,400.0
2428,1786799223,131702998,1786799223.131703,6348.23853836229,400.0
2429,1786799223,180118984,1786799223.180119,6319.303146133158,400.0
2430,1786799223,230988018,1786799223.230988,6300.7815940733735,400.0
2431,1786799223,282461403,1786799223.282461,6327.3357993116915,400.0
2432,1786799223,330291717,1786799223.330292,6307.074291985346,400.0
2433,1786799223,381675963,1786799223.381676,6307.42226220935,400.0
2434,1786799223,430220510,1786799223.430221,6327.770643825348,400.0
2435,1786799223,481206200,1786799223.481206,6311.345636129368,400.0
2436,1786799223,533155088,1786799223.533155,6277.21011340658,400.0
2437,1786799223,580913282,1786799223.580913,6308.466103992149,400.0
2438,1786799223,632201623,1786799223.632202,6298.272421592079,400.0
2439,1786799223,680457942,1786799223.680458,6321.851814608791,400.0
2440,1786799223,731940343,1786799223.731940,6327.28232146342,400.0
2441,1786799223,780391005,1786799223.780391,6320.8963548517995,400.0
2442,1786799223,831960087,1786799223.831960,6295.503159403787,400.0
2443,1786799223,880153281,1786799223.880153,6309.798909423812,400.0
2444,1786799223,931436766,1786799223.931437,6290.68272246217,400.0
2445,1786799223,979893282,1786799223.979893,6313.794308062681,400.0
2446,1786799224,31015526,1786799224.031016,6335.399439490247,400.0
2447,1786799224,82255251,1786799224.082255,6306.844382460589,400.0
2448,1786799224,129928420,1786799224.129928,6325.684004214222,400.0
2449,1786799224,181157806,1786799224.181158,6305.374093897565,400.0
2450,1786799224,232374435,1786799224.232374,6315.087509684584,400.0
2451,1786799224,279942823,1786799224.279943,6321.4550417310265,400.0
2452,1786799224,331099515,1786799224.331100,6290.056821844474,400.0
2453,1786799224,382461209,1786799224.382461,6307.9136210696,400.0
2454,1786799224,430492135,1786799224.430492,6308.186628458423,400.0
2455,1786799224,481630852,1786799224.481631,6290.873379719628,400.0
2456,1786799224,529528813,1786799224.529529,6303.564731388894,400.0
2457,1786799224,580545003,1786799224.580545,6312.849522090902,400.0
2458,1786799224,631802397,1786799224.631802,6317.422823414581,400.0
2459,1786799224,682897121,1786799224.682897,6310.34450869507,400.0
2460,1786799224,730904666,1786799224.730905,6281.311997475566,400.0
2461,1786799224,783030564,1786799224.783031,6318.559131938314,400.0
2462,1786799224,830709752,1786799224.830710,6297.572993729368,400.0
2463,1786799224,882196343,1786799224.882196,6291.312783258124,400.0
2464,1786799224,930319383,1786799224.930319,6314.797623791688,400.0
2465,1786799224,981897698,1786799224.981898,6319.5865271454195,400.0
2466,1786799225,29742407,1786799225.029742,6340.173090611917,400.0
2467,1786799225,80876045,1786799225.080876,6290.95696635879,400.0
2468,1786799225,131868351,1786799225.131868,6296.429748507024,400.0
2469,1786799225,179975305,1786799225.179975,6310.6402359464255,400.0
2470,1786799225,231219789,1786799225.231220,6325.280130916514,400.0
2471,1786799225,282417604,1786799225.282418,6331.001540384423,400.0
2472,1786799225,330169279,1786799225.330169,6349.303740777969,400.0
2473,1786799225,381394815,1786799225.381395,6356.66989312589,400.0
2474,1786799225,432602735,1786799225.432603,6303.933791208981,400.0
2475,1786799225,480887351,1786799225.480887,6312.001396220572,400.0
2476,1786799225,532089193,1786799225.532089,6307.451650458314,400.0
2477,1786799225,579728919,1786799225.579729,6291.920983951265,400.0
2478,1786799225,631376661,1786799225.631377,6280.448670837656,400.0
2479,1786799225,679516226,1786799225.679516,6292.326536330045,400.0
2480,1786799225,730920648,1786799225.730921,6288.969149352168,400.0
2481,1786799225,781942509,1786799225.781943,6302.897564273013,400.0
2482,1786799225,829844244,1786799225.829844,6307.747899444936,400.0
2483,1786799225,881624903,1786799225.881625,6316.560273122412,400.0
2484,1786799225,932675754,1786799225.932676,6291.174890022014,400.0
2485,1786799225,980967904,1786799225.980968,6264.624972272962,400.0
2486,1786799226,31949029,1786799226.031949,6284.774684620602,400.0
2487,1786799226,80240274,1786799226.080240,6321.3893552348645,400.0
2488,1786799226,131230973,1786799226.131231,6271.100220787457,400.0
2489,1786799226,179884102,1786799226.179884,6316.749468211883,400.0
2490,1786799226,230990740,1786799226.230991,6277.923851331369,400.0
2491,1786799226,282695033,1786799226.282695,6322.315347965247,400.0
2492,1786799226,330693567,1786799226.330693,6293.221076239347,400.0
2493,1786799226,382096610,1786799226.382097,6313.402451365429,400.0
2494,1786799226,429754677,1786799226.429755,6298.140857185513,400.0
2495,1786799226,481454750,1786799226.481455,6300.773542166282,400.0
2496,1786799226,529836405,1786799226.529836,6280.02016489279,400.0
2497,1786799226,580828423,1786799226.580828,6296.253677810813,400.0
2498,1786799226,632010540,1786799226.632010,6295.59414441576,400.0
2499,1786799226,680022979,1786799226.680023,6321.218024982635,400.0
2500,1786799226,731628505,1786799226.731628,6292.913993215538,400.0
2501,1786799226,779581128,1786799226.779581,6339.892991333571,400.0
2502,1786799226,831172468,1786799226.831172,6340.596037033511,400.0
2503,1786799226,879375120,1786799226.879375,6259.448146507606,400.0
2504,1786799226,930856746,1786799226.930857,6324.279447582938,400.0
2505,1786799226,982313357,1786799226.982313,6339.561084912504,400.0
2506,1786799227,30139539,1786799227.030139,6281.2011825517475,400.0
2507,1786799227,81195998,1786799227.081196,6319.457966160141,400.0
2508,1786799227,129771406,1786799227.129771,6297.3131490719925,400.0
2509,1786799227,180536143,1786799227.180536,6320.821100246653,400.0
2510,1786799227,231717763,1786799227.231718,6308.11617396312,400.0
2511,1786799227,279739977,1786799227.279740,6292.5384689259445,400.0
2512,1786799227,331190389,1786799227.331190,6296.253759294086,400.0
2513,1786799227,379288214,1786799227.379288,6287.890798561765,400.0
2514,1786799227,430926951,1786799227.430927,6307.559350901436,400.0
2515,1786799227,482552738,1786799227.482553,6305.5123106507735,400.0
2516,1786799227,530650332,1786799227.530650,6296.11748577921,400.0
2517,1786799227,582381986,1786799227.582382,6311.084595264136,400.0
2518,1786799227,630397910,1786799227.630398,6296.156404194439,400.0
2519,1786799227,681970259,1786799227.681970,6312.984692102889,400.0
2520,1786799227,730285265,1786799227.730285,6313.424939943612,400.0
2521,1786799227,781844653,1786799227.781845,6341.326895710058,400.0
2522,1786799227,829895637,1786799227.829896,6322.62544669357,400.0
2523,1786799227,881159913,1786799227.881160,6333.223002949966,400.0
2524,1786799227,932261592,1786799227.932262,6344.196783739884,400.0
2525,1786799227,979726609,1786799227.979727,6357.190704249113,400.0
2526,1786799228,31337332,1786799228.031337,6291.61114924362,400.0
2527,1786799228,82395902,1786799228.082396,6330.759804245312,400.0
2528,1786799228,129905018,1786799228.129905,6293.9808651198255,400.0
2529,1786799228,180926628,1786799228.180927,6316.676293302574,400.0
2530,1786799228,232405715,1786799228.232406,6332.794943675033,400.0
2531,1786799228,279825229,1786799228.279825,6345.743398355978,400.0
2532,1786799228,330869801,1786799228.330870,6305.64572974307,400.0
2533,1786799228,381747589,1786799228.381747,6317.811383948185,400.0
2534,1786799228,429403173,1786799228.429403,6321.711705459128,400.0
2535,1786799228,480937378,1786799228.480937,6301.123485623637,400.0
2536,1786799228,532180174,1786799228.532180,6305.427557848519,400.0
2537,1786799228,580041947,1786799228.580042,6332.180073811738,400.0
2538,1786799228,631017999,1786799228.631018,6303.0989814765535,400.0
2539,1786799228,682150181,1786799228.682150,6286.321046430476,400.0
2540,1786799228,730188793,1786799228.730189,6297.045808277234,400.0
2541,1786799228,781254311,1786799228.781254,6314.70765772409,400.0
2542,1786799228,830135534,1786799228.830136,6306.430425635501,400.0
2543,1786799228,880491466,1786799228.880491,6312.045121525975,400.0
2544,1786799228,931721559,1786799228.931721,6296.081488938107,400.0
2545,1786799228,979343564,1786799228.979344,6310.935669492275,400.0
2546,1786799229,30536423,1786799229.030536,6315.011647018672,400.0
2547,1786799229,81589110,1786799229.081589,6298.761833973195,400.0
2548,1786799229,129392974,1786799229.129393,6272.622452069261,400.0
2549,1786799229,180350606,1786799229.180351,6313.8817034019985,400.0
2550,1786799229,231956196,1786799229.231956,6284.707195752365,400.0
2551,1786799229,280005751,1786799229.280006,6329.1280924095645,400.0
2552,1786799229,331039631,1786799229.331040,6283.254668033858,400.0
2553,1786799229,382347611,1786799229.382348,6334.599751469716,400.0
2554,1786799229,430234312,1786799229.430234,6326.645120045603,400.0
2555,1786799229,481521900,1786799229.481522,6305.151127164774,400.0
2556,1786799229,529271974,1786799229.529272,6306.567553756537,400.0
2557,1786799229,580486118,1786799229.580486,6324.325101078217,400.0
2558,1786799229,631528575,1786799229.631529,6306.455621982467,400.0
2559,1786799229,679505099,1786799229.679505,6310.165081667112,400.0
2560,1786799229,731193277,1786799229.731193,6304.991521466572,400.0
2561,1786799229,779054750,1786799229.779055,6315.082112085972,400.0
2562,1786799229,830227003,1786799229.830227,6286.029855153399,400.0
2563,1786799229,881546278,1786799229.881546,6337.99700934754,400.0
2564,1786799229,929419557,1786799229.929420,6304.657865343646,400.0
2565,1786799229,980553351,1786799229.980553,6287.931411689369,400.0
2566,1786799230,31634148,1786799230.031634,6296.729907701067,400.0
2567,1786799230,79748868,1786799230.079749,6329.836289257052,400.0
2568,1786799230,131105300,1786799230.131105,6325.5848798918305,400.0
2569,1786799230,178954928,1786799230.178955,6342.774317692814,400.0
2570,1786799230,230189604,1786799230.230190,6299.185413622537,400.0
2571,1786799230,281357185,1786799230.281357,6311.362246633251,400.0
2572,1786799230,329392120,1786799230.329392,6336.668061612142,400.0
2573,1786799230,380867294,1786799230.380867,6316.828440808701,400.0
2574,1786799230,432244538,1786799230.432245,6312.658133108801,400.0
2575,1786799230,480348578,1786799230.480349,6304.987931551635,400.0
2576,1786799230,531483753,1786799230.531484,6323.170724372574,400.0
2577,1786799230,579430288,1786799230.579430,6327.650717854393,400.0
2578,1786799230,630905449,1786799230.630905,6303.789727851636,400.0
2579,1786799230,679053269,1786799230.679053,6307.990772354114,400.0
2580,1786799230,730500851,1786799230.730501,6295.263465931087,400.0
2581,1786799230,782284609,1786799230.782284,6325.785954120148,400.0
2582,1786799230,830214474,1786799230.830215,6319.812862770423,400.0
2583,1786799230,881716168,1786799230.881716,6274.101441307435,400.0
2584,1786799230,929680018,1786799230.929680,6306.312776851098,400.0
2585,1786799230,980678264,1786799230.980678,6289.428037587922,400.0
2586,1786799231,31721574,1786799231.031722,6299.992363947274,400.0
2587,1786799231,79495224,1786799231.079495,6275.1768453909435,400.0
2588,1786799231,130810321,1786799231.130810,6321.85542325841,400.0
2589,1786799231,181893174,1786799231.181893,6338.48357322034,400.0
2590,1786799231,229858057,1786799231.229858,6357.78453865594,400.0
2591,1786799231,281496702,1786799231.281497,6333.412350168993,400.0
2592,1786799231,329578005,1786799231.329578,6323.314312101257,400.0
2593,1786799231,380871591,1786799231.380872,6341.274645828211,400.0
2594,1786799231,432184769,1786799231.432185,6317.588710166426,400.0
2595,1786799231,479933530,1786799231.479934,6338.070026648365,400.0
2596,1786799231,531033043,1786799231.531033,6325.789279800756,400.0
2597,1786799231,582382825,1786799231.582383,6336.027837952261,400.0
2598,1786799231,630015824,1786799231.630016,6329.230783235856,400.0
2599,1786799231,681696672,1786799231.681697,6323.653900410942,400.0
2600,1786799231,781320753,1786799231.781321,6292.878952208465,400.0
2601,1786799231,829505924,1786799231.829506,6298.663931414767,400.0
2602,1786799231,881181875,1786799231.881182,6318.121915165931,400.0
2603,1786799231,929179139,1786799231.929179,6298.608959609122,400.0
2604,1786799231,980769156,1786799231.980769,6327.514038732256,400.0
2605,1786799232,28844669,1786799232.028845,6318.281131133054,400.0
2606,1786799232,80421056,1786799232.080421,6334.062940795182,400.0
2607,1786799232,131680528,1786799232.131680,6305.65041169291,400.0
2608,1786799232,179713624,1786799232.179714,6306.620041419824,400.0
2609,1786799232,230899261,1786799232.230899,6322.1281919022695,400.0
2610,1786799232,282021307,1786799232.282021,6260.966224603097,400.0
2611,1786799232,330110458,1786799232.330111,6313.519499128673,400.0
2612,1786799232,381300946,1786799232.381301,6291.723814536093,400.0
2613,1786799232,429161793,1786799232.429162,6288.070239920534,400.0
2614,1786799232,480830208,1786799232.480830,6304.349621100631,400.0
2615,1786799232,532130925,1786799232.532131,6331.350335959264,400.0
2616,1786799232,580222828,1786799232.580223,6296.769103229645,400.0
2617,1786799232,632038098,1786799232.632038,6310.443638615265,400.0
2618,1786799232,679813075,1786799232.679813,6295.596692731215,400.0
2619,1786799232,731589515,1786799232.731590,6321.334626352758,400.0
2620,1786799232,779811484,1786799232.779811,6289.707668379116,400.0
2621,1786799232,831592012,1786799232.831592,6348.798223068537,400.0
2622,1786799232,879652415,1786799232.879653,6304.065685395589,400.0
2623,1786799232,930892949,1786799232.930893,6272.957873521006,400.0
2624,1786799232,982212161,1786799232.982212,6307.351486168078,400.0
2625,1786799233,29915240,1786799233.029915,6312.079078424267,400.0
2626,1786799233,80777445,1786799233.080777,6302.680489866015,400.0
2627,1786799233,131677670,1786799233.131678,6336.698883535757,400.0
2628,1786799233,179401721,1786799233.179402,6311.056170656208,400.0
2629,1786799233,230684696,1786799233.230685,6273.35092068227,400.0
2630,1786799233,282039326,1786799233.282039,6321.51879603164,400.0
2631,1786799233,330001158,1786799233.330001,6315.357417740924,400.0
2632,1786799233,381415776,1786799233.381416,6260.856097485035,400.0
2633,1786799233,429715813,1786799233.429716,6314.309048760854,400.0
2634,1786799233,481427198,1786799233.481427,6307.167136598059,400.0
2635,1786799233,529722419,1786799233.529722,6256.481358010505,400.0
2636,1786799233,581493619,1786799233.581494,6340.748333533653,400.0
2637,1786799233,629213506,1786799233.629214,6328.733970698093,400.0
2638,1786799233,680915764,1786799233.680916,6319.104293911537,400.0
2639,1786799233,729125829,1786799233.729126,6281.690041717183,400.0
2640,1786799233,780989138,1786799233.780989,6342.047178014846,400.0
2641,1786799233,829078074,1786799233.829078,6312.253603435858,400.0
2642,1786799233,881121525,1786799233.881122,6307.337891204222,400.0
2643,1786799233,929152835,1786799233.929153,6316.196734580087,400.0
2644,1786799233,980589452,1786799233.980589,6284.651485674421,400.0
2645,1786799234,29032954,1786799234.029033,6351.326508879094,400.0
2646,1786799234,80554541,1786799234.080554,6335.413694916341,400.0
2647,1786799234,131625443,1786799234.131625,6309.156568872708,400.0
2648,1786799234,179601302,1786799234.179601,6329.552191266181,400.0
2649,1786799234,230905711,1786799234.230906,6304.595513316324,400.0
2650,1786799234,278666560,1786799234.278666,6288.590160932236,400.0
2651,1786799234,330265030,1786799234.330265,6323.046327328535,400.0
2652,1786799234,378646082,1786799234.378646,6331.52166234622,400.0
2653,1786799234,430137187,1786799234.430137,6317.592121816824,400.0
2654,1786799234,481709866,1786799234.481710,6290.800577292537,400.0
2655,1786799234,529632554,1786799234.529633,6297.351405535917,400.0
2656,1786799234,580670901,1786799234.580671,6289.303511182961,400.0
2657,1786799234,629140138,1786799234.629140,6327.281984995579,400.0
2658,1786799234,680465101,1786799234.680465,6285.6060014301975,400.0
2659,1786799234,729066946,1786799234.729067,6324.759624116765,400.0
2660,1786799234,780290503,1786799234.780291,6329.531682278512,400.0
2661,1786799234,879957625,1786799234.879958,6335.578306408331,400.0
2662,1786799234,931146996,1786799234.931147,6308.372729409132,400.0
2663,1786799234,979045275,1786799234.979045,6340.872819027172,400.0
2664,1786799235,30188393,1786799235.030188,6288.0035114858365,400.0
2665,1786799235,81983235,1786799235.081983,6317.705474250937,400.0
2666,1786799235,129808901,1786799235.129809,6297.784825935079,400.0
2667,1786799235,181135297,1786799235.181135,6328.785027018302,400.0
2668,1786799235,229216422,1786799235.229216,6289.1870340323385,400.0
2669,1786799235,280709827,1786799235.280710,6286.967088288757,400.0
2670,1786799235,328614196,1786799235.328614,6358.822840489558,400.0
2671,1786799235,379508218,1786799235.379508,6273.178143923041,400.0
2672,1786799235,431145478,1786799235.431145,6300.997328330983,400.0
2673,1786799235,478913818,1786799235.478914,6313.955764111631,400.0
2674,1786799235,530391227,1786799235.530391,6307.86766390992,400.0
2675,1786799235,581491405,1786799235.581491,6289.531275443203,400.0
2676,1786799235,629383721,1786799235.629384,6303.300787979252,400.0
2677,1786799235,680438447,1786799235.680439,6342.1527403638065,400.0
2678,1786799235,731515756,1786799235.731516,6267.299863735795,400.0
2679,1786799235,779472423,1786799235.779472,6289.015756187091,400.0
2680,1786799235,830503326,1786799235.830503,6317.115686608554,400.0
2681,1786799235,881628661,1786799235.881629,6332.224508626484,400.0
2682,1786799235,929496891,1786799235.929497,6335.20253178919,400.0
2683,1786799235,980870958,1786799235.980871,6315.778372554052,400.0
2684,1786799236,28693802,1786799236.028694,6312.540533615606,400.0
2685,1786799236,80277483,1786799236.080277,6318.690420048268,400.0
2686,1786799236,128518418,1786799236.128518,6354.209710414082,400.0
2687,1786799236,179843565,1786799236.179844,6323.315474758651,400.0
2688,1786799236,231474225,1786799236.231474,6299.622803624537,400.0
2689,1786799236,279470124,1786799236.279470,6340.971145923646,400.0
2690,1786799236,330964606,1786799236.330965,6361.012262999868,400.0
2691,1786799236,378518501,1786799236.378519,6351.0503794529295,400.0
2692,1786799236,429859849,1786799236.429860,6316.587263369978,400.0
2693,1786799236,481036101,1786799236.481036,6326.444327058134,400.0
2694,1786799236,529018150,1786799236.529018,6327.853720840255,400.0
2695,1786799236,580099682,1786799236.580100,6291.534087718161,400.0
2696,1786799236,630992900,1786799236.630993,6305.809550145425,400.0
2697,1786799236,679073777,1786799236.679074,6340.705120570842,400.0
2698,1786799236,730806717,1786799236.730807,6321.982432488259,400.0
2699,1786799236,778498533,1786799236.778499,6293.855916916854,400.0
2700,1786799236,829840362,1786799236.829840,6325.067324724151,400.0
2701,1786799236,881017386,1786799236.881017,6313.655184809696,400.0
2702,1786799236,928659161,1786799236.928659,6317.191138663287,400.0
2703,1786799236,980171361,1786799236.980171,6300.2911917221545,400.0
2704,1786799237,31676836,1786799237.031677,6281.06239959474,400.0
2705,1786799237,79914994,1786799237.079915,6308.137433525485,400.0
2706,1786799237,131253175,1786799237.131253,6309.023199104282,400.0
2707,1786799237,179152683,1786799237.179153,6259.140244419003,400.0
2708,1786799237,230634911,1786799237.230635,6306.389534809105,400.0
2709,1786799237,278389350,1786799237.278389,6285.6062821005635,400.0
2710,1786799237,329744409,1786799237.329744,6287.289986796324,400.0
2711,1786799237,380946080,1786799237.380946,6263.7514531341785,400.0
2712,1786799237,428590006,1786799237.428590,6301.277197891417,400.0
2713,1786799237,479932832,1786799237.479933,6294.20853256511,400.0
2714,1786799237,531293152,1786799237.531293,6301.537398840248,400.0
2715,1786799237,579146872,1786799237.579147,6296.14320105101,400.0
2716,1786799237,630708154,1786799237.630708,6294.46297981965,400.0
2717,1786799237,678892305,1786799237.678892,6274.629089987862,400.0
2718,1786799237,729941735,1786799237.729942,6294.869884583236,400.0
2719,1786799237,780989894,1786799237.780990,6284.059081249342,400.0
2720,1786799237,828572075,1786799237.828572,6288.79079769815,400.0
2721,1786799237,880363637,1786799237.880364,6251.649452546714,400.0
2722,1786799237,928463277,1786799237.928463,6246.556723784618,400.0
2723,1786799237,980169785,1786799237.980170,6244.6934599331835,400.0
2724,1786799238,28259922,1786799238.028260,6273.678569566476,400.0
2725,1786799238,79992182,1786799238.079992,6243.547320290235,400.0
2726,1786799238,131038746,1786799238.131039,6279.9805665709255,400.0
2727,1786799238,179314672,1786799238.179315,6330.803364479424,400.0
2728,1786799238,230939790,1786799238.230940,6271.7481015384255,400.0
2729,1786799238,278987292,1786799238.278987,6313.285835631713,400.0
2730,1786799238,330142122,1786799238.330142,6254.05296255249,400.0
2731,1786799238,381420928,1786799238.381421,6306.962190829317,400.0
2732,1786799238,429644214,1786799238.429644,6289.407578079753,400.0
2733,1786799238,480768002,1786799238.480768,6303.212650019852,400.0
2734,1786799238,528631581,1786799238.528632,6302.873001722329,400.0
2735,1786799238,580271774,1786799238.580272,6278.769221196795,400.0
2736,1786799238,629001620,1786799238.629002,6312.973775565922,400.0
2737,1786799238,679383321,1786799238.679383,6322.5267274529015,400.0
2738,1786799238,730801252,1786799238.730801,6309.668707580601,400.0
2739,1786799238,779361911,1786799238.779362,6326.431238518805,400.0
2740,1786799238,830911546,1786799238.830912,6303.994765595595,400.0
2741,1786799238,879160989,1786799238.879161,6295.060503880881,400.0
2742,1786799238,930764563,1786799238.930765,6336.4873780528615,400.0
2743,1786799238,979050773,1786799238.979051,6319.674509689898,400.0
2744,1786799239,30332240,1786799239.030332,6318.103421350806,400.0
2745,1786799239,78405622,1786799239.078406,6332.17767353958,400.0
2746,1786799239,130179242,1786799239.130179,6314.8688257954645,400.0
2747,1786799239,178327951,1786799239.178328,6334.489666665422,400.0
2748,1786799239,229963939,1786799239.229964,6322.804754735307,400.0
2749,1786799239,278524983,1786799239.278525,6319.651106952288,400.0
2750,1786799239,330276743,1786799239.330277,6326.095124577639,400.0
2751,1786799239,381343068,1786799239.381343,6355.5378434918275,400.0
2752,1786799239,429266497,1786799239.429266,6340.578732257287,400.0
2753,1786799239,480979798,1786799239.480980,6336.776453976826,400.0
2754,1786799239,529018947,1786799239.529019,6305.7416287607375,400.0
2755,1786799239,580487503,1786799239.580487,6341.057800001285,400.0
2756,1786799239,628589986,1786799239.628590,6337.412187860127,400.0
2757,1786799239,679960602,1786799239.679960,6325.898081370464,400.0
2758,1786799239,728307139,1786799239.728307,6315.378481893987,400.0
2759,1786799239,780242104,1786799239.780242,6301.366779821229,400.0
2760,1786799239,828142534,1786799239.828143,6362.4784993794665,400.0
2761,1786799239,879295720,1786799239.879296,6315.022344811417,400.0
2762,1786799239,930319211,1786799239.930319,6292.285562745238,400.0
2763,1786799239,978474352,1786799239.978474,6314.5721549010805,400.0
2764,1786799240,29552781,1786799240.029553,6314.089537852639,400.0
2765,1786799240,80551697,1786799240.080552,6302.7427435038235,400.0
2766,1786799240,128307603,1786799240.128308,6352.077516836487,400.0
2767,1786799240,179885425,1786799240.179885,6328.023851796425,400.0
2768,1786799240,231110465,1786799240.231111,6328.010148662603,400.0
2769,1786799240,278880137,1786799240.278880,6302.573561184944,400.0
2770,1786799240,330567848,1786799240.330568,6341.507438306225,400.0
2771,1786799240,378723751,1786799240.378724,6340.56213439615,400.0
2772,1786799240,429951670,1786799240.429952,6305.073251909093,400.0
2773,1786799240,478016708,1786799240.478017,6311.425637292139,400.0
2774,1786799240,529340328,1786799240.529340,6344.477906847331,400.0
2775,1786799240,580736170,1786799240.580736,6321.3566671979615,400.0
2776,1786799240,628754177,1786799240.628754,6344.060384844435,400.0
2777,1786799240,680163377,1786799240.680163,6286.481513081215,400.0
2778,1786799240,728391091,1786799240.728391,6316.747128310012,400.0
2779,1786799240,779745723,1786799240.779746,6313.281232133804,400.0
2780,1786799240,828503558,1786799240.828504,6301.563080049818,400.0
2781,1786799240,879393604,1786799240.879394,6299.252368997291,400.0
2782,1786799240,930874432,1786799240.930874,6288.962939966531,400.0
2783,1786799240,979208913,1786799240.979209,6328.445555545204,400.0
2784,1786799241,30759020,1786799241.030759,6303.075286875915,400.0
2785,1786799241,78492687,1786799241.078493,6287.532105029141,400.0
2786,1786799241,129735752,1786799241.129736,6326.899054797205,400.0
2787,1786799241,180859981,1786799241.180860,6312.550037383524,400.0
2788,1786799241,228738548,1786799241.228739,6300.394018323755,400.0
2789,1786799241,279821381,1786799241.279821,6311.879588262184,400.0
2790,1786799241,330867088,1786799241.330867,6326.261512288161,400.0
2791,1786799241,379027199,1786799241.379027,6301.813942534378,400.0
2792,1786799241,430382986,1786799241.430383,6324.458081376277,400.0
2793,1786799241,478332787,1786799241.478333,6296.178438224702,400.0
2794,1786799241,530036323,1786799241.530036,6317.880749285324,400.0
2795,1786799241,577968982,1786799241.577969,6304.555194945539,400.0
2796,1786799241,628901915,1786799241.628902,6304.8220688653355,400.0
2797,1786799241,680204934,1786799241.680205,6308.988005126955,400.0
2798,1786799241,728085808,1786799241.728086,6273.932654462652,400.0
2799,1786799241,779447817,1786799241.779448,6350.006003733686,400.0
2800,1786799241,830928343,1786799241.830928,6295.517972071089,400.0
2801,1786799241,878904314,1786799241.878904,6292.874988811702,400.0
2802,1786799241,930348834,1786799241.930349,6295.729748381292,400.0
2803,1786799241,978163712,1786799241.978164,6332.417683722477,400.0
2804,1786799242,29276123,1786799242.029276,6335.856460741739,400.0
2805,1786799242,80528240,1786799242.080528,6302.490358350524,400.0
2806,1786799242,128381761,1786799242.128382,6331.132978754485,400.0
2807,1786799242,179903509,1786799242.179904,6325.834013925334,400.0
2808,1786799242,228756499,1786799242.228756,6269.883626681713,400.0
2809,1786799242,279450891,1786799242.279451,6292.405798865914,400.0
2810,1786799242,330744313,1786799242.330744,6279.214443913499,400.0
2811,1786799242,378580226,1786799242.378580,6294.257505532441,400.0
2812,1786799242,429996896,1786799242.429997,6337.615715885798,400.0
2813,1786799242,477864051,1786799242.477864,6344.214620064563,400.0
2814,1786799242,529256631,1786799242.529257,6348.808766818776,400.0
2815,1786799242,580220605,1786799242.580221,6312.507091201004,400.0
2816,1786799242,627736712,1786799242.627737,6357.438195331148,400.0
2817,1786799242,679225034,1786799242.679225,6316.53267731647,400.0
2818,1786799242,730547636,1786799242.730548,6322.5274824675635,400.0
2819,1786799242,778631101,1786799242.778631,6344.403892194645,400.0
2820,1786799242,829982531,1786799242.829983,6300.45203215184,400.0
2821,1786799242,878119094,1786799242.878119,6309.977242911463,400.0
2822,1786799242,929516503,1786799242.929517,6344.469803555716,400.0
2823,1786799242,977858389,1786799242.977858,6327.832217966469,400.0
2824,1786799243,29428773,1786799243.029429,6339.611146505594,400.0
2825,1786799243,80627833,1786799243.080628,6337.336118750094,400.0
2826,1786799243,128572467,1786799243.128572,6280.58706839665,400.0
2827,1786799243,179822108,1786799243.179822,6320.496838110624,400.0
2828,1786799243,227908215,1786799243.227908,6301.29406507681,400.0
2829,1786799243,278925088,1786799243.278925,6335.637906083212,400.0
2830,1786799243,330104125,1786799243.330104,6342.823236555746,400.0
2831,1786799243,377734259,1786799243.377734,6322.64734181026,400.0
2832,1786799243,428949734,1786799243.428950,6348.11061903136,400.0
2833,1786799243,480462097,1786799243.480462,6325.997490218672,400.0
2834,1786799243,528009268,1786799243.528009,6324.068136750995,400.0
2835,1786799243,579148185,1786799243.579148,6321.059645195512,400.0
2836,1786799243,630622057,1786799243.630622,6293.240798654877,400.0
2837,1786799243,678302283,1786799243.678302,6295.19033727534,400.0
2838,1786799243,729379633,1786799243.729380,6355.626800615456,400.0
2839,1786799243,777608460,1786799243.777608,6313.930436580026,400.0
2840,1786799243,828987369,1786799243.828987,6342.216478649375,400.0
2841,1786799243,880258294,1786799243.880258,6346.552796801866,400.0
2842,1786799243,927852125,1786799243.927852,6306.599951549281,400.0
2843,1786799243,978740642,1786799243.978741,6307.432207828011,400.0
2844,1786799244,29765976,1786799244.029766,6312.3921423422935,400.0
2845,1786799244,78527362,1786799244.078527,6339.03878758611,400.0
2846,1786799244,130363530,1786799244.130363,6334.193483822397,400.0
2847,1786799244,178634788,1786799244.178635,6289.306718273215,400.0
2848,1786799244,229782275,1786799244.229782,6306.678232539216,400.0
2849,1786799244,277574681,1786799244.277575,6318.96863468434,400.0
2850,1786799244,328961618,1786799244.328962,6336.018824607015,400.0
2851,1786799244,380636663,1786799244.380637,6283.962169825013,400.0
2852,1786799244,428474719,1786799244.428475,6322.158340760978,400.0
2853,1786799244,479568948,1786799244.479569,6321.959125941086,400.0
2854,1786799244,530557044,1786799244.530557,6293.283841221401,400.0
2855,1786799244,578496264,1786799244.578496,6290.836576174212,400.0
2856,1786799244,629934443,1786799244.629935,6291.510847940254,400.0
2857,1786799244,678131375,1786799244.678131,6315.15435115111,400.0
2858,1786799244,729635719,1786799244.729636,6334.749676219186,400.0
2859,1786799244,777844602,1786799244.777845,6294.921481137957,400.0
2860,1786799244,828995301,1786799244.828995,6333.259043127893,400.0
2861,1786799244,877874080,1786799244.877874,6303.94150409504,400.0
2862,1786799244,928894660,1786799244.928895,6269.250508604713,400.0
2863,1786799244,980179636,1786799244.980180,6290.606549965295,400.0
2864,1786799245,28500121,1786799245.028500,6282.888079879713,400.0
2865,1786799245,80007625,1786799245.080008,6318.529244869632,400.0
2866,1786799245,127676338,1786799245.127676,6282.253522709786,400.0
2867,1786799245,178895129,1786799245.178895,6279.111530844612,400.0
2868,1786799245,229998309,1786799245.229998,6315.8857982352265,400.0
2869,1786799245,277618479,1786799245.277618,6314.841586220483,400.0
2870,1786799245,328523206,1786799245.328523,6277.160687750679,400.0
2871,1786799245,379666567,1786799245.379667,6308.367030142686,400.0
2872,1786799245,430718122,1786799245.430718,6282.660116364333,400.0
2873,1786799245,478328914,1786799245.478329,6284.6142167330345,400.0
2874,1786799245,529870448,1786799245.529871,6296.971855832006,400.0
2875,1786799245,577626562,1786799245.577626,6294.704352160016,400.0
2876,1786799245,628977230,1786799245.628977,6269.360528394934,400.0
2877,1786799245,680366224,1786799245.680366,6316.932381015358,400.0
2878,1786799245,728295251,1786799245.728295,6316.99092289376,400.0
2879,1786799245,779607094,1786799245.779607,6316.708141873065,400.0
2880,1786799245,827797231,1786799245.827797,6278.581551967953,400.0
2881,1786799245,879865140,1786799245.879865,6291.048199041685,400.0
2882,1786799245,927714651,1786799245.927715,6377.741964695902,400.0
2883,1786799245,979041797,1786799245.979042,6298.491391603229,400.0
2884,1786799246,30341685,1786799246.030342,6279.6301911372,400.0
2885,1786799246,77974199,1786799246.077974,6321.742773705045,400.0
2886,1786799246,129363581,1786799246.129364,6290.509120260207,400.0
2887,1786799246,180588855,1786799246.180589,6327.947503338525,400.0
2888,1786799246,228148296,1786799246.228148,6341.595042438671,400.0
2889,1786799246,279053633,1786799246.279054,6316.917289032128,400.0
2890,1786799246,330510553,1786799246.330511,6307.908299721191,400.0
2891,1786799246,378315029,1786799246.378315,6346.2415505503,400.0
2892,1786799246,429769203,1786799246.429769,6314.839614780901,400.0
2893,1786799246,477632981,1786799246.477633,6272.624927371611,400.0
2894,1786799246,528932523,1786799246.528933,6300.336456368505,400.0
2895,1786799246,580414277,1786799246.580414,6299.510409147188,400.0
2896,1786799246,627895053,1786799246.627895,6318.374275370206,400.0
2897,1786799246,678926453,1786799246.678926,6358.238420214274,400.0
2898,1786799246,729886310,1786799246.729886,6355.625822644601,400.0
2899,1786799246,777577286,1786799246.777577,6335.525009641223,400.0
2900,1786799246,828484853,1786799246.828485,6309.026577771284,400.0
2901,1786799246,879477113,1786799246.879477,6303.33576255862,400.0
2902,1786799246,927602862,1786799246.927603,6314.9038829202855,400.0
2903,1786799246,979276331,1786799246.979276,6318.212816115784,400.0
2904,1786799247,30572226,1786799247.030572,6324.379686204188,400.0
2905,1786799247,78078152,1786799247.078078,6328.371368221067,400.0
2906,1786799247,177304454,1786799247.177305,6320.516482349573,400.0
2907,1786799247,228336634,1786799247.228337,6349.04442876621,400.0
2908,1786799247,279339866,1786799247.279340,6323.946193567426,400.0
2909,1786799247,328068424,1786799247.328068,6335.736398054054,400.0
2910,1786799247,379300159,1786799247.379300,6333.360275587903,400.0
2911,1786799247,427415611,1786799247.427416,6334.222443072409,400.0
2912,1786799247,479158330,1786799247.479158,6295.075567601167,400.0
2913,1786799247,530565281,1786799247.530565,6312.579160760144,400.0
2914,1786799247,578687394,1786799247.578687,6276.979093035647,400.0
2915,1786799247,629874655,1786799247.629875,6333.9269973060045,400.0
2916,1786799247,677813880,1786799247.677814,6301.0373771671575,400.0
2917,1786799247,729253290,1786799247.729253,6286.135442845571,400.0
2918,1786799247,777298153,1786799247.777298,6317.812566653001,400.0
2919,1786799247,828685497,1786799247.828686,6294.302666143632,400.0
2920,1786799247,880282378,1786799247.880282,6296.281142745014,400.0
2921,1786799247,928231750,1786799247.928232,6325.1005347581395,400.0
2922,1786799247,979973760,1786799247.979974,6327.451010696796,400.0
2923,1786799248,27962499,1786799248.027962,6319.57176966531,400.0
2924,1786799248,78878083,1786799248.078878,6320.032736588641,400.0
2925,1786799248,129880031,1786799248.129880,6315.767732768059,400.0
2926,1786799248,177930747,1786799248.177931,6315.810067095252,400.0
2927,1786799248,229721872,1786799248.229722,6316.608574063838,400.0
2928,1786799248,277203049,1786799248.277203,6330.586384054076,400.0
2929,1786799248,328291426,1786799248.328291,6332.639595586295,400.0
2930,1786799248,427998970,1786799248.427999,6313.962483620607,400.0
2931,1786799248,479144673,1786799248.479145,6298.202490995302,400.0
2932,1786799248,527422799,1786799248.527423,6327.9488802313435,400.0
2933,1786799248,578864459,1786799248.578865,6317.946702784307,400.0
2934,1786799248,630098661,1786799248.630099,6270.086143980404,400.0
2935,1786799248,678108088,1786799248.678108,6317.761033540792,400.0
2936,1786799248,729440607,1786799248.729441,6338.997380062456,400.0
2937,1786799248,780341302,1786799248.780341,6309.567174232761,400.0
2938,1786799248,827975906,1786799248.827976,6317.831530268758,400.0
2939,1786799248,878994498,1786799248.878994,6353.571146274923,400.0
2940,1786799248,930317660,1786799248.930318,6280.4224484534225,400.0
2941,1786799248,978585811,1786799248.978586,6338.474488324672,400.0
2942,1786799249,29952689,1786799249.029953,6326.484817226081,400.0
2943,1786799249,77864090,1786799249.077864,6335.752750629875,400.0
2944,1786799249,128925896,1786799249.128926,6277.83170755144,400.0
2945,1786799249,180231416,1786799249.180231,6306.532623066005,400.0
2946,1786799249,227863854,1786799249.227864,6286.1274469152995,400.0
2947,1786799249,278729959,1786799249.278730,6299.187202698063,400.0
2948,1786799249,330224746,1786799249.330225,6283.074763731634,400.0
2949,1786799249,377734753,1786799249.377735,6338.145644352455,400.0
2950,1786799249,429105292,1786799249.429105,6273.382311201268,400.0
2951,1786799249,480304948,1786799249.480305,6332.076608651567,400.0
2952,1786799249,528098661,1786799249.528099,6332.250829662705,400.0
2953,1786799249,579137544,1786799249.579138,6297.211575663154,400.0
2954,1786799249,630108701,1786799249.630109,6316.576846302696,400.0
2955,1786799249,677883967,1786799249.677884,6306.068736361961,400.0
2956,1786799249,729209764,1786799249.729210,6285.323610608966,400.0
2957,1786799249,780239079,1786799249.780239,6324.6624988406975,400.0
2958,1786799249,830212720,1786799249.830213,6306.805357265273,400.0
2959,1786799249,878217810,1786799249.878218,6330.576453954448,400.0
2960,1786799249,929480574,1786799249.929481,6324.016883121486,400.0
2961,1786799249,977229704,1786799249.977230,6294.918777378936,400.0
2962,1786799250,28583012,1786799250.028583,6324.584394904996,400.0
2963,1786799250,79673110,1786799250.079673,6309.91015346023,400.0
2964,1786799250,127451040,1786799250.127451,6276.599658359753,400.0
2965,1786799250,178944992,1786799250.178945,6304.660328653349,400.0
2966,1786799250,230220619,1786799250.230221,6291.438889856376,400.0
2967,1786799250,277989284,1786799250.277989,6331.241734230127,400.0
2968,1786799250,329312696,1786799250.329313,6290.7474907380665,400.0
2969,1786799250,376954875,1786799250.376955,6312.732190969248,400.0
2970,1786799250,427935605,1786799250.427936,6292.457138011826,400.0
2971,1786799250,479030761,1786799250.479031,6316.573997635842,400.0
2972,1786799250,530195320,1786799250.530195,6316.081505400331,400.0
2973,1786799250,578212049,1786799250.578212,6290.170374353143,400.0
2974,1786799250,629208494,1786799250.629209,6311.878290169578,400.0
2975,1786799250,677176093,1786799250.677176,6309.8857504199095,400.0
2976,1786799250,728888148,1786799250.728888,6287.44485444127,400.0
2977,1786799250,777089125,1786799250.777089,6302.103303730057,400.0
2978,1786799250,829010961,1786799250.829011,6329.816101932421,400.0
2979,1786799250,877233635,1786799250.877234,6335.304012345098,400.0
2980,1786799250,928883717,1786799250.928884,6349.791405843952,400.0
2981,1786799250,977105169,1786799250.977105,6356.317631624247,400.0
2982,1786799251,28175241,1786799251.028175,6301.123301746312,400.0
2983,1786799251,79688706,1786799251.079689,6304.37993945151,400.0
2984,1786799251,127552757,1786799251.127553,6294.952255477681,400.0
2985,1786799251,178806915,1786799251.178807,6336.943104623921,400.0
2986,1786799251,226946993,1786799251.226947,6318.163555334978,400.0
2987,1786799251,278409319,1786799251.278409,6304.951740518711,400.0
2988,1786799251,329553032,1786799251.329553,6333.9209384860005,400.0
2989,1786799251,377947337,1786799251.377947,6303.459011406723,400.0
2990,1786799251,429367290,1786799251.429367,6300.025309171653,400.0
2991,1786799251,477385356,1786799251.477385,6308.951173823332,400.0
2992,1786799251,528637668,1786799251.528638,6309.059957771923,400.0
2993,1786799251,579962238,1786799251.579962,6321.861506106114,400.0
2994,1786799251,627874702,1786799251.627875,6350.085064158659,400.0
2995,1786799251,679245942,1786799251.679246,6340.844996535073,400.0
2996,1786799251,727512915,1786799251.727513,6275.139183463382,400.0
2997,1786799251,779344070,1786799251.779344,6283.878736226448,400.0
2998,1786799251,827254853,1786799251.827255,6341.180931657048,400.0
2999,1786799251,878477358,1786799251.878477,6305.097765578395,400.0
3000,1786799251,930135124,1786799251.930135,6331.262497960558,400.0
3001,1786799251,977885739,1786799251.977886,6324.367849936278,400.0
3002,1786799252,29186464,1786799252.029186,6332.18230233785,400.0
3003,1786799252,76829118,1786799252.076829,6341.229248482298,400.0
3004,1786799252,127800709,1786799252.127801,6319.203917150654,400.0
3005,1786799252,179314557,1786799252.179315,6302.097582812765,400.0
3006,1786799252,227158146,1786799252.227158,6324.984988383172,400.0
3007,1786799252,278392511,1786799252.278393,6296.510958098114,400.0
3008,1786799252,329558728,1786799252.329559,6301.522747187215,400.0
3009,1786799252,377861882,1786799252.377862,6267.1544648594745,400.0
3010,1786799252,429117329,1786799252.429117,6315.199875042917,400.0
3011,1786799252,477254837,1786799252.477255,6279.852159738988,400.0
3012,1786799252,528462581,1786799252.528463,6307.883102497237,400.0
3013,1786799252,579563257,1786799252.579563,6293.38619515857,400.0
3014,1786799252,627555166,1786799252.627555,6292.733827796911,400.0
3015,1786799252,678774058,1786799252.678774,6303.0011970348505,400.0
3016,1786799252,726829833,1786799252.726830,6320.625788452271,400.0
3017,1786799252,778719913,1786799252.778720,6299.2539069299755,400.0
3018,1786799252,826958790,1786799252.826959,6279.330893770938,400.0
3019,1786799252,878558750,1786799252.878559,6307.525777144277,400.0
3020,1786799252,930064250,1786799252.930064,6301.909500884086,400.0
3021,1786799252,977892128,1786799252.977892,6302.688834824878,400.0
3022,1786799253,29331834,1786799253.029332,6327.32328774339,400.0
3023,1786799253,77100471,1786799253.077101,6332.203136482054,400.0
3024,1786799253,128487982,1786799253.128488,6299.220406383752,400.0
3025,1786799253,179894101,1786799253.179894,6313.7887319256715,400.0
3026,1786799253,227569328,1786799253.227569,6304.566690027204,400.0
3027,1786799253,279198406,1786799253.279198,6321.261534333465,400.0
3028,1786799253,326910867,1786799253.326911,6345.410427661888,400.0
3029,1786799253,378660074,1786799253.378660,6316.148503313483,400.0
3030,1786799253,426883739,1786799253.426884,6272.838396409384,400.0
3031,1786799253,479149883,1786799253.479150,6294.968014585429,400.0
3032,1786799253,526863660,1786799253.526864,6278.504882784953,400.0
3033,1786799253,578219349,1786799253.578219,6336.806441402497,400.0
3034,1786799253,629750454,1786799253.629750,6345.212294170984,400.0
3035,1786799253,677446409,1786799253.677446,6308.81624907689,400.0
3036,1786799253,728901831,1786799253.728902,6283.39346029956,400.0
3037,1786799253,776978336,1786799253.776978,6296.97703434201,400.0
3038,1786799253,828521343,1786799253.828521,6331.574283231282,400.0
3039,1786799253,879877874,1786799253.879878,6318.188519589253,400.0
3040,1786799253,927811347,1786799253.927811,6303.352046158494,400.0
3041,1786799253,978937016,1786799253.978937,6298.797875887226,400.0
3042,1786799254,27019391,1786799254.027020,6363.894526923919,400.0
3043,1786799254,78562582,1786799254.078562,6366.749611416427,400.0
3044,1786799254,127217844,1786799254.127218,6319.199280629917,400.0
3045,1786799254,177970874,1786799254.177971,6314.539291718619,400.0
3046,1786799254,229174597,1786799254.229175,6311.311581946721,400.0
3047,1786799254,276925957,1786799254.276926,6337.958654221367,400.0
3048,1786799254,327975069,1786799254.327975,6295.85893193538,400.0
3049,1786799254,379610229,1786799254.379610,6312.418827341999,400.0
3050,1786799254,427446763,1786799254.427447,6316.12685178318,400.0
3051,1786799254,478403293,1786799254.478403,6362.671139802944,400.0
3052,1786799254,529462260,1786799254.529462,6305.366278463021,400.0
3053,1786799254,577208220,1786799254.577208,6299.593670116059,400.0
3054,1786799254,628384801,1786799254.628385,6298.77214932538,400.0
3055,1786799254,679506733,1786799254.679507,6298.884218854759,400.0
3056,1786799254,727174038,1786799254.727174,6347.9298067867785,400.0
3057,1786799254,778395646,1786799254.778396,6317.616182554139,400.0
3058,1786799254,829886784,1786799254.829887,6309.702694981549,400.0
3059,1786799254,877816585,1786799254.877817,6304.630318652302,400.0
3060,1786799254,929080925,1786799254.929081,6309.934131785282,400.0
3061,1786799254,977557122,1786799254.977557,6320.346537397525,400.0
3062,1786799255,29124493,1786799255.029124,6331.56762130229,400.0
3063,1786799255,77725943,1786799255.077726,6335.245363467286,400.0
3064,1786799255,129030733,1786799255.129031,6344.065520986795,400.0
3065,1786799255,177132934,1786799255.177133,6325.824374381259,400.0
3066,1786799255,228629923,1786799255.228630,6362.394181051936,400.0
3067,1786799255,277030197,1786799255.277030,6317.310703778201,400.0
3068,1786799255,328120977,1786799255.328121,6309.352621119842,400.0
3069,1786799255,379334437,1786799255.379334,6309.758812314091,400.0
3070,1786799255,427254017,1786799255.427254,6333.368570027705,400.0
3071,1786799255,479026767,1786799255.479027,6318.024384958493,400.0
3072,1786799255,527223705,1786799255.527224,6300.723329515402,400.0
3073,1786799255,578608176,1786799255.578608,6274.858008264157,400.0
3074,1786799255,626517550,1786799255.626518,6286.647093599767,400.0
3075,1786799255,678463223,1786799255.678463,6333.849874961975,400.0
3076,1786799255,729721542,1786799255.729722,6270.42195346615,400.0
3077,1786799255,777163552,1786799255.777164,6303.23181389094,400.0
3078,1786799255,828167065,1786799255.828167,6314.363484475336,400.0
3079,1786799255,880010974,1786799255.880011,6310.284886646657,400.0
3080,1786799255,927730732,1786799255.927731,6303.189803782803,400.0
3081,1786799255,978950720,1786799255.978951,6273.9306134985345,400.0
3082,1786799256,26874934,1786799256.026875,6255.220529953198,400.0
3083,1786799256,78335147,1786799256.078335,6271.413238692198,400.0
3084,1786799256,126655870,1786799256.126656,6288.824067922546,400.0
3085,1786799256,177826670,1786799256.177827,6298.511183685831,400.0
3086,1786799256,228884157,1786799256.228884,6310.279441029256,400.0
3087,1786799256,277100439,1786799256.277100,6280.628647522106,400.0
3088,1786799256,328022628,1786799256.328023,6293.203376981562,400.0
3089,1786799256,378961341,1786799256.378961,6262.497214038375,400.0
3090,1786799256,426687425,1786799256.426687,6251.698447169523,400.0
3091,1786799256,481356677,1786799256.481357,6253.770041365161,400.0
3092,1786799256,532930077,1786799256.532930,6236.974046326111,400.0
3093,1786799256,580519044,1786799256.580519,6282.358716024295,400.0
3094,1786799256,631700377,1786799256.631700,6240.200689846906,400.0
3095,1786799256,682991764,1786799256.682992,6243.437345595572,400.0
3096,1786799256,730867948,1786799256.730868,6268.055589778116,400.0
3097,1786799256,782422008,1786799256.782422,6249.704901886785,400.0
3098,1786799256,830138472,1786799256.830138,6279.369354035972,400.0
3099,1786799256,881235814,1786799256.881236,6276.144517173447,400.0
3100,1786799256,932665835,1786799256.932666,6298.861843159139,400.0
3101,1786799256,980166343,1786799256.980166,6281.964064699734,400.0
3102,1786799257,31765637,1786799257.031766,6259.9005830998485,400.0
3103,1786799257,82950108,1786799257.082950,6289.777061166798,400.0
3104,1786799257,130473676,1786799257.130474,6236.1880981620925,400.0
3105,1786799257,181517331,1786799257.181517,6285.091281131167,400.0
3106,1786799257,232934490,1786799257.232934,6307.7821685327835,400.0
3107,1786799257,280897071,1786799257.280897,6286.059061706008,400.0
3108,1786799257,331967119,1786799257.331967,6286.360813970638,400.0
3109,1786799257,380507706,1786799257.380508,6314.864509463766,400.0
3110,1786799257,431831491,1786799257.431832,6310.951751157075,400.0
3111,1786799257,479870806,1786799257.479871,6301.084378355201,400.0
3112,1786799257,531136543,1786799257.531137,6300.126939895339,400.0
3113,1786799257,582558739,1786799257.582559,6302.308486713196,400.0
3114,1786799257,630143680,1786799257.630144,6334.239348970144,400.0
3115,1786799257,681929803,1786799257.681930,6306.087557397718,400.0
3116,1786799257,732990720,1786799257.732991,6324.241945887948,400.0
3117,1786799257,780814560,1786799257.780815,6282.786675790217,400.0
3118,1786799257,832341008,1786799257.832341,6372.290674407152,400.0
3119,1786799257,880119791,1786799257.880120,6320.1041048566085,400.0
3120,1786799257,931514037,1786799257.931514,6399.19869158543,400.0
3121,1786799257,982793406,1786799257.982793,6323.359495655847,400.0
3122,1786799258,30645166,1786799258.030645,6321.363058931012,400.0
3123,1786799258,81725501,1786799258.081726,6351.440341037812,400.0
3124,1786799258,129561100,1786799258.129561,6363.102127842054,400.0
3125,1786799258,181115906,1786799258.181116,6328.142430878124,400.0
3126,1786799258,232348275,1786799258.232348,6341.820909423013,400.0
3127,1786799258,280089389,1786799258.280089,6351.300605945385,400.0
3128,1786799258,331279914,1786799258.331280,6313.7199251905395,400.0
3129,1786799258,382730247,1786799258.382730,6330.099281717894,400.0
3130,1786799258,430183747,1786799258.430184,6344.740939322757,400.0
3131,1786799258,481390278,1786799258.481390,6339.331233658624,400.0
3132,1786799258,532824772,1786799258.532825,6337.379196109987,400.0
3133,1786799258,580582454,1786799258.580582,6318.662477300613,400.0
3134,1786799258,631432848,1786799258.631433,6342.848382759537,400.0
3135,1786799258,682585070,1786799258.682585,6310.938382613002,400.0
3136,1786799258,730486743,1786799258.730487,6327.925905217369,400.0
3137,1786799258,781548366,1786799258.781548,6340.6264414614,400.0
3138,1786799258,829466717,1786799258.829467,6355.423184922069,400.0
3139,1786799258,880925356,1786799258.880925,6310.26240776063,400.0
3140,1786799258,931927356,1786799258.931927,6320.315030650018,400.0
3141,1786799258,980159216,1786799258.980159,6334.051368344434,400.0
3142,1786799259,31682795,1786799259.031683,6283.350821015303,400.0
3143,1786799259,79887270,1786799259.079887,6291.533040523521,400.0
3144,1786799259,131187026,1786799259.131187,6331.311741343953,400.0
3145,1786799259,182697034,1786799259.182697,6328.594956860964,400.0
3146,1786799259,230661406,1786799259.230661,6331.655505090667,400.0
3147,1786799259,281863331,1786799259.281863,6261.299692883535,400.0
3148,1786799259,330128782,1786799259.330129,6305.994983796599,400.0
3149,1786799259,381575050,1786799259.381575,6317.099022427764,400.0
3150,1786799259,432839117,1786799259.432839,6314.391507047438,400.0
3151,1786799259,480660316,1786799259.480660,6299.971832175399,400.0
3152,1786799259,531689176,1786799259.531689,6284.88461441559,400.0
3153,1786799259,579331258,1786799259.579331,6267.631791349347,400.0
3154,1786799259,630973941,1786799259.630974,6306.341388672876,400.0
3155,1786799259,682738164,1786799259.682738,6275.394823816337,400.0
3156,1786799259,730877408,1786799259.730877,6278.082252349409,400.0
3157,1786799259,781880912,1786799259.781881,6308.134833040104,400.0
3158,1786799259,829695666,1786799259.829696,6261.313584901429,400.0
3159,1786799259,881234461,1786799259.881234,6304.564186348404,400.0
3160,1786799259,929370504,1786799259.929370,6307.633424099787,400.0
3161,1786799259,980758469,1786799259.980758,6313.10496060222,400.0
3162,1786799260,32232197,1786799260.032232,6345.3413280224,400.0
3163,1786799260,80115712,1786799260.080116,6273.159439135936,400.0
3164,1786799260,131528526,1786799260.131529,6266.385140035559,400.0
3165,1786799260,179876454,1786799260.179877,6327.32506763643,400.0
3166,1786799260,231543026,1786799260.231543,6297.836276079936,400.0
3167,1786799260,282621989,1786799260.282622,6282.817100676599,400.0
3168,1786799260,330773031,1786799260.330773,6301.807483490473,400.0
3169,1786799260,382286804,1786799260.382287,6327.550530347679,400.0
3170,1786799260,481781548,1786799260.481781,6246.99239907075,400.0
3171,1786799260,530178638,1786799260.530179,6279.924994757777,400.0
3172,1786799260,581780647,1786799260.581781,6336.002163922292,400.0
3173,1786799260,629792933,1786799260.629793,6321.927131801203,400.0
3174,1786799260,681280670,1786799260.681281,6288.472484158656,400.0
3175,1786799260,729588287,1786799260.729588,6270.865615947995,400.0
3176,1786799260,781000549,1786799260.781001,6301.521731617898,400.0
3177,1786799260,829297120,1786799260.829297,6270.162356060491,400.0
3178,1786799260,881235542,1786799260.881236,6319.549645023346,400.0
3179,1786799260,932574312,1786799260.932574,6306.510413106526,400.0
3180,1786799260,980302681,1786799260.980303,6323.209410613142,400.0
3181,1786799261,31291738,1786799261.031292,6330.743590718385,400.0
3182,1786799261,82415543,1786799261.082416,6345.59859686385,400.0
3183,1786799261,130166963,1786799261.130167,6278.224449722971,400.0
3184,1786799261,181534244,1786799261.181534,6328.758845966296,400.0
3185,1786799261,229226191,1786799261.229226,6290.359698152587,400.0
3186,1786799261,280734852,1786799261.280735,6321.995773014384,400.0
3187,1786799261,331830013,1786799261.331830,6275.430267057175,400.0
3188,1786799261,379401399,1786799261.379401,6322.080616125899,400.0
3189,1786799261,431031453,1786799261.431031,6300.673266832336,400.0
3190,1786799261,479444942,1786799261.479445,6321.143416092355,400.0
3191,1786799261,530447439,1786799261.530447,6339.721778773708,400.0
3192,1786799261,581417475,1786799261.581418,6331.591017478765,400.0
3193,1786799261,629302501,1786799261.629303,6273.513143699656,400.0
3194,1786799261,680884655,1786799261.680885,6315.073384677603,400.0
3195,1786799261,732137101,1786799261.732137,6284.898090339378,400.0
3196,1786799261,779672993,1786799261.779673,6307.534026460489,400.0
3197,1786799261,830861821,1786799261.830862,6295.713820064716,400.0
3198,1786799261,882455381,1786799261.882455,6322.9934911580385,400.0
3199,1786799261,930800285,1786799261.930800,6327.89529408867,400.0
3200,1786799261,981812297,1786799261.981812,6329.830378904601,400.0
3201,1786799262,29906301,1786799262.029906,6296.0788040262205,400.0
3202,1786799262,80955574,1786799262.080956,6302.854931825411,400.0
3203,1786799262,132259799,1786799262.132260,6288.54248075773,400.0
3204,1786799262,180234813,1786799262.180235,6267.4860530439055,400.0
3205,1786799262,231927386,1786799262.231927,6288.807561411205,400.0
3206,1786799262,280051152,1786799262.280051,6332.1928850137,400.0
3207,1786799262,331121785,1786799262.331122,6297.576007038995,400.0
3208,1786799262,382378954,1786799262.382379,6289.396301945225,400.0
3209,1786799262,430445125,1786799262.430445,6350.5898208665585,400.0
3210,1786799262,482403114,1786799262.482403,6261.125898371277,400.0
3211,1786799262,530427318,1786799262.530427,6310.105181516993,400.0
3212,1786799262,582050682,1786799262.582051,6290.13831302624,400.0
3213,1786799262,629634377,1786799262.629634,6254.143935075755,400.0
3214,1786799262,680783499,1786799262.680784,6304.460264521102,400.0
3215,1786799262,731837211,1786799262.731837,6289.741395421011,400.0
3216,1786799262,780232068,1786799262.780232,6314.322531723763,400.0
3217,1786799262,831836316,1786799262.831836,6307.576663197976,400.0
3218,1786799262,879752816,1786799262.879753,6336.931369446771,400.0
3219,1786799262,931371992,1786799262.931372,6328.566838972076,400.0
3220,1786799262,979078616,1786799262.979079,6294.5795535766665,400.0
3221,1786799263,30409251,1786799263.030409,6327.051996313231,400.0
3222,1786799263,82248772,1786799263.082249,6332.103931656459,400.0
3223,1786799263,130234308,1786799263.130234,6309.419154901596,400.0
3224,1786799263,181168316,1786799263.181168,6320.090156626107,400.0
3225,1786799263,229190493,1786799263.229191,6320.001614729724,400.0
3226,1786799263,280948252,1786799263.280948,6320.399934549003,400.0
3227,1786799263,332059551,1786799263.332060,6337.121004220937,400.0
3228,1786799263,379974770,1786799263.379975,6330.926732033201,400.0
3229,1786799263,431143195,1786799263.431143,6303.776552865708,400.0
3230,1786799263,482069069,1786799263.482069,6327.204245128365,400.0
3231,1786799263,529737043,1786799263.529737,6316.594719751924,400.0
3232,1786799263,581403221,1786799263.581403,6297.114897248729,400.0
3233,1786799263,632258804,1786799263.632259,6335.525647467605,400.0
3234,1786799263,680324543,1786799263.680325,6345.374645346629,400.0
3235,1786799263,732051450,1786799263.732051,6334.149830725475,400.0
3236,1786799263,779985107,1786799263.779985,6325.356284367416,400.0
3237,1786799263,830912225,1786799263.830912,6335.150962936526,400.0
3238,1786799263,879513324,1786799263.879513,6333.029419517176,400.0
3239,1786799263,931002736,1786799263.931003,6304.468113740204,400.0
3240,1786799263,979461174,1786799263.979461,6333.756059567323,400.0
3241,1786799264,30933096,1786799264.030933,6320.578305537252,400.0
3242,1786799264,82255103,1786799264.082255,6327.021714268727,400.0
3243,1786799264,130045774,1786799264.130046,6310.14867906695,400.0
3244,1786799264,181278264,1786799264.181278,6327.980070986085,400.0
3245,1786799264,229186837,1786799264.229187,6330.9080279058035,400.0
3246,1786799264,280514409,1786799264.280514,6282.285511690433,400.0
3247,1786799264,331918501,1786799264.331918,6338.983578905486,400.0
3248,1786799264,379987658,1786799264.379988,6359.909836862834,400.0
3249,1786799264,431772116,1786799264.431772,6292.485046160772,400.0
3250,1786799264,480023142,1786799264.480023,6334.4896614635945,400.0
3251,1786799264,531807110,1786799264.531807,6292.782429882175,400.0
3252,1786799264,579632655,1786799264.579633,6287.813378254012,400.0
3253,1786799264,631182540,1786799264.631182,6306.409625778405,400.0
3254,1786799264,678862450,1786799264.678862,6311.378091856327,400.0
3255,1786799264,730471591,1786799264.730472,6256.476778997435,400.0
3256,1786799264,781705431,1786799264.781705,6273.339104436472,400.0
3257,1786799264,829664413,1786799264.829664,6269.882730004671,400.0
3258,1786799264,881300226,1786799264.881300,6323.302596866356,400.0
3259,1786799264,929325054,1786799264.929325,6277.504019268597,400.0
3260,1786799264,981053451,1786799264.981053,6322.512817386938,400.0
3261,1786799265,29046915,1786799265.029047,6284.27141847503,400.0
3262,1786799265,80414539,1786799265.080415,6294.9687088409155,400.0
3263,1786799265,131746626,1786799265.131747,6296.444328413774,400.0
3264,1786799265,179863380,1786799265.179863,6296.529964815186,400.0
3265,1786799265,231644528,1786799265.231645,6306.284804276259,400.0
3266,1786799265,279872431,1786799265.279872,6290.035064039336,400.0
3267,1786799265,330992817,1786799265.330993,6304.781613663087,400.0
3268,1786799265,379359689,1786799265.379360,6286.148900141851,400.0
3269,1786799265,430552873,1786799265.430553,6277.511449384233,400.0
3270,1786799265,482002147,1786799265.482002,6310.076519960768,400.0
3271,1786799265,530276865,1786799265.530277,6309.3710670460605,400.0
3272,1786799265,581544004,1786799265.581544,6286.614343242591,400.0
3273,1786799265,629166236,1786799265.629166,6316.966696647967,400.0
3274,1786799265,680800804,1786799265.680801,6295.2390272074235,400.0
3275,1786799265,732072486,1786799265.732073,6318.1368568202,400.0
3276,1786799265,780025838,1786799265.780026,6313.993854664763,400.0
3277,1786799265,831403096,1786799265.831403,6281.9891951813615,400.0
3278,1786799265,879295982,1786799265.879296,6249.137932628973,400.0
3279,1786799265,930318961,1786799265.930319,6321.540267109763,400.0
3280,1786799265,981478840,1786799265.981479,6297.243240401314,400.0
3281,1786799266,29315945,1786799266.029316,6317.067900365067,400.0
3282,1786799266,80706566,1786799266.080707,6313.076475965219,400.0
3283,1786799266,132068649,1786799266.132069,6288.2326944205315,400.0
3284,1786799266,179877866,1786799266.179878,6310.510055569281,400.0
3285,1786799266,231706640,1786799266.231707,6310.000617819113,400.0
3286,1786799266,279750217,1786799266.279750,6317.516663122226,400.0
3287,1786799266,331253634,1786799266.331254,6309.906346618958,400.0
3288,1786799266,379311479,1786799266.379312,6267.780323124389,400.0
3289,1786799266,431019718,1786799266.431020,6339.792186997637,400.0
3290,1786799266,479227503,1786799266.479228,6319.414463245804,400.0
3291,1786799266,531011691,1786799266.531012,6269.367905799171,400.0
3292,1786799266,579015118,1786799266.579015,6293.435243253185,400.0
3293,1786799266,630686986,1786799266.630687,6301.867949279557,400.0
3294,1786799266,678945712,1786799266.678946,6331.630795576405,400.0
3295,1786799266,730829827,1786799266.730830,6285.616799041692,400.0
3296,1786799266,779507750,1786799266.779508,6294.7811020668805,400.0
3297,1786799266,831291645,1786799266.831292,6303.43343122091,400.0
3298,1786799266,879769023,1786799266.879769,6266.45468055241,400.0
3299,1786799266,930604705,1786799266.930605,6277.874619140019,400.0
3300,1786799266,978773773,1786799266.978774,6320.645564246212,400.0
3301,1786799267,30400436,1786799267.030401,6280.129845552157,400.0
3302,1786799267,81717949,1786799267.081718,6298.529845035866,400.0
3303,1786799267,129564066,1786799267.129564,6341.887873605489,400.0
3304,1786799267,180759025,1786799267.180759,6331.588334286626,400.0
3305,1786799267,228674383,1786799267.228674,6324.98443269003,400.0
3306,1786799267,280223775,1786799267.280224,6310.604380688261,400.0
3307,1786799267,331826989,1786799267.331827,6323.209018679105,400.0
3308,1786799267,379967443,1786799267.379967,6299.421032458294,400.0
3309,1786799267,431238620,1786799267.431239,6331.480092385385,400.0
3310,1786799267,479373148,1786799267.479373,6353.0004754543215,400.0
3311,1786799267,531229236,1786799267.531229,6333.610388770488,400.0
3312,1786799267,581774672,1786799267.581775,6316.429703660991,400.0
3313,1786799267,629476948,1786799267.629477,6325.427129993189,400.0
3314,1786799267,680508786,1786799267.680509,6320.893647382185,400.0
3315,1786799267,731800119,1786799267.731800,6365.210078459806,400.0
3316,1786799267,779648193,1786799267.779648,6323.660674968081,400.0
3317,1786799267,831045932,1786799267.831046,6346.315321675995,400.0
3318,1786799267,878857395,1786799267.878857,6346.187510279855,400.0
3319,1786799267,930209329,1786799267.930209,6296.311603147989,400.0
3320,1786799267,978584052,1786799267.978584,6324.661130322403,400.0
3321,1786799268,29733425,1786799268.029733,6303.6665242041945,400.0
3322,1786799268,81312641,1786799268.081313,6334.79859611442,400.0
3323,1786799268,129173412,1786799268.129174,6321.63188064623,400.0
3324,1786799268,180702229,1786799268.180702,6337.149627621567,400.0
3325,1786799268,228928358,1786799268.228928,6318.8063193741655,400.0
3326,1786799268,280204073,1786799268.280204,6312.945101511316,400.0
3327,1786799268,331406410,1786799268.331406,6316.116408013443,400.0
3328,1786799268,379048900,1786799268.379049,6302.011935623762,400.0
3329,1786799268,429886247,1786799268.429886,6320.9342306766985,400.0
3330,1786799268,481092931,1786799268.481093,6332.725040554632,400.0
3331,1786799268,528697942,1786799268.528698,6312.328655686306,400.0
3332,1786799268,580277005,1786799268.580277,6309.451110481332,400.0
3333,1786799268,631168634,1786799268.631169,6322.501874503698,400.0
3334,1786799268,679121165,1786799268.679121,6312.167028281079,400.0
3335,1786799268,730518265,1786799268.730518,6344.753795923176,400.0
3336,1786799268,781788884,1786799268.781789,6328.655455278513,400.0
3337,1786799268,829540830,1786799268.829541,6312.296045242019,400.0
3338,1786799268,880630618,1786799268.880631,6323.325412230984,400.0
3339,1786799268,931582621,1786799268.931583,6338.341510737585,400.0
3340,1786799268,979199767,1786799268.979200,6305.6582568869535,400.0
3341,1786799269,30384943,1786799269.030385,6304.288977681064,400.0
3342,1786799269,81896801,1786799269.081897,6285.368285147609,400.0
3343,1786799269,129576228,1786799269.129576,6305.269156464076,400.0
3344,1786799269,180758330,1786799269.180758,6299.529348926306,400.0
3345,1786799269,228586463,1786799269.228586,6307.569911138983,400.0
3346,1786799269,279925747,1786799269.279926,6308.244090418627,400.0
3347,1786799269,331266776,1786799269.331267,6324.690061105441,400.0
3348,1786799269,378956195,1786799269.378956,6321.249156530265,400.0
3349,1786799269,430017563,1786799269.430017,6271.212498684654,400.0
3350,1786799269,481783296,1786799269.481783,6330.096921146914,400.0
3351,1786799269,529783329,1786799269.529783,6326.999978454069,400.0
3352,1786799269,581504075,1786799269.581504,6321.60534064596,400.0
3353,1786799269,629585249,1786799269.629585,6316.338770924061,400.0
3354,1786799269,681241489,1786799269.681242,6295.988970929702,400.0
3355,1786799269,729314039,1786799269.729314,6299.614071858557,400.0
3356,1786799269,780966865,1786799269.780967,6307.578383767584,400.0
3357,1786799269,829219471,1786799269.829220,6317.660776053016,400.0
3358,1786799269,880731691,1786799269.880732,6295.459309940556,400.0
3359,1786799269,928748638,1786799269.928749,6315.291715822867,400.0
3360,1786799270,28634467,1786799270.028635,6340.016579162946,400.0
3361,1786799270,80272120,1786799270.080272,6301.126031420865,400.0
3362,1786799270,131393252,1786799270.131393,6295.666800467047,400.0
3363,1786799270,179424787,1786799270.179425,6290.87731283356,400.0
3364,1786799270,231300521,1786799270.231301,6302.2110368443155,400.0
3365,1786799270,278923741,1786799270.278924,6308.66241575582,400.0
3366,1786799270,330170457,1786799270.330170,6284.372509466535,400.0
3367,1786799270,381290543,1786799270.381290,6309.795488230789,400.0
3368,1786799270,429226123,1786799270.429226,6264.414366888697,400.0
3369,1786799270,480635437,1786799270.480635,6305.940154404969,400.0
3370,1786799270,528297331,1786799270.528297,6299.4260256887765,400.0
3371,1786799270,579446427,1786799270.579446,6292.447239080634,400.0
3372,1786799270,630440886,1786799270.630441,6278.705068305741,400.0
3373,1786799270,681361065,1786799270.681361,6324.97302633231,400.0
3374,1786799270,728974995,1786799270.728975,6325.112152630036,400.0
3375,1786799270,780093935,1786799270.780094,6316.167389896846,400.0
3376,1786799270,831337126,1786799270.831337,6284.864581573036,400.0
3377,1786799270,879376487,1786799270.879376,6345.464191999686,400.0
3378,1786799270,930391340,1786799270.930391,6328.160805656956,400.0
3379,1786799270,981702482,1786799270.981703,6331.200293854408,400.0
3380,1786799271,29071382,1786799271.029071,6310.113636636005,400.0
3381,1786799271,80283336,1786799271.080283,6293.662354968743,400.0
3382,1786799271,128437544,1786799271.128438,6314.917158168192,400.0
3383,1786799271,179795249,1786799271.179795,6316.964355235428,400.0
3384,1786799271,231024885,1786799271.231025,6295.752128443437,400.0
3385,1786799271,279057742,1786799271.279058,6322.4404083848995,400.0
3386,1786799271,331426249,1786799271.331426,6294.942455728413,400.0
3387,1786799271,379396023,1786799271.379396,6318.511000343033,400.0
3388,1786799271,428718065,1786799271.428718,6293.694999896957,400.0
3389,1786799271,479923991,1786799271.479924,6295.741582069772,400.0
3390,1786799271,531292929,1786799271.531293,6337.575407421519,400.0
3391,1786799271,579232540,1786799271.579232,6338.551164726283,400.0
3392,1786799271,630658144,1786799271.630658,6313.502186119594,400.0
3393,1786799271,678744859,1786799271.678745,6276.624684566947,400.0
3394,1786799271,730311430,1786799271.730311,6293.709492396891,400.0
3395,1786799271,778230103,1786799271.778230,6286.462846731072,400.0
3396,1786799271,829879135,1786799271.829879,6371.3657848098,400.0
3397,1786799271,881187743,1786799271.881188,6322.532211134994,400.0
3398,1786799271,929112631,1786799271.929113,6348.731352947251,400.0
3399,1786799271,980696454,1786799271.980696,6309.516438482048,400.0
3400,1786799272,28673826,1786799272.028674,6318.542685891785,400.0
3401,1786799272,80256691,1786799272.080257,6356.041955538603,400.0
3402,1786799272,128121748,1786799272.128122,6350.754711712767,400.0
3403,1786799272,179398062,1786799272.179398,6363.22704312133,400.0
3404,1786799272,230919077,1786799272.230919,6371.325825226675,400.0
3405,1786799272,278991283,1786799272.278991,6305.343719073159,400.0
3406,1786799272,330673562,1786799272.330673,6353.449373540655,400.0
3407,1786799272,378515263,1786799272.378515,6295.377847106747,400.0
3408,1786799272,430402992,1786799272.430403,6313.94196213983,400.0
3409,1786799272,479273398,1786799272.479273,6326.996174423255,400.0
3410,1786799272,530132647,1786799272.530133,6341.672286430712,400.0
3411,1786799272,581403695,1786799272.581404,6333.649759660301,400.0
3412,1786799272,629457824,1786799272.629458,6321.1329767526795,400.0
3413,1786799272,681211416,1786799272.681211,6298.061311831005,400.0
3414,1786799272,728933665,1786799272.728934,6311.982012033067,400.0
3415,1786799272,780212073,1786799272.780212,6291.108085420899,400.0
3416,1786799272,828333015,1786799272.828333,6272.918781543259,400.0
3417,1786799272,879890543,1786799272.879890,6310.9455770205295,400.0
3418,1786799272,931079973,1786799272.931080,6318.026672092877,400.0
3419,1786799272,979506715,1786799272.979507,6314.438916803027,400.0
3420,1786799273,30955770,1786799273.030956,6292.268376054537,400.0
3421,1786799273,78958112,1786799273.078958,6267.907092262536,400.0
3422,1786799273,130497746,1786799273.130498,6323.206291391617,400.0
3423,1786799273,178869594,1786799273.178869,6242.83061358491,400.0
3424,1786799273,229822879,1786799273.229823,6302.785803439906,400.0
3425,1786799273,281373441,1786799273.281374,6272.397727156588,400.0
3426,1786799273,328794417,1786799273.328794,6273.499838184809,400.0
3427,1786799273,380348240,1786799273.380348,6313.3402538422715,400.0
3428,1786799273,428478761,1786799273.428479,6257.158591552389,400.0
3429,1786799273,479797711,1786799273.479798,6277.648729903473,400.0
3430,1786799273,530843702,1786799273.530844,6283.427907322196,400.0
3431,1786799273,578729984,1786799273.578730,6291.517475062895,400.0
3432,1786799273,629853095,1786799273.629853,6264.391188022315,400.0
3433,1786799273,678175314,1786799273.678175,6254.63414484211,400.0
3434,1786799273,729200923,1786799273.729201,6261.923949339691,400.0
3435,1786799273,780294179,1786799273.780294,6292.860835455203,400.0
3436,1786799273,828465568,1786799273.828465,6279.999760530449,400.0
3437,1786799273,880192625,1786799273.880193,6264.630319658817,400.0
3438,1786799273,931304413,1786799273.931304,6302.001495852436,400.0
3439,1786799273,978915750,1786799273.978916,6328.413057780043,400.0
3440,1786799274,29837151,1786799274.029837,6272.381162292427,400.0
3441,1786799274,80998876,1786799274.080999,6312.695426124166,400.0
3442,1786799274,128925225,1786799274.128925,6304.244300382233,400.0
3443,1786799274,180329450,1786799274.180330,6344.716559854733,400.0
3444,1786799274,228034906,1786799274.228035,6300.2232302749235,400.0
3445,1786799274,279289305,1786799274.279289,6334.295038307184,400.0
3446,1786799274,330307070,1786799274.330307,6336.164690221788,400.0
3447,1786799274,378121993,1786799274.378122,6335.275434612181,400.0
3448,1786799274,429161836,1786799274.429162,6351.1246305812965,400.0
3449,1786799274,480446296,1786799274.480446,6320.409226488774,400.0
3450,1786799274,528232130,1786799274.528232,6323.4131460257595,400.0
3451,1786799274,579420786,1786799274.579421,6297.994548614309,400.0
3452,1786799274,630712936,1786799274.630713,6348.92758199554,400.0
3453,1786799274,678900568,1786799274.678900,6355.282660807921,400.0
3454,1786799274,730202033,1786799274.730202,6293.900497029838,400.0
3455,1786799274,777855280,1786799274.777855,6303.468654884084,400.0
3456,1786799274,828940337,1786799274.828940,6340.443356100285,400.0
3457,1786799274,880064811,1786799274.880065,6317.13730209576,400.0
3458,1786799274,931141700,1786799274.931142,6346.615535056962,400.0
3459,1786799274,978911477,1786799274.978911,6288.205587574011,400.0
3460,1786799275,29926530,1786799275.029927,6317.138108762993,400.0
3461,1786799275,78024956,1786799275.078025,6319.2891053777985,400.0
3462,1786799275,129145782,1786799275.129146,6304.394177008019,400.0
3463,1786799275,180668455,1786799275.180668,6346.605542783265,400.0
3464,1786799275,228821770,1786799275.228822,6309.385148505926,400.0
3465,1786799275,280063208,1786799275.280063,6307.999219618217,400.0
3466,1786799275,327877829,1786799275.327878,6332.622759755802,400.0
3467,1786799275,379187367,1786799275.379187,6310.652684886155,400.0
3468,1786799275,430660073,1786799275.430660,6331.926667940196,400.0
3469,1786799275,478317607,1786799275.478317,6342.521465088991,400.0
3470,1786799275,529394598,1786799275.529395,6324.837404867196,400.0
3471,1786799275,578150677,1786799275.578151,6341.000683969888,400.0
3472,1786799275,629266583,1786799275.629267,6334.435282599611,400.0
3473,1786799275,680481181,1786799275.680481,6326.542086290752,400.0
3474,1786799275,728100689,1786799275.728101,6313.308228941645,400.0
3475,1786799275,779028137,1786799275.779028,6324.2837051983315,400.0
3476,1786799275,830038691,1786799275.830039,6348.993725111809,400.0
3477,1786799275,878390218,1786799275.878390,6335.232304782819,400.0
3478,1786799275,929758252,1786799275.929758,6337.104220450123,400.0
3479,1786799275,980832401,1786799275.980832,6310.194880008509,400.0
3480,1786799276,28432877,1786799276.028433,6356.026667871311,400.0
3481,1786799276,79428121,1786799276.079428,6310.664585236066,400.0
3482,1786799276,130667384,1786799276.130667,6321.029947426891,400.0
3483,1786799276,178427640,1786799276.178428,6340.29709671,400.0
3484,1786799276,229937190,1786799276.229937,6344.035958376814,400.0
3485,1786799276,277983235,1786799276.277983,6312.50193515226,400.0
3486,1786799276,329030006,1786799276.329030,6317.641306708031,400.0
3487,1786799276,380239749,1786799276.380240,6310.284645864478,400.0
3488,1786799276,427835222,1786799276.427835,6311.671375381549,400.0
3489,1786799276,478998372,1786799276.478998,6317.849629894244,400.0
3490,1786799276,530296920,1786799276.530297,6294.321910082486,400.0
3491,1786799276,578243947,1786799276.578244,6307.865816251751,400.0
3492,1786799276,629266083,1786799276.629266,6333.7315094873575,400.0
3493,1786799276,680264357,1786799276.680264,6346.183094564592,400.0
3494,1786799276,728353247,1786799276.728353,6314.493022812726,400.0
3495,1786799276,779405907,1786799276.779406,6316.6708801521145,400.0
3496,1786799276,830426766,1786799276.830427,6320.336018173454,400.0
3497,1786799276,878022884,1786799276.878023,6362.915204602494,400.0
3498,1786799276,929170250,1786799276.929170,6312.608417081769,400.0
3499,1786799276,980433567,1786799276.980433,6301.161304887986,400.0
3500,1786799277,28606653,1786799277.028607,6304.782182402775,400.0
3501,1786799277,79902023,1786799277.079902,6321.712237390116,400.0
3502,1786799277,127867013,1786799277.127867,6298.355060019404,400.0
3503,1786799277,179426654,1786799277.179427,6349.997845519283,400.0
3504,1786799277,230825166,1786799277.230825,6296.270205859716,400.0
3505,1786799277,278471691,1786799277.278472,6320.089473554403,400.0
3506,1786799277,329535751,1786799277.329536,6338.268676210589,400.0
3507,1786799277,380625231,1786799277.380625,6313.689214780558,400.0
3508,1786799277,428817409,1786799277.428818,6300.045377119752,400.0
3509,1786799277,480098323,1786799277.480098,6350.300001965842,400.0
3510,1786799277,527634925,1786799277.527635,6325.638965191578,400.0
3511,1786799277,578842705,1786799277.578843,6342.19415873701,400.0
3512,1786799277,630737084,1786799277.630737,6332.535554253912,400.0
3513,1786799277,679174066,1786799277.679174,6317.82548205664,400.0
3514,1786799277,730107118,1786799277.730107,6304.403521458819,400.0
3515,1786799277,777765128,1786799277.777765,6327.463299761803,400.0
3516,1786799277,829059372,1786799277.829059,6329.520366242857,400.0
3517,1786799277,880218592,1786799277.880219,6332.6824695805835,400.0
3518,1786799277,928256405,1786799277.928257,6355.851403114093,400.0
3519,1786799277,979782693,1786799277.979783,6314.475465127015,400.0
3520,1786799278,28303073,1786799278.028303,6301.468776367907,400.0
3521,1786799278,79892555,1786799278.079893,6296.641649943878,400.0
3522,1786799278,127946160,1786799278.127946,6300.342651518033,400.0
3523,1786799278,179390081,1786799278.179390,6330.04339938937,400.0
3524,1786799278,230724410,1786799278.230724,6336.791812666726,400.0
3525,1786799278,278796197,1786799278.278796,6306.183563685952,400.0
3526,1786799278,330258525,1786799278.330259,6314.956641441906,400.0
3527,1786799278,378629806,1786799278.378630,6286.613581594354,400.0
3528,1786799278,429570819,1786799278.429571,6308.248935253117,400.0
3529,1786799278,477771994,1786799278.477772,6315.2929592672845,400.0
3530,1786799278,528820493,1786799278.528821,6320.73144998279,400.0
3531,1786799278,580518733,1786799278.580519,6294.253427454668,400.0
3532,1786799278,628306157,1786799278.628306,6327.965234654655,400.0
3533,1786799278,679455489,1786799278.679456,6301.0478718365475,400.0
3534,1786799278,730609825,1786799278.730610,6339.336504176807,400.0
3535,1786799278,778698756,1786799278.778699,6304.199730589374,400.0
3536,1786799278,829617522,1786799278.829618,6352.245943595202,400.0
3537,1786799278,877899907,1786799278.877900,6329.813791859428,400.0
3538,1786799278,929469790,1786799278.929470,6326.3768788325615,400.0
3539,1786799278,977533520,1786799278.977534,6297.879263007251,400.0
3540,1786799279,29085464,1786799279.029085,6350.296002311328,400.0
3541,1786799279,80666973,1786799279.080667,6332.231319139528,400.0
3542,1786799279,128613041,1786799279.128613,6316.23052514989,400.0
3543,1786799279,180052669,1786799279.180053,6318.700481778049,400.0
3544,1786799279,228001397,1786799279.228001,6320.6996597962625,400.0
3545,1786799279,279394109,1786799279.279394,6333.888228442301,400.0
3546,1786799279,330735311,1786799279.330735,6311.767462064515,400.0
3547,1786799279,378790591,1786799279.378791,6337.487354236529,400.0
3548,1786799279,430095399,1786799279.430095,6322.894385212857,400.0
3549,1786799279,477845120,1786799279.477845,6312.127524439651,400.0
3550,1786799279,528754811,1786799279.528755,6318.259242502665,400.0
3551,1786799279,580177791,1786799279.580178,6304.504076016088,400.0
3552,1786799279,627887662,1786799279.627888,6338.607867222251,400.0
3553,1786799279,679267956,1786799279.679268,6306.3795368958345,400.0
3554,1786799279,728004839,1786799279.728005,6307.774817667111,400.0
3555,1786799279,779479771,1786799279.779480,6296.561584346663,400.0
3556,1786799279,827895388,1786799279.827895,6334.759755841847,400.0
3557,1786799279,879775754,1786799279.879776,6278.670242833723,400.0
3558,1786799279,927846393,1786799279.927846,6297.700293383043,400.0
3559,1786799279,979281495,1786799279.979281,6301.773654492731,400.0
3560,1786799280,30558176,1786799280.030558,6274.7280606508275,400.0
3561,1786799280,78293291,1786799280.078293,6318.711469056015,400.0
3562,1786799280,129712741,1786799280.129713,6292.715178898087,400.0
3563,1786799280,177414611,1786799280.177415,6297.738665821255,400.0
3564,1786799280,228451088,1786799280.228451,6287.378760577658,400.0
3565,1786799280,279862820,1786799280.279863,6299.540107772415,400.0
3566,1786799280,328164476,1786799280.328165,6309.296829349325,400.0
3567,1786799280,379673195,1786799280.379673,6346.1413721828785,400.0
3568,1786799280,427753362,1786799280.427753,6297.232950080276,400.0
3569,1786799280,479401801,1786799280.479402,6317.771258215216,400.0
3570,1786799280,527282069,1786799280.527282,6287.645436826857,400.0
3571,1786799280,578779277,1786799280.578779,6289.864208249645,400.0
3572,1786799280,629848038,1786799280.629848,6313.3925399436985,400.0
3573,1786799280,678157921,1786799280.678158,6343.0056945105125,400.0
3574,1786799280,729246013,1786799280.729246,6306.834319169558,400.0
3575,1786799280,780140621,1786799280.780141,6289.230528098822,400.0
3576,1786799280,827831555,1786799280.827832,6330.686706772247,400.0
3577,1786799280,880006275,1786799280.880006,6299.849434640855,400.0
3578,1786799280,928358137,1786799280.928358,6315.030025096766,400.0
3579,1786799280,979778181,1786799280.979778,6347.928417140462,400.0
3580,1786799281,27390661,1786799281.027391,6293.392397077492,400.0
3581,1786799281,78846228,1786799281.078846,6320.737360392887,400.0
3582,1786799281,130131608,1786799281.130132,6309.611165929695,400.0
3583,1786799281,178282708,1786799281.178283,6317.240283285919,400.0
3584,1786799281,229843836,1786799281.229844,6331.625077124185,400.0
3585,1786799281,277766386,1786799281.277766,6335.913489934508,400.0
3586,1786799281,329509611,1786799281.329509,6331.593022575143,400.0
3587,1786799281,377405971,1786799281.377406,6317.340583479112,400.0
3588,1786799281,428847369,1786799281.428847,6310.227872926986,400.0
3589,1786799281,480534967,1786799281.480535,6334.378303555011,400.0
3590,1786799281,528533819,1786799281.528534,6313.2538386607,400.0
3591,1786799281,579785537,1786799281.579786,6328.956702553996,400.0
3592,1786799281,627565646,1786799281.627566,6350.912025293171,400.0
3593,1786799281,678918313,1786799281.678918,6337.395995169213,400.0
3594,1786799281,727408722,1786799281.727409,6341.981286245652,400.0
3595,1786799281,778818164,1786799281.778818,6316.375465560894,400.0
3596,1786799281,829954926,1786799281.829955,6273.827291855654,400.0
3597,1786799281,878230337,1786799281.878230,6315.608107055223,400.0
3598,1786799281,929976662,1786799281.929977,6332.100276342191,400.0
3599,1786799281,977730184,1786799281.977730,6288.106148466633,400.0
3600,1786799282,29151457,1786799282.029151,6363.47142534409,400.0
3601,1786799282,77175597,1786799282.077176,6302.5793978235315,400.0
3602,1786799282,128365291,1786799282.128365,6315.669925818267,400.0
3603,1786799282,179686404,1786799282.179686,6298.523233149943,400.0
3604,1786799282,227734725,1786799282.227735,6334.621459731455,400.0
3605,1786799282,279366838,1786799282.279367,6267.647090122007,400.0
3606,1786799282,327231463,1786799282.327231,6318.103438176846,400.0
3607,1786799282,378981382,1786799282.378981,6343.907734958004,400.0
3608,1786799282,430573431,1786799282.430573,6364.69652347969,400.0
3609,1786799282,478993624,1786799282.478994,6311.174075692528,400.0
3610,1786799282,530189724,1786799282.530190,6292.086532131125,400.0
3611,1786799282,577931023,1786799282.577931,6345.075414524041,400.0
3612,1786799282,629694959,1786799282.629695,6314.25302859062,400.0
3613,1786799282,677586685,1786799282.677587,6310.348048314819,400.0
3614,1786799282,728544756,1786799282.728545,6346.17731057797,400.0
3615,1786799282,779659743,1786799282.779660,6325.496430831763,400.0
3616,1786799282,827573521,1786799282.827574,6342.481685879685,400.0
3617,1786799282,879232744,1786799282.879233,6321.231340882106,400.0
3618,1786799282,927178377,1786799282.927178,6302.869633390387,400.0
3619,1786799282,978331949,1786799282.978332,6284.015411598846,400.0
3620,1786799283,29944455,1786799283.029944,6352.835260364974,400.0
3621,1786799283,78568488,1786799283.078568,6330.788757713367,400.0
3622,1786799283,129741351,1786799283.129741,6314.195741933536,400.0
3623,1786799283,177474992,1786799283.177475,6311.341176321489,400.0
3624,1786799283,228875301,1786799283.228875,6282.198842360442,400.0
3625,1786799283,277040311,1786799283.277040,6281.751973355129,400.0
3626,1786799283,328144646,1786799283.328145,6311.989588958463,400.0
3627,1786799283,379177320,1786799283.379177,6282.9755803270045,400.0
3628,1786799283,427380189,1786799283.427380,6315.339955780636,400.0
3629,1786799283,478834427,1786799283.478834,6305.782386291388,400.0
3630,1786799283,530287129,1786799283.530287,6309.675835988216,400.0
3631,1786799283,578178472,1786799283.578178,6296.813619466571,400.0
3632,1786799283,629614954,1786799283.629615,6319.900833952056,400.0
3633,1786799283,677340924,1786799283.677341,6325.602577046567,400.0
3634,1786799283,728620066,1786799283.728620,6278.815387768005,400.0
3635,1786799283,780029182,1786799283.780029,6294.330354152825,400.0
3636,1786799283,828296992,1786799283.828297,6301.6688122781525,400.0
3637,1786799283,879858717,1786799283.879859,6303.979562493713,400.0
3638,1786799283,927784548,1786799283.927784,6280.107386182296,400.0
3639,1786799283,978924089,1786799283.978924,6278.192161236429,400.0
3640,1786799284,27301923,1786799284.027302,6318.602641241993,400.0
3641,1786799284,78455742,1786799284.078456,6326.638508664662,400.0
3642,1786799284,129717418,1786799284.129717,6308.188247093732,400.0
3643,1786799284,177704248,1786799284.177704,6306.779735484121,400.0
3644,1786799284,228897297,1786799284.228897,6279.1854908443265,400.0
3645,1786799284,278236547,1786799284.278237,6303.553371859073,400.0
3646,1786799284,329664752,1786799284.329665,6331.11231306265,400.0
3647,1786799284,377998370,1786799284.377998,6321.731026949852,400.0
3648,1786799284,429519059,1786799284.429519,6307.991346516929,400.0
3649,1786799284,477693796,1786799284.477694,6309.042922899522,400.0
3650,1786799284,528993238,1786799284.528993,6319.72570407853,400.0
3651,1786799284,577391240,1786799284.577391,6309.7212338759255,400.0
3652,1786799284,628985416,1786799284.628985,6335.012209832358,400.0
3653,1786799284,679939731,1786799284.679940,6326.992813276598,400.0
3654,1786799284,727574964,1786799284.727575,6299.676185552916,400.0
3655,1786799284,779280678,1786799284.779281,6331.1823000177,400.0
3656,1786799284,827124856,1786799284.827125,6294.956713999254,400.0
3657,1786799284,878878189,1786799284.878878,6305.253997515894,400.0
3658,1786799284,927050698,1786799284.927051,6328.249720605266,400.0
3659,1786799284,978369595,1786799284.978370,6327.668744952499,400.0
3660,1786799285,29528943,1786799285.029529,6302.198026046697,400.0
3661,1786799285,77727655,1786799285.077728,6304.801617668308,400.0
3662,1786799285,128882696,1786799285.128883,6299.697288794945,400.0
3663,1786799285,176852052,1786799285.176852,6320.293362064053,400.0
3664,1786799285,228290691,1786799285.228291,6320.020716230283,400.0
3665,1786799285,279890958,1786799285.279891,6292.3592964198015,400.0
3666,1786799285,327457423,1786799285.327457,6319.689739886925,400.0
3667,1786799285,378650441,1786799285.378650,6327.364587472569,400.0
3668,1786799285,430039506,1786799285.430039,6302.687881135442,400.0
3669,1786799285,478011062,1786799285.478011,6304.786352454728,400.0
3670,1786799285,529152804,1786799285.529153,6311.475702399664,400.0
3671,1786799285,576843557,1786799285.576844,6311.4133383730405,400.0
3672,1786799285,628306585,1786799285.628307,6320.369285942044,400.0
3673,1786799285,679817631,1786799285.679818,6290.843431148475,400.0
3674,1786799285,727520885,1786799285.727521,6318.97422596768,400.0
3675,1786799285,778880967,1786799285.778881,6328.449835650128,400.0
3676,1786799285,826788408,1786799285.826788,6301.712607884692,400.0
3677,1786799285,878476795,1786799285.878477,6342.447311834249,400.0
3678,1786799285,929293050,1786799285.929293,6319.052739771793,400.0
3679,1786799285,976928606,1786799285.976929,6334.1098381586435,400.0
3680,1786799286,28529443,1786799286.028529,6355.975763322555,400.0
3681,1786799286,76931927,1786799286.076932,6330.90419171548,400.0
3682,1786799286,128021791,1786799286.128022,6317.288015276545,400.0
3683,1786799286,179631683,1786799286.179632,6314.605051973188,400.0
3684,1786799286,227206948,1786799286.227207,6333.583642541221,400.0
3685,1786799286,278686856,1786799286.278687,6328.495550861537,400.0
3686,1786799286,329960479,1786799286.329961,6324.271117803592,400.0
3687,1786799286,378130896,1786799286.378131,6305.062077350216,400.0
3688,1786799286,429647959,1786799286.429648,6287.654562819815,400.0
3689,1786799286,477852453,1786799286.477852,6284.974103447606,400.0
3690,1786799286,529622581,1786799286.529623,6289.516785120075,400.0
3691,1786799286,577350340,1786799286.577350,6322.785247597473,400.0
3692,1786799286,628592243,1786799286.628592,6285.9157511881895,400.0
3693,1786799286,676833210,1786799286.676833,6312.360071755378,400.0
3694,1786799286,728401498,1786799286.728401,6336.439211469387,400.0
3695,1786799286,779841529,1786799286.779841,6289.749768221923,400.0
3696,1786799286,828003176,1786799286.828003,6353.12135514525,400.0
3697,1786799286,879664739,1786799286.879665,6333.018229985211,400.0
3698,1786799286,927987404,1786799286.927987,6292.714975769759,400.0
3699,1786799286,979639396,1786799286.979639,6332.4523206396025,400.0
3700,1786799287,27621809,1786799287.027622,6293.140763405202,400.0
3701,1786799287,78981058,1786799287.078981,6292.60420791219,400.0
3702,1786799287,127059066,1786799287.127059,6341.175996470698,400.0
3703,1786799287,178723523,1786799287.178724,6304.606984740803,400.0
3704,1786799287,226790225,1786799287.226790,6291.45784162208,400.0
3705,1786799287,278012546,1786799287.278013,6330.05469243748,400.0
3706,1786799287,329673100,1786799287.329673,6299.388798546497,400.0
3707,1786799287,377604108,1786799287.377604,6283.630901485792,400.0
3708,1786799287,429418792,1786799287.429419,6331.192815365054,400.0
3709,1786799287,477434563,1786799287.477435,6316.12501831187,400.0
3710,1786799287,528841861,1786799287.528842,6286.830331656166,400.0
3711,1786799287,576762566,1786799287.576763,6302.616343310433,400.0
3712,1786799287,628309736,1786799287.628310,6312.152034631276,400.0
3713,1786799287,679833927,1786799287.679834,6321.768209961634,400.0
3714,1786799287,727987421,1786799287.727988,6343.960040514998,400.0
3715,1786799287,779290622,1786799287.779291,6304.408220840213,400.0
3716,1786799287,826855170,1786799287.826855,6301.249284651204,400.0
3717,1786799287,878215600,1786799287.878216,6326.391898663284,400.0
3718,1786799287,929801778,1786799287.929802,6357.580728517131,400.0
3719,1786799287,978093093,1786799287.978093,6292.703017165345,400.0
3720,1786799288,29847876,1786799288.029848,6292.360762549247,400.0
3721,1786799288,78061184,1786799288.078061,6303.582282657217,400.0
3722,1786799288,129135454,1786799288.129135,6294.814014989588,400.0
3723,1786799288,177608213,1786799288.177608,6304.944893649481,400.0
3724,1786799288,228791567,1786799288.228791,6298.764715733773,400.0
3725,1786799288,276960377,1786799288.276960,6317.321224830597,400.0
3726,1786799288,327897281,1786799288.327897,6325.687405554342,400.0
3727,1786799288,379555431,1786799288.379555,6332.660455710223,400.0
3728,1786799288,427485198,1786799288.427485,6320.634208182411,400.0
3729,1786799288,479109567,1786799288.479110,6333.735081197701,400.0
3730,1786799288,526795177,1786799288.526795,6337.809801235975,400.0
3731,1786799288,578043090,1786799288.578043,6336.044305773538,400.0
3732,1786799288,629732191,1786799288.629732,6316.355237558689,400.0
3733,1786799288,678023554,1786799288.678024,6333.906828337498,400.0
3734,1786799288,729714617,1786799288.729715,6352.6579969481345,400.0
3735,1786799288,777785928,1786799288.777786,6313.223812738434,400.0
3736,1786799288,829301485,1786799288.829302,6323.452882041268,400.0
3737,1786799288,877967685,1786799288.877968,6299.326196657275,400.0
3738,1786799288,929658590,1786799288.929659,6308.355379846558,400.0
3739,1786799288,978084817,1786799288.978085,6292.078760205671,400.0
3740,1786799289,28923941,1786799289.028924,6319.690447348847,400.0
3741,1786799289,76535530,1786799289.076535,6332.23946900924,400.0
3742,1786799289,127934114,1786799289.127934,6313.441386800474,400.0
3743,1786799289,179768589,1786799289.179769,6301.710758561599,400.0
3744,1786799289,227530063,1786799289.227530,6289.9401325409945,400.0
3745,1786799289,278660169,1786799289.278660,6286.175179988467,400.0
3746,1786799289,326522261,1786799289.326522,6292.7877348221555,400.0
3747,1786799289,378107080,1786799289.378107,6312.568584158531,400.0
3748,1786799289,429347676,1786799289.429348,6306.4785928757365,400.0
3749,1786799289,477634337,1786799289.477634,6334.447327688717,400.0
3750,1786799289,529118425,1786799289.529119,6343.267362102258,400.0
3751,1786799289,576944838,1786799289.576945,6317.704424025637,400.0
3752,1786799289,627996304,1786799289.627996,6337.590998700988,400.0
3753,1786799289,679052338,1786799289.679052,6335.37034696012,400.0
3754,1786799289,726669940,1786799289.726670,6353.129685267256,400.0
3755,1786799289,782590283,1786799289.782590,6319.349154746117,400.0
3756,1786799289,830160982,1786799289.830161,6304.414768156852,400.0
3757,1786799289,883471874,1786799289.883472,6322.712691602916,400.0
3758,1786799289,930493595,1786799289.930494,6328.926637554715,400.0
3759,1786799289,984325091,1786799289.984325,6313.208872551544,400.0
3760,1786799290,29779752,1786799290.029780,6311.196814732186,400.0
3761,1786799290,81757339,1786799290.081757,6362.750155652077,400.0
3762,1786799290,132185785,1786799290.132186,6309.751268625052,400.0
3763,1786799290,181101196,1786799290.181101,6295.466752337533,400.0
3764,1786799290,232274461,1786799290.232275,6307.934203769626,400.0
3765,1786799290,281875592,1786799290.281876,6327.639244826479,400.0
3766,1786799290,331740967,1786799290.331741,6288.395656715203,400.0
3767,1786799290,383805551,1786799290.383806,6334.755791689626,400.0
3768,1786799290,430839737,1786799290.430840,6340.479795288482,400.0
3769,1786799290,483116260,1786799290.483116,6336.221241274003,400.0
3770,1786799290,530687769,1786799290.530688,6338.697635881065,400.0
3771,1786799290,582610469,1786799290.582610,6360.1894877125005,400.0
3772,1786799290,629841895,1786799290.629842,6303.869453570218,400.0
3773,1786799290,682746074,1786799290.682746,6283.272883291829,400.0
3774,1786799290,729712261,1786799290.729712,6373.041781473845,400.0
3775,1786799290,782165923,1786799290.782166,6286.8221188063735,400.0
3776,1786799290,829901654,1786799290.829902,6301.1597399308885,400.0
3777,1786799290,881831979,1786799290.881832,6344.486919674393,400.0
3778,1786799290,933013557,1786799290.933013,6298.0892740859645,400.0
3779,1786799290,981805218,1786799290.981805,6332.247058000371,400.0
3780,1786799291,32729838,1786799291.032730,6300.909209956781,400.0
3781,1786799291,81240623,1786799291.081241,6289.264120889175,400.0
3782,1786799291,131820815,1786799291.131821,6325.346009406532,400.0
3783,1786799291,180776849,1786799291.180777,6316.32637513159,400.0
3784,1786799291,230800854,1786799291.230801,6297.215842560068,400.0
3785,1786799291,283367526,1786799291.283368,6302.221833182676,400.0
3786,1786799291,330175208,1786799291.330175,6302.978424004911,400.0
3787,1786799291,382746072,1786799291.382746,6308.280384536694,400.0
3788,1786799291,429616270,1786799291.429616,6340.384206443207,400.0
3789,1786799291,481985152,1786799291.481985,6299.308224753188,400.0
3790,1786799291,532690255,1786799291.532690,6330.337448579263,400.0
3791,1786799291,581370762,1786799291.581371,6315.347624462916,400.0
3792,1786799291,631885206,1786799291.631885,6268.266628516492,400.0
3793,1786799291,680709610,1786799291.680710,6323.120831393641,400.0
3794,1786799291,731310409,1786799291.731310,6319.294699787466,400.0
3795,1786799291,781580873,1786799291.781581,6326.973621710457,400.0
3796,1786799291,831904290,1786799291.831904,6307.5219194633955,400.0
3797,1786799291,881411884,1786799291.881412,6316.695820945654,400.0
3798,1786799291,931005182,1786799291.931005,6285.7474830207075,400.0
3799,1786799291,982904863,1786799291.982905,6329.272056684115,400.0
3800,1786799292,29869617,1786799292.029870,6290.873180410191,400.0
3801,1786799292,81435253,1786799292.081435,6319.81937459203,400.0
3802,1786799292,132163353,1786799292.132163,6319.272661042298,400.0
3803,1786799292,180543832,1786799292.180544,6317.05874149098,400.0
3804,1786799292,231129899,1786799292.231130,6294.956379345368,400.0
3805,1786799292,283608868,1786799292.283609,6325.102239190469,400.0
3806,1786799292,331682327,1786799292.331682,6303.498521150661,400.0
3807,1786799292,383124811,1786799292.383125,6322.592031387929,400.0
3808,1786799292,430339437,1786799292.430339,6314.646868591437,400.0
3809,1786799292,482097796,1786799292.482098,6336.434899842157,400.0
3810,1786799292,529831690,1786799292.529832,6320.27903496989,400.0
3811,1786799292,581668819,1786799292.581669,6355.841693524085,400.0
3812,1786799292,629806650,1786799292.629807,6321.327826450147,400.0
3813,1786799292,682845132,1786799292.682845,6297.652432226749,400.0
3814,1786799292,729990333,1786799292.729990,6310.9913805612305,400.0
3815,1786799292,782123109,1786799292.782123,6343.572976388861,400.0
3816,1786799292,832908575,1786799292.832909,6360.963179982525,400.0
3817,1786799292,881674133,1786799292.881674,6302.652171680804,400.0
3818,1786799292,931957221,1786799292.931957,6334.880137746349,400.0
3819,1786799292,980719564,1786799292.980720,6288.271718541346,400.0
3820,1786799293,31239999,1786799293.031240,6319.6343980857855,400.0
3821,1786799293,83328520,1786799293.083328,6357.11968505751,400.0
3822,1786799293,130211024,1786799293.130211,6339.741295704176,400.0
3823,1786799293,182107806,1786799293.182108,6295.622819899501,400.0
3824,1786799293,229830744,1786799293.229831,6346.080319867838,400.0
3825,1786799293,281720078,1786799293.281720,6324.744435280066,400.0
3826,1786799293,332713822,1786799293.332714,6324.317605723326,400.0
3827,1786799293,380809805,1786799293.380810,6302.335887382262,400.0
3828,1786799293,431668030,1786799293.431668,6280.8246435308865,400.0
3829,1786799293,480310422,1786799293.480310,6295.784226578132,400.0
3830,1786799293,531420043,1786799293.531420,6314.842414537857,400.0
3831,1786799293,580203835,1786799293.580204,6267.35809087058,400.0
3832,1786799293,630346378,1786799293.630346,6309.9229585540525,400.0
3833,1786799293,681889248,1786799293.681889,6266.356887219871,400.0
3834,1786799293,729648119,1786799293.729648,6305.80708955836,400.0
3835,1786799293,782014507,1786799293.782015,6312.1885449322945,400.0
3836,1786799293,832245695,1786799293.832246,6316.2048555676665,400.0
3837,1786799293,881998398,1786799293.881998,6317.445795097998,400.0
3838,1786799293,931553041,1786799293.931553,6285.056556065124,400.0
3839,1786799293,980108792,1786799293.980109,6302.544675902689,400.0
3840,1786799294,30435531,1786799294.030436,6317.585919747771,400.0
3841,1786799294,82501299,1786799294.082501,6292.247085730659,400.0
3842,1786799294,129261644,1786799294.129262,6297.761327424537,400.0
3843,1786799294,181488593,1786799294.181489,6307.6688236683785,400.0
3844,1786799294,232214468,1786799294.232214,6323.266953310229,400.0
3845,1786799294,280725592,1786799294.280725,6311.5629640645,400.0
3846,1786799294,331472091,1786799294.331472,6304.105887986119,400.0
3847,1786799294,379853865,1786799294.379854,6340.893154871116,400.0
3848,1786799294,430529547,1786799294.430530,6297.787259545597,400.0
3849,1786799294,483268171,1786799294.483268,6328.217366117866,400.0
3850,1786799294,530050424,1786799294.530051,6277.692508464402,400.0
3851,1786799294,582390014,1786799294.582390,6318.779646059622,400.0
3852,1786799294,629575403,1786799294.629575,6275.942509307406,400.0
3853,1786799294,681565496,1786799294.681566,6308.7947414325745,400.0
3854,1786799294,729340458,1786799294.729341,6319.189406845168,400.0
3855,1786799294,781424601,1786799294.781425,6301.753849896246,400.0
3856,1786799294,832539786,1786799294.832540,6319.223343075684,400.0
3857,1786799294,881444522,1786799294.881444,6277.274088633717,400.0
3858,1786799294,931869220,1786799294.931869,6309.253639121818,400.0
3859,1786799294,980314898,1786799294.980315,6315.872171379462,400.0
3860,1786799295,31239799,1786799295.031240,6318.661442863698,400.0
3861,1786799295,83467682,1786799295.083468,6318.374768623576,400.0
3862,1786799295,130358311,1786799295.130358,6304.748427115228,400.0
3863,1786799295,182838268,1786799295.182838,6310.622387053693,400.0
3864,1786799295,229363653,1786799295.229364,6332.722927856974,400.0
3865,1786799295,281444699,1786799295.281445,6330.489069051057,400.0
3866,1786799295,332048762,1786799295.332049,6332.346028661929,400.0
3867,1786799295,380128329,1786799295.380128,6322.316266699922,400.0
3868,1786799295,431161400,1786799295.431161,6334.733918580589,400.0
3869,1786799295,479763626,1786799295.479764,6343.221335698179,400.0
3870,1786799295,531022180,1786799295.531022,6344.3545286006865,400.0
3871,1786799295,580306781,1786799295.580307,6319.570557193897,400.0
3872,1786799295,630742445,1786799295.630743,6318.7792532902695,400.0
3873,1786799295,682861200,1786799295.682861,6318.980711859934,400.0
3874,1786799295,730348874,1786799295.730349,6284.5912251401905,400.0
3875,1786799295,782495864,1786799295.782496,6297.669408706718,400.0
3876,1786799295,830297058,1786799295.830297,6317.36742451671,400.0
3877,1786799295,882581621,1786799295.882582,6324.994391496434,400.0
3878,1786799295,929562826,1786799295.929563,6284.971559299737,400.0
3879,1786799295,983951349,1786799295.983951,6335.981142418373,400.0
3880,1786799296,29223849,1786799296.029224,6312.519305721088,400.0
3881,1786799296,81071933,1786799296.081072,6333.949315419261,400.0
3882,1786799296,132109244,1786799296.132109,6316.3032955534545,400.0
3883,1786799296,180634346,1786799296.180634,6297.963094997498,400.0
3884,1786799296,231708288,1786799296.231708,6329.738575641385,400.0
3885,1786799296,280735185,1786799296.280735,6318.269314299294,400.0
3886,1786799296,331026483,1786799296.331027,6345.053260201587,400.0
3887,1786799296,382540871,1786799296.382541,6314.708183419925,400.0
3888,1786799296,429727952,1786799296.429728,6348.734583097638,400.0
3889,1786799296,483142579,1786799296.483143,6305.711615665364,400.0
3890,1786799296,529553939,1786799296.529554,6296.276108265395,400.0
3891,1786799296,582743293,1786799296.582743,6276.762283729255,400.0
3892,1786799296,629627866,1786799296.629628,6348.317321491506,400.0
3893,1786799296,682152838,1786799296.682153,6273.971012188646,400.0
3894,1786799296,732537230,1786799296.732537,6328.149411564846,400.0
3895,1786799296,781130534,1786799296.781131,6319.112166322028,400.0
3896,1786799296,831939831,1786799296.831940,6331.891353762093,400.0
3897,1786799296,881482170,1786799296.881482,6312.85166552165,400.0
3898,1786799296,931139853,1786799296.931140,6325.389010830973,400.0
3899,1786799296,980759964,1786799296.980760,6311.698092063253,400.0
3900,1786799297,31008723,1786799297.031009,6303.205873777718,400.0
3901,1786799297,82522501,1786799297.082522,6327.026877917702,400.0
3902,1786799297,129550890,1786799297.129551,6309.743328759115,400.0
3903,1786799297,181728521,1786799297.181729,6357.34516763645,400.0
3904,1786799297,232027947,1786799297.232028,6350.007295892242,400.0
3905,1786799297,280507459,1786799297.280508,6334.100786826772,400.0
3906,1786799297,331440991,1786799297.331441,6296.637026813727,400.0
3907,1786799297,380283539,1786799297.380284,6330.894573197822,400.0
3908,1786799297,430934993,1786799297.430935,6300.912926155048,400.0
3909,1786799297,482766233,1786799297.482766,6324.574782743485,400.0
3910,1786799297,529751140,1786799297.529751,6312.416701864025,400.0
3911,1786799297,581358768,1786799297.581359,6307.1069763629075,400.0
3912,1786799297,632054649,1786799297.632055,6381.325419745482,400.0
3913,1786799297,680611054,1786799297.680611,6303.547917252748,400.0
3914,1786799297,731349913,1786799297.731350,6313.952805037156,400.0
3915,1786799297,779856058,1786799297.779856,6302.158133812873,400.0
3916,1786799297,831433663,1786799297.831434,6309.403401349077,400.0
3917,1786799297,880939126,1786799297.880939,6290.233491738644,400.0
3918,1786799297,930928401,1786799297.930928,6307.253535691066,400.0
3919,1786799297,979527588,1786799297.979527,6279.319472433413,400.0
3920,1786799298,30809646,1786799298.030810,6294.767131135209,400.0
3921,1786799298,82994308,1786799298.082994,6303.029000534075,400.0
3922,1786799298,130203358,1786799298.130203,6292.0277760115705,400.0
3923,1786799298,181920733,1786799298.181921,6329.647905193963,400.0
3924,1786799298,229182547,1786799298.229182,6324.663249250554,400.0
3925,1786799298,281567992,1786799298.281568,6305.511710312196,400.0
3926,1786799298,332199027,1786799298.332199,6308.336592542201,400.0
3927,1786799298,380811627,1786799298.380812,6314.540666012924,400.0
3928,1786799298,431900709,1786799298.431901,6311.605312440661,400.0
3929,1786799298,480504552,1786799298.480505,6336.436338012073,400.0
3930,1786799298,531317001,1786799298.531317,6304.817989745919,400.0
3931,1786799298,580125677,1786799298.580126,6306.707292312437,400.0
3932,1786799298,630874737,1786799298.630875,6329.339662012935,400.0
3933,1786799298,680021704,1786799298.680022,6356.3769838049275,400.0
3934,1786799298,730866949,1786799298.730867,6295.686373881841,400.0
3935,1786799298,779955978,1786799298.779956,6289.663361916191,400.0
3936,1786799298,830558072,1786799298.830558,6325.985843597878,400.0
3937,1786799298,882760038,1786799298.882760,6318.435174538793,400.0
3938,1786799298,929947843,1786799298.929948,6312.753252566742,400.0
3939,1786799298,981515627,1786799298.981516,6319.776437967664,400.0
3940,1786799299,28799414,1786799299.028799,6337.26760051688,400.0
3941,1786799299,80615755,1786799299.080616,6315.363575207691,400.0
3942,1786799299,131375558,1786799299.131376,6297.25064733163,400.0
3943,1786799299,179705936,1786799299.179706,6331.5134924978,400.0
3944,1786799299,230162924,1786799299.230163,6331.45762381341,400.0
3945,1786799299,281777431,1786799299.281777,6345.76904312188,400.0
3946,1786799299,328758705,1786799299.328759,6292.139801289139,400.0
3947,1786799299,380391665,1786799299.380392,6318.342974811291,400.0
3948,1786799299,431301636,1786799299.431302,6310.974386724475,400.0
3949,1786799299,479492524,1786799299.479492,6283.737446844921,400.0
3950,1786799299,530603512,1786799299.530603,6335.284177584939,400.0
3951,1786799299,582814003,1786799299.582814,6329.623627659921,400.0
3952,1786799299,629918189,1786799299.629918,6286.783484954372,400.0
3953,1786799299,681544176,1786799299.681544,6294.34977707754,400.0
3954,1786799299,732123935,1786799299.732124,6337.930132807153,400.0
3955,1786799299,781465186,1786799299.781465,6319.2822675271445,400.0
3956,1786799299,828821250,1786799299.828821,6315.867841860194,400.0
3957,1786799299,882645409,1786799299.882645,6310.51266800532,400.0
3958,1786799299,931535740,1786799299.931536,6314.104632521369,400.0
3959,1786799299,981406089,1786799299.981406,6311.320499700942,400.0
3960,1786799300,31105556,1786799300.031106,6326.04699058254,400.0
3961,1786799300,79898939,1786799300.079899,6333.336925293116,400.0
3962,1786799300,130434714,1786799300.130435,6319.944805816899,400.0
3963,1786799300,183241175,1786799300.183241,6306.648852245796,400.0
3964,1786799300,229578153,1786799300.229578,6282.060784227257,400.0
3965,1786799300,281962785,1786799300.281963,6289.892617228382,400.0
3966,1786799300,328793087,1786799300.328793,6319.643651354012,400.0
3967,1786799300,381265951,1786799300.381266,6288.7154716342575,400.0
3968,1786799300,429414457,1786799300.429415,6329.082604206465,400.0
3969,1786799300,481235805,1786799300.481236,6319.917847690183,400.0
3970,1786799300,528795792,1786799300.528796,6320.324527036132,400.0
3971,1786799300,580822570,1786799300.580822,6295.349311172831,400.0
3972,1786799300,628704208,1786799300.628704,6341.340767869614,400.0
3973,1786799300,680702714,1786799300.680703,6291.312185810665,400.0
3974,1786799300,731953456,1786799300.731953,6306.246935934272,400.0
3975,1786799300,781844368,1786799300.781844,6340.385970397165,400.0
3976,1786799300,829086438,1786799300.829087,6320.270188961427,400.0
3977,1786799300,882060006,1786799300.882060,6295.124836004357,400.0
3978,1786799300,928992344,1786799300.928992,6305.499267041747,400.0
3979,1786799300,982408227,1786799300.982408,6297.856941792889,400.0
3980,1786799301,32166643,1786799301.032167,6293.602369593899,400.0
3981,1786799301,82266564,1786799301.082267,6300.412676818301,400.0
3982,1786799301,131519027,1786799301.131519,6328.177619702287,400.0
3983,1786799301,179957728,1786799301.179958,6334.961495823012,400.0
3984,1786799301,230839954,1786799301.230840,6284.096144711981,400.0
3985,1786799301,279934515,1786799301.279934,6318.211926807189,400.0
3986,1786799301,330531510,1786799301.330532,6330.12598520155,400.0
3987,1786799301,380397444,1786799301.380398,6353.310078906037,400.0
3988,1786799301,429940558,1786799301.429940,6335.063347381026,400.0
3989,1786799301,482556412,1786799301.482556,6344.333831758574,400.0
3990,1786799301,529585246,1786799301.529585,6309.221288398063,400.0
3991,1786799301,582488190,1786799301.582488,6326.936053881339,400.0
3992,1786799301,628888144,1786799301.628888,6311.525077836041,400.0
3993,1786799301,681670458,1786799301.681670,6325.880112803459,400.0
3994,1786799301,732009162,1786799301.732009,6308.147527356673,400.0
3995,1786799301,782149895,1786799301.782150,6327.878439152659,400.0
3996,1786799301,831616839,1786799301.831617,6314.798334473297,400.0
3997,1786799301,880052446,1786799301.880052,6316.671533853389,400.0
3998,1786799301,931006396,1786799301.931006,6314.199541949091,400.0
3999,1786799301,979165464,1786799301.979166,6294.376970297593,400.0
4000,1786799302,30216719,1786799302.030217,6344.535376700992,400.0
4001,1786799302,79008182,1786799302.079008,6309.557473356994,400.0
4002,1786799302,129904685,1786799302.129905,6302.635754369957,400.0
4003,1786799302,181828546,1786799302.181828,6328.548218115892,400.0
4004,1786799302,229581733,1786799302.229582,6305.721509513187,400.0
4005,1786799302,282367221,1786799302.282367,6318.127336992663,400.0
4006,1786799302,329434599,1786799302.329435,6351.0730430973235,400.0
4007,1786799302,381859332,1786799302.381859,6332.4700330158985,400.0
4008,1786799302,429580472,1786799302.429580,6341.6668669495275,400.0
4009,1786799302,482113461,1786799302.482113,6328.1923928082715,400.0
4010,1786799302,528768176,1786799302.528768,6311.014775161009,400.0
4011,1786799302,581266793,1786799302.581267,6297.546882887877,400.0
4012,1786799302,631175183,1786799302.631175,6325.454573939269,400.0
4013,1786799302,679614403,1786799302.679614,6310.045432792525,400.0
4014,1786799302,730104276,1786799302.730104,6327.525985938978,400.0
4015,1786799302,782290572,1786799302.782290,6328.348850990917,400.0
4016,1786799302,829712900,1786799302.829713,6296.319399451216,400.0
4017,1786799302,881944273,1786799302.881944,6318.394621322427,400.0
4018,1786799302,929635761,1786799302.929636,6311.650098721188,400.0
4019,1786799302,982833156,1786799302.982833,6304.578364082062,400.0
4020,1786799303,28765947,1786799303.028766,6279.824329082795,400.0
4021,1786799303,80309902,1786799303.080310,6287.826256026859,400.0
4022,1786799303,131181646,1786799303.131182,6312.940277678751,400.0
4023,1786799303,179462206,1786799303.179462,6294.598348303713,400.0
4024,1786799303,230276544,1786799303.230277,6327.687773373531,400.0
4025,1786799303,282370733,1786799303.282371,6315.910705547986,400.0
4026,1786799303,329390363,1786799303.329390,6267.507869990691,400.0
4027,1786799303,381115469,1786799303.381115,6342.162694035352,400.0
4028,1786799303,428622886,1786799303.428623,6318.216363714106,400.0
4029,1786799303,480679820,1786799303.480680,6309.289915502892,400.0
4030,1786799303,531354320,1786799303.531354,6286.19521267896,400.0
4031,1786799303,581410969,1786799303.581411,6289.388951920593,400.0
4032,1786799303,630431270,1786799303.630431,6296.291715837143,400.0
4033,1786799303,678822818,1786799303.678823,6319.039503067254,400.0
4034,1786799303,729442498,1786799303.729443,6327.90276924669,400.0
4035,1786799303,782241753,1786799303.782242,6302.1898685639035,400.0
4036,1786799303,829715229,1786799303.829715,6295.355471283891,400.0
4037,1786799303,882332274,1786799303.882332,6304.842688580381,400.0
4038,1786799303,929024076,1786799303.929024,6310.676793535407,400.0
4039,1786799303,981230422,1786799303.981230,6281.343797808541,400.0
4040,1786799304,28708469,1786799304.028708,6305.223370944764,400.0
4041,1786799304,80312930,1786799304.080313,6309.274646611302,400.0
4042,1786799304,131226143,1786799304.131226,6308.108305474672,400.0
4043,1786799304,179553731,1786799304.179554,6302.738580610361,400.0
4044,1786799304,230248397,1786799304.230248,6317.710722254643,400.0
4045,1786799304,281910286,1786799304.281910,6292.899878584143,400.0
4046,1786799304,328968461,1786799304.328969,6293.843311109446,400.0
4047,1786799304,380810956,1786799304.380811,6276.803962523433,400.0
4048,1786799304,428363213,1786799304.428363,6299.18258151004,400.0
4049,1786799304,480867437,1786799304.480867,6302.085796889992,400.0
4050,1786799304,531500537,1786799304.531501,6300.990339179694,400.0
4051,1786799304,580635112,1786799304.580635,6348.344224648632,400.0
4052,1786799304,630839398,1786799304.630839,6310.999557764137,400.0
4053,1786799304,679334795,1786799304.679335,6331.558171632747,400.0
4054,1786799304,730047561,1786799304.730047,6261.038909512428,400.0
4055,1786799304,782538412,1786799304.782538,6337.639354730053,400.0
4056,1786799304,829910384,1786799304.829910,6319.7713640780885,400.0
4057,1786799304,882497254,1786799304.882497,6323.611053602659,400.0
4058,1786799304,929540549,1786799304.929541,6303.372778957359,400.0
4059,1786799304,982653248,1786799304.982653,6302.195934016056,400.0
4060,1786799305,30687264,1786799305.030687,6326.9455502367155,400.0
4061,1786799305,78889362,1786799305.078889,6301.186794883704,400.0
4062,1786799305,130114409,1786799305.130114,6312.089868463185,400.0
4063,1786799305,182155616,1786799305.182156,6338.512983249663,400.0
4064,1786799305,229222521,1786799305.229223,6302.69823405364,400.0
4065,1786799305,281371147,1786799305.281371,6322.188695607701,400.0
4066,1786799305,328748368,1786799305.328748,6336.648863695629,400.0
4067,1786799305,380796944,1786799305.380797,6318.978206705955,400.0
4068,1786799305,431467513,1786799305.431468,6309.563455248516,400.0
4069,1786799305,481231576,1786799305.481232,6351.894158737399,400.0
4070,1786799305,530732240,1786799305.530732,6340.407167790307,400.0
4071,1786799305,579284047,1786799305.579284,6334.952555572104,400.0
4072,1786799305,629820626,1786799305.629821,6325.529106663821,400.0
4073,1786799305,682142218,1786799305.682142,6351.183041237023,400.0
4074,1786799305,729181586,1786799305.729182,6284.974443673495,400.0
4075,1786799305,781092581,1786799305.781093,6293.056394036943,400.0
4076,1786799305,828166766,1786799305.828167,6340.6251756783195,400.0
4077,1786799305,881095152,1786799305.881095,6327.778859028177,400.0
4078,1786799305,931404020,1786799305.931404,6326.113047534463,400.0
4079,1786799305,979878592,1786799305.979879,6290.263090843962,400.0
4080,1786799306,30930431,1786799306.030931,6267.772065168286,400.0
4081,1786799306,79680914,1786799306.079681,6310.130207690294,400.0
4082,1786799306,130347276,1786799306.130347,6305.8148971021965,400.0
4083,1786799306,179263259,1786799306.179263,6319.066599466773,400.0
4084,1786799306,229512769,1786799306.229513,6324.990847210738,400.0
4085,1786799306,282100576,1786799306.282101,6321.856620339652,400.0
4086,1786799306,329143134,1786799306.329143,6317.041395389017,400.0
4087,1786799306,381114295,1786799306.381114,6278.036650581423,400.0
4088,1786799306,431501760,1786799306.431502,6302.658878174568,400.0
4089,1786799306,480806869,1786799306.480807,6300.948852876485,400.0
4090,1786799306,531433693,1786799306.531434,6308.984170472128,400.0
4091,1786799306,580247868,1786799306.580248,6313.970691188486,400.0
4092,1786799306,631263667,1786799306.631264,6322.515833371435,400.0
4093,1786799306,680141405,1786799306.680141,6334.97236701261,400.0
4094,1786799306,731474542,1786799306.731475,6316.719908525696,400.0
4095,1786799306,779835425,1786799306.779835,6328.638157276397,400.0
4096,1786799306,830942342,1786799306.830942,6282.027469007007,400.0
4097,1786799306,879884085,1786799306.879884,6310.3604785580355,400.0
4098,1786799306,930541453,1786799306.930542,6309.31587084192,400.0
4099,1786799306,979812651,1786799306.979813,6343.187119971121,400.0
4100,1786799307,29890908,1786799307.029891,6310.706352836513,400.0
4101,1786799307,81653859,1786799307.081654,6292.013192309717,400.0
4102,1786799307,128894373,1786799307.128894,6296.843472899191,400.0
4103,1786799307,181207074,1786799307.181207,6314.241506581687,400.0
4104,1786799307,228312640,1786799307.228313,6302.793833111591,400.0
4105,1786799307,280240573,1786799307.280241,6304.058186346484,400.0
4106,1786799307,331008757,1786799307.331009,6329.447548130551,400.0
4107,1786799307,379694795,1786799307.379695,6319.531771655191,400.0
4108,1786799307,430118289,1786799307.430118,6324.483717699037,400.0
4109,1786799307,478453538,1786799307.478454,6312.451668061138,400.0
4110,1786799307,529294368,1786799307.529294,6307.942860259514,400.0
4111,1786799307,581272310,1786799307.581272,6324.530245348476,400.0
4112,1786799307,628532245,1786799307.628532,6301.8752042119995,400.0
4113,1786799307,681976536,1786799307.681977,6291.7682536534585,400.0
4114,1786799307,728420929,1786799307.728421,6304.595864709278,400.0
4115,1786799307,780420198,1786799307.780420,6346.552951848756,400.0
4116,1786799307,831127957,1786799307.831128,6323.662720319917,400.0
4117,1786799307,879309567,1786799307.879310,6300.9146281015155,400.0
4118,1786799307,930492440,1786799307.930492,6283.475834889803,400.0
4119,1786799307,979361622,1786799307.979362,6337.951202952499,400.0
4120,1786799308,29930153,1786799308.029930,6321.502790912153,400.0
4121,1786799308,78398214,1786799308.078398,6325.134613214342,400.0
4122,1786799308,129201045,1786799308.129201,6348.174702862842,400.0
4123,1786799308,181023811,1786799308.181024,6301.649756526114,400.0
4124,1786799308,228269506,1786799308.228270,6319.450287696155,400.0
4125,1786799308,280216761,1786799308.280217,6317.136751591388,400.0
4126,1786799308,330910747,1786799308.330911,6359.8848274898955,400.0
4127,1786799308,379880287,1786799308.379880,6305.188919110573,400.0
4128,1786799308,430164115,1786799308.430164,6302.061576892896,400.0
4129,1786799308,483159022,1786799308.483159,6338.662972178618,400.0
4130,1786799308,529849213,1786799308.529849,6307.901909165722,400.0
4131,1786799308,581837032,1786799308.581837,6337.221067346546,400.0
4132,1786799308,628789348,1786799308.628789,6334.562208068386,400.0
4133,1786799308,680807253,1786799308.680807,6329.079672894341,400.0
4134,1786799308,728427300,1786799308.728427,6349.454064375677,400.0
4135,1786799308,781516450,1786799308.781517,6275.48570047611,400.0
4136,1786799308,829139650,1786799308.829140,6309.902027488916,400.0
4137,1786799308,881690988,1786799308.881691,6328.79683648106,400.0
4138,1786799308,929050088,1786799308.929050,6312.596703531517,400.0
4139,1786799308,980896964,1786799308.980897,6316.2431036315065,400.0
4140,1786799309,27916797,1786799309.027917,6286.853159554134,400.0
4141,1786799309,79861642,1786799309.079862,6324.121640836247,400.0
4142,1786799309,130343334,1786799309.130343,6316.258430965834,400.0
4143,1786799309,178382669,1786799309.178383,6342.860865685317,400.0
4144,1786799309,229620754,1786799309.229621,6305.107858606935,400.0
4145,1786799309,281442704,1786799309.281443,6338.582272714556,400.0
4146,1786799309,328927806,1786799309.328928,6319.473917049423,400.0
4147,1786799309,380818594,1786799309.380819,6340.798354590637,400.0
4148,1786799309,428220366,1786799309.428220,6324.387477301202,400.0
4149,1786799309,479868811,1786799309.479869,6325.3198698169,400.0
4150,1786799309,527839523,1786799309.527839,6290.087002749247,400.0
4151,1786799309,579364208,1786799309.579364,6302.579408282919,400.0
4152,1786799309,630950812,1786799309.630951,6329.746093627813,400.0
4153,1786799309,679312523,1786799309.679312,6322.606089796025,400.0
4154,1786799309,730505665,1786799309.730506,6361.646265172022,400.0
4155,1786799309,780006105,1786799309.780006,6304.539730919793,400.0
4156,1786799309,830556938,1786799309.830557,6320.598971461744,400.0
4157,1786799309,880386272,1786799309.880386,6319.390924367251,400.0
4158,1786799309,929992489,1786799309.929992,6339.020651408923,400.0
4159,1786799309,981403080,1786799309.981403,6269.425048165855,400.0
4160,1786799310,28896435,1786799310.028896,6314.91219996697,400.0
4161,1786799310,81319476,1786799310.081320,6270.462766291799,400.0
4162,1786799310,128626647,1786799310.128627,6315.231752323695,400.0
4163,1786799310,181187781,1786799310.181188,6315.052423488362,400.0
4164,1786799310,228180047,1786799310.228180,6267.641558143757,400.0
4165,1786799310,280370355,1786799310.280370,6321.641712800844,400.0
4166,1786799310,327833196,1786799310.327833,6334.41508391272,400.0
4167,1786799310,380069595,1786799310.380069,6336.98869046627,400.0
4168,1786799310,431038168,1786799310.431038,6327.741966943571,400.0
4169,1786799310,479796573,1786799310.479797,6282.342872456518,400.0
4170,1786799310,530184020,1786799310.530184,6272.189498136048,400.0
4171,1786799310,579377993,1786799310.579378,6289.693545988746,400.0
4172,1786799310,629182262,1786799310.629182,6302.1879972241495,400.0
4173,1786799310,681363114,1786799310.681363,6296.422854818986,400.0
4174,1786799310,728839069,1786799310.728839,6311.741277838632,400.0
4175,1786799310,782102807,1786799310.782103,6314.2673360639865,400.0
4176,1786799310,829340874,1786799310.829341,6293.645909726733,400.0
4177,1786799310,882864967,1786799310.882865,6326.685192887102,400.0
4178,1786799310,929304416,1786799310.929304,6296.513526751569,400.0
4179,1786799310,981381663,1786799310.981382,6307.31865679063,400.0
4180,1786799311,28597952,1786799311.028598,6325.932305875048,400.0
4181,1786799311,80788836,1786799311.080789,6317.3393080591995,400.0
4182,1786799311,127968713,1786799311.127969,6324.50663410716,400.0
4183,1786799311,180045671,1786799311.180046,6299.501163512619,400.0
4184,1786799311,230945691,1786799311.230946,6295.216844702717,400.0
4185,1786799311,279284660,1786799311.279285,6323.4917809089175,400.0
4186,1786799311,330401470,1786799311.330401,6314.619381612105,400.0
4187,1786799311,378870601,1786799311.378870,6288.889641553098,400.0
4188,1786799311,429448529,1786799311.429449,6286.172870649159,400.0
4189,1786799311,480936777,1786799311.480937,6298.755974023461,400.0
4190,1786799311,528542073,1786799311.528542,6327.3690895118325,400.0
4191,1786799311,581326010,1786799311.581326,6301.370215008755,400.0
4192,1786799311,627679606,1786799311.627680,6320.749900315169,400.0
4193,1786799311,679559054,1786799311.679559,6282.306284892856,400.0
4194,1786799311,730569456,1786799311.730569,6289.828055561763,400.0
4195,1786799311,778975594,1786799311.778975,6281.308712983414,400.0
4196,1786799311,830267012,1786799311.830267,6287.423400392789,400.0
4197,1786799311,878903140,1786799311.878903,6289.909057278142,400.0
4198,1786799311,930079461,1786799311.930079,6280.595009251405,400.0
4199,1786799311,978889021,1786799311.978889,6294.736453608335,400.0
4200,1786799312,29446919,1786799312.029447,6328.37441923396,400.0
4201,1786799312,78577744,1786799312.078578,6283.2397323952255,400.0
4202,1786799312,129027366,1786799312.129027,6324.621246697997,400.0
4203,1786799312,181839081,1786799312.181839,6326.659307381623,400.0
4204,1786799312,228973627,1786799312.228974,6327.246913669744,400.0
4205,1786799312,281284959,1786799312.281285,6314.826512165031,400.0
4206,1786799312,328582828,1786799312.328583,6287.260487524629,400.0
4207,1786799312,380622979,1786799312.380623,6316.135378592213,400.0
4208,1786799312,428120228,1786799312.428120,6348.377495107782,400.0
4209,1786799312,480197892,1786799312.480198,6352.635672944457,400.0
4210,1786799312,527802463,1786799312.527802,6274.22193583519,400.0
4211,1786799312,580230201,1786799312.580230,6347.408137575935,400.0
4212,1786799312,630836718,1786799312.630837,6320.7846623519345,400.0
4213,1786799312,679150562,1786799312.679151,6317.575565496028,400.0
4214,1786799312,730084916,1786799312.730085,6331.726030488907,400.0
4215,1786799312,778563068,1786799312.778563,6315.233161821601,400.0
4216,1786799312,829633503,1786799312.829633,6299.466431728431,400.0
4217,1786799312,879731373,1786799312.879731,6309.335496388698,400.0
4218,1786799312,929819910,1786799312.929820,6318.238712543798,400.0
4219,1786799312,979576150,1786799312.979576,6320.058970694545,400.0
4220,1786799313,29322614,1786799313.029323,6313.482231508503,400.0
4221,1786799313,77930009,1786799313.077930,6345.769498035172,400.0
4222,1786799313,128532842,1786799313.128533,6323.639346471583,400.0
4223,1786799313,180580301,1786799313.180580,6325.517947325898,400.0
4224,1786799313,228002282,1786799313.228002,6371.013989482994,400.0
4225,1786799313,279959793,1786799313.279960,6302.55286349499,400.0
4226,1786799313,330447936,1786799313.330448,6331.098890672025,400.0
4227,1786799313,378882989,1786799313.378883,6331.484891038864,400.0
4228,1786799313,430100825,1786799313.430101,6323.808131215494,400.0
4229,1786799313,478555731,1786799313.478556,6304.901504117754,400.0
4230,1786799313,530061354,1786799313.530061,6321.9419163021,400.0
4231,1786799313,578970000,1786799313.578970,6288.815275340128,400.0
4232,1786799313,629628189,1786799313.629628,6309.6656177109,400.0
4233,1786799313,678604811,1786799313.678605,6283.607662087213,400.0
4234,1786799313,729632895,1786799313.729633,6323.595760916106,400.0
4235,1786799313,778247415,1786799313.778247,6319.990330257638,400.0
4236,1786799313,829141585,1786799313.829142,6293.742249864422,400.0
4237,1786799313,880941425,1786799313.880941,6287.014496466471,400.0
4238,1786799313,927767373,1786799313.927767,6335.263606037588,400.0
4239,1786799313,980777284,1786799313.980777,6334.798402654822,400.0
4240,1786799314,27598387,1786799314.027598,6329.5774440383375,400.0
4241,1786799314,79314370,1786799314.079314,6340.227047115983,400.0
4242,1786799314,129963625,1786799314.129964,6321.8328169057995,400.0
4243,1786799314,178679300,1786799314.178679,6299.2568082849275,400.0
4244,1786799314,229412379,1786799314.229412,6291.321641176503,400.0
4245,1786799314,277850545,1786799314.277851,6312.185060403158,400.0
4246,1786799314,329171334,1786799314.329171,6290.062992708391,400.0
4247,1786799314,378698523,1786799314.378699,6310.430715276776,400.0
4248,1786799314,429368696,1786799314.429369,6316.552092288401,400.0
4249,1786799314,478510091,1786799314.478510,6324.5380094072,400.0
4250,1786799314,528934635,1786799314.528935,6355.053943599082,400.0
4251,1786799314,580962324,1786799314.580962,6288.235201836956,400.0
4252,1786799314,628265740,1786799314.628266,6323.635886118808,400.0
4253,1786799314,680509605,1786799314.680510,6299.179852586752,400.0
4254,1786799314,728233188,1786799314.728233,6278.858278449827,400.0
4255,1786799314,781056800,1786799314.781057,6325.1499869462095,400.0
4256,1786799314,827430478,1786799314.827430,6316.011868470313,400.0
4257,1786799314,879273412,1786799314.879273,6323.19776443621,400.0
4258,1786799314,930384654,1786799314.930385,6290.216282831589,400.0
4259,1786799314,978968032,1786799314.978968,6297.772598897313,400.0
4260,1786799315,29484609,1786799315.029485,6316.095746037745,400.0
4261,1786799315,78312508,1786799315.078312,6335.67874459149,400.0
4262,1786799315,129272005,1786799315.129272,6304.705213444956,400.0
4263,1786799315,178016680,1786799315.178017,6293.571042301318,400.0
4264,1786799315,228896235,1786799315.228896,6291.965672740877,400.0
4265,1786799315,281092341,1786799315.281092,6288.043177272777,400.0
4266,1786799315,328695674,1786799315.328696,6308.957078619963,400.0
4267,1786799315,380585295,1786799315.380585,6287.640729596886,400.0
4268,1786799315,427983484,1786799315.427984,6313.454476826691,400.0
4269,1786799315,480049958,1786799315.480050,6318.010112924836,400.0
4270,1786799315,527312980,1786799315.527313,6315.439515875237,400.0
4271,1786799315,578886004,1786799315.578886,6310.073948536187,400.0
4272,1786799315,629710379,1786799315.629710,6316.459493227469,400.0
4273,1786799315,678815007,1786799315.678815,6314.9679520248155,400.0
4274,1786799315,729715849,1786799315.729716,6337.923034730499,400.0
4275,1786799315,778834053,1786799315.778834,6277.265500912005,400.0
4276,1786799315,829388907,1786799315.829389,6314.194762251162,400.0
4277,1786799315,879128644,1786799315.879129,6273.323757413036,400.0
4278,1786799315,928497370,1786799315.928497,6326.700818174154,400.0
4279,1786799315,980273962,1786799315.980274,6281.722166458042,400.0
4280,1786799316,27949775,1786799316.027950,6324.847632364044,400.0
4281,1786799316,80785637,1786799316.080786,6309.338805317614,400.0
4282,1786799316,127647863,1786799316.127648,6297.372531226995,400.0
4283,1786799316,180207131,1786799316.180207,6353.31965920713,400.0
4284,1786799316,227293109,1786799316.227293,6325.882298540314,400.0
4285,1786799316,279115964,1786799316.279116,6319.554595194423,400.0
4286,1786799316,330120816,1786799316.330121,6297.010994164548,400.0
4287,1786799316,378925707,1786799316.378926,6278.489158493914,400.0
4288,1786799316,428948684,1786799316.428949,6298.844490805997,400.0
4289,1786799316,480602655,1786799316.480603,6291.468846349258,400.0
4290,1786799316,527750111,1786799316.527750,6322.651640958324,400.0
4291,1786799316,579549008,1786799316.579549,6300.839282175797,400.0
4292,1786799316,627312712,1786799316.627313,6307.9065060386,400.0
4293,1786799316,680938864,1786799316.680939,6310.5815634832215,400.0
4294,1786799316,727144981,1786799316.727145,6319.597453054055,400.0
4295,1786799316,779211644,1786799316.779212,6289.651024709136,400.0
4296,1786799316,827291964,1786799316.827292,6312.883971813168,400.0
4297,1786799316,879648536,1786799316.879648,6293.05129711389,400.0
4298,1786799316,930323705,1786799316.930324,6267.015692018349,400.0
4299,1786799316,978622008,1786799316.978622,6313.488292174217,400.0
4300,1786799317,29271592,1786799317.029272,6319.581566353794,400.0
4301,1786799317,77970356,1786799317.077970,6301.106369253064,400.0
4302,1786799317,128755319,1786799317.128755,6289.988429228455,400.0
4303,1786799317,180937694,1786799317.180938,6328.00769488843,400.0
4304,1786799317,227982439,1786799317.227983,6317.579174525451,400.0
4305,1786799317,280234875,1786799317.280235,6304.119170097454,400.0
4306,1786799317,327669379,1786799317.327669,6317.119575146526,400.0
4307,1786799317,379295634,1786799317.379296,6327.71388716642,400.0
4308,1786799317,426963375,1786799317.426963,6313.903834272649,400.0
4309,1786799317,479254080,1786799317.479254,6329.988936938981,400.0
4310,1786799317,530010081,1786799317.530010,6310.217407600287,400.0
4311,1786799317,579934389,1786799317.579934,6318.44431840021,400.0
4312,1786799317,629205001,1786799317.629205,6290.2200827097695,400.0
4313,1786799317,677628806,1786799317.677629,6322.348109510891,400.0
4314,1786799317,728729854,1786799317.728730,6308.303346957712,400.0
4315,1786799317,777444346,1786799317.777444,6315.296347757609,400.0
4316,1786799317,828554230,1786799317.828554,6287.075755317658,400.0
4317,1786799317,882578140,1786799317.882578,6343.3142161130545,400.0
4318,1786799317,928152869,1786799317.928153,6309.444586481377,400.0
4319,1786799317,979850637,1786799317.979851,6352.967001395296,400.0
4320,1786799318,27688735,1786799318.027689,6307.900556071664,400.0
4321,1786799318,79936294,1786799318.079936,6309.4649560767875,400.0
4322,1786799318,126849867,1786799318.126850,6293.890580861414,400.0
4323,1786799318,178316375,1786799318.178316,6326.928674075837,400.0
4324,1786799318,228769993,1786799318.228770,6321.24948719647,400.0
4325,1786799318,280564743,1786799318.280565,6285.982915641404,400.0
4326,1786799318,327643170,1786799318.327643,6340.872200780974,400.0
4327,1786799318,380771993,1786799318.380772,6314.201162913351,400.0
4328,1786799318,427284411,1786799318.427284,6299.582101878622,400.0
4329,1786799318,479936363,1786799318.479936,6325.320716722657,400.0
4330,1786799318,526836252,1786799318.526836,6323.78393440329,400.0
4331,1786799318,578439336,1786799318.578439,6300.039711433671,400.0
4332,1786799318,629120658,1786799318.629121,6336.902030793245,400.0
4333,1786799318,677690490,1786799318.677691,6284.477280112461,400.0
4334,1786799318,728399192,1786799318.728399,6308.58379598399,400.0
4335,1786799318,780130605,1786799318.780131,6323.9966319474215,400.0
4336,1786799318,827779018,1786799318.827779,6292.675387325291,400.0
4337,1786799318,880747251,1786799318.880747,6327.8304075501865,400.0
4338,1786799318,926839693,1786799318.926840,6314.08112425459,400.0
4339,1786799318,978383380,1786799318.978383,6301.57988313317,400.0
4340,1786799319,28949235,1786799319.028949,6310.658787133175,400.0
4341,1786799319,80566677,1786799319.080567,6299.570561087321,400.0
4342,1786799319,127742482,1786799319.127743,6346.509572533073,400.0
4343,1786799319,179922228,1786799319.179922,6310.802601670721,400.0
4344,1786799319,227157431,1786799319.227157,6309.584359205114,400.0
4345,1786799319,279816624,1786799319.279817,6289.972454208657,400.0
4346,1786799319,329478481,1786799319.329479,6298.21635577112,400.0
4347,1786799319,378685246,1786799319.378685,6287.686253691439,400.0
4348,1786799319,428414614,1786799319.428415,6302.206027713903,400.0
4349,1786799319,481172135,1786799319.481172,6320.120751774877,400.0
4350,1786799319,527633576,1786799319.527634,6301.1235931825495,400.0
4351,1786799319,580214247,1786799319.580214,6276.406156611064,400.0
4352,1786799319,626889263,1786799319.626889,6309.713658710087,400.0
4353,1786799319,680184734,1786799319.680185,6308.329301517948,400.0
4354,1786799319,726832082,1786799319.726832,6317.216230101683,400.0
4355,1786799319,780295839,1786799319.780296,6316.8246082172245,400.0
4356,1786799319,826951661,1786799319.826952,6289.777914959803,400.0
4357,1786799319,879414464,1786799319.879415,6350.768121879403,400.0
4358,1786799319,926860713,1786799319.926861,6319.944813029991,400.0
4359,1786799319,980073508,1786799319.980073,6351.028942147541,400.0
4360,1786799320,29754826,1786799320.029755,6308.346163249112,400.0
4361,1786799320,78360419,1786799320.078360,6268.668881392555,400.0
4362,1786799320,129018148,1786799320.129018,6321.432103510413,400.0
4363,1786799320,177500949,1786799320.177501,6302.377198648364,400.0
4364,1786799320,228634443,1786799320.228634,6301.091739107867,400.0
4365,1786799320,277785862,1786799320.277786,6324.787103154624,400.0
4366,1786799320,328533428,1786799320.328533,6302.264131092746,400.0
4367,1786799320,377305258,1786799320.377305,6331.9598311656455,400.0
4368,1786799320,428301051,1786799320.428301,6334.137770995693,400.0
4369,1786799320,477166776,1786799320.477167,6276.166577753016,400.0
4370,1786799320,527583694,1786799320.527584,6300.51857499387,400.0
4371,1786799320,579859220,1786799320.579859,6283.650576965094,400.0
4372,1786799320,627293620,1786799320.627294,6344.7927224088435,400.0
4373,1786799320,678768964,1786799320.678769,6339.098913328156,400.0
4374,1786799320,729299868,1786799320.729300,6318.986508370231,400.0
4375,1786799320,779361878,1786799320.779362,6313.14736997512,400.0
4376,1786799320,828817511,1786799320.828818,6316.364018523466,400.0
4377,1786799320,877490295,1786799320.877490,6310.279370888433,400.0
4378,1786799320,928068917,1786799320.928069,6359.900306516952,400.0
4379,1786799320,982135411,1786799320.982135,6328.081000004899,400.0
4380,1786799321,28380195,1786799321.028380,6300.770600767304,400.0
4381,1786799321,79887085,1786799321.079887,6318.093367083114,400.0
4382,1786799321,127418732,1786799321.127419,6310.565347878657,400.0
4383,1786799321,179094437,1786799321.179095,6293.104128529776,400.0
4384,1786799321,229385650,1786799321.229386,6293.373511408597,400.0
4385,1786799321,278312066,1786799321.278312,6359.57094246425,400.0
4386,1786799321,329477021,1786799321.329477,6322.944130818171,400.0
4387,1786799321,378538915,1786799321.378539,6326.282292980393,400.0
4388,1786799321,428856818,1786799321.428857,6314.656520413671,400.0
4389,1786799321,477394503,1786799321.477395,6328.613869993766,400.0
4390,1786799321,528741750,1786799321.528742,6342.021673862166,400.0
4391,1786799321,577281981,1786799321.577282,6320.560814347824,400.0
4392,1786799321,628246760,1786799321.628247,6290.497898675327,400.0
4393,1786799321,680343248,1786799321.680343,6328.387902483297,400.0
4394,1786799321,727682925,1786799321.727683,6313.923447057947,400.0
4395,1786799321,779875312,1786799321.779875,6340.6230552947545,400.0
4396,1786799321,827088314,1786799321.827088,6325.518274949728,400.0
4397,1786799321,879366954,1786799321.879367,6339.843387105492,400.0
4398,1786799321,926667785,1786799321.926668,6322.507136714049,400.0
4399,1786799321,978343954,1786799321.978344,6331.521629012492,400.0
4400,1786799322,28951018,1786799322.028951,6285.07021399461,400.0
4401,1786799322,77211956,1786799322.077212,6314.009533865298,400.0
4402,1786799322,127836033,1786799322.127836,6296.746431120796,400.0
4403,1786799322,179837975,1786799322.179838,6272.870784121708,400.0
4404,1786799322,227248793,1786799322.227249,6367.146335781877,400.0
4405,1786799322,279611251,1786799322.279611,6265.599587485856,400.0
4406,1786799322,327112964,1786799322.327113,6294.310192183409,400.0
4407,1786799322,379030227,1786799322.379030,6314.50062155666,400.0
4408,1786799322,426456776,1786799322.426457,6302.638370945772,400.0
4409,1786799322,479051681,1786799322.479052,6324.807102508619,400.0
4410,1786799322,529473317,1786799322.529473,6339.612903793921,400.0
4411,1786799322,578090226,1786799322.578090,6325.109753605138,400.0
4412,1786799322,628549017,1786799322.628549,6312.305986801609,400.0
4413,1786799322,677078858,1786799322.677079,6354.527912201139,400.0
4414,1786799322,728157748,1786799322.728158,6320.666557199977,400.0
4415,1786799322,776989233,1786799322.776989,6322.809083452433,400.0
4416,1786799322,828003961,1786799322.828004,6311.92031433568,400.0
4417,1786799322,879790594,1786799322.879791,6279.095804547319,400.0
4418,1786799322,927514901,1786799322.927515,6305.00557228586,400.0
4419,1786799322,979699886,1786799322.979700,6274.7778071960265,400.0
4420,1786799323,27130078,1786799323.027130,6306.4035191599605,400.0
4421,1786799323,79425155,1786799323.079425,6290.043343635481,400.0
4422,1786799323,130248229,1786799323.130248,6307.57453907267,400.0
4423,1786799323,181657668,1786799323.181658,6332.615782531721,400.0
4424,1786799323,229812803,1786799323.229813,6319.134859814736,400.0
4425,1786799323,281011097,1786799323.281011,6336.103405070096,400.0
4426,1786799323,332510248,1786799323.332510,6308.586719827388,400.0
4427,1786799323,380181982,1786799323.380182,6317.084442045778,400.0
4428,1786799323,431403556,1786799323.431404,6344.917610877675,400.0
4429,1786799323,482901193,1786799323.482901,6299.0762204920675,400.0
4430,1786799323,530778143,1786799323.530778,6327.078727998017,400.0
4431,1786799323,581969171,1786799323.581969,6315.216363278567,400.0
4432,1786799323,629776818,1786799323.629777,6308.2952892936455,400.0
4433,1786799323,681260065,1786799323.681260,6327.711893888129,400.0
4434,1786799323,732770139,1786799323.732770,6286.3872276256625,400.0
4435,1786799323,781167320,1786799323.781167,6306.254663669496,400.0
4436,1786799323,832656057,1786799323.832656,6322.653612041383,400.0
4437,1786799323,880845984,1786799323.880846,6339.021840612923,400.0
4438,1786799323,932814246,1786799323.932814,6309.678527532646,400.0
4439,1786799323,981166973,1786799323.981167,6321.0322768282485,400.0
4440,1786799324,32559264,1786799324.032559,6335.80793504444,400.0
4441,1786799324,80641034,1786799324.080641,6323.515018982768,400.0
4442,1786799324,132086271,1786799324.132086,6316.849245943767,400.0
4443,1786799324,180271740,1786799324.180272,6342.06810244746,400.0
4444,1786799324,231455221,1786799324.231455,6381.056122603427,400.0
4445,1786799324,279734330,1786799324.279734,6296.139401286828,400.0
4446,1786799324,331336354,1786799324.331336,6308.721954200554,400.0
4447,1786799324,382739403,1786799324.382739,6317.944874171406,400.0
4448,1786799324,430531377,1786799324.430531,6325.198585489101,400.0
4449,1786799324,481591630,1786799324.481592,6332.047633572422,400.0
4450,1786799324,532740970,1786799324.532741,6326.2865707480205,400.0
4451,1786799324,580500962,1786799324.580501,6328.343749432648,400.0
4452,1786799324,631818366,1786799324.631818,6325.287783019114,400.0
4453,1786799324,680052772,1786799324.680053,6291.61594469361,400.0
4454,1786799324,731352001,1786799324.731352,6311.679850325913,400.0
4455,1786799324,780131742,1786799324.780132,6309.864596496662,400.0
4456,1786799324,831205217,1786799324.831205,6292.55655785663,400.0
4457,1786799324,882837833,1786799324.882838,6322.788009329637,400.0
4458,1786799324,931076213,1786799324.931076,6282.018156900082,400.0
4459,1786799324,982513176,1786799324.982513,6328.785264510001,400.0
4460,1786799325,30389773,1786799325.030390,6264.388908990305,400.0
4461,1786799325,81393189,1786799325.081393,6323.529023523538,400.0
4462,1786799325,132714597,1786799325.132715,6295.5446088857125,400.0
4463,1786799325,180481908,1786799325.180482,6286.794702010128,400.0
4464,1786799325,231424914,1786799325.231425,6306.541460072267,400.0
4465,1786799325,279734375,1786799325.279734,6300.468497021071,400.0
4466,1786799325,331446362,1786799325.331446,6314.546009029558,400.0
4467,1786799325,379635861,1786799325.379636,6305.55450697906,400.0
4468,1786799325,430817628,1786799325.430818,6272.142773449261,400.0
4469,1786799325,481963386,1786799325.481963,6295.482743532915,400.0
4470,1786799325,529913925,1786799325.529914,6318.738628439184,400.0
4471,1786799325,581081745,1786799325.581082,6260.015920075762,400.0
4472,1786799325,632565759,1786799325.632566,6286.466835689222,400.0
4473,1786799325,680549672,1786799325.680550,6312.51262569848,400.0
4474,1786799325,732538640,1786799325.732539,6307.095175829216,400.0
4475,1786799325,780635316,1786799325.780635,6290.023867326697,400.0
4476,1786799325,831926001,1786799325.831926,6308.312868449349,400.0
4477,1786799325,880083927,1786799325.880084,6292.637670444034,400.0
4478,1786799325,931574498,1786799325.931575,6334.607424384965,400.0
4479,1786799325,979654901,1786799325.979655,6305.64516476372,400.0
4480,1786799326,30839522,1786799326.030839,6341.99147115954,400.0
4481,1786799326,81915368,1786799326.081915,6285.408834777698,400.0
4482,1786799326,129373585,1786799326.129374,6272.706672636383,400.0
4483,1786799326,180802206,1786799326.180802,6297.482761746436,400.0
4484,1786799326,232064797,1786799326.232065,6325.030809288542,400.0
4485,1786799326,279852940,1786799326.279853,6337.1736350995225,400.0
4486,1786799326,331394850,1786799326.331395,6336.544831715713,400.0
4487,1786799326,382678922,1786799326.382679,6294.0095720359695,400.0
4488,1786799326,431021199,1786799326.431021,6300.078241700218,400.0
4489,1786799326,482613952,1786799326.482614,6310.953626780617,400.0
4490,1786799326,530439585,1786799326.530440,6306.648653985449,400.0
4491,1786799326,581876168,1786799326.581876,6339.398904504427,400.0
4492,1786799326,629855311,1786799326.629855,6339.267045726499,400.0
4493,1786799326,681671591,1786799326.681672,6308.62832061804,400.0
4494,1786799326,729291525,1786799326.729291,6336.5964605131385,400.0
4495,1786799326,780546044,1786799326.780546,6308.04662357907,400.0
4496,1786799326,831455931,1786799326.831456,6326.621499670949,400.0
4497,1786799326,882419940,1786799326.882420,6351.350224264758,400.0
4498,1786799326,929937177,1786799326.929937,6302.5105419748115,400.0
4499,1786799326,981120196,1786799326.981120,6339.195584786823,400.0
4500,1786799327,32543662,1786799327.032544,6305.679470195569,400.0
4501,1786799327,80587318,1786799327.080587,6344.222463631912,400.0
4502,1786799327,132150823,1786799327.132151,6318.300154637029,400.0
4503,1786799327,180434091,1786799327.180434,6328.128194520456,400.0
4504,1786799327,231910481,1786799327.231910,6328.159969302995,400.0
4505,1786799327,279866998,1786799327.279867,6324.534787303983,400.0
4506,1786799327,331726275,1786799327.331726,6293.306078030623,400.0
4507,1786799327,379937297,1786799327.379937,6313.068683945617,400.0
4508,1786799327,431313990,1786799327.431314,6310.5235548772,400.0
4509,1786799327,481364113,1786799327.481364,6266.296491908816,400.0
4510,1786799327,529439244,1786799327.529439,6297.563079596788,400.0
4511,1786799327,581322171,1786799327.581322,6322.630440074308,400.0
4512,1786799327,629489265,1786799327.629489,6366.575701153363,400.0
4513,1786799327,680974520,1786799327.680974,6278.1904014802285,400.0
4514,1786799327,732137357,1786799327.732137,6299.49712050102,400.0
4515,1786799327,780131250,1786799327.780131,6313.678982427863,400.0
4516,1786799327,831636375,1786799327.831636,6307.612944233684,400.0
4517,1786799327,879867760,1786799327.879868,6297.8098557816265,400.0
4518,1786799327,930904505,1786799327.930904,6297.976745245399,400.0
4519,1786799327,979708516,1786799327.979708,6303.338885540338,400.0
4520,1786799328,31263111,1786799328.031263,6315.500946248526,400.0
4521,1786799328,82339603,1786799328.082340,6324.821357044158,400.0
4522,1786799328,130302679,1786799328.130303,6333.895637253016,400.0
4523,1786799328,181713235,1786799328.181713,6321.631706033036,400.0
4524,1786799328,229778964,1786799328.229779,6305.07906292745,400.0
4525,1786799328,281267446,1786799328.281267,6308.244300689624,400.0
4526,1786799328,332354307,1786799328.332354,6342.387544780195,400.0
4527,1786799328,379860646,1786799328.379861,6327.598187068806,400.0
4528,1786799328,430755226,1786799328.430755,6328.257542125799,400.0
4529,1786799328,481734342,1786799328.481734,6322.264962569176,400.0
4530,1786799328,529515135,1786799328.529515,6302.280560384982,400.0
4531,1786799328,580831427,1786799328.580832,6359.493661562438,400.0
4532,1786799328,631777134,1786799328.631777,6297.138315230495,400.0
4533,1786799328,679666479,1786799328.679667,6319.958022677249,400.0
4534,1786799328,730748829,1786799328.730749,6287.781276084108,400.0
4535,1786799328,782148605,1786799328.782149,6308.358642981756,400.0
4536,1786799328,830066512,1786799328.830066,6326.451067392878,400.0
4537,1786799328,881382074,1786799328.881382,6289.416877500948,400.0
4538,1786799328,929813005,1786799328.929813,6275.766384402829,400.0
4539,1786799328,981449020,1786799328.981449,6300.447618324271,400.0
4540,1786799329,29517437,1786799329.029517,6309.389897401602,400.0
4541,1786799329,81035209,1786799329.081035,6315.172291141492,400.0
4542,1786799329,129261715,1786799329.129262,6342.56980033208,400.0
4543,1786799329,180651330,1786799329.180651,6329.853927839496,400.0
4544,1786799329,232113903,1786799329.232114,6312.756674913239,400.0
4545,1786799329,279872113,1786799329.279872,6294.254899442906,400.0
4546,1786799329,331151565,1786799329.331151,6300.661239761975,400.0
4547,1786799329,382281808,1786799329.382282,6312.281231681719,400.0
4548,1786799329,429931445,1786799329.429931,6336.3551839447455,400.0
4549,1786799329,480890110,1786799329.480890,6318.416277214429,400.0
4550,1786799329,532124900,1786799329.532125,6295.465379401403,400.0
4551,1786799329,580347206,1786799329.580347,6305.17336201546,400.0
4552,1786799329,632000145,1786799329.632000,6330.6032767111055,400.0
4553,1786799329,680431427,1786799329.680431,6293.927664621939,400.0
4554,1786799329,732243027,1786799329.732243,6315.02067684566,400.0
4555,1786799329,780476814,1786799329.780477,6300.8158654526715,400.0
4556,1786799329,831903624,1786799329.831904,6310.248643591425,400.0
4557,1786799329,880060965,1786799329.880061,6275.387152399969,400.0
4558,1786799329,931858273,1786799329.931858,6317.8224934237105,400.0
4559,1786799329,979431062,1786799329.979431,6325.872139531336,400.0
4560,1786799330,30513423,1786799330.030514,6283.2294364173595,400.0
4561,1786799330,81933283,1786799330.081933,6310.358292548333,400.0
4562,1786799330,129553180,1786799330.129553,6318.048676967559,400.0
4563,1786799330,180865812,1786799330.180866,6305.904692056156,400.0
4564,1786799330,229244339,1786799330.229244,6291.794711171931,400.0
4565,1786799330,281024844,1786799330.281025,6324.486542857723,400.0
4566,1786799330,329285250,1786799330.329285,6292.849923772336,400.0
4567,1786799330,380762078,1786799330.380762,6351.375645721249,400.0
4568,1786799330,432238392,1786799330.432238,6331.08374545586,400.0
4569,1786799330,480333874,1786799330.480334,6265.110713531936,400.0
4570,1786799330,531822553,1786799330.531822,6294.419468876336,400.0
4571,1786799330,579565943,1786799330.579566,6312.820029175,400.0
4572,1786799330,631184377,1786799330.631184,6296.718177190267,400.0
4573,1786799330,679439414,1786799330.679439,6327.3273432070455,400.0
4574,1786799330,731115123,1786799330.731115,6348.7342068760345,400.0
4575,1786799330,782140456,1786799330.782140,6316.66726636138,400.0
4576,1786799330,830252139,1786799330.830252,6319.212262998783,400.0
4577,1786799330,881995579,1786799330.881996,6315.526885980181,400.0
4578,1786799330,930058293,1786799330.930058,6313.362806981055,400.0
4579,1786799330,981517741,1786799330.981518,6304.545535416378,400.0
4580,1786799331,29086549,1786799331.029087,6305.335107760629,400.0
4581,1786799331,80748168,1786799331.080748,6290.413387744236,400.0
4582,1786799331,131942944,1786799331.131943,6333.6996800961315,400.0
4583,1786799331,180205288,1786799331.180205,6287.607190104796,400.0
4584,1786799331,231774698,1786799331.231775,6315.566816092784,400.0
4585,1786799331,280084800,1786799331.280085,6303.603822883887,400.0
4586,1786799331,331780559,1786799331.331781,6317.045826686495,400.0
4587,1786799331,379613759,1786799331.379614,6313.808727010807,400.0
4588,1786799331,430812193,1786799331.430812,6288.321333701006,400.0
4589,1786799331,482057151,1786799331.482057,6302.345038431933,400.0
4590,1786799331,529858733,1786799331.529859,6282.587639825614,400.0
4591,1786799331,580921551,1786799331.580922,6288.195040348936,400.0
4592,1786799331,629102890,1786799331.629103,6318.717420501558,400.0
4593,1786799331,680388737,1786799331.680389,6252.342508608473,400.0
4594,1786799331,729023037,1786799331.729023,6280.300354509093,400.0
4595,1786799331,780223946,1786799331.780224,6289.365999774804,400.0
4596,1786799331,831342627,1786799331.831343,6307.494555045209,400.0
4597,1786799331,879012639,1786799331.879013,6296.930475133053,400.0
4598,1786799331,930873378,1786799331.930873,6275.335943093951,400.0
4599,1786799331,978959866,1786799331.978960,6316.675710321752,400.0
4600,1786799332,30283613,1786799332.030284,6314.1206880079635,400.0
4601,1786799332,81497517,1786799332.081497,6257.009295475316,400.0
4602,1786799332,129579592,1786799332.129580,6327.591358274833,400.0
4603,1786799332,180974549,1786799332.180974,6315.162928735869,400.0
4604,1786799332,229161053,1786799332.229161,6266.384011157451,400.0
4605,1786799332,280403276,1786799332.280403,6297.829301488413,400.0
4606,1786799332,331780345,1786799332.331780,6311.2137047643555,400.0
4607,1786799332,379635578,1786799332.379636,6337.149070960289,400.0
4608,1786799332,430727739,1786799332.430728,6282.235398033259,400.0
4609,1786799332,481914845,1786799332.481915,6301.933628763532,400.0
4610,1786799332,529873756,1786799332.529874,6326.511218851577,400.0
4611,1786799332,581232487,1786799332.581233,6291.011670083983,400.0
4612,1786799332,629089330,1786799332.629089,6284.42377683583,400.0
4613,1786799332,680563299,1786799332.680563,6268.702897582982,400.0
4614,1786799332,731785700,1786799332.731786,6282.968546840969,400.0
4615,1786799332,779485406,1786799332.779485,6298.798387185997,400.0
4616,1786799332,830969856,1786799332.830970,6301.497439074557,400.0
4617,1786799332,879242169,1786799332.879242,6340.9069983232885,400.0
4618,1786799332,930676986,1786799332.930677,6313.835729442659,400.0
4619,1786799332,978956353,1786799332.978956,6277.646168497565,400.0
4620,1786799333,30152455,1786799333.030153,6325.861388949024,400.0
4621,1786799333,82003528,1786799333.082004,6306.664293797367,400.0
4622,1786799333,129730686,1786799333.129731,6326.749012709708,400.0
4623,1786799333,180836245,1786799333.180836,6384.476914619249,400.0
4624,1786799333,229116781,1786799333.229117,6348.700031075788,400.0
4625,1786799333,280181993,1786799333.280182,6338.3577689355725,400.0
4626,1786799333,331877803,1786799333.331878,6330.644804202494,400.0
4627,1786799333,379893914,1786799333.379894,6335.199554913438,400.0
4628,1786799333,431816722,1786799333.431817,6297.556767257327,400.0
4629,1786799333,479496587,1786799333.479496,6347.08977352793,400.0
4630,1786799333,531017067,1786799333.531017,6311.90806240647,400.0
4631,1786799333,579290753,1786799333.579291,6326.611829959899,400.0
4632,1786799333,629567731,1786799333.629568,6367.95226727656,400.0
4633,1786799333,681090782,1786799333.681091,6335.383537175034,400.0
4634,1786799333,728782963,1786799333.728783,6340.248393378866,400.0
4635,1786799333,779967131,1786799333.779967,6305.9277502913965,400.0
4636,1786799333,831281420,1786799333.831281,6329.31529804797,400.0
4637,1786799333,879283411,1786799333.879283,6336.966158231556,400.0
4638,1786799333,930327276,1786799333.930327,6307.641316669124,400.0
4639,1786799333,981852342,1786799333.981852,6361.037212109839,400.0
4640,1786799334,29707498,1786799334.029707,6308.8785248983395,400.0
4641,1786799334,80891164,1786799334.080891,6297.824862801064,400.0
4642,1786799334,128581109,1786799334.128581,6329.15104398363,400.0
4643,1786799334,179729388,1786799334.179729,6295.478624411023,400.0
4644,1786799334,231112259,1786799334.231112,6284.131468979516,400.0
4645,1786799334,278947655,1786799334.278948,6310.320100533887,400.0
4646,1786799334,330478732,1786799334.330479,6281.3550467069945,400.0
4647,1786799334,381963224,1786799334.381963,6267.623215233464,400.0
4648,1786799334,429754298,1786799334.429754,6289.51148571639,400.0
4649,1786799334,480692232,1786799334.480692,6335.728116138065,400.0
4650,1786799334,531814846,1786799334.531815,6314.747605569624,400.0
4651,1786799334,579903681,1786799334.579904,6323.679446908191,400.0
4652,1786799334,631198175,1786799334.631198,6296.681939590408,400.0
4653,1786799334,679436144,1786799334.679436,6307.217920420535,400.0
4654,1786799334,730892215,1786799334.730892,6358.863583000449,400.0
4655,1786799334,779577621,1786799334.779578,6276.832103245548,400.0
4656,1786799334,831154114,1786799334.831154,6305.951089033445,400.0
4657,1786799334,879710650,1786799334.879711,6312.461334948679,400.0
4658,1786799334,931161219,1786799334.931161,6319.618178446851,400.0
4659,1786799334,978852757,1786799334.978853,6289.570307197689,400.0
4660,1786799335,30048115,1786799335.030048,6298.199444054261,400.0
4661,1786799335,81460849,1786799335.081461,6322.849481187587,400.0
4662,1786799335,129164533,1786799335.129164,6271.042221302526,400.0
4663,1786799335,180413920,1786799335.180414,6295.955333696528,400.0
4664,1786799335,231585296,1786799335.231585,6311.098469935262,400.0
4665,1786799335,279546467,1786799335.279546,6270.999116385447,400.0
4666,1786799335,330626976,1786799335.330627,6307.764291549547,400.0
4667,1786799335,381813883,1786799335.381814,6315.162262136398,400.0
4668,1786799335,429327672,1786799335.429328,6326.438349455081,400.0
4669,1786799335,480767550,1786799335.480767,6315.060836838842,400.0
4670,1786799335,528572407,1786799335.528572,6318.700772424565,400.0
4671,1786799335,579751452,1786799335.579751,6316.762988173847,400.0
4672,1786799335,630922562,1786799335.630923,6297.419764709255,400.0
4673,1786799335,678840382,1786799335.678840,6305.864111544745,400.0
4674,1786799335,730379209,1786799335.730379,6310.805635175657,400.0
4675,1786799335,778612423,1786799335.778612,6340.373855193924,400.0
4676,1786799335,830445116,1786799335.830445,6313.622012733014,400.0
4677,1786799335,878891528,1786799335.878891,6368.751098716413,400.0
4678,1786799335,930307027,1786799335.930307,6365.811714200437,400.0
4679,1786799335,979031174,1786799335.979031,6287.184926268769,400.0
4680,1786799336,29743259,1786799336.029743,6307.016948871077,400.0
4681,1786799336,81179163,1786799336.081179,6324.15420237416,400.0
4682,1786799336,129309303,1786799336.129309,6326.533787052825,400.0
4683,1786799336,180728781,1786799336.180729,6315.229605871177,400.0
4684,1786799336,228320550,1786799336.228321,6308.256630431977,400.0
4685,1786799336,279363720,1786799336.279364,6305.060110635945,400.0
4686,1786799336,330825394,1786799336.330825,6345.067918191898,400.0
4687,1786799336,378960641,1786799336.378961,6350.9384264851105,400.0
4688,1786799336,430163412,1786799336.430163,6308.354356912671,400.0
4689,1786799336,481488818,1786799336.481489,6302.943463091996,400.0
4690,1786799336,529506098,1786799336.529506,6328.833296562774,400.0
4691,1786799336,581020036,1786799336.581020,6302.984722451079,400.0
4692,1786799336,628802665,1786799336.628803,6313.897397151635,400.0
4693,1786799336,680481894,1786799336.680482,6336.858670979089,400.0
4694,1786799336,728625060,1786799336.728625,6346.060067186815,400.0
4695,1786799336,779775773,1786799336.779776,6280.97871109469,400.0
4696,1786799336,830795702,1786799336.830796,6304.505206499579,400.0
4697,1786799336,879097666,1786799336.879098,6325.6983451425685,400.0
4698,1786799336,930797756,1786799336.930798,6347.034969337223,400.0
4699,1786799336,981786535,1786799336.981786,6308.818609418441,400.0
4700,1786799337,29541650,1786799337.029542,6316.43716272414,400.0
4701,1786799337,80932748,1786799337.080933,6323.143487413295,400.0
4702,1786799337,128526149,1786799337.128526,6305.6263646996995,400.0
4703,1786799337,179966865,1786799337.179967,6283.708209558053,400.0
4704,1786799337,231396074,1786799337.231396,6308.392824140889,400.0
4705,1786799337,279715579,1786799337.279716,6332.278223148563,400.0
4706,1786799337,330912535,1786799337.330913,6329.585148931857,400.0
4707,1786799337,378520107,1786799337.378520,6326.732958585651,400.0
4708,1786799337,429541828,1786799337.429542,6307.94166880792,400.0
4709,1786799337,480664829,1786799337.480665,6301.781093751188,400.0
4710,1786799337,528243605,1786799337.528244,6340.952242732398,400.0
4711,1786799337,579420506,1786799337.579421,6311.912786969865,400.0
4712,1786799337,630510282,1786799337.630510,6308.566210576371,400.0
4713,1786799337,678769405,1786799337.678769,6304.797600716986,400.0
4714,1786799337,730166899,1786799337.730167,6309.035287153719,400.0
4715,1786799337,781176214,1786799337.781176,6304.130826173869,400.0
4716,1786799337,828774327,1786799337.828774,6289.33703563876,400.0
4717,1786799337,880228656,1786799337.880229,6315.716679523661,400.0
4718,1786799337,931353441,1786799337.931353,6286.366784158401,400.0
4719,1786799337,978847127,1786799337.978847,6298.462509449019,400.0
4720,1786799338,29874949,1786799338.029875,6282.598640671327,400.0
4721,1786799338,80788878,1786799338.080789,6300.863224803223,400.0
4722,1786799338,128346120,1786799338.128346,6315.32945664156,400.0
4723,1786799338,179533918,1786799338.179534,6333.67313848858,400.0
4724,1786799338,230791448,1786799338.230791,6337.297859596786,400.0
4725,1786799338,278533117,1786799338.278533,6288.830058364577,400.0
4726,1786799338,329811958,1786799338.329812,6317.136974313829,400.0
4727,1786799338,381474430,1786799338.381474,6324.7165576997695,400.0
4728,1786799338,429444361,1786799338.429444,6279.457791203619,400.0
4729,1786799338,480798856,1786799338.480799,6307.073680403469,400.0
4730,1786799338,528871740,1786799338.528872,6331.097024390889,400.0
4731,1786799338,579981894,1786799338.579982,6304.454988017576,400.0
4732,1786799338,631086921,1786799338.631087,6285.061142638325,400.0
4733,1786799338,678961012,1786799338.678961,6324.5291320027745,400.0
4734,1786799338,729889801,1786799338.729890,6320.8086314096145,400.0
4735,1786799338,780831326,1786799338.780831,6307.28187042591,400.0
4736,1786799338,828924228,1786799338.828924,6300.020409931307,400.0
4737,1786799338,880124870,1786799338.880125,6313.946510622842,400.0
4738,1786799338,928203794,1786799338.928204,6331.954221792544,400.0
4739,1786799338,979859004,1786799338.979859,6315.778080989781,400.0
4740,1786799339,28138426,1786799339.028138,6299.368408719588,400.0
4741,1786799339,79706513,1786799339.079706,6307.494716216761,400.0
4742,1786799339,130769761,1786799339.130770,6302.255764576242,400.0
4743,1786799339,179172189,1786799339.179172,6365.054671302922,400.0
4744,1786799339,230726269,1786799339.230726,6319.11927423144,400.0
4745,1786799339,279108151,1786799339.279108,6300.652649234083,400.0
4746,1786799339,330481100,1786799339.330481,6313.718903141641,400.0
4747,1786799339,378527994,1786799339.378528,6344.26151073435,400.0
4748,1786799339,429600525,1786799339.429600,6318.897064719724,400.0
4749,1786799339,480784737,1786799339.480785,6324.459799561174,400.0
4750,1786799339,528509146,1786799339.528509,6305.1976025837475,400.0
4751,1786799339,579944739,1786799339.579945,6333.046648144627,400.0
4752,1786799339,631031402,1786799339.631032,6323.220240992761,400.0
4753,1786799339,678926598,1786799339.678927,6322.217073368276,400.0
4754,1786799339,730465839,1786799339.730466,6305.802271254775,400.0
4755,1786799339,778577883,1786799339.778578,6341.955922363781,400.0
4756,1786799339,829575287,1786799339.829575,6303.05634544454,400.0
4757,1786799339,880976464,1786799339.880976,6271.57763806745,400.0
4758,1786799339,929028349,1786799339.929028,6308.327432777545,400.0
4759,1786799339,980103303,1786799339.980103,6354.394922920628,400.0
4760,1786799340,31209734,1786799340.031210,6314.913610087508,400.0
4761,1786799340,79174994,1786799340.079175,6309.944777639494,400.0
4762,1786799340,130540486,1786799340.130540,6336.7039646811245,400.0
4763,1786799340,178334808,1786799340.178335,6338.50866560939,400.0
4764,1786799340,229610326,1786799340.229610,6317.717741825885,400.0
4765,1786799340,281092934,1786799340.281093,6344.646917900464,400.0
4766,1786799340,329071589,1786799340.329072,6300.311762730392,400.0
4767,1786799340,380120858,1786799340.380121,6316.243583962021,400.0
4768,1786799340,431179664,1786799340.431180,6345.715822970253,400.0
4769,1786799340,479075636,1786799340.479076,6312.832091271338,400.0
4770,1786799340,530621649,1786799340.530622,6294.228191298241,400.0
4771,1786799340,579304268,1786799340.579304,6334.121308101489,400.0
4772,1786799340,630848312,1786799340.630848,6340.166164125619,400.0
4773,1786799340,679003654,1786799340.679004,6310.189403179423,400.0
4774,1786799340,730810245,1786799340.730810,6282.89263812233,400.0
4775,1786799340,779161559,1786799340.779161,6319.422299824868,400.0
4776,1786799340,830798082,1786799340.830798,6325.235706104175,400.0
4777,1786799340,880043716,1786799340.880044,6348.237040387222,400.0
4778,1786799340,928063304,1786799340.928063,6333.239400268646,400.0
4779,1786799340,979459171,1786799340.979459,6296.182864838012,400.0
4780,1786799341,30788758,1786799341.030789,6288.524151417735,400.0
4781,1786799341,78900108,1786799341.078900,6343.512025690309,400.0
4782,1786799341,129976397,1786799341.129977,6313.77375014707,400.0
4783,1786799341,177976810,1786799341.177977,6281.90669190525,400.0
4784,1786799341,229964298,1786799341.229964,6290.4225927351,400.0
4785,1786799341,278436206,1786799341.278436,6285.34840975542,400.0
4786,1786799341,329564129,1786799341.329564,6307.908902133057,400.0
4787,1786799341,379985463,1786799341.379986,6313.6820248169,400.0
4788,1786799341,429326497,1786799341.429327,6335.224185202687,400.0
4789,1786799341,480635626,1786799341.480636,6275.310862847525,400.0
4790,1786799341,528356665,1786799341.528357,6328.19402754011,400.0
4791,1786799341,579908585,1786799341.579909,6296.724753140528,400.0
4792,1786799341,627909028,1786799341.627909,6304.071648960101,400.0
4793,1786799341,679705260,1786799341.679705,6308.447705100097,400.0
4794,1786799341,727845867,1786799341.727846,6298.284507402769,400.0
4795,1786799341,778854358,1786799341.778854,6305.417461112982,400.0
4796,1786799341,829674520,1786799341.829674,6320.107515533674,400.0
4797,1786799341,880899162,1786799341.880899,6241.815715708915,400.0
4798,1786799341,929085768,1786799341.929086,6314.552519935927,400.0
4799,1786799341,980134010,1786799341.980134,6298.746759318268,400.0
4800,1786799342,28286343,1786799342.028286,6290.162190740959,400.0
4801,1786799342,79743690,1786799342.079744,6313.667911747621,400.0
4802,1786799342,127940184,1786799342.127940,6311.443886939571,400.0
4803,1786799342,179372766,1786799342.179373,6278.335954396512,400.0
4804,1786799342,230984386,1786799342.230984,6288.329592394423,400.0
4805,1786799342,279741361,1786799342.279741,6274.561172613196,400.0
4806,1786799342,327926763,1786799342.327927,6320.17950003542,400.0
4807,1786799342,379724651,1786799342.379725,6287.958925767837,400.0
4808,1786799342,427825743,1786799342.427826,6279.083485154758,400.0
4809,1786799342,479540872,1786799342.479541,6311.000414854874,400.0
4810,1786799342,530977887,1786799342.530978,6311.929736678216,400.0
4811,1786799342,578466729,1786799342.578467,6311.333852265591,400.0
4812,1786799342,629292653,1786799342.629293,6285.805751619435,400.0
4813,1786799342,681192833,1786799342.681193,6300.35468819274,400.0
4814,1786799342,729090057,1786799342.729090,6276.433285613258,400.0
4815,1786799342,780097722,1786799342.780098,6290.391042734793,400.0
4816,1786799342,828019086,1786799342.828019,6289.499490568219,400.0
4817,1786799342,879469111,1786799342.879469,6287.163814358929,400.0
4818,1786799342,927856858,1786799342.927857,6315.316432462734,400.0
4819,1786799342,979696630,1786799342.979697,6305.657110987125,400.0
4820,1786799343,28091503,1786799343.028091,6312.051004374348,400.0
4821,1786799343,79167248,1786799343.079167,6296.1458830437905,400.0
4822,1786799343,130476625,1786799343.130477,6343.285446612677,400.0
4823,1786799343,178498467,1786799343.178499,6315.679597327672,400.0
4824,1786799343,229806936,1786799343.229807,6325.622858547526,400.0
4825,1786799343,277969675,1786799343.277970,6298.877304735275,400.0
4826,1786799343,329117815,1786799343.329118,6309.214157036702,400.0
4827,1786799343,380262768,1786799343.380263,6320.929489579324,400.0
4828,1786799343,428031854,1786799343.428032,6308.615778126344,400.0
4829,1786799343,479149612,1786799343.479150,6343.094207621118,400.0
4830,1786799343,530270868,1786799343.530271,6335.889429775717,400.0
4831,1786799343,578106940,1786799343.578107,6297.090015659039,400.0
4832,1786799343,629243226,1786799343.629243,6342.981612751461,400.0
4833,1786799343,680424174,1786799343.680424,6336.209058654579,400.0
4834,1786799343,728157774,1786799343.728158,6286.419060910108,400.0
4835,1786799343,779123234,1786799343.779123,6330.565928429392,400.0
4836,1786799343,830476542,1786799343.830477,6326.1592660837105,400.0
4837,1786799343,878354599,1786799343.878355,6303.868215518527,400.0
4838,1786799343,929868948,1786799343.929869,6314.220127755073,400.0
4839,1786799343,977754623,1786799343.977755,6290.299199903513,400.0
4840,1786799344,28854769,1786799344.028855,6321.173936846831,400.0
4841,1786799344,80116278,1786799344.080116,6301.369692435809,400.0
4842,1786799344,127880194,1786799344.127880,6278.904422024254,400.0
4843,1786799344,179268597,1786799344.179269,6308.670201224714,400.0
4844,1786799344,230265008,1786799344.230265,6292.338063458881,400.0
4845,1786799344,278088135,1786799344.278088,6320.15366358096,400.0
4846,1786799344,329066249,1786799344.329066,6295.093315954482,400.0
4847,1786799344,380173073,1786799344.380173,6302.975517268524,400.0
4848,1786799344,427767857,1786799344.427768,6333.890641810993,400.0
4849,1786799344,478830774,1786799344.478831,6308.800404532241,400.0
4850,1786799344,530064310,1786799344.530064,6338.126235944538,400.0
4851,1786799344,577762216,1786799344.577762,6291.202829086488,400.0
4852,1786799344,628941689,1786799344.628942,6314.325096402438,400.0
4853,1786799344,680343215,1786799344.680343,6295.0224724088075,400.0
4854,1786799344,727930247,1786799344.727930,6272.990003472474,400.0
4855,1786799344,779663709,1786799344.779664,6322.126211833777,400.0
4856,1786799344,827647151,1786799344.827647,6262.89884721347,400.0
4857,1786799344,878854994,1786799344.878855,6304.751338792758,400.0
4858,1786799344,930230671,1786799344.930231,6277.937335544681,400.0
4859,1786799344,978532787,1786799344.978533,6306.782404239942,400.0
4860,1786799345,29988982,1786799345.029989,6342.020417643359,400.0
4861,1786799345,77841525,1786799345.077842,6323.292117904743,400.0
4862,1786799345,128812053,1786799345.128812,6279.479997329567,400.0
4863,1786799345,180006062,1786799345.180006,6301.040462863748,400.0
4864,1786799345,227805675,1786799345.227806,6349.114023224893,400.0
4865,1786799345,278821705,1786799345.278822,6303.345244032139,400.0
4866,1786799345,330861545,1786799345.330862,6322.327037089624,400.0
4867,1786799345,378559840,1786799345.378560,6313.871065539824,400.0
4868,1786799345,429788450,1786799345.429788,6287.453776060049,400.0
4869,1786799345,478011343,1786799345.478011,6328.886112695953,400.0
4870,1786799345,529638136,1786799345.529638,6303.5850470522755,400.0
4871,1786799345,580669329,1786799345.580669,6285.171111079595,400.0
4872,1786799345,628817309,1786799345.628817,6309.191842344964,400.0
4873,1786799345,680608573,1786799345.680609,6278.678643973674,400.0
4874,1786799345,728337220,1786799345.728337,6279.3873205070695,400.0
4875,1786799345,779769445,1786799345.779769,6292.715369187736,400.0
4876,1786799345,828428700,1786799345.828429,6301.62221116896,400.0
4877,1786799345,880072416,1786799345.880072,6257.209112727009,400.0
4878,1786799345,927980279,1786799345.927980,6284.896111914492,400.0
4879,1786799345,978978308,1786799345.978978,6301.848092036355,400.0
4880,1786799346,30025970,1786799346.030026,6314.287410366868,400.0
4881,1786799346,77869137,1786799346.077869,6326.359011934602,400.0
4882,1786799346,129164309,1786799346.129164,6286.109757216594,400.0
4883,1786799346,180399177,1786799346.180399,6299.02936992356,400.0
4884,1786799346,228159746,1786799346.228160,6329.251699419805,400.0
4885,1786799346,279373339,1786799346.279373,6294.337640672433,400.0
4886,1786799346,327453266,1786799346.327453,6309.520333478633,400.0
4887,1786799346,379389794,1786799346.379390,6260.171828750627,400.0
4888,1786799346,430485620,1786799346.430486,6302.6956825661755,400.0
4889,1786799346,478482133,1786799346.478482,6298.611454242759,400.0
4890,1786799346,530268388,1786799346.530268,6301.334089855615,400.0
4891,1786799346,578343966,1786799346.578344,6273.439963792745,400.0
4892,1786799346,629918610,1786799346.629919,6293.235742939411,400.0
4893,1786799346,680215904,1786799346.680216,6297.78415117919,400.0
4894,1786799346,728361773,1786799346.728362,6268.773780398404,400.0
4895,1786799346,780042338,1786799346.780042,6297.590478538842,400.0
4896,1786799346,827897210,1786799346.827897,6307.354720966706,400.0
4897,1786799346,878900142,1786799346.878900,6307.761515316468,400.0
4898,1786799346,930183001,1786799346.930183,6283.340478246654,400.0
4899,1786799346,977848227,1786799346.977848,6329.720036320301,400.0
4900,1786799347,29161702,1786799347.029162,6292.868079789839,400.0
4901,1786799347,77905331,1786799347.077905,6295.431594320612,400.0
4902,1786799347,128909102,1786799347.128909,6308.431815820451,400.0
4903,1786799347,180657255,1786799347.180657,6326.58486235285,400.0
4904,1786799347,229036491,1786799347.229037,6281.675372806699,400.0
4905,1786799347,280319628,1786799347.280320,6295.281784739864,400.0
4906,1786799347,328873639,1786799347.328874,6293.230114688995,400.0
4907,1786799347,380496531,1786799347.380497,6290.032644508882,400.0
4908,1786799347,428901107,1786799347.428901,6283.798937054624,400.0
4909,1786799347,479820137,1786799347.479820,6303.998039260127,400.0
4910,1786799347,527682548,1786799347.527683,6333.353578394595,400.0
4911,1786799347,579537552,1786799347.579538,6310.765031273934,400.0
4912,1786799347,627312144,1786799347.627312,6269.703403357288,400.0
4913,1786799347,679494553,1786799347.679495,6291.85433899414,400.0
4914,1786799347,727790959,1786799347.727791,6287.234812541048,400.0
4915,1786799347,778907978,1786799347.778908,6322.885569150696,400.0
4916,1786799347,830213719,1786799347.830214,6302.395717369672,400.0
4917,1786799347,878118417,1786799347.878119,6287.154497281829,400.0
4918,1786799347,929373985,1786799347.929374,6289.881147716021,400.0
4919,1786799347,980683659,1786799347.980684,6331.418052169605,400.0
4920,1786799348,28777984,1786799348.028778,6283.370013902539,400.0
4921,1786799348,79913926,1786799348.079914,6300.713158451673,400.0
4922,1786799348,128281756,1786799348.128282,6298.679441294812,400.0
4923,1786799348,179449143,1786799348.179449,6293.158117883277,400.0
4924,1786799348,227378794,1786799348.227379,6282.522283935642,400.0
4925,1786799348,279307440,1786799348.279307,6296.3060867054555,400.0
4926,1786799348,327764233,1786799348.327764,6292.779256181302,400.0
4927,1786799348,378373246,1786799348.378373,6315.320336201646,400.0
4928,1786799348,429705544,1786799348.429706,6312.18545512834,400.0
4929,1786799348,477718742,1786799348.477719,6284.820590728245,400.0
4930,1786799348,529237143,1786799348.529237,6320.654308375077,400.0
4931,1786799348,577347613,1786799348.577348,6318.296785150718,400.0
4932,1786799348,629247735,1786799348.629248,6305.340213777478,400.0
4933,1786799348,679980125,1786799348.679980,6308.815057793377,400.0
4934,1786799348,727571263,1786799348.727571,6276.402222430241,400.0
4935,1786799348,778591674,1786799348.778592,6306.3240166520945,400.0
4936,1786799348,829630542,1786799348.829631,6279.990750733239,400.0
4937,1786799348,877271445,1786799348.877271,6305.2226646231275,400.0
4938,1786799348,928744949,1786799348.928745,6334.498672281966,400.0
4939,1786799348,979815047,1786799348.979815,6295.810268290769,400.0
4940,1786799349,27951825,1786799349.027952,6294.814423673579,400.0
4941,1786799349,78965153,1786799349.078965,6320.29207145273,400.0
4942,1786799349,130132007,1786799349.130132,6302.45005063446,400.0
4943,1786799349,178450863,1786799349.178451,6325.513990166509,400.0
4944,1786799349,229884043,1786799349.229884,6295.156330216898,400.0
4945,1786799349,277451803,1786799349.277452,6335.704455569521,400.0
4946,1786799349,328617128,1786799349.328617,6297.98771051158,400.0
4947,1786799349,379880266,1786799349.379880,6284.26816766191,400.0
4948,1786799349,428132335,1786799349.428132,6325.557995318195,400.0
4949,1786799349,479605338,1786799349.479605,6326.943561711741,400.0
4950,1786799349,527452406,1786799349.527452,6277.945543734342,400.0
4951,1786799349,578758582,1786799349.578758,6274.286968349325,400.0
4952,1786799349,630164541,1786799349.630165,6306.712724644482,400.0
4953,1786799349,678571007,1786799349.678571,6353.942250045766,400.0
4954,1786799349,730244311,1786799349.730244,6337.221733601252,400.0
4955,1786799349,778840749,1786799349.778841,6353.896142820518,400.0
4956,1786799349,830429327,1786799349.830429,6308.0443898267395,400.0
4957,1786799349,878492160,1786799349.878492,6331.196827056306,400.0
4958,1786799349,930167654,1786799349.930168,6308.144759460973,400.0
4959,1786799349,977976214,1786799349.977976,6306.197578065658,400.0
4960,1786799350,28886356,1786799350.028886,6306.45124260261,400.0
4961,1786799350,77078192,1786799350.077078,6340.23892566471,400.0
4962,1786799350,128754122,1786799350.128754,6322.051113505641,400.0
4963,1786799350,180271565,1786799350.180272,6290.974224685656,400.0
4964,1786799350,228610194,1786799350.228610,6268.388885379163,400.0
4965,1786799350,280055970,1786799350.280056,6335.026794837431,400.0
4966,1786799350,328388593,1786799350.328389,6305.342941000629,400.0
4967,1786799350,379619103,1786799350.379619,6275.912300665077,400.0
4968,1786799350,427337548,1786799350.427338,6298.178368739388,400.0
4969,1786799350,478781676,1786799350.478782,6308.986205117869,400.0
4970,1786799350,529717773,1786799350.529718,6309.519098924708,400.0
4971,1786799350,577890622,1786799350.577891,6297.337196673403,400.0
4972,1786799350,628836308,1786799350.628836,6295.866366304199,400.0
4973,1786799350,680149491,1786799350.680150,6308.342128532309,400.0
4974,1786799350,728135007,1786799350.728135,6311.873415514734,400.0
4975,1786799350,779649678,1786799350.779650,6305.743546784319,400.0
4976,1786799350,827510411,1786799350.827510,6314.663192731607,400.0
4977,1786799350,878769396,1786799350.878769,6297.225856190121,400.0
4978,1786799350,929785301,1786799350.929785,6295.243605130636,400.0
4979,1786799350,977597281,1786799350.977597,6330.1398020404295,400.0
4980,1786799351,28946535,1786799351.028947,6278.142319533163,400.0
4981,1786799351,77071177,1786799351.077071,6284.24263032211,400.0
4982,1786799351,128508932,1786799351.128509,6316.72856653823,400.0
4983,1786799351,179577701,1786799351.179578,6288.113881620919,400.0
4984,1786799351,227762581,1786799351.227763,6296.379136123083,400.0
4985,1786799351,278969190,1786799351.278969,6311.213352803653,400.0
4986,1786799351,327386767,1786799351.327387,6299.967277555934,400.0
4987,1786799351,378473797,1786799351.378474,6319.913338526818,400.0
4988,1786799351,430007007,1786799351.430007,6305.77279633958,400.0
4989,1786799351,477723164,1786799351.477723,6315.291029873256,400.0
4990,1786799351,529191817,1786799351.529192,6335.230376862979,400.0
4991,1786799351,576995204,1786799351.576995,6291.937911884162,400.0
4992,1786799351,628483239,1786799351.628483,6308.926698165094,400.0
4993,1786799351,679847757,1786799351.679848,6276.992659281754,400.0
4994,1786799351,728037673,1786799351.728038,6278.982101971,400.0
4995,1786799351,779054073,1786799351.779054,6289.87749772469,400.0
4996,1786799351,827258087,1786799351.827258,6300.7234060506935,400.0
4997,1786799351,878965544,1786799351.878966,6299.952072821857,400.0
4998,1786799351,926897708,1786799351.926898,6299.994721972641,400.0
4999,1786799351,978733340,1786799351.978733,6323.276285971397,400.0
5000,1786799352,30090315,1786799352.030090,6300.040905515889,400.0
5001,1786799352,78099888,1786799352.078100,6303.122808892945,400.0
5002,1786799352,130111414,1786799352.130111,6312.9094649608305,400.0
5003,1786799352,177730621,1786799352.177731,6291.175127771095,400.0
5004,1786799352,227805955,1786799352.227806,6328.387708261009,400.0
5005,1786799352,279123766,1786799352.279124,6277.4595008532915,400.0
5006,1786799352,327434182,1786799352.327434,6296.145224501081,400.0
5007,1786799352,378515622,1786799352.378516,6291.099194477335,400.0
5008,1786799352,429723919,1786799352.429724,6319.52904944754,400.0
5009,1786799352,477428944,1786799352.477429,6310.745206431301,400.0
5010,1786799352,528792030,1786799352.528792,6350.848788533994,400.0
5011,1786799352,579939326,1786799352.579939,6331.946195146683,400.0
5012,1786799352,627684830,1786799352.627685,6273.378255109297,400.0
5013,1786799352,679055245,1786799352.679055,6309.670446479015,400.0
5014,1786799352,726924442,1786799352.726924,6316.143027067166,400.0
5015,1786799352,778221576,1786799352.778222,6306.782718180276,400.0
5016,1786799352,829606824,1786799352.829607,6309.421142444726,400.0
5017,1786799352,877342358,1786799352.877342,6318.23116827722,400.0
5018,1786799352,928472923,1786799352.928473,6313.323908653797,400.0
5019,1786799352,979818341,1786799352.979818,6301.972263110703,400.0
5020,1786799353,27911351,1786799353.027911,6280.518645211491,400.0
5021,1786799353,79072907,1786799353.079073,6355.359921871731,400.0
5022,1786799353,127214538,1786799353.127214,6312.170091799482,400.0
5023,1786799353,178616124,1786799353.178616,6336.817610464079,400.0
5024,1786799353,226883165,1786799353.226883,6296.013192755405,400.0
5025,1786799353,277908104,1786799353.277908,6345.078383328133,400.0
5026,1786799353,329528768,1786799353.329529,6308.87183726942,400.0
5027,1786799353,377194822,1786799353.377195,6330.807745105726,400.0
5028,1786799353,428451913,1786799353.428452,6278.548007881442,400.0
5029,1786799353,479570411,1786799353.479570,6333.380159883658,400.0
5030,1786799353,527281283,1786799353.527281,6302.137137758698,400.0
5031,1786799353,578500747,1786799353.578501,6347.958151377088,400.0
5032,1786799353,629973948,1786799353.629974,6328.678228851701,400.0
5033,1786799353,677756175,1786799353.677756,6314.588105220572,400.0
5034,1786799353,729017438,1786799353.729017,6301.024604920832,400.0
5035,1786799353,776873385,1786799353.776873,6270.750624347908,400.0
5036,1786799353,828256193,1786799353.828256,6311.7057323118515,400.0
5037,1786799353,879517637,1786799353.879518,6333.6278882005,400.0
5038,1786799353,927973405,1786799353.927974,6334.089919688415,400.0
5039,1786799353,977932923,1786799353.977933,6325.4953907605095,400.0
5040,1786799354,29418038,1786799354.029418,6272.105928781497,400.0
5041,1786799354,77097395,1786799354.077097,6319.373295264318,400.0
5042,1786799354,128449587,1786799354.128450,6284.894007584906,400.0
5043,1786799354,180025066,1786799354.180025,6294.914579081732,400.0
5044,1786799354,228337930,1786799354.228338,6291.9022907721965,400.0
5045,1786799354,280076943,1786799354.280077,6324.187317316757,400.0
5046,1786799354,327824659,1786799354.327825,6270.109666768341,400.0
5047,1786799354,379420904,1786799354.379421,6296.139584536946,400.0
5048,1786799354,427729983,1786799354.427730,6303.049599351853,400.0
5049,1786799354,479030497,1786799354.479031,6330.847207427498,400.0
5050,1786799354,527068529,1786799354.527069,6309.600397593503,400.0
5051,1786799354,578744482,1786799354.578744,6282.2400538624515,400.0
5052,1786799354,626823202,1786799354.626823,6317.966723586775,400.0
5053,1786799354,678592705,1786799354.678593,6288.400778713749,400.0
5054,1786799354,726779480,1786799354.726779,6321.669954813489,400.0
5055,1786799354,778112450,1786799354.778112,6292.402387222692,400.0
5056,1786799354,829532586,1786799354.829533,6310.208701119773,400.0
5057,1786799354,877647831,1786799354.877648,6305.721535503181,400.0
5058,1786799354,928651665,1786799354.928652,6304.875378777825,400.0
5059,1786799354,979729548,1786799354.979730,6288.62888971918,400.0
5060,1786799355,27439717,1786799355.027440,6306.188614027725,400.0
5061,1786799355,78831454,1786799355.078831,6289.852623478857,400.0
5062,1786799355,126786006,1786799355.126786,6323.300641789765,400.0
5063,1786799355,177942824,1786799355.177943,6287.153473542168,400.0
5064,1786799355,229454368,1786799355.229454,6324.593966641243,400.0
5065,1786799355,277469147,1786799355.277469,6289.721600099792,400.0
5066,1786799355,328943201,1786799355.328943,6339.737022671802,400.0
5067,1786799355,377205135,1786799355.377205,6293.9809154956265,400.0
5068,1786799355,428901634,1786799355.428902,6269.344556542229,400.0
5069,1786799355,476557048,1786799355.476557,6309.160887209137,400.0
5070,1786799355,527955459,1786799355.527956,6294.572516156735,400.0
5071,1786799355,579304228,1786799355.579304,6333.323746763071,400.0
5072,1786799355,627554038,1786799355.627554,6321.570715966033,400.0
5073,1786799355,679405869,1786799355.679406,6307.8695558598565,400.0
5074,1786799355,727546099,1786799355.727546,6228.192966318082,400.0
5075,1786799355,778912303,1786799355.778912,6277.60847370145,400.0
5076,1786799355,826788928,1786799355.826789,6264.630793582892,400.0
5077,1786799355,878817178,1786799355.878817,6284.8354208309975,400.0
5078,1786799355,926867548,1786799355.926867,6311.170170529795,400.0
5079,1786799355,977888166,1786799355.977888,6305.028413492296,400.0
5080,1786799356,29551466,1786799356.029552,6298.03660675798,400.0
5081,1786799356,77417093,1786799356.077417,6307.141571449788,400.0
5082,1786799356,129031680,1786799356.129032,6304.388832271547,400.0
5083,1786799356,177250984,1786799356.177251,6309.824119416943,400.0
5084,1786799356,228466263,1786799356.228466,6336.89285424838,400.0
5085,1786799356,279691585,1786799356.279692,6308.820673642214,400.0
5086,1786799356,327738750,1786799356.327739,6297.716089857833,400.0
5087,1786799356,379465306,1786799356.379465,6355.054780303441,400.0
5088,1786799356,431406440,1786799356.431406,6304.436965226959,400.0
5089,1786799356,482794922,1786799356.482795,6300.069979407672,400.0
5090,1786799356,531128091,1786799356.531128,6318.832082336567,400.0
5091,1786799356,582834135,1786799356.582834,6306.615623257209,400.0
5092,1786799356,630991357,1786799356.630991,6298.7368276984735,400.0
5093,1786799356,682680151,1786799356.682680,6312.278119217494,400.0
5094,1786799356,730905925,1786799356.730906,6325.380778717514,400.0
5095,1786799356,782460423,1786799356.782460,6315.685191862915,400.0
5096,1786799356,830709638,1786799356.830710,6303.3468016746965,400.0
5097,1786799356,882494123,1786799356.882494,6314.929116130523,400.0
5098,1786799356,930599046,1786799356.930599,6305.822576760403,400.0
5099,1786799356,982292921,1786799356.982293,6304.024116129254,400.0
5100,1786799357,30828934,1786799357.030829,6304.3834907025985,400.0
5101,1786799357,82368224,1786799357.082368,6316.530096356552,400.0
5102,1786799357,130397007,1786799357.130397,6312.5807618077015,400.0
5103,1786799357,181747740,1786799357.181748,6301.749305901853,400.0
5104,1786799357,232981202,1786799357.232981,6321.106773847855,400.0
5105,1786799357,281411968,1786799357.281412,6331.682867583087,400.0
5106,1786799357,332764970,1786799357.332765,6324.889012268526,400.0
5107,1786799357,380895277,1786799357.380895,6337.742339058206,400.0
5108,1786799357,432159907,1786799357.432160,6352.21344267043,400.0
5109,1786799357,480296083,1786799357.480296,6328.049884042199,400.0
5110,1786799357,531884161,1786799357.531884,6335.59656230983,400.0
5111,1786799357,579949738,1786799357.579950,6319.55489643255,400.0
5112,1786799357,631325716,1786799357.631326,6300.754762632097,400.0
5113,1786799357,679771044,1786799357.679771,6308.837194165949,400.0
5114,1786799357,731307770,1786799357.731308,6345.2020495110155,400.0
5115,1786799357,782839403,1786799357.782839,6317.2561317215805,400.0
5116,1786799357,830870346,1786799357.830870,6369.526630291932,400.0
5117,1786799357,882716885,1786799357.882717,6275.671741971575,400.0
5118,1786799357,930689491,1786799357.930690,6337.898118967654,400.0
5119,1786799357,982050013,1786799357.982050,6311.371374929845,400.0
5120,1786799358,29835686,1786799358.029836,6298.780480509559,400.0
5121,1786799358,81714787,1786799358.081715,6315.6359055427365,400.0
5122,1786799358,129860703,1786799358.129861,6294.678156169754,400.0
5123,1786799358,180908447,1786799358.180908,6306.803582598358,400.0
5124,1786799358,232083587,1786799358.232084,6313.358365887033,400.0
5125,1786799358,280395256,1786799358.280395,6326.403325684421,400.0
5126,1786799358,331963750,1786799358.331964,6303.030112073344,400.0
5127,1786799358,382749964,1786799358.382750,6334.740894341717,400.0
5128,1786799358,430618239,1786799358.430618,6305.881461685811,400.0
5129,1786799358,482408451,1786799358.482409,6304.439583479607,400.0
5130,1786799358,530438202,1786799358.530438,6341.897849158668,400.0
5131,1786799358,582005532,1786799358.582006,6307.975754909081,400.0
5132,1786799358,629965625,1786799358.629966,6342.883112451682,400.0
5133,1786799358,681272372,1786799358.681272,6342.210578519827,400.0
5134,1786799358,729710805,1786799358.729711,6316.859800652728,400.0
5135,1786799358,781048218,1786799358.781048,6360.190247242573,400.0
5136,1786799358,832758159,1786799358.832758,6296.494736634221,400.0
5137,1786799358,881388681,1786799358.881389,6317.718275156218,400.0
5138,1786799358,932823121,1786799358.932823,6328.735970406629,400.0
5139,1786799358,980590471,1786799358.980591,6311.953292029151,400.0
5140,1786799359,32200346,1786799359.032200,6298.2540370142815,400.0
5141,1786799359,80450421,1786799359.080451,6311.711020671581,400.0
5142,1786799359,131805653,1786799359.131806,6321.181054389488,400.0
5143,1786799359,180011746,1786799359.180012,6316.991665015929,400.0
5144,1786799359,231658344,1786799359.231658,6325.6744363200205,400.0
5145,1786799359,279748578,1786799359.279749,6336.23758500981,400.0
5146,1786799359,331425604,1786799359.331426,6331.574648127276,400.0
5147,1786799359,382464510,1786799359.382464,6359.094316904359,400.0
5148,1786799359,430290786,1786799359.430291,6332.9780383615525,400.0
5149,1786799359,481361704,1786799359.481362,6307.2246219837825,400.0
5150,1786799359,529383334,1786799359.529383,6301.808263911134,400.0
5151,1786799359,581094142,1786799359.581094,6294.315259085134,400.0
5152,1786799359,632514693,1786799359.632515,6325.222046736705,400.0
5153,1786799359,680625928,1786799359.680626,6299.248606900233,400.0
5154,1786799359,731845037,1786799359.731845,6306.171122159134,400.0
5155,1786799359,780108521,1786799359.780108,6297.988202504705,400.0
5156,1786799359,831578756,1786799359.831579,6279.282808847977,400.0
5157,1786799359,882886592,1786799359.882887,6277.347250303171,400.0
5158,1786799359,930925497,1786799359.930926,6266.291534017124,400.0
5159,1786799359,981873886,1786799359.981874,6306.18308021192,400.0
5160,1786799360,29964221,1786799360.029964,6298.8857527200435,400.0
5161,1786799360,81663839,1786799360.081664,6308.399720820843,400.0
5162,1786799360,129578913,1786799360.129579,6301.81864341211,400.0
5163,1786799360,181322092,1786799360.181322,6311.937693158838,400.0
5164,1786799360,229494015,1786799360.229494,6281.81561572763,400.0
5165,1786799360,280674176,1786799360.280674,6300.992201346942,400.0
5166,1786799360,331901466,1786799360.331902,6307.668844126337,400.0
5167,1786799360,379822215,1786799360.379822,6335.943748594262,400.0
5168,1786799360,431093747,1786799360.431094,6319.189794900673,400.0
5169,1786799360,482459986,1786799360.482460,6323.73798021214,400.0
5170,1786799360,530494483,1786799360.530494,6341.849897645233,400.0
5171,1786799360,582467719,1786799360.582468,6308.85912622812,400.0
5172,1786799360,630327477,1786799360.630327,6297.833450205122,400.0
5173,1786799360,681264695,1786799360.681265,6275.3599635818155,400.0
5174,1786799360,732304521,1786799360.732305,6322.76574333592,400.0
5175,1786799360,779941418,1786799360.779941,6300.715563297564,400.0
5176,1786799360,831960817,1786799360.831961,6283.679579146948,400.0
5177,1786799360,880114507,1786799360.880115,6280.306184018614,400.0
5178,1786799360,931498477,1786799360.931499,6308.666101804924,400.0
5179,1786799360,979703694,1786799360.979704,6337.366259194991,400.0
5180,1786799361,31267710,1786799361.031268,6314.240334849616,400.0
5181,1786799361,82836427,1786799361.082836,6307.69526508241,400.0
5182,1786799361,130466082,1786799361.130466,6310.0881063678335,400.0
5183,1786799361,182059236,1786799361.182059,6319.794074817495,400.0
5184,1786799361,229986042,1786799361.229986,6310.590758893979,400.0
5185,1786799361,281316183,1786799361.281316,6316.333033563915,400.0
5186,1786799361,329386612,1786799361.329387,6321.719428598936,400.0
5187,1786799361,380520129,1786799361.380520,6325.115116007711,400.0
5188,1786799361,431907926,1786799361.431908,6329.186742435645,400.0
5189,1786799361,479950617,1786799361.479951,6286.424943921147,400.0
5190,1786799361,531071914,1786799361.531072,6354.075542099874,400.0
5191,1786799361,582378642,1786799361.582379,6323.864434820897,400.0
5192,1786799361,629794111,1786799361.629794,6305.285183844454,400.0
5193,1786799361,681482119,1786799361.681482,6331.433211785574,400.0
5194,1786799361,729934532,1786799361.729934,6330.32370256837,400.0
5195,1786799361,781634396,1786799361.781634,6315.54003831533,400.0
5196,1786799361,829930392,1786799361.829930,6347.139418740864,400.0
5197,1786799361,881796236,1786799361.881796,6308.379288350041,400.0
5198,1786799361,929681737,1786799361.929682,6340.512865351066,400.0
5199,1786799361,981201656,1786799361.981202,6272.125947708241,400.0
5200,1786799362,32219698,1786799362.032220,6290.42646063652,400.0
5201,1786799362,80067079,1786799362.080067,6318.4129415324205,400.0
5202,1786799362,131090492,1786799362.131090,6308.263204219178,400.0
5203,1786799362,179423524,1786799362.179424,6303.304594917299,400.0
5204,1786799362,230757706,1786799362.230758,6313.843878032928,400.0
5205,1786799362,281896990,1786799362.281897,6297.795420245415,400.0
5206,1786799362,329631245,1786799362.329631,6304.354327112185,400.0
5207,1786799362,381445236,1786799362.381445,6308.7521458429055,400.0
5208,1786799362,429182378,1786799362.429182,6307.578900992853,400.0
5209,1786799362,480896574,1786799362.480896,6326.229951131015,400.0
5210,1786799362,532405526,1786799362.532406,6311.518631779901,400.0
5211,1786799362,580709975,1786799362.580710,6310.701835379901,400.0
5212,1786799362,632327928,1786799362.632328,6297.532549856245,400.0
5213,1786799362,680343979,1786799362.680344,6299.602473356605,400.0
5214,1786799362,731608762,1786799362.731609,6309.113856148237,400.0
5215,1786799362,779842763,1786799362.779843,6302.965413649295,400.0
5216,1786799362,831104111,1786799362.831104,6312.477938386518,400.0
5217,1786799362,879226235,1786799362.879226,6311.763184593424,400.0
5218,1786799362,930860512,1786799362.930861,6312.544897392506,400.0
5219,1786799362,982161574,1786799362.982162,6308.587217904141,400.0
5220,1786799363,30210353,1786799363.030210,6285.554987171299,400.0
5221,1786799363,81434357,1786799363.081434,6331.361125414019,400.0
5222,1786799363,129237305,1786799363.129237,6302.610956101505,400.0
5223,1786799363,180466000,1786799363.180466,6352.497150482755,400.0
5224,1786799363,231758570,1786799363.231759,6311.345442981227,400.0
5225,1786799363,279833181,1786799363.279833,6309.550256277015,400.0
5226,1786799363,331324946,1786799363.331325,6322.962456548176,400.0
5227,1786799363,379256795,1786799363.379257,6313.355106224447,400.0
5228,1786799363,430686952,1786799363.430687,6329.6221223067905,400.0
5229,1786799363,481745411,1786799363.481745,6329.051378888574,400.0
5230,1786799363,529443321,1786799363.529443,6339.6764918945455,400.0
5231,1786799363,580993132,1786799363.580993,6361.434740953412,400.0
5232,1786799363,631855703,1786799363.631856,6315.559453032333,400.0
5233,1786799363,679407302,1786799363.679407,6324.251125854796,400.0
5234,1786799363,730747160,1786799363.730747,6328.617434841426,400.0
5235,1786799363,781863393,1786799363.781863,6331.989248307481,400.0
5236,1786799363,829803870,1786799363.829804,6336.695954383275,400.0
5237,1786799363,881054247,1786799363.881054,6343.003842411931,400.0
5238,1786799363,932230898,1786799363.932231,6341.459381715401,400.0
5239,1786799363,979923900,1786799363.979924,6288.4479794694635,400.0
5240,1786799364,31339002,1786799364.031339,6348.312193520648,400.0
5241,1786799364,79504104,1786799364.079504,6316.5444763978085,400.0
5242,1786799364,131114750,1786799364.131115,6331.272755231059,400.0
5243,1786799364,178965142,1786799364.178965,6304.920030499734,400.0
5244,1786799364,230757746,1786799364.230758,6338.595819189433,400.0
5245,1786799364,278911474,1786799364.278912,6327.02294446603,400.0
5246,1786799364,329982219,1786799364.329982,6297.252086197373,400.0
5247,1786799364,381497829,1786799364.381498,6265.8668173104315,400.0
5248,1786799364,429362848,1786799364.429363,6325.159371982706,400.0
5249,1786799364,480125285,1786799364.480125,6304.681318225123,400.0
5250,1786799364,531437521,1786799364.531438,6362.479668831028,400.0
5251,1786799364,578992029,1786799364.578992,6309.398697445558,400.0
5252,1786799364,630157299,1786799364.630157,6270.264640718214,400.0
5253,1786799364,681829831,1786799364.681830,6327.992377264812,400.0
5254,1786799364,729968677,1786799364.729969,6274.277189831159,400.0
5255,1786799364,782022352,1786799364.782022,6280.564717264217,400.0
5256,1786799364,830136478,1786799364.830137,6299.7401496436005,400.0
5257,1786799364,881658339,1786799364.881658,6303.827808904556,400.0
5258,1786799364,929796279,1786799364.929796,6306.349958657374,400.0
5259,1786799364,981121312,1786799364.981121,6287.379210385759,400.0
5260,1786799365,29251583,1786799365.029252,6294.16367019581,400.0
5261,1786799365,80606960,1786799365.080607,6304.401419600507,400.0
5262,1786799365,131915173,1786799365.131915,6370.772983052069,400.0
5263,1786799365,179590527,1786799365.179590,6293.520109739899,400.0
5264,1786799365,230549641,1786799365.230550,6280.103748851102,400.0
5265,1786799365,281622439,1786799365.281622,6332.4673737188505,400.0
5266,1786799365,330036827,1786799365.330037,6312.956471064432,400.0
5267,1786799365,381276805,1786799365.381277,6323.005706218018,400.0
5268,1786799365,429490352,1786799365.429490,6258.249773949753,400.0
5269,1786799365,481379184,1786799365.481379,6295.523759842141,400.0
5270,1786799365,529384461,1786799365.529384,6287.615299598344,400.0
5271,1786799365,580875927,1786799365.580876,6325.965698425995,400.0
5272,1786799365,628800209,1786799365.628800,6315.054119595477,400.0
5273,1786799365,680054170,1786799365.680054,6271.025934936749,400.0
5274,1786799365,731234464,1786799365.731235,6313.802628803855,400.0
5275,1786799365,779764983,1786799365.779765,6306.718310646548,400.0
5276,1786799365,831156838,1786799365.831157,6272.604500877517,400.0
5277,1786799365,879176899,1786799365.879177,6311.574496572764,400.0
5278,1786799365,930789932,1786799365.930790,6310.629749844028,400.0
5279,1786799365,982083556,1786799365.982084,6303.081884737573,400.0
5280,1786799366,30107496,1786799366.030107,6302.95162989469,400.0
5281,1786799366,81255073,1786799366.081255,6281.275905381082,400.0
5282,1786799366,129140873,1786799366.129141,6266.885292371491,400.0
5283,1786799366,180493611,1786799366.180494,6305.019973735569,400.0
5284,1786799366,231870775,1786799366.231871,6308.1114998380945,400.0
5285,1786799366,279928534,1786799366.279928,6315.031553420798,400.0
5286,1786799366,331924864,1786799366.331925,6311.019656428272,400.0
5287,1786799366,380243174,1786799366.380243,6322.338650512619,400.0
5288,1786799366,431787487,1786799366.431787,6301.023970486873,400.0
5289,1786799366,479460325,1786799366.479460,6291.916053936922,400.0
5290,1786799366,530969530,1786799366.530970,6308.220701330554,400.0
5291,1786799366,578979865,1786799366.578980,6297.140178880142,400.0
5292,1786799366,630217865,1786799366.630218,6297.4760697196525,400.0
5293,1786799366,681506964,1786799366.681507,6326.809091173397,400.0
5294,1786799366,729697111,1786799366.729697,6326.306539486683,400.0
5295,1786799366,782014874,1786799366.782015,6347.491645419551,400.0
5296,1786799366,830581597,1786799366.830582,6321.4753332899445,400.0
5297,1786799366,879031156,1786799366.879031,6313.359114001272,400.0
5298,1786799366,930842124,1786799366.930842,6311.001885424557,400.0
5299,1786799366,978930341,1786799366.978930,6336.074233261122,400.0
5300,1786799367,30611396,1786799367.030612,6344.3572754473735,400.0
5301,1786799367,78967596,1786799367.078968,6343.568878253679,400.0
5302,1786799367,130458176,1786799367.130458,6327.57252913127,400.0
5303,1786799367,181955882,1786799367.181956,6326.248418492531,400.0
5304,1786799367,229872524,1786799367.229872,6314.348174988087,400.0
5305,1786799367,281828495,1786799367.281828,6312.077710506353,400.0
5306,1786799367,330197163,1786799367.330197,6322.591052620302,400.0
5307,1786799367,381666590,1786799367.381667,6330.647934437308,400.0
5308,1786799367,429342507,1786799367.429343,6341.992396420339,400.0
5309,1786799367,480895548,1786799367.480896,6305.593946669633,400.0
5310,1786799367,529282434,1786799367.529282,6276.938822856053,400.0
5311,1786799367,580749711,1786799367.580750,6330.293464099326,400.0
5312,1786799367,629203474,1786799367.629204,6323.510507206769,400.0
5313,1786799367,680258241,1786799367.680258,6399.033739243677,400.0
5314,1786799367,731807392,1786799367.731807,6311.0833487012405,400.0
5315,1786799367,779675082,1786799367.779675,6332.430071307539,400.0
5316,1786799367,830598805,1786799367.830599,6320.751140218154,400.0
5317,1786799367,878699568,1786799367.878700,6315.970477705134,400.0
5318,1786799367,929737532,1786799367.929738,6353.0874215133545,400.0
5319,1786799367,981529559,1786799367.981529,6327.570999079727,400.0
5320,1786799368,29694687,1786799368.029695,6357.339553532403,400.0
5321,1786799368,81208086,1786799368.081208,6323.753199924359,400.0
5322,1786799368,128995947,1786799368.128996,6282.415983422359,400.0
5323,1786799368,180490279,1786799368.180490,6342.847469862882,400.0
5324,1786799368,228964787,1786799368.228965,6283.858393411201,400.0
5325,1786799368,280119540,1786799368.280120,6310.45939524971,400.0
5326,1786799368,331956500,1786799368.331956,6318.390742971496,400.0
5327,1786799368,380154186,1786799368.380154,6287.112219534777,400.0
5328,1786799368,431643060,1786799368.431643,6312.557616749767,400.0
5329,1786799368,479640879,1786799368.479641,6317.433472616083,400.0
5330,1786799368,531146505,1786799368.531147,6281.431874274871,400.0
5331,1786799368,578935112,1786799368.578935,6337.902223368219,400.0
5332,1786799368,630549702,1786799368.630550,6285.278083871011,400.0
5333,1786799368,678952184,1786799368.678952,6305.193420145887,400.0
5334,1786799368,730589187,1786799368.730589,6286.225108490146,400.0
5335,1786799368,778700754,1786799368.778701,6297.2362191700595,400.0
5336,1786799368,830264173,1786799368.830264,6348.165079872407,400.0
5337,1786799368,878803330,1786799368.878803,6276.252119419985,400.0
5338,1786799368,929614283,1786799368.929614,6324.191699151561,400.0
5339,1786799368,981474913,1786799368.981475,6343.337039700812,400.0
5340,1786799369,29543549,1786799369.029544,6308.932089328855,400.0
5341,1786799369,81243405,1786799369.081244,6311.8012167848265,400.0
5342,1786799369,129025716,1786799369.129026,6319.828054104357,400.0
5343,1786799369,180533139,1786799369.180533,6323.237088253635,400.0
5344,1786799369,231778078,1786799369.231778,6370.528827865842,400.0
5345,1786799369,280066921,1786799369.280067,6276.685436418182,400.0
5346,1786799369,331552677,1786799369.331553,6346.981656624262,400.0
5347,1786799369,379930764,1786799369.379931,6298.694324771965,400.0
5348,1786799369,431119129,1786799369.431119,6343.1337182643865,400.0
5349,1786799369,479075900,1786799369.479076,6311.90898958376,400.0
5350,1786799369,530177430,1786799369.530177,6326.385536031224,400.0
5351,1786799369,578655180,1786799369.578655,6283.4702058091925,400.0
5352,1786799369,630047894,1786799369.630048,6299.5242595726795,400.0
5353,1786799369,681379869,1786799369.681380,6310.379144611187,400.0
5354,1786799369,729005431,1786799369.729005,6339.343576245393,400.0
5355,1786799369,780225423,1786799369.780226,6347.87420837162,400.0
5356,1786799369,831475283,1786799369.831475,6318.526778748739,400.0
5357,1786799369,879831170,1786799369.879831,6311.815725757304,400.0
5358,1786799369,931184345,1786799369.931184,6298.236119611564,400.0
5359,1786799369,979578254,1786799369.979578,6290.694910144063,400.0
5360,1786799370,30948664,1786799370.030949,6308.029082652188,400.0
5361,1786799370,78957141,1786799370.078957,6287.229001328934,400.0
5362,1786799370,130164927,1786799370.130165,6259.677016495766,400.0
5363,1786799370,181932014,1786799370.181932,6306.188656236465,400.0
5364,1786799370,229959092,1786799370.229959,6277.438908522781,400.0
5365,1786799370,281521384,1786799370.281521,6290.432583559205,400.0
5366,1786799370,329491367,1786799370.329491,6308.521934771796,400.0
5367,1786799370,380965933,1786799370.380966,6290.910323965174,400.0
5368,1786799370,428722636,1786799370.428723,6323.560230236101,400.0
5369,1786799370,480420367,1786799370.480420,6329.849151155309,400.0
5370,1786799370,531920671,1786799370.531921,6336.36025442537,400.0
5371,1786799370,579599107,1786799370.579599,6300.181361036548,400.0
5372,1786799370,631217710,1786799370.631218,6318.6802669145645,400.0
5373,1786799370,679640879,1786799370.679641,6246.397995635902,400.0
5374,1786799370,731326062,1786799370.731326,6259.23442020069,400.0
5375,1786799370,779329488,1786799370.779330,6297.807402160409,400.0
5376,1786799370,831448684,1786799370.831449,6312.749145007103,400.0
5377,1786799370,879412239,1786799370.879412,6306.9804116658715,400.0
5378,1786799370,930351051,1786799370.930351,6335.037740093446,400.0
5379,1786799370,978540401,1786799370.978540,6278.680198592861,400.0
5380,1786799371,30198275,1786799371.030198,6299.486441866038,400.0
5381,1786799371,78749586,1786799371.078750,6301.332479721502,400.0
5382,1786799371,130396936,1786799371.130397,6267.459448462312,400.0
5383,1786799371,178564687,1786799371.178565,6333.5872189691945,400.0
5384,1786799371,229603298,1786799371.229603,6275.414186370219,400.0
5385,1786799371,281210146,1786799371.281210,6265.066060331569,400.0
5386,1786799371,329073592,1786799371.329074,6253.376793180286,400.0
5387,1786799371,380554943,1786799371.380555,6267.459811921364,400.0
5388,1786799371,428897752,1786799371.428898,6279.7285061716375,400.0
5389,1786799371,480470913,1786799371.480471,6234.670883241823,400.0
5390,1786799371,528379855,1786799371.528380,6287.458030551197,400.0
5391,1786799371,579420134,1786799371.579420,6275.538261112774,400.0
5392,1786799371,630490711,1786799371.630491,6259.2346312305135,400.0
5393,1786799371,678206828,1786799371.678207,6255.725648216752,400.0
5394,1786799371,729722151,1786799371.729722,6246.282332462991,400.0
5395,1786799371,780868157,1786799371.780868,6263.883673475383,400.0
5396,1786799371,829118720,1786799371.829119,6259.548517239819,400.0
5397,1786799371,880943684,1786799371.880944,6276.541968447547,400.0
5398,1786799371,928715703,1786799371.928716,6237.32444970046,400.0
5399,1786799371,980912090,1786799371.980912,6261.0487040284415,400.0
5400,1786799372,28298089,1786799372.028298,6282.142733430106,400.0
5401,1786799372,79572029,1786799372.079572,6314.488023791687,400.0
5402,1786799372,130441871,1786799372.130442,6262.160804709801,400.0
5403,1786799372,178142520,1786799372.178143,6269.3577259205085,400.0
5404,1786799372,229227550,1786799372.229228,6295.692805306247,400.0
5405,1786799372,280731696,1786799372.280732,6252.678841747508,400.0
5406,1786799372,328782341,1786799372.328782,6287.857125653802,400.0
5407,1786799372,380726850,1786799372.380727,6276.5010783128655,400.0
5408,1786799372,428819126,1786799372.428819,6295.244014375148,400.0
5409,1786799372,479607250,1786799372.479607,6276.651727870753,400.0
5410,1786799372,530950490,1786799372.530951,6264.976234739318,400.0
5411,1786799372,581478860,1786799372.581479,6282.578936212231,400.0
5412,1786799372,628906933,1786799372.628907,6309.280295072211,400.0
5413,1786799372,680186912,1786799372.680187,6329.23866995506,400.0
5414,1786799372,728196229,1786799372.728196,6286.511774557169,400.0
5415,1786799372,780042414,1786799372.780042,6323.15046674707,400.0
5416,1786799372,828506160,1786799372.828506,6290.013428793094,400.0
5417,1786799372,880029076,1786799372.880029,6351.460953248148,400.0
5418,1786799372,928445259,1786799372.928445,6300.650804519654,400.0
5419,1786799372,980166464,1786799372.980166,6323.947996849992,400.0
5420,1786799373,28384837,1786799373.028385,6311.596656084912,400.0
5421,1786799373,79918498,1786799373.079918,6270.632063538898,400.0
5422,1786799373,131084650,1786799373.131085,6281.400828968881,400.0
5423,1786799373,178921402,1786799373.178921,6336.398811386039,400.0
5424,1786799373,230671518,1786799373.230671,6321.166425794128,400.0
5425,1786799373,278864114,1786799373.278864,6349.811343713715,400.0
5426,1786799373,330665223,1786799373.330665,6298.464035002741,400.0
5427,1786799373,378286321,1786799373.378286,6320.305081862511,400.0
5428,1786799373,429151191,1786799373.429151,6312.699934803063,400.0
5429,1786799373,480841270,1786799373.480841,6309.679154221629,400.0
5430,1786799373,528357513,1786799373.528358,6352.838799722149,400.0
5431,1786799373,579731519,1786799373.579731,6294.874999053481,400.0
5432,1786799373,630675632,1786799373.630676,6330.227694625519,400.0
5433,1786799373,678192191,1786799373.678192,6327.522379357386,400.0
5434,1786799373,729152369,1786799373.729152,6344.68222992646,400.0
5435,1786799373,780443284,1786799373.780443,6332.228632996118,400.0
5436,1786799373,828259453,1786799373.828259,6294.266452702872,400.0
5437,1786799373,879740586,1786799373.879740,6319.698079976132,400.0
5438,1786799373,930729085,1786799373.930729,6324.388261441523,400.0
5439,1786799373,978582641,1786799373.978583,6341.364155313181,400.0
5440,1786799374,29935580,1786799374.029936,6336.119950657628,400.0
5441,1786799374,78059715,1786799374.078060,6312.694848500727,400.0
5442,1786799374,129116365,1786799374.129116,6321.336057195797,400.0
5443,1786799374,180318163,1786799374.180318,6320.827863848209,400.0
5444,1786799374,228724101,1786799374.228724,6296.898481828651,400.0
5445,1786799374,280431561,1786799374.280432,6275.830878719711,400.0
5446,1786799374,328669585,1786799374.328670,6329.949069062095,400.0
5447,1786799374,380071322,1786799374.380071,6303.61749113917,400.0
5448,1786799374,431003334,1786799374.431003,6295.224276720002,400.0
5449,1786799374,479179778,1786799374.479180,6315.151661357223,400.0
5450,1786799374,530576657,1786799374.530577,6294.738944060186,400.0
5451,1786799374,578565345,1786799374.578565,6287.603629182737,400.0
5452,1786799374,629509706,1786799374.629510,6296.594211534467,400.0
5453,1786799374,680577878,1786799374.680578,6298.711552710415,400.0
5454,1786799374,728846376,1786799374.728846,6288.932050965661,400.0
5455,1786799374,780717272,1786799374.780717,6294.630462852135,400.0
5456,1786799374,829027122,1786799374.829027,6331.175534414103,400.0
5457,1786799374,880216167,1786799374.880216,6298.708162920687,400.0
5458,1786799374,928172088,1786799374.928172,6289.609413322597,400.0
5459,1786799374,980237351,1786799374.980237,6304.196791202735,400.0
5460,1786799375,27767988,1786799375.027768,6304.734018300716,400.0
5461,1786799375,79221647,1786799375.079222,6296.306430075972,400.0
5462,1786799375,130771987,1786799375.130772,6302.828591921783,400.0
5463,1786799375,178645052,1786799375.178645,6334.887451247301,400.0
5464,1786799375,229640246,1786799375.229640,6281.687340045799,400.0
5465,1786799375,280646858,1786799375.280647,6296.736581563708,400.0
5466,1786799375,328866891,1786799375.328867,6282.793358541731,400.0
5467,1786799375,379915447,1786799375.379915,6311.565942008151,400.0
5468,1786799375,431040770,1786799375.431041,6278.125527103805,400.0
5469,1786799375,478726765,1786799375.478727,6314.584679290228,400.0
5470,1786799375,530102940,1786799375.530103,6294.097006028416,400.0
5471,1786799375,578182581,1786799375.578183,6329.691903749791,400.0
5472,1786799375,629896315,1786799375.629896,6277.441487690917,400.0
5473,1786799375,678167285,1786799375.678167,6271.699108173947,400.0
5474,1786799375,729781158,1786799375.729781,6317.790525546124,400.0
5475,1786799375,777708630,1786799375.777709,6269.192115871287,400.0
5476,1786799375,829333945,1786799375.829334,6284.277006651703,400.0
5477,1786799375,881237847,1786799375.881238,6294.200001529694,400.0
5478,1786799375,929079829,1786799375.929080,6271.000992787688,400.0
5479,1786799375,980295095,1786799375.980295,6291.384537944071,400.0
5480,1786799376,28364166,1786799376.028364,6305.085998430638,400.0
5481,1786799376,79746520,1786799376.079746,6267.334980836625,400.0
5482,1786799376,130927482,1786799376.130928,6257.7319871871905,400.0
5483,1786799376,178581144,1786799376.178581,6290.800259756936,400.0
5484,1786799376,228464186,1786799376.228464,6283.571252992459,400.0
5485,1786799376,279542896,1786799376.279543,6280.215927136834,400.0
5486,1786799376,330969811,1786799376.330970,6289.09980596692,400.0
5487,1786799376,379061459,1786799376.379061,6283.090580315197,400.0
5488,1786799376,430799563,1786799376.430799,6275.876963066054,400.0
5489,1786799376,479162745,1786799376.479163,6276.987385996766,400.0
5490,1786799376,530606894,1786799376.530607,6263.842299948435,400.0
5491,1786799376,578240760,1786799376.578241,6256.6605853619585,400.0
5492,1786799376,629360278,1786799376.629360,6290.070023115048,400.0
5493,1786799376,680567993,1786799376.680568,6282.187028082741,400.0
5494,1786799376,728869611,1786799376.728870,6260.976492525021,400.0
5495,1786799376,780565279,1786799376.780565,6277.7263155710525,400.0
5496,1786799376,828607836,1786799376.828608,6278.845197127835,400.0
5497,1786799376,880401331,1786799376.880401,6272.0373175916475,400.0
5498,1786799376,928351246,1786799376.928351,6275.254805314073,400.0
5499,1786799376,979648508,1786799376.979649,6289.241945070083,400.0
5500,1786799377,30772685,1786799377.030773,6290.232933681371,400.0
5501,1786799377,78800496,1786799377.078800,6235.576308430064,400.0
5502,1786799377,130154064,1786799377.130154,6312.0427223230545,400.0
5503,1786799377,178284664,1786799377.178285,6242.87772832516,400.0
5504,1786799377,230020622,1786799377.230021,6274.542336800017,400.0
5505,1786799377,278089406,1786799377.278090,6316.830097333316,400.0
5506,1786799377,329463013,1786799377.329463,6336.250265830839,400.0
5507,1786799377,378000577,1786799377.378000,6283.304024202904,400.0
5508,1786799377,429495882,1786799377.429496,6302.268204714504,400.0
5509,1786799377,480709167,1786799377.480709,6305.017338455875,400.0
5510,1786799377,528366201,1786799377.528366,6299.305143121005,400.0
5511,1786799377,579484625,1786799377.579485,6280.170544971684,400.0
5512,1786799377,627804175,1786799377.627804,6299.564034422092,400.0
5513,1786799377,679029550,1786799377.679029,6288.1656352187365,400.0
5514,1786799377,730683643,1786799377.730684,6228.439197074382,400.0
5515,1786799377,778794744,1786799377.778795,6311.141168034367,400.0
5516,1786799377,830514881,1786799377.830515,6280.307052871386,400.0
5517,1786799377,878782073,1786799377.878782,6301.138099537851,400.0
5518,1786799377,930011236,1786799377.930011,6320.564081874524,400.0
5519,1786799377,977668319,1786799377.977668,6307.259687263296,400.0
5520,1786799378,28942109,1786799378.028942,6339.261129327879,400.0
5521,1786799378,80530062,1786799378.080530,6300.346114980412,400.0
5522,1786799378,128354853,1786799378.128355,6336.662026467462,400.0
5523,1786799378,179498158,1786799378.179498,6289.491535486754,400.0
5524,1786799378,230612676,1786799378.230613,6339.4295475200925,400.0
5525,1786799378,278440185,1786799378.278440,6291.9870806460885,400.0
5526,1786799378,329560075,1786799378.329560,6308.219149804478,400.0
5527,1786799378,380762210,1786799378.380762,6291.529795034178,400.0
5528,1786799378,428777211,1786799378.428777,6293.146008254655,400.0
5529,1786799378,480158508,1786799378.480159,6316.469694660118,400.0
5530,1786799378,528089514,1786799378.528090,6301.120298953897,400.0
5531,1786799378,579631043,1786799378.579631,6296.655433511603,400.0
5532,1786799378,630813466,1786799378.630813,6282.53395507475,400.0
5533,1786799378,678901883,1786799378.678902,6320.4266336770315,400.0
5534,1786799378,730509178,1786799378.730509,6297.68586989681,400.0
5535,1786799378,778873174,1786799378.778873,6291.76194786139,400.0
5536,1786799378,830802612,1786799378.830803,6280.875255415423,400.0
5537,1786799378,879115968,1786799378.879116,6300.343651066147,400.0
5538,1786799378,927908079,1786799378.927908,6269.1451749083335,400.0
5539,1786799378,979189932,1786799378.979190,6305.990405211393,400.0
5540,1786799379,30734622,1786799379.030735,6282.470950746689,400.0
5541,1786799379,78891023,1786799379.078891,6303.314795419017,400.0
5542,1786799379,130638197,1786799379.130638,6288.529260354401,400.0
5543,1786799379,178515473,1786799379.178515,6323.630913300161,400.0
5544,1786799379,229940356,1786799379.229940,6302.626626859408,400.0
5545,1786799379,278051711,1786799379.278052,6341.360878281471,400.0
5546,1786799379,329515235,1786799379.329515,6309.577087461543,400.0
5547,1786799379,377754353,1786799379.377754,6287.263589498618,400.0
5548,1786799379,429213550,1786799379.429214,6309.2408209954965,400.0
5549,1786799379,479052094,1786799379.479052,6320.913099824371,400.0
5550,1786799379,530043321,1786799379.530043,6341.077042611441,400.0
5551,1786799379,577795368,1786799379.577795,6281.279876824177,400.0
5552,1786799379,629404830,1786799379.629405,6334.120852580249,400.0
5553,1786799379,677923381,1786799379.677923,6302.226785153775,400.0
5554,1786799379,728801003,1786799379.728801,6274.878790318682,400.0
5555,1786799379,780056751,1786799379.780057,6324.613522592993,400.0
5556,1786799379,828165002,1786799379.828165,6277.602255565864,400.0
5557,1786799379,880061234,1786799379.880061,6267.161262724132,400.0
5558,1786799379,928010035,1786799379.928010,6326.966262252895,400.0
5559,1786799379,979296978,1786799379.979297,6305.687908628142,400.0
5560,1786799380,27411983,1786799380.027412,6286.520315134776,400.0
5561,1786799380,78805041,1786799380.078805,6301.530780539875,400.0
5562,1786799380,129878232,1786799380.129878,6296.086480432208,400.0
5563,1786799380,177485451,1786799380.177485,6351.80585667708,400.0
5564,1786799380,228669678,1786799380.228670,6305.02561727489,400.0
5565,1786799380,279649374,1786799380.279649,6273.808404088152,400.0
5566,1786799380,327375501,1786799380.327375,6290.801101957373,400.0
5567,1786799380,378489342,1786799380.378489,6303.411506282103,400.0
5568,1786799380,430067065,1786799380.430067,6314.378984140944,400.0
5569,1786799380,478516115,1786799380.478516,6317.102938513718,400.0
5570,1786799380,529548292,1786799380.529548,6279.200190191149,400.0
5571,1786799380,577610936,1786799380.577611,6282.765629000456,400.0
5572,1786799380,628756860,1786799380.628757,6323.096242876493,400.0
5573,1786799380,680287129,1786799380.680287,6245.866170499899,400.0
5574,1786799380,728237484,1786799380.728237,6311.7456820405905,400.0
5575,1786799380,780305852,1786799380.780306,6277.274328071607,400.0
5576,1786799380,828421729,1786799380.828422,6276.454848859544,400.0
5577,1786799380,880209619,1786799380.880210,6316.7472793330635,400.0
5578,1786799380,927852896,1786799380.927853,6287.883819585906,400.0
5579,1786799380,979309433,1786799380.979309,6282.946667123077,400.0
5580,1786799381,27534855,1786799381.027535,6321.779546202375,400.0
5581,1786799381,78899757,1786799381.078900,6317.565108778324,400.0
5582,1786799381,130311797,1786799381.130312,6286.131918952351,400.0
5583,1786799381,178170059,1786799381.178170,6279.817231193553,400.0
5584,1786799381,229615838,1786799381.229616,6296.403431272045,400.0
5585,1786799381,277464382,1786799381.277464,6282.856042002681,400.0
5586,1786799381,328656390,1786799381.328656,6326.674469436188,400.0
5587,1786799381,379699667,1786799381.379700,6311.934060615434,400.0
5588,1786799381,427429515,1786799381.427429,6334.851229006893,400.0
5589,1786799381,478777368,1786799381.478777,6262.211514777991,400.0
5590,1786799381,530164356,1786799381.530164,6310.635015906302,400.0
5591,1786799381,578123747,1786799381.578124,6267.448784005441,400.0
5592,1786799381,629104592,1786799381.629105,6312.073390342903,400.0
5593,1786799381,680284200,1786799381.680284,6265.845702478327,400.0
5594,1786799381,727800633,1786799381.727801,6304.950690815558,400.0
5595,1786799381,779314912,1786799381.779315,6287.072656543818,400.0
5596,1786799381,827331442,1786799381.827332,6306.57409903665,400.0
5597,1786799381,878935928,1786799381.878936,6297.723702731587,400.0
5598,1786799381,930386544,1786799381.930387,6290.904994454755,400.0
5599,1786799381,978415692,1786799381.978416,6288.16176035261,400.0
5600,1786799382,29388571,1786799382.029389,6263.788297150241,400.0
5601,1786799382,77436996,1786799382.077437,6264.129281246627,400.0
5602,1786799382,128360387,1786799382.128360,6272.129377622481,400.0
5603,1786799382,179502845,1786799382.179503,6276.020401673889,400.0
5604,1786799382,227644725,1786799382.227645,6286.797328433354,400.0
5605,1786799382,278785272,1786799382.278785,6355.181361930256,400.0
5606,1786799382,329986182,1786799382.329986,6306.630748994831,400.0
5607,1786799382,378069536,1786799382.378070,6324.712333348391,400.0
5608,1786799382,429343783,1786799382.429344,6288.241176012151,400.0
5609,1786799382,477118186,1786799382.477118,6266.279202260394,400.0
5610,1786799382,528525252,1786799382.528525,6308.108844923321,400.0
5611,1786799382,580446186,1786799382.580446,6330.8961199502155,400.0
5612,1786799382,628603835,1786799382.628604,6283.929733354467,400.0
5613,1786799382,680205466,1786799382.680206,6299.818764196004,400.0
5614,1786799382,728358340,1786799382.728358,6312.278651819552,400.0
5615,1786799382,779452907,1786799382.779453,6300.079764666525,400.0
5616,1786799382,827151263,1786799382.827151,6324.4688809488525,400.0
5617,1786799382,878726183,1786799382.878726,6337.84246342588,400.0
5618,1786799382,929917553,1786799382.929918,6341.828886404542,400.0
5619,1786799382,977973411,1786799382.977973,6320.997553970217,400.0
5620,1786799383,29175978,1786799383.029176,6306.200135880482,400.0
5621,1786799383,80452627,1786799383.080453,6347.22759218164,400.0
5622,1786799383,128466271,1786799383.128466,6313.361015549042,400.0
5623,1786799383,179932422,1786799383.179932,6295.056690940831,400.0
5624,1786799383,227923481,1786799383.227923,6351.751511080439,400.0
5625,1786799383,279343981,1786799383.279344,6296.180047964463,400.0
5626,1786799383,327294506,1786799383.327295,6289.376506534792,400.0
5627,1786799383,378849241,1786799383.378849,6295.7152033831935,400.0
5628,1786799383,430293785,1786799383.430294,6325.258842248405,400.0
5629,1786799383,478369583,1786799383.478369,6297.019891861804,400.0
5630,1786799383,529986148,1786799383.529986,6298.642417895946,400.0
5631,1786799383,577989851,1786799383.577990,6322.810755797176,400.0
5632,1786799383,629141616,1786799383.629142,6313.966044607916,400.0
5633,1786799383,677201263,1786799383.677201,6326.225859905356,400.0
5634,1786799383,728612233,1786799383.728612,6336.090821661865,400.0
5635,1786799383,777158034,1786799383.777158,6315.5976314893005,400.0
5636,1786799383,829097280,1786799383.829097,6327.407795835025,400.0
5637,1786799383,880405340,1786799383.880405,6299.293308641399,400.0
5638,1786799383,927961661,1786799383.927962,6318.422836695511,400.0
5639,1786799383,979196476,1786799383.979197,6307.579290847081,400.0
5640,1786799384,27139382,1786799384.027139,6316.005942627717,400.0
5641,1786799384,78309230,1786799384.078309,6300.9822175715335,400.0
5642,1786799384,129536494,1786799384.129536,6294.045075747315,400.0
5643,1786799384,177615510,1786799384.177615,6275.249537682156,400.0
5644,1786799384,229052357,1786799384.229052,6289.178376887024,400.0
5645,1786799384,280220755,1786799384.280221,6316.915691158968,400.0
5646,1786799384,328234014,1786799384.328234,6288.2985928157395,400.0
5647,1786799384,379722986,1786799384.379723,6285.972155420985,400.0
5648,1786799384,427614833,1786799384.427615,6284.164137190932,400.0
5649,1786799384,478970323,1786799384.478970,6263.649779093484,400.0
5650,1786799384,530017744,1786799384.530018,6309.841172350638,400.0
5651,1786799384,577717499,1786799384.577718,6266.901230206888,400.0
5652,1786799384,629280170,1786799384.629280,6295.077857127151,400.0
5653,1786799384,677185243,1786799384.677185,6288.836652543531,400.0
5654,1786799384,728877360,1786799384.728877,6258.3080987606645,400.0
5655,1786799384,777107018,1786799384.777107,6273.317824409348,400.0
5656,1786799384,828630255,1786799384.828630,6293.5260876298535,400.0
5657,1786799384,880206235,1786799384.880206,6260.083675194115,400.0
5658,1786799384,927772846,1786799384.927773,6292.569034484385,400.0
5659,1786799384,979094063,1786799384.979094,6287.896059082049,400.0
5660,1786799385,26881699,1786799385.026882,6249.130504379011,400.0
5661,1786799385,78940157,1786799385.078940,6268.601517736478,400.0
5662,1786799385,130362003,1786799385.130362,6282.843550902264,400.0
5663,1786799385,177971559,1786799385.177972,6303.361597749407,400.0
5664,1786799385,228983768,1786799385.228984,6284.020185515949,400.0
5665,1786799385,276884739,1786799385.276885,6288.617108614643,400.0
5666,1786799385,328273438,1786799385.328274,6317.815559053902,400.0
5667,1786799385,379452881,1786799385.379453,6295.936133014066,400.0
5668,1786799385,427402973,1786799385.427403,6286.814165983877,400.0
5669,1786799385,479059704,1786799385.479060,6315.177398595362,400.0
5670,1786799385,527212738,1786799385.527213,6289.442104936009,400.0
5671,1786799385,578715667,1786799385.578716,6282.782872170056,400.0
5672,1786799385,626867558,1786799385.626868,6317.998004077718,400.0
5673,1786799385,678332300,1786799385.678332,6318.234632199829,400.0
5674,1786799385,729433174,1786799385.729433,6306.987288837953,400.0
5675,1786799385,776945638,1786799385.776946,6317.101953046674,400.0
5676,1786799385,828026252,1786799385.828026,6287.445081309763,400.0
5677,1786799385,879694275,1786799385.879694,6381.085611257328,400.0
5678,1786799385,927553535,1786799385.927554,6316.926833168711,400.0
5679,1786799385,978784714,1786799385.978785,6364.829660610005,400.0
5680,1786799386,26848630,1786799386.026849,6337.915159658631,400.0
5681,1786799386,77897635,1786799386.077898,6309.656219165069,400.0
5682,1786799386,128966407,1786799386.128966,6335.773267215328,400.0
5683,1786799386,176698102,1786799386.176698,6319.93027791405,400.0
5684,1786799386,227661505,1786799386.227662,6318.446730796849,400.0
5685,1786799386,279358654,1786799386.279359,6350.037009077555,400.0
5686,1786799386,327556117,1786799386.327556,6320.648898304781,400.0
5687,1786799386,379061776,1786799386.379062,6308.367231171168,400.0
5688,1786799386,426975802,1786799386.426976,6329.855763583765,400.0
5689,1786799386,478035929,1786799386.478036,6317.0224888729845,400.0
5690,1786799386,529031551,1786799386.529032,6351.052724864139,400.0
5691,1786799386,576890424,1786799386.576890,6289.31967262266,400.0
5692,1786799386,627935812,1786799386.627936,6333.64559504038,400.0
5693,1786799386,678972282,1786799386.678972,6323.18880921661,400.0
5694,1786799386,726685163,1786799386.726685,6323.14217007011,400.0
5695,1786799386,777550477,1786799386.777550,6313.753954061345,400.0
5696,1786799386,828604659,1786799386.828605,6291.224112971988,400.0
5697,1786799386,880135750,1786799386.880136,6307.249223887246,400.0
5698,1786799386,928340275,1786799386.928340,6310.604305174541,400.0
5699,1786799386,979626709,1786799386.979627,6312.341925787724,400.0
5700,1786799387,28058700,1786799387.028059,6296.614805867727,400.0
5701,1786799387,79205991,1786799387.079206,6322.833197331713,400.0
5702,1786799387,127093689,1786799387.127094,6292.70366972038,400.0
5703,1786799387,178384381,1786799387.178384,6318.720401269468,400.0
5704,1786799387,229846965,1786799387.229847,6339.255848476166,400.0
5705,1786799387,277792246,1786799387.277792,6348.618661272688,400.0
5706,1786799387,328803551,1786799387.328804,6351.716526939177,400.0
5707,1786799387,376562924,1786799387.376563,6309.67005289441,400.0
5708,1786799387,427607230,1786799387.427607,6327.099294619427,400.0
5709,1786799387,478741106,1786799387.478741,6321.951406336952,400.0
5710,1786799387,526968664,1786799387.526969,6300.490849214829,400.0
5711,1786799387,578142542,1786799387.578143,6300.08167346473,400.0
5712,1786799387,629792524,1786799387.629792,6338.958531198131,400.0
5713,1786799387,677633744,1786799387.677634,6310.66473598768,400.0
5714,1786799387,728988967,1786799387.728989,6352.472318180422,400.0
5715,1786799387,777278913,1786799387.777279,6292.163214217563,400.0
5716,1786799387,829123019,1786799387.829123,6322.946982635729,400.0
5717,1786799387,877339427,1786799387.877339,6283.122873267861,400.0
5718,1786799387,928781649,1786799387.928782,6298.0598800011285,400.0
5719,1786799387,976598711,1786799387.976599,6318.210774485813,400.0
5720,1786799388,27869361,1786799388.027869,6312.036866077433,400.0
5721,1786799388,79609022,1786799388.079609,6328.267438693678,400.0
5722,1786799388,127866197,1786799388.127866,6330.6629561243235,400.0
5723,1786799388,179100086,1786799388.179100,6299.089023620534,400.0
5724,1786799388,227283271,1786799388.227283,6266.284986488388,400.0
5725,1786799388,278825539,1786799388.278826,6295.319505911419,400.0
5726,1786799388,326975157,1786799388.326975,6323.896686772699,400.0
5727,1786799388,378215296,1786799388.378215,6310.469301103357,400.0
5728,1786799388,429571962,1786799388.429572,6289.644313838899,400.0
5729,1786799388,477667205,1786799388.477667,6302.576969064283,400.0
5730,1786799388,529023526,1786799388.529023,6305.948518307921,400.0
5731,1786799388,577209194,1786799388.577209,6318.598064896763,400.0
5732,1786799388,628837142,1786799388.628837,6316.732567112992,400.0
5733,1786799388,676945932,1786799388.676946,6319.677997336355,400.0
5734,1786799388,728469085,1786799388.728469,6338.410079106477,400.0
5735,1786799388,776688332,1786799388.776688,6327.882078302717,400.0
5736,1786799388,827770596,1786799388.827771,6251.966964177175,400.0
5737,1786799388,879410520,1786799388.879411,6264.811162520824,400.0
5738,1786799388,927540248,1786799388.927540,6281.732285547335,400.0
5739,1786799388,978744486,1786799388.978745,6285.913205687905,400.0
5740,1786799389,26847072,1786799389.026847,6331.037941206538,400.0
5741,1786799389,78438495,1786799389.078439,6286.936365358802,400.0
5742,1786799389,129667313,1786799389.129667,6304.645697001289,400.0
5743,1786799389,177380457,1786799389.177381,6299.211168096394,400.0
5744,1786799389,228507757,1786799389.228508,6293.413536169583,400.0
5745,1786799389,276708213,1786799389.276708,6266.670651256915,400.0
5746,1786799389,327887295,1786799389.327887,6294.267521437112,400.0
5747,1786799389,379112738,1786799389.379113,6288.677781758306,400.0
5748,1786799389,427197840,1786799389.427198,6307.777134322986,400.0
5749,1786799389,478850574,1786799389.478851,6286.582796655026,400.0
5750,1786799389,526897070,1786799389.526897,6286.130313060119,400.0
5751,1786799389,578271011,1786799389.578271,6304.2764718129565,400.0
5752,1786799389,626479136,1786799389.626479,6283.815783199796,400.0
5753,1786799389,677999145,1786799389.677999,6265.075684941824,400.0
5754,1786799389,726569947,1786799389.726570,6289.177695619779,400.0
5755,1786799389,781934621,1786799389.781935,6265.580120233434,400.0
5756,1786799389,830320429,1786799389.830320,6291.248481758032,400.0
5757,1786799389,881609265,1786799389.881609,6264.481649684708,400.0
5758,1786799389,930383251,1786799389.930383,6265.912033995011,400.0
5759,1786799389,981966412,1786799389.981966,6292.269384657722,400.0
5760,1786799390,33409430,1786799390.033409,6294.332863700528,400.0
5761,1786799390,80973921,1786799390.080974,6304.931254236379,400.0
5762,1786799390,133046728,1786799390.133047,6271.062286682198,400.0
5763,1786799390,180671253,1786799390.180671,6299.49492792568,400.0
5764,1786799390,234006713,1786799390.234007,6302.832005597946,400.0
5765,1786799390,280536389,1786799390.280536,6317.842270816554,400.0
5766,1786799390,332688255,1786799390.332688,6305.1362333184325,400.0
5767,1786799390,379793828,1786799390.379794,6269.091111857319,400.0
5768,1786799390,431524683,1786799390.431525,6352.711292442699,400.0
5769,1786799390,482955477,1786799390.482955,6312.001322893262,400.0
5770,1786799390,531410439,1786799390.531410,6326.439152703462,400.0
5771,1786799390,581629943,1786799390.581630,6289.459602477856,400.0
5772,1786799390,633091387,1786799390.633091,6354.429788498538,400.0
5773,1786799390,680135778,1786799390.680136,6315.329729084131,400.0
5774,1786799390,731806194,1786799390.731806,6358.151434303857,400.0
5775,1786799390,783030135,1786799390.783030,6336.773199934153,400.0
5776,1786799390,831590583,1786799390.831591,6329.579797110974,400.0
5777,1786799390,882153169,1786799390.882153,6330.957009662448,400.0
5778,1786799390,930294178,1786799390.930294,6323.12714790845,400.0
5779,1786799390,981045332,1786799390.981045,6304.835145796123,400.0
5780,1786799391,33251061,1786799391.033251,6316.546075241636,400.0
5781,1786799391,80160276,1786799391.080160,6336.562161218127,400.0
5782,1786799391,132657162,1786799391.132657,6297.983375909587,400.0
5783,1786799391,179725764,1786799391.179726,6328.5748639337535,400.0
5784,1786799391,231101771,1786799391.231102,6290.39617508203,400.0
5785,1786799391,282052739,1786799391.282053,6292.9740744068595,400.0
5786,1786799391,330277113,1786799391.330277,6309.2199099104355,400.0
5787,1786799391,380780265,1786799391.380780,6293.754296771407,400.0
5788,1786799391,432636332,1786799391.432636,6276.9261096886885,400.0
5789,1786799391,479953118,1786799391.479953,6303.755395419223,400.0
5790,1786799391,532059703,1786799391.532060,6350.960517756441,400.0
5791,1786799391,582699198,1786799391.582699,6289.328290796288,400.0
5792,1786799391,631117712,1786799391.631118,6308.776986577639,400.0
5793,1786799391,681954202,1786799391.681954,6290.446309852938,400.0
5794,1786799391,730987916,1786799391.730988,6294.927148699977,400.0
5795,1786799391,781489969,1786799391.781490,6289.303948190433,400.0
5796,1786799391,830742726,1786799391.830743,6271.409337123076,400.0
5797,1786799391,881525575,1786799391.881526,6264.1938850855095,400.0
5798,1786799391,930496588,1786799391.930497,6303.068506796753,400.0
5799,1786799391,980873503,1786799391.980874,6265.574707114617,400.0
5800,1786799392,32343861,1786799392.032344,6310.055285120671,400.0
5801,1786799392,79684656,1786799392.079685,6306.399349068502,400.0
5802,1786799392,131845331,1786799392.131845,6305.054536434919,400.0
5803,1786799392,179451458,1786799392.179451,6279.9665209168,400.0
5804,1786799392,231342026,1786799392.231342,6283.490017903579,400.0
5805,1786799392,282213939,1786799392.282214,6271.325896755232,400.0
5806,1786799392,330635438,1786799392.330636,6322.770409474788,400.0
5807,1786799392,381569738,1786799392.381570,6270.797325031013,400.0
5808,1786799392,433345714,1786799392.433346,6289.3320706757095,400.0
5809,1786799392,481009559,1786799392.481009,6261.591055688369,400.0
5810,1786799392,532898720,1786799392.532899,6274.167269975739,400.0
5811,1786799392,579878606,1786799392.579879,6267.755176599295,400.0
5812,1786799392,631813868,1786799392.631814,6287.258454220123,400.0
5813,1786799392,682326656,1786799392.682327,6264.328191260851,400.0
5814,1786799392,730408051,1786799392.730408,6299.931452971151,400.0
5815,1786799392,781303497,1786799392.781303,6308.5872706091195,400.0
5816,1786799392,830244667,1786799392.830245,6316.929901824684,400.0
5817,1786799392,881173461,1786799392.881173,6283.5319899717815,400.0
5818,1786799392,930326929,1786799392.930327,6283.041361985014,400.0
5819,1786799392,980821374,1786799392.980821,6282.935045447678,400.0
5820,1786799393,32953565,1786799393.032954,6292.705205867053,400.0
5821,1786799393,80176407,1786799393.080176,6326.721408029094,400.0
5822,1786799393,132106628,1786799393.132107,6290.562881758282,400.0
5823,1786799393,179520246,1786799393.179520,6280.350633462923,400.0
5824,1786799393,231427461,1786799393.231427,6360.912336365817,400.0
5825,1786799393,282274009,1786799393.282274,6317.750002068668,400.0
5826,1786799393,331271126,1786799393.331271,6292.086727573661,400.0
5827,1786799393,381888868,1786799393.381889,6337.999308520278,400.0
5828,1786799393,430655991,1786799393.430656,6308.230607376853,400.0
5829,1786799393,481658480,1786799393.481658,6303.019139864147,400.0
5830,1786799393,529967811,1786799393.529968,6336.024963725151,400.0
5831,1786799393,580731067,1786799393.580731,6317.2529088332485,400.0
5832,1786799393,632304456,1786799393.632304,6287.978754402616,400.0
5833,1786799393,679922236,1786799393.679922,6331.203946617208,400.0
5834,1786799393,732277049,1786799393.732277,6318.195798627239,400.0
5835,1786799393,779371908,1786799393.779372,6321.088944752802,400.0
5836,1786799393,831555325,1786799393.831555,6335.130450900509,400.0
5837,1786799393,882601144,1786799393.882601,6317.463252963374,400.0
5838,1786799393,931419674,1786799393.931420,6341.70168884105,400.0
5839,1786799393,982279041,1786799393.982279,6334.925189742922,400.0
5840,1786799394,30848457,1786799394.030849,6345.778956785434,400.0
5841,1786799394,81860720,1786799394.081861,6324.41640610485,400.0
5842,1786799394,130079854,1786799394.130080,6343.9742132298425,400.0
5843,1786799394,180942378,1786799394.180942,6322.548914889614,400.0
5844,1786799394,229891671,1786799394.229892,6337.298582390009,400.0
5845,1786799394,280826501,1786799394.280827,6304.766206252414,400.0
5846,1786799394,333255482,1786799394.333256,6343.71761202364,400.0
5847,1786799394,379997679,1786799394.379998,6300.3931496805235,400.0
5848,1786799394,431478971,1786799394.431479,6338.720506970995,400.0
5849,1786799394,482086486,1786799394.482086,6326.391269858287,400.0
5850,1786799394,530307968,1786799394.530308,6319.190116501267,400.0
5851,1786799394,581167044,1786799394.581167,6303.045568004811,400.0
5852,1786799394,629703912,1786799394.629704,6302.314523579965,400.0
5853,1786799394,680633987,1786799394.680634,6287.930677281391,400.0
5854,1786799394,732713761,1786799394.732714,6314.168935662016,400.0
5855,1786799394,780231020,1786799394.780231,6311.756239750458,400.0
5856,1786799394,832426044,1786799394.832426,6301.51719688056,400.0
5857,1786799394,880006434,1786799394.880007,6294.683394514776,400.0
5858,1786799394,932019085,1786799394.932019,6301.8627681252865,400.0
5859,1786799394,979638875,1786799394.979639,6332.70738453186,400.0
5860,1786799395,32014680,1786799395.032015,6313.224754538696,400.0
5861,1786799395,82401680,1786799395.082402,6329.034409530897,400.0
5862,1786799395,130407307,1786799395.130407,6304.58862004131,400.0
5863,1786799395,181290198,1786799395.181290,6260.8067210611425,400.0
5864,1786799395,230287140,1786799395.230287,6295.97155632746,400.0
5865,1786799395,281336912,1786799395.281337,6281.204612946648,400.0
5866,1786799395,330043770,1786799395.330044,6315.036009718025,400.0
5867,1786799395,381069711,1786799395.381070,6312.604274580165,400.0
5868,1786799395,429656980,1786799395.429657,6283.2538332509575,400.0
5869,1786799395,480662629,1786799395.480663,6266.237403882418,400.0
5870,1786799395,533008915,1786799395.533009,6290.903606433235,400.0
5871,1786799395,580192149,1786799395.580192,6303.8856034038,400.0
5872,1786799395,632348936,1786799395.632349,6303.065730112506,400.0
5873,1786799395,679615308,1786799395.679615,6278.0684413115205,400.0
5874,1786799395,732050944,1786799395.732051,6299.557487679646,400.0
5875,1786799395,779261418,1786799395.779261,6292.505040804011,400.0
5876,1786799395,831497174,1786799395.831497,6323.269151933098,400.0
5877,1786799395,879185780,1786799395.879186,6293.267154581553,400.0
5878,1786799395,931022989,1786799395.931023,6311.5566774983035,400.0
5879,1786799395,982638882,1786799395.982639,6296.41607778612,400.0
5880,1786799396,31431401,1786799396.031431,6327.50371114179,400.0
5881,1786799396,81802485,1786799396.081802,6329.037205643539,400.0
5882,1786799396,130394688,1786799396.130395,6317.652139648875,400.0
5883,1786799396,181198163,1786799396.181198,6298.270248064961,400.0
5884,1786799396,229588809,1786799396.229589,6341.063001992531,400.0
5885,1786799396,280550272,1786799396.280550,6299.920723898514,400.0
5886,1786799396,332189695,1786799396.332190,6324.1483522822555,400.0
5887,1786799396,379277973,1786799396.379278,6301.818429686865,400.0
5888,1786799396,431360555,1786799396.431360,6315.539916074431,400.0
5889,1786799396,482391135,1786799396.482391,6305.282489735316,400.0
5890,1786799396,530727211,1786799396.530727,6369.888314146415,400.0
5891,1786799396,581852675,1786799396.581853,6304.782748713074,400.0
5892,1786799396,630377108,1786799396.630377,6333.3000051208655,400.0
5893,1786799396,681672489,1786799396.681673,6315.536739774514,400.0
5894,1786799396,729899276,1786799396.729899,6294.598284153583,400.0
5895,1786799396,780854712,1786799396.780855,6329.007769191968,400.0
5896,1786799396,832218569,1786799396.832219,6309.333130508543,400.0
5897,1786799396,879658106,1786799396.879658,6295.4119895786025,400.0
5898,1786799396,931442969,1786799396.931443,6335.833434996575,400.0
5899,1786799396,981879190,1786799396.981879,6316.817733903996,400.0
5900,1786799397,30903750,1786799397.030904,6317.478731676243,400.0
5901,1786799397,81192814,1786799397.081193,6321.663579878233,400.0
5902,1786799397,129910629,1786799397.129911,6335.129674448096,400.0
5903,1786799397,180375555,1786799397.180376,6325.454632813114,400.0
5904,1786799397,232659568,1786799397.232660,6317.053302980626,400.0
5905,1786799397,280334296,1786799397.280334,6348.892739288036,400.0
5906,1786799397,332181544,1786799397.332181,6308.511428450862,400.0
5907,1786799397,379230891,1786799397.379231,6305.3759516630325,400.0
5908,1786799397,430633846,1786799397.430634,6308.160183246705,400.0
5909,1786799397,481719671,1786799397.481720,6340.149832328037,400.0
5910,1786799397,530406021,1786799397.530406,6330.474439638299,400.0
5911,1786799397,581253054,1786799397.581253,6370.571531228413,400.0
5912,1786799397,629389486,1786799397.629390,6361.409360910354,400.0
5913,1786799397,680170156,1786799397.680170,6331.490752205434,400.0
5914,1786799397,732859424,1786799397.732859,6337.011517015204,400.0
5915,1786799397,780702427,1786799397.780702,6322.7014363849785,400.0
5916,1786799397,830817634,1786799397.830818,6323.251805687215,400.0
5917,1786799397,880983403,1786799397.880983,6318.923598590742,400.0
5918,1786799397,930952894,1786799397.930953,6316.091106531364,400.0
5919,1786799397,980822505,1786799397.980823,6323.937840132592,400.0
5920,1786799398,29444328,1786799398.029444,6314.216461634599,400.0
5921,1786799398,80551303,1786799398.080551,6293.633113116647,400.0
5922,1786799398,132322907,1786799398.132323,6336.111213128348,400.0
5923,1786799398,179451661,1786799398.179452,6298.012743800927,400.0
5924,1786799398,231776406,1786799398.231776,6307.962902397048,400.0
5925,1786799398,279173864,1786799398.279174,6333.310572444065,400.0
5926,1786799398,331256865,1786799398.331257,6279.880184284746,400.0
5927,1786799398,381926398,1786799398.381926,6265.812532327179,400.0
5928,1786799398,430612880,1786799398.430613,6280.535594649252,400.0
5929,1786799398,481325737,1786799398.481326,6289.885764246771,400.0
5930,1786799398,530781770,1786799398.530782,6299.281348207894,400.0
5931,1786799398,580941212,1786799398.580941,6304.865256674248,400.0
5932,1786799398,632964267,1786799398.632964,6335.1810865084435,400.0
5933,1786799398,680088803,1786799398.680089,6338.454502378687,400.0
5934,1786799398,732785613,1786799398.732786,6345.79668745659,400.0
5935,1786799398,780190672,1786799398.780191,6336.618424443106,400.0
5936,1786799398,833490978,1786799398.833491,6333.809478810191,400.0
5937,1786799398,880507546,1786799398.880507,6284.37588623693,400.0
5938,1786799398,932977839,1786799398.932978,6322.281199285107,400.0
5939,1786799398,980135834,1786799398.980136,6291.667228821804,400.0
5940,1786799399,32392779,1786799399.032393,6294.16671161321,400.0
5941,1786799399,79843429,1786799399.079844,6265.223629173531,400.0
5942,1786799399,131990394,1786799399.131990,6330.8509773735805,400.0
5943,1786799399,178862817,1786799399.178863,6318.386386776563,400.0
5944,1786799399,230827233,1786799399.230827,6323.493865770997,400.0
5945,1786799399,281886102,1786799399.281886,6308.561776576406,400.0
5946,1786799399,329956048,1786799399.329956,6345.3177675964025,400.0
5947,1786799399,381204053,1786799399.381204,6329.069918425693,400.0
5948,1786799399,430185969,1786799399.430186,6330.836000156626,400.0
5949,1786799399,480578848,1786799399.480579,6282.50070802673,400.0
5950,1786799399,532300531,1786799399.532300,6336.785496913881,400.0
5951,1786799399,579972936,1786799399.579973,6298.146383828262,400.0
5952,1786799399,632207565,1786799399.632208,6289.473397147996,400.0
5953,1786799399,679550889,1786799399.679551,6352.088306577908,400.0
5954,1786799399,732270959,1786799399.732271,6317.250332497256,400.0
5955,1786799399,778956457,1786799399.778956,6332.5787418351765,400.0
5956,1786799399,830467350,1786799399.830467,6327.755095654799,400.0
5957,1786799399,880896277,1786799399.880896,6302.739404071939,400.0
5958,1786799399,933063230,1786799399.933063,6318.751762126142,400.0
5959,1786799399,979750578,1786799399.979751,6275.372208115631,400.0
5960,1786799400,31244501,1786799400.031245,6308.722869234915,400.0
5961,1786799400,79113797,1786799400.079114,6313.916835022711,400.0
5962,1786799400,130658708,1786799400.130659,6330.449652601926,400.0
5963,1786799400,181502992,1786799400.181503,6310.911906420649,400.0
5964,1786799400,230011799,1786799400.230012,6289.659085364958,400.0
5965,1786799400,280889095,1786799400.280889,6244.947803815085,400.0
5966,1786799400,329513029,1786799400.329513,6321.203691609285,400.0
5967,1786799400,379930732,1786799400.379931,6248.267442846852,400.0
5968,1786799400,431896981,1786799400.431897,6275.731702965491,400.0
5969,1786799400,479194285,1786799400.479194,6297.039171086135,400.0
5970,1786799400,531449493,1786799400.531450,6297.413795554513,400.0
5971,1786799400,581929594,1786799400.581930,6317.703020291846,400.0
5972,1786799400,630621472,1786799400.630621,6309.681156622637,400.0
5973,1786799400,680939566,1786799400.680940,6284.554980510699,400.0
5974,1786799400,730184370,1786799400.730184,6327.832315601115,400.0
5975,1786799400,781117923,1786799400.781118,6254.146696769361,400.0
5976,1786799400,829645527,1786799400.829646,6279.1740640827875,400.0
5977,1786799400,880833806,1786799400.880834,6259.241935558401,400.0
5978,1786799400,929724448,1786799400.929724,6321.406723700825,400.0
5979,1786799400,980374978,1786799400.980375,6310.188332070972,400.0
5980,1786799401,32635858,1786799401.032636,6275.971042242202,400.0
5981,1786799401,79706597,1786799401.079707,6335.837269726968,400.0
5982,1786799401,131797615,1786799401.131798,6276.302678215971,400.0
5983,1786799401,179046064,1786799401.179046,6305.833911310519,400.0
5984,1786799401,230591352,1786799401.230591,6305.8161703993155,400.0
5985,1786799401,281226596,1786799401.281227,6294.241013078408,400.0
5986,1786799401,330487885,1786799401.330488,6308.071894710672,400.0
5987,1786799401,380426799,1786799401.380427,6287.565546981124,400.0
5988,1786799401,432046024,1786799401.432046,6282.159974717238,400.0
5989,1786799401,479431566,1786799401.479432,6282.310576834231,400.0
5990,1786799401,532398538,1786799401.532398,6277.059739159066,400.0
5991,1786799401,579149503,1786799401.579149,6321.159256650193,400.0
5992,1786799401,631539213,1786799401.631539,6294.235231939295,400.0
5993,1786799401,678523591,1786799401.678524,6272.055557488904,400.0
5994,1786799401,730514461,1786799401.730515,6294.916250779187,400.0
5995,1786799401,781044568,1786799401.781044,6318.0382052823,400.0
5996,1786799401,829128661,1786799401.829129,6309.674452797827,400.0
5997,1786799401,879714698,1786799401.879715,6301.5226727367435,400.0
5998,1786799401,931187906,1786799401.931188,6320.134341251456,400.0
5999,1786799401,978685586,1786799401.978686,6364.724032476907,400.0
6000,1786799402,30823318,1786799402.030823,6328.038383656425,400.0
6001,1786799402,81644333,1786799402.081644,6309.330299597668,400.0
6002,1786799402,130678421,1786799402.130678,6314.958302486082,400.0
6003,1786799402,180957914,1786799402.180958,6338.865708447373,400.0
6004,1786799402,229503800,1786799402.229504,6359.225381679271,400.0
6005,1786799402,279930563,1786799402.279931,6335.4985932164645,400.0
6006,1786799402,331925813,1786799402.331926,6314.554475181685,400.0
6007,1786799402,379569140,1786799402.379569,6294.773716490993,400.0
6008,1786799402,431356125,1786799402.431356,6312.522859476302,400.0
6009,1786799402,478853645,1786799402.478854,6342.324514145162,400.0
6010,1786799402,530797060,1786799402.530797,6318.266620034314,400.0
6011,1786799402,578675886,1786799402.578676,6323.356445032606,400.0
6012,1786799402,630605581,1786799402.630606,6327.943060781037,400.0
6013,1786799402,681246982,1786799402.681247,6316.894515202972,400.0
6014,1786799402,730060888,1786799402.730061,6305.890302320068,400.0
6015,1786799402,781100763,1786799402.781101,6324.298589674672,400.0
6016,1786799402,829620313,1786799402.829620,6339.730889818469,400.0
6017,1786799402,880894451,1786799402.880894,6298.309455504664,400.0
6018,1786799402,929065671,1786799402.929066,6354.002326882186,400.0
6019,1786799402,979734679,1786799402.979735,6302.586975430904,400.0
6020,1786799403,31842436,1786799403.031842,6289.13538156511,400.0
6021,1786799403,79780103,1786799403.079780,6330.182101645906,400.0
6022,1786799403,131976501,1786799403.131977,6328.45285651673,400.0
6023,1786799403,179892034,1786799403.179892,6325.911838355926,400.0
6024,1786799403,228831640,1786799403.228832,6332.638979461569,400.0
6025,1786799403,279584827,1786799403.279585,6335.238507772805,400.0
6026,1786799403,331433578,1786799403.331434,6319.280699224434,400.0
6027,1786799403,378923065,1786799403.378923,6346.123017286696,400.0
6028,1786799403,430914821,1786799403.430915,6351.882460296088,400.0
6029,1786799403,481560211,1786799403.481560,6322.331563572431,400.0
6030,1786799403,529645428,1786799403.529645,6296.009587239254,400.0
6031,1786799403,580639265,1786799403.580639,6302.879888124897,400.0
6032,1786799403,629174071,1786799403.629174,6339.342277024633,400.0
6033,1786799403,680302279,1786799403.680302,6339.055885883094,400.0
6034,1786799403,729140378,1786799403.729140,6290.159549697909,400.0
6035,1786799403,780481490,1786799403.780482,6331.65770716844,400.0
6036,1786799403,832167909,1786799403.832168,6310.60402503248,400.0
6037,1786799403,879904357,1786799403.879904,6277.353678105312,400.0
6038,1786799403,931629511,1786799403.931629,6317.767634142356,400.0
6039,1786799403,979285005,1786799403.979285,6287.833635649994,400.0
6040,1786799404,31542090,1786799404.031542,6326.086130154331,400.0
6041,1786799404,78401590,1786799404.078402,6316.406090048746,400.0
6042,1786799404,130226565,1786799404.130227,6314.718297309418,400.0
6043,1786799404,181109918,1786799404.181110,6306.097029547235,400.0
6044,1786799404,229774129,1786799404.229774,6325.243013334336,400.0
6045,1786799404,279945890,1786799404.279946,6309.140823725889,400.0
6046,1786799404,331527961,1786799404.331528,6283.75119723684,400.0
6047,1786799404,378995019,1786799404.378995,6310.826400041512,400.0
6048,1786799404,430587936,1786799404.430588,6282.911089865976,400.0
6049,1786799404,478200695,1786799404.478201,6301.988157140883,400.0
6050,1786799404,530628019,1786799404.530628,6290.764893563042,400.0
6051,1786799404,581392926,1786799404.581393,6310.577790896381,400.0
6052,1786799404,630514917,1786799404.630515,6297.6462227732045,400.0
6053,1786799404,681357796,1786799404.681358,6294.703882350133,400.0
6054,1786799404,729729277,1786799404.729729,6317.335640795082,400.0
6055,1786799404,780718477,1786799404.780719,6287.456116692188,400.0
6056,1786799404,828965908,1786799404.828966,6332.590271871021,400.0
6057,1786799404,880024993,1786799404.880025,6309.539384764415,400.0
6058,1786799404,931991803,1786799404.931992,6292.804553835022,400.0
6059,1786799404,979249704,1786799404.979250,6310.196482218323,400.0
6060,1786799405,31765429,1786799405.031765,6319.674866655243,400.0
6061,1786799405,78915558,1786799405.078916,6280.946170027636,400.0
6062,1786799405,130987403,1786799405.130987,6332.909329687984,400.0
6063,1786799405,181706551,1786799405.181707,6295.163284360281,400.0
6064,1786799405,230210645,1786799405.230211,6288.942481983802,400.0
6065,1786799405,280806762,1786799405.280807,6291.610185422793,400.0
6066,1786799405,329004146,1786799405.329004,6304.501247157581,400.0
6067,1786799405,379760870,1786799405.379761,6303.66229347854,400.0
6068,1786799405,432132686,1786799405.432133,6304.693981657233,400.0
6069,1786799405,479209177,1786799405.479209,6324.03945144658,400.0
6070,1786799405,531162938,1786799405.531163,6292.030134603197,400.0
6071,1786799405,578303109,1786799405.578303,6327.804990522069,400.0
6072,1786799405,629918116,1786799405.629918,6287.988908113259,400.0
6073,1786799405,680981387,1786799405.680981,6345.091373693286,400.0
6074,1786799405,729377894,1786799405.729378,6325.172840813911,400.0
6075,1786799405,780944104,1786799405.780944,6308.210270914175,400.0
6076,1786799405,829903403,1786799405.829903,6336.456183064335,400.0
6077,1786799405,880159192,1786799405.880159,6355.8450021896015,400.0
6078,1786799405,928861014,1786799405.928861,6315.990365381975,400.0
6079,1786799405,979848840,1786799405.979849,6326.957020852485,400.0
6080,1786799406,31768812,1786799406.031769,6319.278691537833,400.0
6081,1786799406,79164352,1786799406.079164,6302.561357800819,400.0
6082,1786799406,130681684,1786799406.130682,6318.897737526052,400.0
6083,1786799406,178226483,1786799406.178226,6303.531390450818,400.0
6084,1786799406,230223246,1786799406.230223,6339.638103369938,400.0
6085,1786799406,280705872,1786799406.280706,6355.866693162593,400.0
6086,1786799406,328968549,1786799406.328969,6328.116466640034,400.0
6087,1786799406,379646341,1786799406.379646,6280.052946337188,400.0
6088,1786799406,431447874,1786799406.431448,6331.635497732522,400.0
6089,1786799406,481082024,1786799406.481082,6340.206187512419,400.0
6090,1786799406,529752782,1786799406.529753,6321.839586395138,400.0
6091,1786799406,580756131,1786799406.580756,6272.317843793191,400.0
6092,1786799406,628902176,1786799406.628902,6303.214121935606,400.0
6093,1786799406,679720031,1786799406.679720,6341.06039932463,400.0
6094,1786799406,731289712,1786799406.731290,6357.987501797232,400.0
6095,1786799406,779052781,1786799406.779053,6303.37590631467,400.0
6096,1786799406,831323001,1786799406.831323,6306.985439400601,400.0
6097,1786799406,878708543,1786799406.878709,6292.164363076858,400.0
6098,1786799406,930675196,1786799406.930675,6291.53362233681,400.0
6099,1786799406,981034040,1786799406.981034,6314.251748788725,400.0
6100,1786799407,29704861,1786799407.029705,6328.076295627916,400.0
6101,1786799407,80403700,1786799407.080404,6323.015179627328,400.0
6102,1786799407,128667910,1786799407.128668,6322.542427185277,400.0
6103,1786799407,179100801,1786799407.179101,6337.399949210719,400.0
6104,1786799407,230661678,1786799407.230662,6330.126589534229,400.0
6105,1786799407,281165139,1786799407.281165,6301.1563992837,400.0
6106,1786799407,329692489,1786799407.329693,6301.54593266675,400.0
6107,1786799407,380592197,1786799407.380592,6337.172872339386,400.0
6108,1786799407,429712664,1786799407.429713,6303.998099643071,400.0
6109,1786799407,480280148,1786799407.480280,6342.6889021211055,400.0
6110,1786799407,528382753,1786799407.528383,6325.206065411475,400.0
6111,1786799407,579366709,1786799407.579367,6339.680760115552,400.0
6112,1786799407,631554634,1786799407.631555,6305.259131925856,400.0
6113,1786799407,678495202,1786799407.678495,6291.211156545658,400.0
6114,1786799407,731104747,1786799407.731105,6329.909252538795,400.0
6115,1786799407,778558286,1786799407.778558,6342.570720972245,400.0
6116,1786799407,830853358,1786799407.830853,6306.219271699109,400.0
6117,1786799407,878580025,1786799407.878580,6287.960905127312,400.0
6118,1786799407,931180334,1786799407.931180,6285.343357799852,400.0
6119,1786799407,978034071,1786799407.978034,6298.13137452962,400.0
6120,1786799408,30544574,1786799408.030545,6266.328916734935,400.0
6121,1786799408,80913671,1786799408.080914,6329.830064911294,400.0
6122,1786799408,129675321,1786799408.129675,6301.924646342675,400.0
6123,1786799408,180717742,1786799408.180718,6312.265896034486,400.0
6124,1786799408,229252262,1786799408.229252,6290.089014108385,400.0
6125,1786799408,280370012,1786799408.280370,6312.788262582147,400.0
6126,1786799408,328496911,1786799408.328497,6264.118037077044,400.0
6127,1786799408,379113305,1786799408.379113,6311.239051245591,400.0
6128,1786799408,432255592,1786799408.432256,6304.093511595305,400.0
6129,1786799408,478899990,1786799408.478900,6315.641024052243,400.0
6130,1786799408,531582304,1786799408.531582,6268.590758589066,400.0
6131,1786799408,578562070,1786799408.578562,6330.2735097097875,400.0
6132,1786799408,630651566,1786799408.630651,6298.905453293636,400.0
6133,1786799408,677883125,1786799408.677883,6323.669426518944,400.0
6134,1786799408,729649300,1786799408.729649,6258.0559578241255,400.0
6135,1786799408,780994779,1786799408.780995,6297.037331664076,400.0
6136,1786799408,829895431,1786799408.829895,6294.012975451848,400.0
6137,1786799408,880869027,1786799408.880869,6318.56417407814,400.0
6138,1786799408,929747884,1786799408.929748,6278.867670903061,400.0
6139,1786799408,980523615,1786799408.980524,6299.375873535737,400.0
6140,1786799409,29460965,1786799409.029461,6272.58564030984,400.0
6141,1786799409,79916790,1786799409.079917,6331.480689462538,400.0
6142,1786799409,128471043,1786799409.128471,6309.214440632603,400.0
6143,1786799409,179792076,1786799409.179792,6327.187114981174,400.0
6144,1786799409,228523715,1786799409.228524,6287.440984787058,400.0
6145,1786799409,279388696,1786799409.279389,6311.684000596233,400.0
6146,1786799409,331435642,1786799409.331436,6281.542017481413,400.0
6147,1786799409,378442089,1786799409.378442,6287.342377335351,400.0
6148,1786799409,430705428,1786799409.430705,6297.813395645496,400.0
6149,1786799409,480943565,1786799409.480944,6325.104891384111,400.0
6150,1786799409,530096179,1786799409.530096,6340.559740911542,400.0
6151,1786799409,581058537,1786799409.581059,6307.164473056019,400.0
6152,1786799409,629384694,1786799409.629385,6301.023060032522,400.0
6153,1786799409,680328203,1786799409.680328,6300.326650263172,400.0
6154,1786799409,728988364,1786799409.728988,6344.448508795501,400.0
6155,1786799409,779877600,1786799409.779878,6343.01840094145,400.0
6156,1786799409,828936851,1786799409.828937,6347.779439295866,400.0
6157,1786799409,879416949,1786799409.879417,6333.5585694776355,400.0
6158,1786799409,931004390,1786799409.931004,6316.712341337462,400.0
6159,1786799409,978456448,1786799409.978456,6332.530501918462,400.0
6160,1786799410,30097010,1786799410.030097,6329.290390784228,400.0
6161,1786799410,80953230,1786799410.080953,6304.863988786323,400.0
6162,1786799410,129163529,1786799410.129164,6302.858207920857,400.0
6163,1786799410,179838004,1786799410.179838,6320.399715861197,400.0
6164,1786799410,228325514,1786799410.228326,6306.062660678302,400.0
6165,1786799410,279350181,1786799410.279350,6318.926150361842,400.0
6166,1786799410,330840611,1786799410.330841,6329.93097263921,400.0
6167,1786799410,378256322,1786799410.378256,6323.230395234109,400.0
6168,1786799410,430996800,1786799410.430997,6321.496517507172,400.0
6169,1786799410,477748355,1786799410.477748,6342.76481183776,400.0
6170,1786799410,530047304,1786799410.530047,6321.3360016255065,400.0
6171,1786799410,577647144,1786799410.577647,6331.842167948528,400.0
6172,1786799410,629418313,1786799410.629418,6301.156792747709,400.0
6173,1786799410,680683542,1786799410.680684,6320.9089515474225,400.0
6174,1786799410,730355120,1786799410.730355,6324.977569686974,400.0
6175,1786799410,780186396,1786799410.780186,6345.4852018007,400.0
6176,1786799410,828941665,1786799410.828942,6330.914551805589,400.0
6177,1786799410,880380048,1786799410.880380,6308.748225040323,400.0
6178,1786799410,928950894,1786799410.928951,6308.436638638649,400.0
6179,1786799410,979782475,1786799410.979783,6312.63282220547,400.0
6180,1786799411,28523374,1786799411.028523,6331.015681425681,400.0
6181,1786799411,79302811,1786799411.079303,6332.854706617844,400.0
6182,1786799411,128056652,1786799411.128057,6299.20034906068,400.0
6183,1786799411,179209177,1786799411.179209,6302.818157084206,400.0
6184,1786799411,231081764,1786799411.231082,6303.892618212793,400.0
6185,1786799411,278631796,1786799411.278632,6339.139499578914,400.0
6186,1786799411,330767556,1786799411.330768,6298.96323012189,400.0
6187,1786799411,378429339,1786799411.378429,6302.849360009067,400.0
6188,1786799411,430291877,1786799411.430292,6298.986140273097,400.0
6189,1786799411,477978314,1786799411.477978,6348.797144814682,400.0
6190,1786799411,529483330,1786799411.529483,6351.876150108305,400.0
6191,1786799411,580099993,1786799411.580100,6335.086922318315,400.0
6192,1786799411,628194181,1786799411.628194,6307.383626736607,400.0
6193,1786799411,678929622,1786799411.678930,6332.680230749333,400.0
6194,1786799411,731217127,1786799411.731217,6352.216430352003,400.0
6195,1786799411,778311022,1786799411.778311,6339.166051696746,400.0
6196,1786799411,830442720,1786799411.830443,6293.804955773681,400.0
6197,1786799411,878294481,1786799411.878294,6318.937623717442,400.0
6198,1786799411,930145127,1786799411.930145,6314.750481198982,400.0
6199,1786799411,977986377,1786799411.977986,6381.917624163876,400.0
6200,1786799412,29883199,1786799412.029883,6340.796036271246,400.0
6201,1786799412,80499836,1786799412.080500,6324.648823089298,400.0
6202,1786799412,129236369,1786799412.129236,6344.389766963761,400.0
6203,1786799412,179571004,1786799412.179571,6296.396723522222,400.0
6204,1786799412,231225155,1786799412.231225,6305.167695574914,400.0
6205,1786799412,278154574,1786799412.278155,6327.8163397077815,400.0
6206,1786799412,329870374,1786799412.329870,6331.455933320878,400.0
6207,1786799412,380634650,1786799412.380635,6305.590331805869,400.0
6208,1786799412,429553680,1786799412.429554,6294.174983345128,400.0
6209,1786799412,480324107,1786799412.480324,6321.693754763978,400.0
6210,1786799412,529188555,1786799412.529189,6306.980823127315,400.0
6211,1786799412,579799127,1786799412.579799,6316.997429890655,400.0
6212,1786799412,628503922,1786799412.628504,6335.084109549147,400.0
6213,1786799412,679089391,1786799412.679089,6283.158676044681,400.0
6214,1786799412,731098220,1786799412.731098,6320.344657729625,400.0
6215,1786799412,779265874,1786799412.779266,6281.276670066074,400.0
6216,1786799412,831798069,1786799412.831798,6294.993334544491,400.0
6217,1786799412,878702091,1786799412.878702,6310.250248641443,400.0
6218,1786799412,930883431,1786799412.930883,6317.187515149849,400.0
6219,1786799412,977725374,1786799412.977725,6324.4723449940075,400.0
6220,1786799413,29382586,1786799413.029382,6272.821727702852,400.0
6221,1786799413,80563406,1786799413.080563,6308.996997189088,400.0
6222,1786799413,128884932,1786799413.128885,6311.762043093054,400.0
6223,1786799413,179383859,1786799413.179384,6305.670429486266,400.0
6224,1786799413,228024316,1786799413.228024,6301.931783989871,400.0
6225,1786799413,278906059,1786799413.278906,6305.0297331657175,400.0
6226,1786799413,330857961,1786799413.330858,6261.682707660121,400.0
6227,1786799413,378153835,1786799413.378154,6305.403174086788,400.0
6228,1786799413,430177834,1786799413.430178,6299.813896590741,400.0
6229,1786799413,480556000,1786799413.480556,6308.277857978422,400.0
6230,1786799413,529348292,1786799413.529348,6302.4910316964515,400.0
6231,1786799413,580277612,1786799413.580278,6284.543612448658,400.0
6232,1786799413,628628222,1786799413.628628,6300.402008430032,400.0
6233,1786799413,679451340,1786799413.679451,6302.648437586619,400.0
6234,1786799413,728091576,1786799413.728091,6277.133724394787,400.0
6235,1786799413,779060641,1786799413.779061,6323.989589031064,400.0
6236,1786799413,830745656,1786799413.830746,6322.641674841678,400.0
6237,1786799413,878247250,1786799413.878247,6317.405608065117,400.0
6238,1786799413,930171295,1786799413.930171,6290.176156248636,400.0
6239,1786799413,977566942,1786799413.977567,6277.97156058148,400.0
6240,1786799414,31238079,1786799414.031238,6338.911636930984,400.0
6241,1786799414,77563260,1786799414.077563,6259.669939319514,400.0
6242,1786799414,129868568,1786799414.129869,6318.371894865473,400.0
6243,1786799414,177565368,1786799414.177565,6315.145942152177,400.0
6244,1786799414,229308890,1786799414.229309,6313.340031027473,400.0
6245,1786799414,279611761,1786799414.279612,6325.084132692519,400.0
6246,1786799414,327975430,1786799414.327976,6300.710773737256,400.0
6247,1786799414,378647750,1786799414.378648,6290.803705705124,400.0
6248,1786799414,430560805,1786799414.430561,6301.785108251366,400.0
6249,1786799414,478089658,1786799414.478090,6320.091843636816,400.0
6250,1786799414,529706163,1786799414.529706,6330.233744144545,400.0
6251,1786799414,577273667,1786799414.577274,6321.64122888357,400.0
6252,1786799414,629230078,1786799414.629230,6319.348748312536,400.0
6253,1786799414,680223502,1786799414.680223,6284.427106431756,400.0
6254,1786799414,728691992,1786799414.728692,6314.793226632953,400.0
6255,1786799414,779145828,1786799414.779146,6284.710182342056,400.0
6256,1786799414,829341906,1786799414.829342,6325.529741740604,400.0
6257,1786799414,880173745,1786799414.880174,6280.278401709653,400.0
6258,1786799414,928615075,1786799414.928615,6296.04313493875,400.0
6259,1786799414,979736773,1786799414.979737,6296.065737404988,400.0
6260,1786799415,28036487,1786799415.028037,6282.672555567473,400.0
6261,1786799415,78582938,1786799415.078583,6308.679900383089,400.0
6262,1786799415,130120621,1786799415.130121,6319.07695858831,400.0
6263,1786799415,177584405,1786799415.177584,6348.007519741824,400.0
6264,1786799415,229438681,1786799415.229439,6318.961183592953,400.0
6265,1786799415,280326350,1786799415.280326,6319.420587140456,400.0
6266,1786799415,328757925,1786799415.328758,6319.101439675796,400.0
6267,1786799415,380080395,1786799415.380080,6323.464362392378,400.0
6268,1786799415,428969378,1786799415.428969,6297.355181729614,400.0
6269,1786799415,480067835,1786799415.480068,6340.416692371509,400.0
6270,1786799415,528737578,1786799415.528738,6325.021802406989,400.0
6271,1786799415,579621389,1786799415.579621,6288.3190909734785,400.0
6272,1786799415,628354113,1786799415.628354,6322.632527163511,400.0
6273,1786799415,678964329,1786799415.678964,6336.404259649959,400.0
6274,1786799415,730702666,1786799415.730703,6321.690931220564,400.0
6275,1786799415,778308347,1786799415.778308,6299.5255223492995,400.0
6276,1786799415,830388609,1786799415.830389,6288.139029219554,400.0
6277,1786799415,877891379,1786799415.877891,6289.787603455029,400.0
6278,1786799415,930042634,1786799415.930043,6311.029480762008,400.0
6279,1786799415,977636605,1786799415.977637,6334.144446030428,400.0
6280,1786799416,29820185,1786799416.029820,6313.770019513057,400.0
6281,1786799416,77680255,1786799416.077680,6276.057504157961,400.0
6282,1786799416,129687742,1786799416.129688,6311.244728799206,400.0
6283,1786799416,177138798,1786799416.177139,6305.433611581576,400.0
6284,1786799416,229312333,1786799416.229312,6312.098725908132,400.0
6285,1786799416,279782208,1786799416.279782,6256.5446684364815,400.0
6286,1786799416,328527005,1786799416.328527,6306.130175715778,400.0
6287,1786799416,379150984,1786799416.379151,6312.9859496540175,400.0
6288,1786799416,430764866,1786799416.430765,6314.390644893408,400.0
6289,1786799416,478416141,1786799416.478416,6333.295959754765,400.0
6290,1786799416,529900544,1786799416.529901,6311.161213902118,400.0
6291,1786799416,577406927,1786799416.577407,6307.353201092492,400.0
6292,1786799416,630029420,1786799416.630029,6307.361872197617,400.0
6293,1786799416,677381981,1786799416.677382,6327.610504274867,400.0
6294,1786799416,729371949,1786799416.729372,6311.316753371684,400.0
6295,1786799416,780249851,1786799416.780250,6342.636244626157,400.0
6296,1786799416,829831874,1786799416.829832,6306.229098245289,400.0
6297,1786799416,880262024,1786799416.880262,6333.538840764243,400.0
6298,1786799416,928566323,1786799416.928566,6338.53018348922,400.0
6299,1786799416,979110434,1786799416.979110,6366.314558350144,400.0
6300,1786799417,28033999,1786799417.028034,6356.789599404339,400.0
6301,1786799417,78667411,1786799417.078667,6349.783701632364,400.0
6302,1786799417,130212880,1786799417.130213,6339.257325209016,400.0
6303,1786799417,177019726,1786799417.177020,6310.32048048561,400.0
6304,1786799417,228870155,1786799417.228870,6328.487158243822,400.0
6305,1786799417,279496513,1786799417.279496,6326.532564872244,400.0
6306,1786799417,327840024,1786799417.327840,6307.771605508677,400.0
6307,1786799417,378965538,1786799417.378966,6293.420394703484,400.0
6308,1786799417,428301271,1786799417.428301,6288.0076310769255,400.0
6309,1786799417,478949612,1786799417.478950,6325.9792263494555,400.0
6310,1786799417,530463983,1786799417.530464,6273.876118858361,400.0
6311,1786799417,577765950,1786799417.577766,6331.093838097445,400.0
6312,1786799417,629331737,1786799417.629332,6326.514550630587,400.0
6313,1786799417,677129362,1786799417.677129,6334.8564034008305,400.0
6314,1786799417,729155496,1786799417.729156,6343.485504321241,400.0
6315,1786799417,776925105,1786799417.776925,6328.5094698176035,400.0
6316,1786799417,830323449,1786799417.830323,6298.847280132652,400.0
6317,1786799417,877234442,1786799417.877234,6301.926899565936,400.0
6318,1786799417,929525299,1786799417.929525,6296.72613404535,400.0
6319,1786799417,980069436,1786799417.980069,6334.6209861710795,400.0
6320,1786799418,28588411,1786799418.028588,6310.884645134426,400.0
6321,1786799418,78952562,1786799418.078953,6274.554801715567,400.0
6322,1786799418,127407941,1786799418.127408,6297.1411938065985,400.0
6323,1786799418,178228287,1786799418.178228,6322.108545315545,400.0
6324,1786799418,230661775,1786799418.230662,6297.212689622028,400.0
6325,1786799418,278076215,1786799418.278076,6306.739184436185,400.0
6326,1786799418,327496904,1786799418.327497,6340.59322137192,400.0
6327,1786799418,378543284,1786799418.378543,6311.453952365796,400.0
6328,1786799418,427376710,1786799418.427377,6306.4566925604195,400.0
6329,1786799418,478177148,1786799418.478177,6348.223134857486,400.0
6330,1786799418,530513198,1786799418.530513,6279.7435635812735,400.0
6331,1786799418,577241835,1786799418.577242,6328.3299799752795,400.0
6332,1786799418,628990721,1786799418.628991,6289.061626484966,400.0
6333,1786799418,679578411,1786799418.679578,6264.544922740683,400.0
6334,1786799418,727792706,1786799418.727793,6285.804727907846,400.0
6335,1786799418,778669691,1786799418.778670,6326.875149513035,400.0
6336,1786799418,830261416,1786799418.830261,6306.1535935524125,400.0
6337,1786799418,877388371,1786799418.877388,6302.532604407027,400.0
6338,1786799418,929279802,1786799418.929280,6329.715105379378,400.0
6339,1786799418,979982234,1786799418.979982,6325.37559952749,400.0
6340,1786799419,28639306,1786799419.028639,6306.488386445973,400.0
6341,1786799419,80048074,1786799419.080048,6315.548267372111,400.0
6342,1786799419,128793049,1786799419.128793,6299.03292914944,400.0
6343,1786799419,179551292,1786799419.179551,6337.270090376517,400.0
6344,1786799419,227980731,1786799419.227981,6335.4817089038615,400.0
6345,1786799419,279101196,1786799419.279101,6324.591983962591,400.0
6346,1786799419,327654208,1786799419.327654,6313.464865367294,400.0
6347,1786799419,378802621,1786799419.378803,6311.211639361864,400.0
6348,1786799419,427544683,1786799419.427545,6357.397761728009,400.0
6349,1786799419,478205226,1786799419.478205,6302.133136412522,400.0
6350,1786799419,530178770,1786799419.530179,6281.178075972611,400.0
6351,1786799419,577419013,1786799419.577419,6294.301704512283,400.0
6352,1786799419,628997221,1786799419.628997,6351.418957346762,400.0
6353,1786799419,679492869,1786799419.679493,6292.464361723112,400.0
6354,1786799419,727844403,1786799419.727844,6303.00149158325,400.0
6355,1786799419,779363586,1786799419.779364,6310.652247389663,400.0
6356,1786799419,827648366,1786799419.827648,6302.6404755917265,400.0
6357,1786799419,878501296,1786799419.878501,6326.818731751584,400.0
6358,1786799419,927950040,1786799419.927950,6330.751083447018,400.0
6359,1786799419,978486430,1786799419.978487,6297.510199926997,400.0
6360,1786799420,30076737,1786799420.030077,6328.3263279180965,400.0
6361,1786799420,77296067,1786799420.077296,6300.596431071785,400.0
6362,1786799420,129937177,1786799420.129937,6300.8525949706955,400.0
6363,1786799420,176835283,1786799420.176835,6305.862726195246,400.0
6364,1786799420,228612907,1786799420.228613,6335.579738827282,400.0
6365,1786799420,279201536,1786799420.279202,6313.117491612379,400.0
6366,1786799420,328052552,1786799420.328053,6277.829218773243,400.0
6367,1786799420,378813177,1786799420.378813,6318.637331138233,400.0
6368,1786799420,430413509,1786799420.430413,6314.110632013264,400.0
6369,1786799420,477535641,1786799420.477536,6326.855494048619,400.0
6370,1786799420,529298588,1786799420.529299,6342.5620560856305,400.0
6371,1786799420,576921427,1786799420.576921,6264.023952807823,400.0
6372,1786799420,629180597,1786799420.629181,6290.757150432709,400.0
6373,1786799420,676618121,1786799420.676618,6318.973962220831,400.0
6374,1786799420,728869850,1786799420.728870,6310.21942554688,400.0
6375,1786799420,779225955,1786799420.779226,6349.554092534145,400.0
6376,1786799420,827535318,1786799420.827535,6294.049346382913,400.0
6377,1786799420,878924134,1786799420.878924,6314.441184893259,400.0
6378,1786799420,927827690,1786799420.927828,6288.33729379294,400.0
6379,1786799420,978918277,1786799420.978918,6302.387344413951,400.0
6380,1786799421,27537625,1786799421.027538,6331.266382656509,400.0
6381,1786799421,78485833,1786799421.078486,6322.065218842235,400.0
6382,1786799421,130102756,1786799421.130103,6275.016954661799,400.0
6383,1786799421,177689411,1786799421.177689,6298.734743612889,400.0
6384,1786799421,229109389,1786799421.229109,6294.83922999087,400.0
6385,1786799421,276781760,1786799421.276782,6329.240421804951,400.0
6386,1786799421,328353211,1786799421.328353,6335.176931644994,400.0
6387,1786799421,379359058,1786799421.379359,6285.905355265267,400.0
6388,1786799421,427738546,1786799421.427738,6330.707228660981,400.0
6389,1786799421,478515536,1786799421.478516,6333.300785697912,400.0
6390,1786799421,530070782,1786799421.530071,6310.639250151534,400.0
6391,1786799421,576872820,1786799421.576873,6299.256455865023,400.0
6392,1786799421,629509276,1786799421.629509,6318.765602440977,400.0
6393,1786799421,679838602,1786799421.679839,6333.049555711252,400.0
6394,1786799421,728801214,1786799421.728801,6329.982282931137,400.0
6395,1786799421,779332641,1786799421.779333,6327.097451379784,400.0
6396,1786799421,827722074,1786799421.827722,6334.906644918698,400.0
6397,1786799421,878404298,1786799421.878404,6314.966604964761,400.0
6398,1786799421,929873248,1786799421.929873,6347.021285726794,400.0
6399,1786799421,977040696,1786799421.977041,6290.277791022147,400.0
6400,1786799422,28586074,1786799422.028586,6314.550728232521,400.0
6401,1786799422,79520038,1786799422.079520,6313.38159692432,400.0
6402,1786799422,127872506,1786799422.127872,6286.171541349735,400.0
6403,1786799422,178766831,1786799422.178767,6296.49149898027,400.0
6404,1786799422,227212057,1786799422.227212,6304.44958458661,400.0
6405,1786799422,277852318,1786799422.277852,6301.419864459223,400.0
6406,1786799422,329815289,1786799422.329815,6309.763888329286,400.0
6407,1786799422,376494027,1786799422.376494,6360.490131974065,400.0
6408,1786799422,427949039,1786799422.427949,6289.765378541376,400.0
6409,1786799422,478484407,1786799422.478484,6337.811781047396,400.0
6410,1786799422,530142141,1786799422.530142,6309.274832778065,400.0
6411,1786799422,577683527,1786799422.577683,6310.199631780949,400.0
6412,1786799422,630497252,1786799422.630497,6359.469771338527,400.0
6413,1786799422,677266665,1786799422.677267,6305.648351345784,400.0
6414,1786799422,728906845,1786799422.728907,6326.060038518836,400.0
6415,1786799422,779820104,1786799422.779820,6276.251404651048,400.0
6416,1786799422,828055389,1786799422.828055,6343.767901482165,400.0
6417,1786799422,878590536,1786799422.878591,6307.470081140667,400.0
6418,1786799422,930212343,1786799422.930212,6311.355631537382,400.0
6419,1786799422,977792171,1786799422.977792,6327.212012433961,400.0
6420,1786799423,29415887,1786799423.029416,6324.933226230476,400.0
6421,1786799423,76944911,1786799423.076945,6318.589527273759,400.0
6422,1786799423,131528929,1786799423.131529,6335.657473707342,400.0
6423,1786799423,182780101,1786799423.182780,6307.607018324071,400.0
6424,1786799423,230640441,1786799423.230640,6328.4662275555365,400.0
6425,1786799423,281915236,1786799423.281915,6325.175642622463,400.0
6426,1786799423,329880564,1786799423.329880,6292.172650516966,400.0
6427,1786799423,380885413,1786799423.380885,6313.103836040656,400.0
6428,1786799423,431795209,1786799423.431795,6345.757122632853,400.0
6429,1786799423,479979974,1786799423.479980,6287.485153220396,400.0
6430,1786799423,530859249,1786799423.530859,6276.177725836623,400.0
6431,1786799423,582062231,1786799423.582062,6317.1635907915215,400.0
6432,1786799423,629832640,1786799423.629833,6331.039512177726,400.0
6433,1786799423,681371672,1786799423.681372,6266.296762011877,400.0
6434,1786799423,729806803,1786799423.729807,6291.312580648814,400.0
6435,1786799423,781904116,1786799423.781904,6293.588565070471,400.0
6436,1786799423,829667244,1786799423.829667,6289.699311424618,400.0
6437,1786799423,880820335,1786799423.880820,6297.787030110433,400.0
6438,1786799423,931873915,1786799423.931874,6303.002486328327,400.0
6439,1786799423,979863212,1786799423.979863,6282.80624742218,400.0
6440,1786799424,31302470,1786799424.031302,6274.083076265432,400.0
6441,1786799424,82708371,1786799424.082708,6304.629465864038,400.0
6442,1786799424,130241763,1786799424.130242,6306.668640153299,400.0
6443,1786799424,181410159,1786799424.181410,6314.343874352483,400.0
6444,1786799424,232349855,1786799424.232350,6234.407266801233,400.0
6445,1786799424,280366122,1786799424.280366,6272.917396213131,400.0
6446,1786799424,331789614,1786799424.331790,6234.438030420634,400.0
6447,1786799424,379800750,1786799424.379801,6247.14627019097,400.0
6448,1786799424,431156322,1786799424.431156,6293.6137459886195,400.0
6449,1786799424,482482073,1786799424.482482,6272.767396183746,400.0
6450,1786799424,530484464,1786799424.530484,6283.1665766985225,400.0
6451,1786799424,581926756,1786799424.581927,6279.942347881036,400.0
6452,1786799424,629951522,1786799424.629951,6254.080515748503,400.0
6453,1786799424,681710256,1786799424.681710,6268.501161760505,400.0
6454,1786799424,729781817,1786799424.729782,6258.0469243681155,400.0
6455,1786799424,781443976,1786799424.781444,6283.960064376329,400.0
6456,1786799424,830041201,1786799424.830041,6266.393639840173,400.0
6457,1786799424,880968393,1786799424.880968,6233.505447236246,400.0
6458,1786799424,932118607,1786799424.932119,6269.08926573566,400.0
6459,1786799424,980333074,1786799424.980333,6218.438135606524,400.0
6460,1786799425,31663400,1786799425.031663,6263.567388697368,400.0
6461,1786799425,79761208,1786799425.079761,6243.355638470623,400.0
6462,1786799425,130806007,1786799425.130806,6266.980045316545,400.0
6463,1786799425,182532674,1786799425.182533,6236.738723626687,400.0
6464,1786799425,230140274,1786799425.230140,6257.489856614624,400.0
6465,1786799425,281714482,1786799425.281714,6230.016284819533,400.0
6466,1786799425,329665763,1786799425.329666,6284.857716407275,400.0
6467,1786799425,381094437,1786799425.381094,6256.29163063766,400.0
6468,1786799425,432274520,1786799425.432275,6239.594985674659,400.0
6469,1786799425,480422465,1786799425.480422,6262.250980680462,400.0
6470,1786799425,531805218,1786799425.531805,6240.95361846114,400.0
6471,1786799425,580023899,1786799425.580024,6240.0631369887815,400.0
6472,1786799425,631078900,1786799425.631079,6207.813270666352,400.0
6473,1786799425,682455677,1786799425.682456,6228.723070390183,400.0
6474,1786799425,730555500,1786799425.730556,6253.1152054479435,400.0
6475,1786799425,781757551,1786799425.781758,6240.581438679389,400.0
6476,1786799425,829951351,1786799425.829951,6285.169350150162,400.0
6477,1786799425,880764568,1786799425.880764,6222.90447541317,400.0
6478,1786799425,931790142,1786799425.931790,6244.567925239363,400.0
6479,1786799425,979791830,1786799425.979792,6242.337745488215,400.0
6480,1786799426,31477445,1786799426.031477,6231.221815171474,400.0
6481,1786799426,79801004,1786799426.079801,6240.844170196467,400.0
6482,1786799426,131417563,1786799426.131418,6262.288502909793,400.0
6483,1786799426,179564711,1786799426.179565,6251.307168670574,400.0
6484,1786799426,230907811,1786799426.230908,6263.785142918189,400.0
6485,1786799426,282714237,1786799426.282714,6254.669915285858,400.0
6486,1786799426,330621637,1786799426.330622,6205.0908539584825,400.0
6487,1786799426,382185382,1786799426.382185,6279.518527551687,400.0
6488,1786799426,430180070,1786799426.430180,6235.080081639609,400.0
6489,1786799426,481572652,1786799426.481573,6266.378575900002,400.0
6490,1786799426,529829345,1786799426.529829,6296.872648810464,400.0
6491,1786799426,580926468,1786799426.580926,6239.937829369055,400.0
6492,1786799426,632274149,1786799426.632274,6286.592605739689,400.0
6493,1786799426,680248929,1786799426.680249,6280.368155205938,400.0
6494,1786799426,731823053,1786799426.731823,6240.839151772214,400.0
6495,1786799426,780237528,1786799426.780237,6282.242237528675,400.0
6496,1786799426,831730674,1786799426.831731,6269.518538463767,400.0
6497,1786799426,879929810,1786799426.879930,6285.97123510518,400.0
6498,1786799426,931316806,1786799426.931317,6293.056456634095,400.0
6499,1786799426,979421425,1786799426.979421,6244.753971554932,400.0
6500,1786799427,30692071,1786799427.030692,6278.836907175113,400.0
6501,1786799427,82115980,1786799427.082116,6276.127536827688,400.0
6502,1786799427,130642003,1786799427.130642,6296.430832781884,400.0
6503,1786799427,181588117,1786799427.181588,6280.127245535487,400.0
6504,1786799427,229539666,1786799427.229540,6292.7986344661995,400.0
6505,1786799427,281224499,1786799427.281224,6287.288486341384,400.0
6506,1786799427,329389087,1786799427.329389,6281.670046386536,400.0
6507,1786799427,380816427,1786799427.380816,6285.3715383612325,400.0
6508,1786799427,432029797,1786799427.432030,6282.764903249383,400.0
6509,1786799427,479906275,1786799427.479906,6290.763175369048,400.0
6510,1786799427,531102923,1786799427.531103,6284.455579370645,400.0
6511,1786799427,582490086,1786799427.582490,6264.710957443554,400.0
6512,1786799427,630219765,1786799427.630220,6300.240273334598,400.0
6513,1786799427,680143647,1786799427.680144,6294.454218411332,400.0
6514,1786799427,731587868,1786799427.731588,6300.239535457675,400.0
6515,1786799427,779918175,1786799427.779918,6319.380082505746,400.0
6516,1786799427,831068564,1786799427.831069,6306.346527781894,400.0
6517,1786799427,882270269,1786799427.882270,6300.810963371328,400.0
6518,1786799427,930271640,1786799427.930272,6341.712547949251,400.0
6519,1786799427,982012341,1786799427.982012,6296.204529904805,400.0
6520,1786799428,30317924,1786799428.030318,6313.477284057634,400.0
6521,1786799428,81342259,1786799428.081342,6359.536997253466,400.0
6522,1786799428,132551276,1786799428.132551,6280.115854825738,400.0
6523,1786799428,180706928,1786799428.180707,6311.231575681612,400.0
6524,1786799428,231946308,1786799428.231946,6307.254531369142,400.0
6525,1786799428,279999263,1786799428.279999,6317.122818303871,400.0
6526,1786799428,331321940,1786799428.331322,6321.613744900671,400.0
6527,1786799428,379758932,1786799428.379759,6349.753349437742,400.0
6528,1786799428,431427567,1786799428.431427,6342.072843024842,400.0
6529,1786799428,479357271,1786799428.479357,6352.310315927032,400.0
6530,1786799428,531220016,1786799428.531220,6353.536798224397,400.0
6531,1786799428,582354646,1786799428.582355,6334.909424712917,400.0
6532,1786799428,631554291,1786799428.631554,6358.781122081775,400.0
6533,1786799428,679408566,1786799428.679409,6311.827824320188,400.0
6534,1786799428,730524287,1786799428.730524,6327.815195527597,400.0
6535,1786799428,781888635,1786799428.781889,6325.290089077241,400.0
6536,1786799428,830051121,1786799428.830051,6367.359434840117,400.0
6537,1786799428,881517773,1786799428.881518,6316.310847066535,400.0
6538,1786799428,929604562,1786799428.929605,6354.36696188929,400.0
6539,1786799428,979774312,1786799428.979774,6323.481076149781,400.0
6540,1786799429,30885396,1786799429.030885,6329.04993444833,400.0
6541,1786799429,79061537,1786799429.079062,6307.211125161397,400.0
6542,1786799429,130111824,1786799429.130112,6313.140683389546,400.0
6543,1786799429,181301163,1786799429.181301,6335.995410385297,400.0
6544,1786799429,229466617,1786799429.229467,6313.4716458375815,400.0
6545,1786799429,280998541,1786799429.280998,6326.688542970386,400.0
6546,1786799429,332493492,1786799429.332494,6329.901998948983,400.0
6547,1786799429,380521619,1786799429.380522,6325.245463079762,400.0
6548,1786799429,431885362,1786799429.431885,6304.380740300582,400.0
6549,1786799429,480183116,1786799429.480183,6320.265750124113,400.0
6550,1786799429,531295488,1786799429.531296,6317.0943263233985,400.0
6551,1786799429,582511764,1786799429.582512,6315.538841409008,400.0
6552,1786799429,630496226,1786799429.630496,6336.8398959952965,400.0
6553,1786799429,682088019,1786799429.682088,6311.314346086081,400.0
6554,1786799429,730389555,1786799429.730390,6299.491069392193,400.0
6555,1786799429,782313845,1786799429.782314,6331.480145194001,400.0
6556,1786799429,830275102,1786799429.830275,6335.620154379,400.0
6557,1786799429,882217897,1786799429.882218,6296.022806739018,400.0
6558,1786799429,930039787,1786799429.930040,6303.961956561486,400.0
6559,1786799429,981589834,1786799429.981590,6288.9313947831,400.0
6560,1786799430,29949318,1786799430.029949,6315.874230280817,400.0
6561,1786799430,81280485,1786799430.081280,6330.328630022926,400.0
6562,1786799430,129034759,1786799430.129035,6325.09234310677,400.0
6563,1786799430,180339122,1786799430.180339,6281.797958172723,400.0
6564,1786799430,231863092,1786799430.231863,6312.249924661295,400.0
6565,1786799430,279990264,1786799430.279990,6313.280520289472,400.0
6566,1786799430,331686629,1786799430.331687,6299.879960133179,400.0
6567,1786799430,379513436,1786799430.379514,6297.094774873593,400.0
6568,1786799430,431092480,1786799430.431093,6316.97766711898,400.0
6569,1786799430,479168755,1786799430.479169,6304.284602682522,400.0
6570,1786799430,530970536,1786799430.530971,6334.934140144772,400.0
6571,1786799430,579164045,1786799430.579164,6316.715137866798,400.0
6572,1786799430,631011594,1786799430.631011,6308.7914784270515,400.0
6573,1786799430,681918816,1786799430.681919,6318.424528405371,400.0
6574,1786799430,729719335,1786799430.729719,6296.129986657226,400.0
6575,1786799430,781368960,1786799430.781369,6286.788347499604,400.0
6576,1786799430,829433304,1786799430.829433,6279.454967305142,400.0
6577,1786799430,881234185,1786799430.881234,6306.555088464135,400.0
6578,1786799430,929348038,1786799430.929348,6287.03400212529,400.0
6579,1786799430,980613940,1786799430.980614,6262.088805098683,400.0
6580,1786799431,32229395,1786799431.032229,6298.17028967191,400.0
6581,1786799431,80026431,1786799431.080026,6296.621149223072,400.0
6582,1786799431,131356894,1786799431.131357,6294.988888699143,400.0
6583,1786799431,180147230,1786799431.180147,6321.432694127171,400.0
6584,1786799431,231115055,1786799431.231115,6281.689295886945,400.0
6585,1786799431,282189921,1786799431.282190,6305.965641640431,400.0
6586,1786799431,329835113,1786799431.329835,6326.44117708587,400.0
6587,1786799431,380807655,1786799431.380808,6319.675665226303,400.0
6588,1786799431,431812339,1786799431.431812,6331.942177953683,400.0
6589,1786799431,479744185,1786799431.479744,6313.051069241619,400.0
6590,1786799431,530829117,1786799431.530829,6329.9918195558985,400.0
6591,1786799431,582177626,1786799431.582178,6296.077392016992,400.0
6592,1786799431,629793608,1786799431.629794,6291.33487445181,400.0
6593,1786799431,680834168,1786799431.680834,6312.800175608886,400.0
6594,1786799431,731902365,1786799431.731902,6313.852288880812,400.0
6595,1786799431,779996566,1786799431.779997,6302.49829873798,400.0
6596,1786799431,831288610,1786799431.831289,6320.583347854952,400.0
6597,1786799431,879369767,1786799431.879370,6298.987930662153,400.0
6598,1786799431,930804948,1786799431.930805,6305.830329839352,400.0
6599,1786799431,978823153,1786799431.978823,6310.752243392884,400.0
6600,1786799432,30151941,1786799432.030152,6346.9914128651535,400.0
6601,1786799432,81528944,1786799432.081529,6308.593638927885,400.0
6602,1786799432,129839666,1786799432.129840,6300.618367329576,400.0
6603,1786799432,181081432,1786799432.181082,6322.305162681174,400.0
6604,1786799432,228861967,1786799432.228862,6318.38630549858,400.0
6605,1786799432,280091117,1786799432.280091,6313.0558955305805,400.0
6606,1786799432,331136500,1786799432.331136,6343.109239207773,400.0
6607,1786799432,378956314,1786799432.378956,6297.798967299733,400.0
6608,1786799432,430548482,1786799432.430548,6324.3024757700005,400.0
6609,1786799432,478920651,1786799432.478921,6308.010177905695,400.0
6610,1786799432,530378333,1786799432.530378,6357.372544075916,400.0
6611,1786799432,581494245,1786799432.581494,6290.948252579117,400.0
6612,1786799432,629122979,1786799432.629123,6337.15841393056,400.0
6613,1786799432,680287430,1786799432.680287,6331.867737999447,400.0
6614,1786799432,731439425,1786799432.731439,6368.054751122428,400.0
6615,1786799432,779933063,1786799432.779933,6325.786752119277,400.0
6616,1786799432,830972927,1786799432.830973,6308.136653704418,400.0
6617,1786799432,882166062,1786799432.882166,6325.855593172138,400.0
6618,1786799432,930038836,1786799432.930039,6308.255611194733,400.0
6619,1786799432,981259015,1786799432.981259,6328.413024862068,400.0
6620,1786799433,28931253,1786799433.028931,6273.969626811501,400.0
6621,1786799433,80600584,1786799433.080601,6313.004037969593,400.0
6622,1786799433,132102287,1786799433.132102,6301.511016558953,400.0
6623,1786799433,179896246,1786799433.179896,6320.462662274833,400.0
6624,1786799433,230891503,1786799433.230891,6336.081251343803,400.0
6625,1786799433,281757932,1786799433.281758,6305.954892971833,400.0
6626,1786799433,329737344,1786799433.329737,6309.147170712619,400.0
6627,1786799433,380663529,1786799433.380664,6301.300717731886,400.0
6628,1786799433,429304710,1786799433.429305,6326.698201914897,400.0
6629,1786799433,480123575,1786799433.480124,6331.8040693270195,400.0
6630,1786799433,531634424,1786799433.531634,6298.999974587032,400.0
6631,1786799433,579325655,1786799433.579326,6301.156990080821,400.0
6632,1786799433,630535949,1786799433.630536,6338.70799930969,400.0
6633,1786799433,681877499,1786799433.681878,6310.778162765179,400.0
6634,1786799433,730062746,1786799433.730063,6300.883183429775,400.0
6635,1786799433,781030506,1786799433.781030,6316.720661222904,400.0
6636,1786799433,828902760,1786799433.828903,6274.881902512525,400.0
6637,1786799433,880497485,1786799433.880497,6316.821231494073,400.0
6638,1786799433,931959782,1786799433.931960,6338.461667959727,400.0
6639,1786799433,979571076,1786799433.979571,6334.478055359464,400.0
6640,1786799434,31083091,1786799434.031083,6290.317978092978,400.0
6641,1786799434,79296184,1786799434.079296,6301.814145044288,400.0
6642,1786799434,130339037,1786799434.130339,6295.008001808118,400.0
6643,1786799434,181846338,1786799434.181846,6294.466142739925,400.0
6644,1786799434,229600765,1786799434.229601,6324.487227674401,400.0
6645,1786799434,281083886,1786799434.281084,6327.449194006299,400.0
6646,1786799434,328725422,1786799434.328725,6332.485035595995,400.0
6647,1786799434,379888400,1786799434.379888,6308.942808280843,400.0
6648,1786799434,431686701,1786799434.431687,6328.065774414885,400.0
6649,1786799434,479711716,1786799434.479712,6296.7674275506415,400.0
6650,1786799434,530934218,1786799434.530934,6277.766561609113,400.0
6651,1786799434,578924019,1786799434.578924,6305.471013438025,400.0
6652,1786799434,630135006,1786799434.630135,6313.450244303275,400.0
6653,1786799434,681603872,1786799434.681604,6289.636284095452,400.0
6654,1786799434,729812262,1786799434.729812,6314.580446698944,400.0
6655,1786799434,781035765,1786799434.781036,6326.15628578006,400.0
6656,1786799434,828805771,1786799434.828806,6350.370376454738,400.0
6657,1786799434,879938687,1786799434.879939,6353.429875987676,400.0
6658,1786799434,931252584,1786799434.931252,6337.693002036984,400.0
6659,1786799434,979511280,1786799434.979511,6309.45672472947,400.0
6660,1786799435,30788287,1786799435.030788,6325.3442455052245,400.0
6661,1786799435,81715241,1786799435.081715,6323.631053337879,400.0
6662,1786799435,129436615,1786799435.129437,6300.811386558388,400.0
6663,1786799435,180932098,1786799435.180932,6342.933905148486,400.0
6664,1786799435,228870801,1786799435.228871,6275.585900892387,400.0
6665,1786799435,280645883,1786799435.280646,6322.11381688112,400.0
6666,1786799435,329030449,1786799435.329031,6346.163718090829,400.0
6667,1786799435,380005352,1786799435.380005,6357.369865204071,400.0
6668,1786799435,431090623,1786799435.431091,6292.576455797351,400.0
6669,1786799435,479237895,1786799435.479238,6341.730784983411,400.0
6670,1786799435,530378951,1786799435.530379,6340.105567738535,400.0
6671,1786799435,581504413,1786799435.581504,6316.991390757241,400.0
6672,1786799435,628956213,1786799435.628956,6312.451593716957,400.0
6673,1786799435,679915065,1786799435.679915,6303.9721987382645,400.0
6674,1786799435,731163951,1786799435.731164,6313.761011922372,400.0
6675,1786799435,778705866,1786799435.778706,6324.533695335693,400.0
6676,1786799435,829985658,1786799435.829986,6265.109571575452,400.0
6677,1786799435,881299803,1786799435.881300,6313.95837577778,400.0
6678,1786799435,928944015,1786799435.928944,6310.380017756738,400.0
6679,1786799435,980407542,1786799435.980407,6301.555060866474,400.0
6680,1786799436,28851272,1786799436.028851,6290.419748986163,400.0
6681,1786799436,80644875,1786799436.080645,6281.225073311688,400.0
6682,1786799436,128885282,1786799436.128885,6284.561014842036,400.0
6683,1786799436,179935039,1786799436.179935,6296.164560268601,400.0
6684,1786799436,231197917,1786799436.231198,6262.854698507046,400.0
6685,1786799436,279007490,1786799436.279007,6295.611754662161,400.0
6686,1786799436,329959973,1786799436.329960,6304.2820246122765,400.0
6687,1786799436,381328621,1786799436.381329,6311.919577977301,400.0
6688,1786799436,429740361,1786799436.429740,6332.676489748866,400.0
6689,1786799436,479613729,1786799436.479614,6289.247567957829,400.0
6690,1786799436,530904075,1786799436.530904,6321.113467024878,400.0
6691,1786799436,578746422,1786799436.578746,6282.175852954654,400.0
6692,1786799436,629980191,1786799436.629980,6276.559854300568,400.0
6693,1786799436,681397186,1786799436.681397,6335.228733645172,400.0
6694,1786799436,729285335,1786799436.729285,6331.814244082814,400.0
6695,1786799436,780951779,1786799436.780952,6326.443781447986,400.0
6696,1786799436,828906007,1786799436.828906,6295.17492316869,400.0
6697,1786799436,879917498,1786799436.879917,6335.699859273773,400.0
6698,1786799436,930993587,1786799436.930994,6301.743391049286,400.0
6699,1786799436,979178305,1786799436.979178,6300.711972885131,400.0
6700,1786799437,30825709,1786799437.030826,6342.690510127313,400.0
6701,1786799437,78686650,1786799437.078687,6279.050646783823,400.0
6702,1786799437,129848188,1786799437.129848,6292.039127486323,400.0
6703,1786799437,181521559,1786799437.181522,6268.303496035568,400.0
6704,1786799437,229501097,1786799437.229501,6294.370484988267,400.0
6705,1786799437,280674037,1786799437.280674,6327.225944872639,400.0
6706,1786799437,328304067,1786799437.328304,6311.353704836125,400.0
6707,1786799437,379539715,1786799437.379540,6292.94962188433,400.0
6708,1786799437,430968707,1786799437.430969,6303.166032056767,400.0
6709,1786799437,479309687,1786799437.479310,6304.823776460719,400.0
6710,1786799437,530685848,1786799437.530686,6331.210559769759,400.0
6711,1786799437,578275394,1786799437.578275,6310.97647722513,400.0
6712,1786799437,629266461,1786799437.629267,6325.631141493264,400.0
6713,1786799437,680532219,1786799437.680532,6304.856338439805,400.0
6714,1786799437,728649069,1786799437.728649,6312.414963435278,400.0
6715,1786799437,780229798,1786799437.780230,6307.079239552547,400.0
6716,1786799437,828362217,1786799437.828362,6355.032871093018,400.0
6717,1786799437,880101766,1786799437.880102,6328.20289880622,400.0
6718,1786799437,928383096,1786799437.928383,6291.019199839799,400.0
6719,1786799437,979675492,1786799437.979676,6287.976748372614,400.0
6720,1786799438,30668490,1786799438.030668,6319.724745920212,400.0
6721,1786799438,78489242,1786799438.078489,6341.6086228194345,400.0
6722,1786799438,129755412,1786799438.129755,6316.54301801228,400.0
6723,1786799438,181155916,1786799438.181156,6337.828365881107,400.0
6724,1786799438,228900380,1786799438.228900,6347.268766213184,400.0
6725,1786799438,280164227,1786799438.280164,6364.097412109658,400.0
6726,1786799438,328177155,1786799438.328177,6326.837307542336,400.0
6727,1786799438,379790751,1786799438.379791,6324.888868445593,400.0
6728,1786799438,431206569,1786799438.431206,6347.2212250708035,400.0
6729,1786799438,479235268,1786799438.479235,6315.885441505266,400.0
6730,1786799438,530635983,1786799438.530636,6329.823132092712,400.0
6731,1786799438,578616478,1786799438.578616,6323.697582208049,400.0
6732,1786799438,629715175,1786799438.629715,6342.992592119919,400.0
6733,1786799438,681254001,1786799438.681254,6314.132237289251,400.0
6734,1786799438,729434322,1786799438.729434,6332.1535621160465,400.0
6735,1786799438,781209693,1786799438.781210,6352.839566765946,400.0
6736,1786799438,828623326,1786799438.828623,6312.227039735237,400.0
6737,1786799438,879816024,1786799438.879816,6319.285921417865,400.0
6738,1786799438,931374621,1786799438.931375,6305.143024126665,400.0
6739,1786799438,979157908,1786799438.979158,6323.2124081646625,400.0
6740,1786799439,30193978,1786799439.030194,6302.480617431101,400.0
6741,1786799439,81401004,1786799439.081401,6328.111481958551,400.0
6742,1786799439,129067503,1786799439.129067,6323.402719994932,400.0
6743,1786799439,180406730,1786799439.180407,6340.181907163294,400.0
6744,1786799439,228724493,1786799439.228724,6334.553443859542,400.0
6745,1786799439,280162257,1786799439.280162,6307.312227611443,400.0
6746,1786799439,328102740,1786799439.328103,6314.2652454204,400.0
6747,1786799439,379664287,1786799439.379664,6337.658868311963,400.0
6748,1786799439,430850326,1786799439.430850,6294.720623055947,400.0
6749,1786799439,478572129,1786799439.478572,6343.677288398645,400.0
6750,1786799439,530207240,1786799439.530207,6305.804841639718,400.0
6751,1786799439,578221464,1786799439.578222,6300.414864811536,400.0
6752,1786799439,629690213,1786799439.629690,6315.138423871535,400.0
6753,1786799439,681149717,1786799439.681150,6320.344785693794,400.0
6754,1786799439,729166183,1786799439.729166,6282.489806195491,400.0
6755,1786799439,780932113,1786799439.780932,6343.207599356042,400.0
6756,1786799439,828827675,1786799439.828828,6310.035633782528,400.0
6757,1786799439,880079815,1786799439.880080,6283.445992994633,400.0
6758,1786799439,928088549,1786799439.928089,6295.374718597303,400.0
6759,1786799439,979542945,1786799439.979543,6297.464232723604,400.0
6760,1786799440,30803320,1786799440.030803,6274.810450248885,400.0
6761,1786799440,78443171,1786799440.078443,6275.0560281799335,400.0
6762,1786799440,129471495,1786799440.129472,6294.336879713127,400.0
6763,1786799440,180516703,1786799440.180517,6290.522364251217,400.0
6764,1786799440,228505368,1786799440.228505,6265.947077908582,400.0
6765,1786799440,280309960,1786799440.280310,6280.897416945823,400.0
6766,1786799440,328956985,1786799440.328957,6311.6178117066775,400.0
6767,1786799440,379087685,1786799440.379088,6304.233273580065,400.0
6768,1786799440,430410046,1786799440.430410,6308.258837350798,400.0
6769,1786799440,478632352,1786799440.478632,6311.66025465771,400.0
6770,1786799440,530598230,1786799440.530598,6308.00242512745,400.0
6771,1786799440,578725329,1786799440.578725,6309.699647420634,400.0
6772,1786799440,630236200,1786799440.630236,6316.677680006468,400.0
6773,1786799440,678134915,1786799440.678135,6317.502295610402,400.0
6774,1786799440,729735601,1786799440.729736,6326.79988300592,400.0
6775,1786799440,781095668,1786799440.781096,6337.933145998574,400.0
6776,1786799440,829279348,1786799440.829279,6304.540325520439,400.0
6777,1786799440,880767412,1786799440.880767,6292.517123039052,400.0
6778,1786799440,928532060,1786799440.928532,6316.3821022772345,400.0
6779,1786799440,980008968,1786799440.980009,6326.713881835035,400.0
6780,1786799441,28231050,1786799441.028231,6312.701372951986,400.0
6781,1786799441,79333149,1786799441.079333,6311.671949967362,400.0
6782,1786799441,130267178,1786799441.130267,6345.200575186962,400.0
6783,1786799441,181218025,1786799441.181218,6338.971795432528,400.0
6784,1786799441,228946305,1786799441.228946,6306.106929431443,400.0
6785,1786799441,280199539,1786799441.280200,6322.702659460729,400.0
6786,1786799441,331110990,1786799441.331111,6333.068229891563,400.0
6787,1786799441,379111078,1786799441.379111,6327.496996020284,400.0
6788,1786799441,430694264,1786799441.430694,6326.276431985057,400.0
6789,1786799441,478951290,1786799441.478951,6319.528049197378,400.0
6790,1786799441,530245110,1786799441.530245,6339.285671228421,400.0
6791,1786799441,578279988,1786799441.578280,6314.059393194295,400.0
6792,1786799441,629529485,1786799441.629529,6323.653108898518,400.0
6793,1786799441,680864147,1786799441.680864,6334.68417034066,400.0
6794,1786799441,728684639,1786799441.728685,6335.559257984473,400.0
6795,1786799441,780272473,1786799441.780272,6340.250404367703,400.0
6796,1786799441,827916628,1786799441.827917,6335.161727239428,400.0
6797,1786799441,879804147,1786799441.879804,6279.406599191922,400.0
6798,1786799441,930915413,1786799441.930915,6331.389549852965,400.0
6799,1786799441,978871328,1786799441.978871,6321.238427560979,400.0
6800,1786799442,30500438,1786799442.030500,6307.817629846486,400.0
6801,1786799442,78731216,1786799442.078731,6339.013648765965,400.0
6802,1786799442,129923878,1786799442.129924,6335.644857997948,400.0
6803,1786799442,181041872,1786799442.181042,6293.352734126268,400.0
6804,1786799442,228812068,1786799442.228812,6290.499208638823,400.0
6805,1786799442,279913424,1786799442.279913,6310.692857171501,400.0
6806,1786799442,327977256,1786799442.327977,6308.643248785336,400.0
6807,1786799442,379455727,1786799442.379456,6296.4970167374095,400.0
6808,1786799442,430946302,1786799442.430946,6292.882069419292,400.0
6809,1786799442,478746596,1786799442.478747,6320.802360548631,400.0
6810,1786799442,530069306,1786799442.530069,6339.084952189831,400.0
6811,1786799442,578116779,1786799442.578117,6355.143491798203,400.0
6812,1786799442,629573279,1786799442.629573,6311.726946961713,400.0
6813,1786799442,681017892,1786799442.681018,6290.908876254475,400.0
6814,1786799442,729053619,1786799442.729054,6306.600864300253,400.0
6815,1786799442,780311235,1786799442.780311,6300.395733741998,400.0
6816,1786799442,827954921,1786799442.827955,6317.7477234766275,400.0
6817,1786799442,879498464,1786799442.879498,6287.760915237517,400.0
6818,1786799442,930885165,1786799442.930885,6314.32590761887,400.0
6819,1786799442,978848063,1786799442.978848,6339.469043235844,400.0
6820,1786799443,30193343,1786799443.030193,6325.938308434112,400.0
6821,1786799443,78098519,1786799443.078099,6288.899397809257,400.0
6822,1786799443,129484987,1786799443.129485,6304.504021075131,400.0
6823,1786799443,180505079,1786799443.180505,6330.350305641221,400.0
6824,1786799443,228108796,1786799443.228109,6302.536195393704,400.0
6825,1786799443,279426204,1786799443.279426,6328.685733849191,400.0
6826,1786799443,330584808,1786799443.330585,6292.077705592337,400.0
6827,1786799443,378337674,1786799443.378338,6356.22518149765,400.0
6828,1786799443,429789665,1786799443.429790,6313.222834680281,400.0
6829,1786799443,477807833,1786799443.477808,6310.064621703129,400.0
6830,1786799443,529003129,1786799443.529003,6309.752465168561,400.0
6831,1786799443,580031379,1786799443.580031,6317.000203007408,400.0
6832,1786799443,627642606,1786799443.627643,6345.216868558174,400.0
6833,1786799443,678967624,1786799443.678968,6332.978571419628,400.0
6834,1786799443,729929270,1786799443.729929,6317.172077247434,400.0
6835,1786799443,778210400,1786799443.778210,6303.028729013167,400.0
6836,1786799443,830961474,1786799443.830961,6307.851279968558,400.0
6837,1786799443,878950431,1786799443.878950,6297.704712273365,400.0
6838,1786799443,930253593,1786799443.930254,6303.175898337851,400.0
6839,1786799443,978558114,1786799443.978558,6328.72697952248,400.0
6840,1786799444,30159416,1786799444.030159,6304.386394710019,400.0
6841,1786799444,78319098,1786799444.078319,6327.49247633365,400.0
6842,1786799444,130053433,1786799444.130054,6320.341681877998,400.0
6843,1786799444,177896207,1786799444.177896,6340.577903978077,400.0
6844,1786799444,229093386,1786799444.229093,6316.896109186545,400.0
6845,1786799444,280299547,1786799444.280300,6326.324749733484,400.0
6846,1786799444,328380296,1786799444.328380,6288.688260390377,400.0
6847,1786799444,379343035,1786799444.379343,6339.9253152367855,400.0
6848,1786799444,430507889,1786799444.430508,6349.006034422807,400.0
6849,1786799444,478143687,1786799444.478144,6321.077357665568,400.0
6850,1786799444,529625667,1786799444.529626,6320.22326043657,400.0
6851,1786799444,580795438,1786799444.580796,6306.749827044245,400.0
6852,1786799444,628458471,1786799444.628458,6323.596136077634,400.0
6853,1786799444,679677270,1786799444.679677,6315.604427618279,400.0
6854,1786799444,727527136,1786799444.727527,6305.098879903298,400.0
6855,1786799444,778861599,1786799444.778862,6280.568208027173,400.0
6856,1786799444,827619488,1786799444.827620,6317.352665122465,400.0
6857,1786799444,878923091,1786799444.878923,6322.730651112978,400.0
6858,1786799444,930304531,1786799444.930305,6306.930623738963,400.0
6859,1786799444,978276797,1786799444.978277,6320.104343892403,400.0
6860,1786799445,29489362,1786799445.029489,6298.514824474678,400.0
6861,1786799445,80761352,1786799445.080761,6297.746335132836,400.0
6862,1786799445,128521214,1786799445.128521,6296.76393560644,400.0
6863,1786799445,180177223,1786799445.180177,6271.0601025247815,400.0
6864,1786799445,228538388,1786799445.228538,6330.2661759431385,400.0
6865,1786799445,279785383,1786799445.279785,6279.565220302979,400.0
6866,1786799445,327814495,1786799445.327815,6305.603802851631,400.0
6867,1786799445,379152624,1786799445.379153,6309.807450577401,400.0
6868,1786799445,428696661,1786799445.428697,6284.086494063215,400.0
6869,1786799445,480163704,1786799445.480164,6302.1785706337705,400.0
6870,1786799445,527989226,1786799445.527989,6357.187720638214,400.0
6871,1786799445,579462983,1786799445.579463,6270.666534799072,400.0
6872,1786799445,628022378,1786799445.628022,6287.62578348099,400.0
6873,1786799445,678384487,1786799445.678385,6344.434738254425,400.0
6874,1786799445,729767602,1786799445.729768,6292.498092803307,400.0
6875,1786799445,778020339,1786799445.778020,6304.524897660224,400.0
6876,1786799445,829312753,1786799445.829313,6286.322098130706,400.0
6877,1786799445,880590978,1786799445.880591,6301.02396623063,400.0
6878,1786799445,928434897,1786799445.928435,6284.219152351846,400.0
6879,1786799445,980946420,1786799445.980946,6324.119121419322,400.0
6880,1786799446,27654448,1786799446.027654,6297.051230509831,400.0
6881,1786799446,78837507,1786799446.078837,6322.589048594604,400.0
6882,1786799446,130253652,1786799446.130254,6289.52578241819,400.0
6883,1786799446,178313273,1786799446.178313,6338.864089957847,400.0
6884,1786799446,229704262,1786799446.229704,6307.478727025606,400.0
6885,1786799446,277754758,1786799446.277755,6290.656498670389,400.0
6886,1786799446,329097644,1786799446.329098,6300.838197776684,400.0
6887,1786799446,380352661,1786799446.380353,6283.164182787684,400.0
6888,1786799446,428163951,1786799446.428164,6304.184147949268,400.0
6889,1786799446,479845346,1786799446.479845,6310.487955400252,400.0
6890,1786799446,527622861,1786799446.527623,6314.897627908152,400.0
6891,1786799446,578830217,1786799446.578830,6323.191438448047,400.0
6892,1786799446,630179749,1786799446.630180,6268.876190769275,400.0
6893,1786799446,677745075,1786799446.677745,6311.163460138273,400.0
6894,1786799446,729103309,1786799446.729103,6298.973857528551,400.0
6895,1786799446,780401196,1786799446.780401,6316.477792098848,400.0
6896,1786799446,828514666,1786799446.828515,6331.759975541816,400.0
6897,1786799446,880348648,1786799446.880349,6322.830004435592,400.0
6898,1786799446,928159019,1786799446.928159,6309.709338028369,400.0
6899,1786799446,979748759,1786799446.979749,6315.551565117123,400.0
6900,1786799447,27724919,1786799447.027725,6313.107592621512,400.0
6901,1786799447,79025005,1786799447.079025,6304.419641669413,400.0
6902,1786799447,129985150,1786799447.129985,6342.0508244915345,400.0
6903,1786799447,178031645,1786799447.178032,6293.373247400408,400.0
6904,1786799447,229573113,1786799447.229573,6286.904362924653,400.0
6905,1786799447,277566592,1786799447.277567,6330.986316820424,400.0
6906,1786799447,329147269,1786799447.329147,6320.898110240256,400.0
6907,1786799447,380714313,1786799447.380714,6355.7617759583345,400.0
6908,1786799447,428963684,1786799447.428964,6342.96158734756,400.0
6909,1786799447,480166133,1786799447.480166,6328.42523608225,400.0
6910,1786799447,528433049,1786799447.528433,6329.297960298754,400.0
6911,1786799447,579760664,1786799447.579761,6321.041162003606,400.0
6912,1786799447,627831895,1786799447.627832,6320.758967709854,400.0
6913,1786799447,678615996,1786799447.678616,6335.244137487409,400.0
6914,1786799447,729419456,1786799447.729419,6307.6294577234,400.0
6915,1786799447,777730312,1786799447.777730,6340.847052231052,400.0
6916,1786799447,829421637,1786799447.829422,6321.121802652794,400.0
6917,1786799447,877744998,1786799447.877745,6305.713252157767,400.0
6918,1786799447,929400648,1786799447.929401,6326.90912842513,400.0
6919,1786799447,977702393,1786799447.977702,6341.8636121100135,400.0
6920,1786799448,29166202,1786799448.029166,6317.343168911093,400.0
6921,1786799448,77492938,1786799448.077493,6342.20814023523,400.0
6922,1786799448,129056349,1786799448.129056,6311.082506401184,400.0
6923,1786799448,180276148,1786799448.180276,6293.446948468588,400.0
6924,1786799448,228679704,1786799448.228680,6300.838952901049,400.0
6925,1786799448,279990549,1786799448.279990,6298.554127078193,400.0
6926,1786799448,327725301,1786799448.327725,6322.264164890754,400.0
6927,1786799448,378999173,1786799448.378999,6318.516723154111,400.0
6928,1786799448,430317629,1786799448.430318,6307.635715189547,400.0
6929,1786799448,478328248,1786799448.478328,6292.408199025557,400.0
6930,1786799448,529170045,1786799448.529170,6295.660375453798,400.0
6931,1786799448,577322683,1786799448.577323,6330.845662804092,400.0
6932,1786799448,628980233,1786799448.628980,6305.366315738126,400.0
6933,1786799448,677189402,1786799448.677189,6295.541273660964,400.0
6934,1786799448,728884278,1786799448.728884,6296.07978998065,400.0
6935,1786799448,777078798,1786799448.777079,6353.9751444794465,400.0
6936,1786799448,829177602,1786799448.829178,6271.4187740168,400.0
6937,1786799448,877275379,1786799448.877275,6320.890338877687,400.0
6938,1786799448,928858159,1786799448.928858,6298.382150213409,400.0
6939,1786799448,980342643,1786799448.980343,6265.886014095048,400.0
6940,1786799449,27833746,1786799449.027834,6302.938840926131,400.0
6941,1786799449,79062624,1786799449.079063,6304.330238304234,400.0
6942,1786799449,127724538,1786799449.127725,6315.210530088496,400.0
6943,1786799449,179191936,1786799449.179192,6336.286490352892,400.0
6944,1786799449,227092706,1786799449.227093,6334.412776643172,400.0
6945,1786799449,278366455,1786799449.278367,6322.488749098071,400.0
6946,1786799449,329667338,1786799449.329667,6302.631662772634,400.0
6947,1786799449,377333787,1786799449.377334,6303.177697356133,400.0
6948,1786799449,429071108,1786799449.429071,6307.642048720449,400.0
6949,1786799449,477071556,1786799449.477072,6328.980422161357,400.0
6950,1786799449,528726091,1786799449.528726,6318.794203606105,400.0
6951,1786799449,579761497,1786799449.579762,6307.928220187309,400.0
6952,1786799449,627392863,1786799449.627393,6284.042467646089,400.0
6953,1786799449,678852582,1786799449.678853,6347.231717703029,400.0
6954,1786799449,727980968,1786799449.727981,6338.2417748034995,400.0
6955,1786799449,778771541,1786799449.778772,6299.236574571905,400.0
6956,1786799449,830498417,1786799449.830498,6352.6239096841255,400.0
6957,1786799449,878878268,1786799449.878878,6313.010715903648,400.0
6958,1786799449,929974144,1786799449.929974,6295.572795758435,400.0
6959,1786799449,977973412,1786799449.977973,6311.787863869894,400.0
6960,1786799450,29307418,1786799450.029307,6307.927196814418,400.0
6961,1786799450,77340337,1786799450.077340,6301.310251039216,400.0
6962,1786799450,128432156,1786799450.128432,6346.044316886141,400.0
6963,1786799450,179597707,1786799450.179598,6304.550282722317,400.0
6964,1786799450,227794606,1786799450.227795,6338.7527966303805,400.0
6965,1786799450,279460213,1786799450.279460,6319.58769069877,400.0
6966,1786799450,327370072,1786799450.327370,6334.549379756571,400.0
6967,1786799450,378455919,1786799450.378456,6323.249735282813,400.0
6968,1786799450,429503476,1786799450.429503,6352.93362972455,400.0
6969,1786799450,477336245,1786799450.477336,6278.732633595321,400.0
6970,1786799450,528427794,1786799450.528428,6329.145104611495,400.0
6971,1786799450,579399847,1786799450.579400,6302.513528380233,400.0
6972,1786799450,627081975,1786799450.627082,6272.700464027325,400.0
6973,1786799450,678301684,1786799450.678302,6285.238471621543,400.0
6974,1786799450,729438850,1786799450.729439,6282.5321096719335,400.0
6975,1786799450,777099481,1786799450.777099,6323.041197989093,400.0
6976,1786799450,828316343,1786799450.828316,6316.031786071111,400.0
6977,1786799450,880271956,1786799450.880272,6307.906944426283,400.0
6978,1786799450,928444361,1786799450.928444,6333.232917865759,400.0
6979,1786799450,979688216,1786799450.979688,6274.740866590457,400.0
6980,1786799451,27266049,1786799451.027266,6343.650688480809,400.0
6981,1786799451,78400200,1786799451.078400,6312.293033434151,400.0
6982,1786799451,129850420,1786799451.129850,6282.883099464624,400.0
6983,1786799451,177516213,1786799451.177516,6316.127689140373,400.0
6984,1786799451,228790267,1786799451.228790,6260.041190297706,400.0
6985,1786799451,279801152,1786799451.279801,6307.390742524386,400.0
6986,1786799451,327518186,1786799451.327518,6306.926330030915,400.0
6987,1786799451,378621858,1786799451.378622,6297.795926405403,400.0
6988,1786799451,427778508,1786799451.427778,6263.786695621068,400.0
6989,1786799451,478803959,1786799451.478804,6297.527537424829,400.0
6990,1786799451,527111723,1786799451.527112,6333.365486304223,400.0
6991,1786799451,578518094,1786799451.578518,6337.281448133642,400.0
6992,1786799451,629690790,1786799451.629691,6291.86665920291,400.0
6993,1786799451,677515323,1786799451.677515,6299.846280853028,400.0
6994,1786799451,728324739,1786799451.728325,6300.58649276538,400.0
6995,1786799451,779376764,1786799451.779377,6291.660420050815,400.0
6996,1786799451,827984613,1786799451.827985,6319.914711526535,400.0
6997,1786799451,879349005,1786799451.879349,6331.627440818121,400.0
6998,1786799451,927243324,1786799451.927243,6343.539807616593,400.0
6999,1786799451,978760933,1786799451.978761,6313.564454460589,400.0
7000,1786799452,30013669,1786799452.030014,6297.766729317033,400.0
7001,1786799452,77915788,1786799452.077916,6323.952628049879,400.0
7002,1786799452,128962587,1786799452.128963,6314.609531885004,400.0
7003,1786799452,176866280,1786799452.176866,6361.146995565486,400.0
7004,1786799452,228158348,1786799452.228158,6313.991448353716,400.0
7005,1786799452,279795604,1786799452.279796,6303.607253301152,400.0
7006,1786799452,327607545,1786799452.327608,6304.635677092729,400.0
7007,1786799452,379557444,1786799452.379557,6326.23823595661,400.0
7008,1786799452,427631509,1786799452.427632,6284.584883155326,400.0
7009,1786799452,478695769,1786799452.478696,6298.006716598086,400.0
7010,1786799452,529973118,1786799452.529973,6308.073042159294,400.0
7011,1786799452,577605368,1786799452.577605,6327.450458107824,400.0
7012,1786799452,628749067,1786799452.628749,6332.838365482863,400.0
7013,1786799452,676824446,1786799452.676824,6297.1458043130215,400.0
7014,1786799452,728467026,1786799452.728467,6337.95668305614,400.0
7015,1786799452,777045363,1786799452.777045,6305.172034043769,400.0
7016,1786799452,829229686,1786799452.829230,6328.019198162853,400.0
7017,1786799452,876889454,1786799452.876889,6304.100338079199,400.0
7018,1786799452,927946712,1786799452.927947,6311.202472503628,400.0
7019,1786799452,979532875,1786799452.979533,6304.421781235964,400.0
7020,1786799453,27445929,1786799453.027446,6307.837403993468,400.0
7021,1786799453,79240073,1786799453.079240,6334.340196048024,400.0
7022,1786799453,127254553,1786799453.127254,6291.027658426694,400.0
7023,1786799453,178449282,1786799453.178449,6311.778840602522,400.0
7024,1786799453,229678890,1786799453.229679,6287.920293167583,400.0
7025,1786799453,277867907,1786799453.277868,6285.6861730895525,400.0
7026,1786799453,329581904,1786799453.329582,6279.420227833761,400.0
7027,1786799453,377987452,1786799453.377987,6320.740865317113,400.0
7028,1786799453,429683926,1786799453.429684,6340.045550871289,400.0
7029,1786799453,477293884,1786799453.477294,6289.300582055831,400.0
7030,1786799453,528772057,1786799453.528772,6292.725863338236,400.0
7031,1786799453,579957083,1786799453.579957,6334.082412867198,400.0
7032,1786799453,627875004,1786799453.627875,6296.780707980988,400.0
7033,1786799453,679227278,1786799453.679227,6330.759526726282,400.0
7034,1786799453,726722598,1786799453.726722,6296.992798718751,400.0
7035,1786799453,777846992,1786799453.777847,6313.0760530765565,400.0
7036,1786799453,828953171,1786799453.828953,6311.523431852267,400.0
7037,1786799453,876601730,1786799453.876602,6334.952219229058,400.0
7038,1786799453,927754004,1786799453.927754,6332.419819988234,400.0
7039,1786799453,978919163,1786799453.978919,6344.656890041079,400.0
7040,1786799454,27203638,1786799454.027204,6310.835777226557,400.0
7041,1786799454,78854260,1786799454.078854,6313.0186739961955,400.0
7042,1786799454,127013383,1786799454.127013,6297.804045103888,400.0
7043,1786799454,178768465,1786799454.178768,6344.130256881062,400.0
7044,1786799454,226642757,1786799454.226643,6309.4164114285795,400.0
7045,1786799454,277781268,1786799454.277781,6314.79712596667,400.0
7046,1786799454,328819039,1786799454.328819,6303.844611286953,400.0
7047,1786799454,376664900,1786799454.376665,6305.5539162686655,400.0
7048,1786799454,427963438,1786799454.427963,6299.042507163479,400.0
7049,1786799454,479388783,1786799454.479389,6308.293091064386,400.0
7050,1786799454,526982079,1786799454.526982,6321.0376807751545,400.0
7051,1786799454,578053927,1786799454.578054,6328.866920254612,400.0
7052,1786799454,629432997,1786799454.629433,6321.4367526628785,400.0
7053,1786799454,677483297,1786799454.677483,6316.913531986397,400.0
7054,1786799454,728986641,1786799454.728987,6290.445967611391,400.0
7055,1786799454,777176423,1786799454.777176,6297.888669757491,400.0
7056,1786799454,828916147,1786799454.828916,6317.375619210186,400.0
7057,1786799454,877057859,1786799454.877058,6316.529104678414,400.0
7058,1786799454,928774511,1786799454.928775,6318.895789498555,400.0
7059,1786799454,976846996,1786799454.976847,6279.4833786054805,400.0
7060,1786799455,28658793,1786799455.028659,6300.591850387157,400.0
7061,1786799455,76565606,1786799455.076566,6331.511222270425,400.0
7062,1786799455,127739404,1786799455.127739,6273.987825501769,400.0
7063,1786799455,178986350,1786799455.178986,6253.460090870443,400.0
7064,1786799455,227203500,1786799455.227204,6304.469613524175,400.0
7065,1786799455,278405982,1786799455.278406,6292.517827523676,400.0
7066,1786799455,326720887,1786799455.326721,6293.518361215778,400.0
7067,1786799455,377874254,1786799455.377874,6294.134536765507,400.0
7068,1786799455,429061039,1786799455.429061,6350.646604142566,400.0
7069,1786799455,477078373,1786799455.477078,6276.21445833008,400.0
7070,1786799455,528426135,1786799455.528426,6288.3542333016685,400.0
7071,1786799455,580030805,1786799455.580031,6287.994672712062,400.0
7072,1786799455,628066080,1786799455.628066,6284.796918129492,400.0
7073,1786799455,679880561,1786799455.679881,6301.8779657587265,400.0
7074,1786799455,727925084,1786799455.727925,6319.843797025958,400.0
7075,1786799455,779525873,1786799455.779526,6324.613594235552,400.0
7076,1786799455,827321412,1786799455.827322,6318.66771877439,400.0
7077,1786799455,878933935,1786799455.878934,6254.1697661993785,400.0
7078,1786799455,926660852,1786799455.926661,6322.281945315883,400.0
7079,1786799455,978227352,1786799455.978227,6339.399843328608,400.0
7080,1786799456,29360146,1786799456.029360,6317.816838397637,400.0
7081,1786799456,77418524,1786799456.077419,6282.407617374478,400.0
7082,1786799456,128780970,1786799456.128781,6352.905850116246,400.0
7083,1786799456,176393142,1786799456.176393,6280.255562578343,400.0
7084,1786799456,227426061,1786799456.227426,6346.074718971382,400.0
7085,1786799456,278795598,1786799456.278795,6337.424213145254,400.0
7086,1786799456,326479720,1786799456.326480,6331.924502088646,400.0
7087,1786799456,377751634,1786799456.377752,6299.599683758108,400.0
7088,1786799456,432888157,1786799456.432888,6353.2631176809355,400.0
7089,1786799456,480916312,1786799456.480916,6260.12488114233,400.0
7090,1786799456,532277693,1786799456.532278,6329.714871768718,400.0
7091,1786799456,580116141,1786799456.580116,6322.979005762226,400.0
7092,1786799456,631369274,1786799456.631369,6268.819000986838,400.0
7093,1786799456,682777305,1786799456.682777,6324.806092623408,400.0
7094,1786799456,730869555,1786799456.730870,6275.57810853093,400.0
7095,1786799456,783064624,1786799456.783065,6296.115053929437,400.0
7096,1786799456,831063870,1786799456.831064,6320.675749008689,400.0
7097,1786799456,882492250,1786799456.882492,6283.950159330993,400.0
7098,1786799456,930652982,1786799456.930653,6278.88322673061,400.0
7099,1786799456,981889060,1786799456.981889,6277.195901655117,400.0
7100,1786799457,32895051,1786799457.032895,6281.354535035022,400.0
7101,1786799457,80556571,1786799457.080557,6266.261468990226,400.0
7102,1786799457,132013844,1786799457.132014,6278.300650675016,400.0
7103,1786799457,180109013,1786799457.180109,6272.8481475882045,400.0
7104,1786799457,230874806,1786799457.230875,6291.875629197223,400.0
7105,1786799457,282172966,1786799457.282173,6304.610304361751,400.0
7106,1786799457,329945947,1786799457.329946,6257.252690427517,400.0
7107,1786799457,381177593,1786799457.381178,6298.9902276386365,400.0
7108,1786799457,432704433,1786799457.432704,6297.0053193045405,400.0
7109,1786799457,480833115,1786799457.480833,6292.066248151879,400.0
7110,1786799457,532028505,1786799457.532028,6288.266316817099,400.0
7111,1786799457,579879178,1786799457.579879,6271.5217166515895,400.0
7112,1786799457,631301965,1786799457.631302,6286.456912109063,400.0
7113,1786799457,679652510,1786799457.679652,6301.282731387626,400.0
7114,1786799457,731023673,1786799457.731024,6297.6045706174245,400.0
7115,1786799457,782849911,1786799457.782850,6311.349518533517,400.0
7116,1786799457,831283874,1786799457.831284,6324.809234451608,400.0
7117,1786799457,882747207,1786799457.882747,6335.040565654189,400.0
7118,1786799457,930621625,1786799457.930622,6316.09479313817,400.0
7119,1786799457,982191795,1786799457.982192,6325.143970464475,400.0
7120,1786799458,30199408,1786799458.030199,6317.021042258387,400.0
7121,1786799458,81800560,1786799458.081800,6329.598955054168,400.0
7122,1786799458,129569663,1786799458.129570,6299.855167754311,400.0
7123,1786799458,181273130,1786799458.181273,6288.762774316378,400.0
7124,1786799458,232264255,1786799458.232264,6316.740704335426,400.0
7125,1786799458,280352458,1786799458.280352,6354.7996533619025,400.0
7126,1786799458,331916576,1786799458.331917,6345.480367178231,400.0
7127,1786799458,379699870,1786799458.379700,6302.780597041159,400.0
7128,1786799458,431303705,1786799458.431304,6279.458689047157,400.0
7129,1786799458,482330882,1786799458.482331,6323.203384760807,400.0
7130,1786799458,530411361,1786799458.530411,6309.821618765578,400.0
7131,1786799458,582051005,1786799458.582051,6333.7759721202865,400.0
7132,1786799458,629740317,1786799458.629740,6334.894243316069,400.0
7133,1786799458,680921696,1786799458.680922,6317.298102156773,400.0
7134,1786799458,732192318,1786799458.732192,6315.866503695527,400.0
7135,1786799458,780793037,1786799458.780793,6323.39614625386,400.0
7136,1786799458,832846959,1786799458.832847,6329.774265218648,400.0
7137,1786799458,881223481,1786799458.881223,6328.95196004709,400.0
7138,1786799458,932979918,1786799458.932980,6313.3869999510935,400.0
7139,1786799458,980938863,1786799458.980939,6330.425476080157,400.0
7140,1786799459,32186390,1786799459.032187,6308.195881547688,400.0
7141,1786799459,80318080,1786799459.080318,6302.285483847444,400.0
7142,1786799459,132113553,1786799459.132113,6350.463904333803,400.0
7143,1786799459,180122713,1786799459.180123,6318.123203832598,400.0
7144,1786799459,232090516,1786799459.232090,6343.646974396464,400.0
7145,1786799459,280029244,1786799459.280029,6300.825362171427,400.0
7146,1786799459,331180553,1786799459.331181,6327.735370496768,400.0
7147,1786799459,382326649,1786799459.382327,6308.695005193598,400.0
7148,1786799459,430796292,1786799459.430796,6329.06477750027,400.0
7149,1786799459,482307667,1786799459.482308,6371.102902003096,400.0
7150,1786799459,530149464,1786799459.530149,6312.003751986788,400.0
7151,1786799459,581526700,1786799459.581527,6353.161625352378,400.0
7152,1786799459,629566569,1786799459.629567,6342.970234676408,400.0
7153,1786799459,681022303,1786799459.681022,6286.301728522258,400.0
7154,1786799459,732839871,1786799459.732840,6363.073637029491,400.0
7155,1786799459,780930936,1786799459.780931,6317.226347875965,400.0
7156,1786799459,832547165,1786799459.832547,6333.9724366412565,400.0
7157,1786799459,880877667,1786799459.880878,6339.744313034177,400.0
7158,1786799459,932208768,1786799459.932209,6332.719906793734,400.0
7159,1786799459,980598859,1786799459.980599,6273.348242859433,400.0
7160,1786799460,31969622,1786799460.031970,6320.059784802877,400.0
7161,1786799460,80193833,1786799460.080194,6315.498045976783,400.0
7162,1786799460,131513289,1786799460.131513,6287.22377015563,400.0
7163,1786799460,179424629,1786799460.179425,6286.103593640403,400.0
7164,1786799460,230453563,1786799460.230453,6257.90164006238,400.0
7165,1786799460,281938260,1786799460.281938,6284.735981259722,400.0
7166,1786799460,330168945,1786799460.330169,6307.449349235066,400.0
7167,1786799460,381926239,1786799460.381926,6280.578305727298,400.0
7168,1786799460,430428797,1786799460.430429,6285.237852961509,400.0
7169,1786799460,481702471,1786799460.481703,6296.440392894871,400.0
7170,1786799460,529700399,1786799460.529701,6284.975923495154,400.0
7171,1786799460,581698245,1786799460.581698,6300.181780627163,400.0
7172,1786799460,629458866,1786799460.629459,6265.381238770955,400.0
7173,1786799460,681031842,1786799460.681032,6313.848552527366,400.0
7174,1786799460,729284889,1786799460.729285,6284.265449670736,400.0
7175,1786799460,780685563,1786799460.780686,6323.483862352146,400.0
7176,1786799460,832022360,1786799460.832022,6265.790924224233,400.0
7177,1786799460,879693511,1786799460.879694,6292.884668238936,400.0
7178,1786799460,930585926,1786799460.930586,6288.415489036711,400.0
7179,1786799460,981910637,1786799460.981911,6299.452618039232,400.0
7180,1786799461,29788865,1786799461.029789,6306.750549372779,400.0
7181,1786799461,81696591,1786799461.081697,6287.621153600741,400.0
7182,1786799461,129571649,1786799461.129572,6308.672529978944,400.0
7183,1786799461,181325686,1786799461.181326,6362.78970519973,400.0
7184,1786799461,229576804,1786799461.229577,6307.062976198802,400.0
7185,1786799461,281453915,1786799461.281454,6278.688784238669,400.0
7186,1786799461,330404409,1786799461.330405,6322.118072660777,400.0
7187,1786799461,381525319,1786799461.381525,6294.017565144155,400.0
7188,1786799461,429477785,1786799461.429478,6330.236703900217,400.0
7189,1786799461,480519961,1786799461.480520,6349.029235964298,400.0
7190,1786799461,531794753,1786799461.531795,6332.920853049928,400.0
7191,1786799461,579724076,1786799461.579724,6322.700258980594,400.0
7192,1786799461,630881059,1786799461.630881,6307.773744748256,400.0
7193,1786799461,682657471,1786799461.682657,6322.836617548022,400.0
7194,1786799461,730556959,1786799461.730557,6295.543649313066,400.0
7195,1786799461,781755425,1786799461.781755,6308.683950108683,400.0
7196,1786799461,829229010,1786799461.829229,6337.039115340212,400.0
7197,1786799461,880699624,1786799461.880700,6335.965583306759,400.0
7198,1786799461,931744641,1786799461.931745,6300.053150610064,400.0
7199,1786799461,979555189,1786799461.979555,6299.497541258351,400.0
7200,1786799462,30644634,1786799462.030645,6356.867509839047,400.0
7201,1786799462,81848321,1786799462.081848,6328.63648253562,400.0
7202,1786799462,129618260,1786799462.129618,6282.885294667464,400.0
7203,1786799462,180913782,1786799462.180914,6332.163461015394,400.0
7204,1786799462,229121127,1786799462.229121,6324.162358135531,400.0
7205,1786799462,280600246,1786799462.280600,6308.172431862876,400.0
7206,1786799462,332140442,1786799462.332140,6291.244917995707,400.0
7207,1786799462,380391134,1786799462.380391,6329.016156373191,400.0
7208,1786799462,431541921,1786799462.431542,6307.099440850273,400.0
7209,1786799462,479606262,1786799462.479606,6285.696223230527,400.0
7210,1786799462,530838800,1786799462.530839,6315.548900432982,400.0
7211,1786799462,581991023,1786799462.581991,6320.906166202569,400.0
7212,1786799462,629732061,1786799462.629732,6326.202892620135,400.0
7213,1786799462,681262020,1786799462.681262,6298.800967769643,400.0
7214,1786799462,729097496,1786799462.729098,6333.832031396166,400.0
7215,1786799462,780143311,1786799462.780143,6279.335374465229,400.0
7216,1786799462,831459105,1786799462.831459,6296.774169357284,400.0
7217,1786799462,882400659,1786799462.882401,6309.503581378247,400.0
7218,1786799462,930305647,1786799462.930306,6324.955893125156,400.0
7219,1786799462,981429187,1786799462.981429,6293.64341740142,400.0
7220,1786799463,29169829,1786799463.029170,6333.612722039132,400.0
7221,1786799463,80816404,1786799463.080817,6313.438877591331,400.0
7222,1786799463,132151985,1786799463.132152,6316.8741647282695,400.0
7223,1786799463,179703005,1786799463.179703,6332.606364685019,400.0
7224,1786799463,230749409,1786799463.230749,6321.610751500112,400.0
7225,1786799463,281866762,1786799463.281867,6325.799617294431,400.0
7226,1786799463,329920154,1786799463.329920,6349.012443163235,400.0
7227,1786799463,381604301,1786799463.381604,6331.3160837877585,400.0
7228,1786799463,429387086,1786799463.429387,6304.449493067697,400.0
7229,1786799463,481229600,1786799463.481230,6350.22150182532,400.0
7230,1786799463,529485922,1786799463.529486,6344.670942450204,400.0
7231,1786799463,581277196,1786799463.581277,6317.6406291257545,400.0
7232,1786799463,632258845,1786799463.632259,6321.403344876718,400.0
7233,1786799463,680640137,1786799463.680640,6278.325325309663,400.0
7234,1786799463,732102095,1786799463.732102,6296.583603731392,400.0
7235,1786799463,780533519,1786799463.780534,6299.63728521732,400.0
7236,1786799463,829216924,1786799463.829217,6299.00550102284,400.0
7237,1786799463,880898826,1786799463.880899,6310.137730768571,400.0
7238,1786799463,929086010,1786799463.929086,6286.576724769656,400.0
7239,1786799463,980649155,1786799463.980649,6286.94848607662,400.0
7240,1786799464,32178606,1786799464.032179,6328.964489068376,400.0
7241,1786799464,80097744,1786799464.080098,6284.938204387152,400.0
7242,1786799464,131285089,1786799464.131285,6283.0966095921,400.0
7243,1786799464,179571034,1786799464.179571,6293.74267612987,400.0
7244,1786799464,230720358,1786799464.230720,6275.380755824855,400.0
7245,1786799464,282190601,1786799464.282191,6293.054775531241,400.0
7246,1786799464,330659088,1786799464.330659,6291.408474757252,400.0
7247,1786799464,381902292,1786799464.381902,6313.731979769004,400.0
7248,1786799464,429874022,1786799464.429874,6280.395275803759,400.0
7249,1786799464,481734343,1786799464.481734,6327.7901401903555,400.0
7250,1786799464,529863459,1786799464.529863,6313.085632209675,400.0
7251,1786799464,581552849,1786799464.581553,6314.61705293007,400.0
7252,1786799464,629999135,1786799464.629999,6298.5702307642505,400.0
7253,1786799464,681716763,1786799464.681717,6287.090566378515,400.0
7254,1786799464,729864867,1786799464.729865,6293.1017972252275,400.0
7255,1786799464,781008441,1786799464.781008,6288.278442055079,400.0
7256,1786799464,829311938,1786799464.829312,6318.727886922857,400.0
7257,1786799464,880896014,1786799464.880896,6314.000606023351,400.0
7258,1786799464,932295321,1786799464.932295,6305.162919624561,400.0
7259,1786799464,980296461,1786799464.980296,6323.537783417751,400.0
7260,1786799465,32126783,1786799465.032127,6321.595072314177,400.0
7261,1786799465,80098809,1786799465.080099,6299.14777194694,400.0
7262,1786799465,131321099,1786799465.131321,6314.982033305937,400.0
7263,1786799465,179381346,1786799465.179381,6283.478246144888,400.0
7264,1786799465,230668787,1786799465.230669,6312.364619275428,400.0
7265,1786799465,281847563,1786799465.281847,6304.508156996433,400.0
7266,1786799465,330318517,1786799465.330318,6298.72124495878,400.0
7267,1786799465,382147059,1786799465.382147,6301.63717977945,400.0
7268,1786799465,430180320,1786799465.430180,6339.619755469646,400.0
7269,1786799465,481790758,1786799465.481791,6295.479269495961,400.0
7270,1786799465,529784994,1786799465.529785,6290.688225216373,400.0
7271,1786799465,580740882,1786799465.580741,6302.963844912953,400.0
7272,1786799465,631897669,1786799465.631898,6276.85717202972,400.0
7273,1786799465,680141356,1786799465.680141,6348.333656463536,400.0
7274,1786799465,731498523,1786799465.731498,6286.958434671831,400.0
7275,1786799465,779988933,1786799465.779989,6299.506740953437,400.0
7276,1786799465,831551435,1786799465.831552,6288.84537698988,400.0
7277,1786799465,879474255,1786799465.879474,6288.711916152204,400.0
7278,1786799465,930730356,1786799465.930730,6300.727147837879,400.0
7279,1786799465,981782396,1786799465.981782,6302.773512580582,400.0
7280,1786799466,29345368,1786799466.029345,6346.764489477831,400.0
7281,1786799466,80575470,1786799466.080575,6325.312635211551,400.0
7282,1786799466,131665219,1786799466.131665,6316.379751542667,400.0
7283,1786799466,179990549,1786799466.179991,6338.885507711709,400.0
7284,1786799466,230965001,1786799466.230965,6286.714596989998,400.0
7285,1786799466,281953256,1786799466.281953,6331.897595767023,400.0
7286,1786799466,329588607,1786799466.329589,6338.118170694514,400.0
7287,1786799466,380926947,1786799466.380927,6320.586408623178,400.0
7288,1786799466,428884018,1786799466.428884,6314.371016145608,400.0
7289,1786799466,480306055,1786799466.480306,6325.2102846883545,400.0
7290,1786799466,531287527,1786799466.531287,6358.044625865571,400.0
7291,1786799466,579509138,1786799466.579509,6338.961882828077,400.0
7292,1786799466,631094729,1786799466.631095,6330.030820165025,400.0
7293,1786799466,680730187,1786799466.680730,6324.269927029138,400.0
7294,1786799466,728854438,1786799466.728854,6310.16275632825,400.0
7295,1786799466,780358653,1786799466.780359,6335.914406707136,400.0
7296,1786799466,828778179,1786799466.828778,6313.9323660282525,400.0
7297,1786799466,879803375,1786799466.879803,6310.3723061817045,400.0
7298,1786799466,930750524,1786799466.930751,6320.507294518093,400.0
7299,1786799466,982156314,1786799466.982156,6341.637557631159,400.0
7300,1786799467,30037004,1786799467.030037,6272.629242911872,400.0
7301,1786799467,81181149,1786799467.081181,6306.264212230448,400.0
7302,1786799467,128766829,1786799467.128767,6297.474007715959,400.0
7303,1786799467,180583313,1786799467.180583,6268.183453554036,400.0
7304,1786799467,231826486,1786799467.231827,6315.6233292445195,400.0
7305,1786799467,280167440,1786799467.280167,6338.779766970341,400.0
7306,1786799467,331814137,1786799467.331814,6294.012085903404,400.0
7307,1786799467,379545879,1786799467.379546,6295.098308140062,400.0
7308,1786799467,431243053,1786799467.431243,6306.143531662639,400.0
7309,1786799467,479118117,1786799467.479118,6287.001159733293,400.0
7310,1786799467,530553558,1786799467.530554,6291.182572849777,400.0
7311,1786799467,581899995,1786799467.581900,6345.534218302292,400.0
7312,1786799467,629717423,1786799467.629717,6293.729180052874,400.0
7313,1786799467,680947511,1786799467.680948,6252.285029415479,400.0
7314,1786799467,729026762,1786799467.729027,6300.791970153276,400.0
7315,1786799467,780569306,1786799467.780569,6336.813919772771,400.0
7316,1786799467,828993500,1786799467.828994,6278.737244748288,400.0
7317,1786799467,881117144,1786799467.881117,6305.440749310965,400.0
7318,1786799467,928638851,1786799467.928639,6320.922338133058,400.0
7319,1786799467,979927222,1786799467.979927,6262.401179322235,400.0
7320,1786799468,31330802,1786799468.031331,6314.887014392558,400.0
7321,1786799468,79071015,1786799468.079071,6294.005039422414,400.0
7322,1786799468,130081221,1786799468.130081,6304.543201441213,400.0
7323,1786799468,181315908,1786799468.181316,6281.884476809956,400.0
7324,1786799468,229314501,1786799468.229315,6309.286435202016,400.0
7325,1786799468,280698297,1786799468.280698,6286.562099898922,400.0
7326,1786799468,328797756,1786799468.328798,6352.373689772895,400.0
7327,1786799468,380639727,1786799468.380640,6325.138051362025,400.0
7328,1786799468,428696819,1786799468.428697,6290.264272578382,400.0
7329,1786799468,479861670,1786799468.479862,6352.363446125963,400.0
7330,1786799468,530913037,1786799468.530913,6341.691230231518,400.0
7331,1786799468,578469747,1786799468.578470,6323.927558432841,400.0
7332,1786799468,629592446,1786799468.629592,6313.7317095639655,400.0
7333,1786799468,680919187,1786799468.680919,6335.3958825335785,400.0
7334,1786799468,728979040,1786799468.728979,6313.2820526487485,400.0
7335,1786799468,780384255,1786799468.780384,6357.898847298783,400.0
7336,1786799468,828540920,1786799468.828541,6282.424825056158,400.0
7337,1786799468,880066709,1786799468.880067,6322.965087707585,400.0
7338,1786799468,931194544,1786799468.931195,6300.180494757138,400.0
7339,1786799468,978905549,1786799468.978905,6309.269359718372,400.0
7340,1786799469,30347102,1786799469.030347,6338.639279472464,400.0
7341,1786799469,81319333,1786799469.081319,6327.331404458515,400.0
7342,1786799469,128997012,1786799469.128997,6322.717331894434,400.0
7343,1786799469,180502000,1786799469.180502,6318.847104749388,400.0
7344,1786799469,228802926,1786799469.228803,6345.088012432068,400.0
7345,1786799469,280060316,1786799469.280060,6332.186773386506,400.0
7346,1786799469,331582920,1786799469.331583,6319.257793914542,400.0
7347,1786799469,379620504,1786799469.379621,6357.693077696328,400.0
7348,1786799469,431153281,1786799469.431153,6296.200518646496,400.0
7349,1786799469,478936987,1786799469.478937,6339.385531010067,400.0
7350,1786799469,529985726,1786799469.529986,6352.391030335528,400.0
7351,1786799469,580873693,1786799469.580874,6322.833428449289,400.0
7352,1786799469,628830183,1786799469.628830,6335.598765977646,400.0
7353,1786799469,680381015,1786799469.680381,6320.605819180362,400.0
7354,1786799469,731586173,1786799469.731586,6291.284524558401,400.0
7355,1786799469,779336426,1786799469.779336,6307.1732321639,400.0
7356,1786799469,830384511,1786799469.830384,6265.674766695433,400.0
7357,1786799469,878617417,1786799469.878618,6301.725985390196,400.0
7358,1786799469,929585167,1786799469.929585,6299.22520670726,400.0
7359,1786799469,980789479,1786799469.980789,6285.818400939537,400.0
7360,1786799470,28502045,1786799470.028502,6282.273621153607,400.0
7361,1786799470,79641107,1786799470.079641,6311.072632590804,400.0
7362,1786799470,130807840,1786799470.130808,6277.667340792719,400.0
7363,1786799470,178598083,1786799470.178598,6289.456095606848,400.0
7364,1786799470,229738100,1786799470.229738,6308.424916157519,400.0
7365,1786799470,281390618,1786799470.281391,6293.043631688839,400.0
7366,1786799470,329647883,1786799470.329648,6253.765808183014,400.0
7367,1786799470,380792965,1786799470.380793,6309.814124148707,400.0
7368,1786799470,428659725,1786799470.428660,6322.698549320723,400.0
7369,1786799470,479979197,1786799470.479979,6297.667012153075,400.0
7370,1786799470,531436264,1786799470.531436,6260.231305324026,400.0
7371,1786799470,579568530,1786799470.579569,6307.348900014736,400.0
7372,1786799470,631125777,1786799470.631126,6280.753948909465,400.0
7373,1786799470,678973824,1786799470.678974,6274.1807741261955,400.0
7374,1786799470,730540237,1786799470.730540,6274.458019371844,400.0
7375,1786799470,778231735,1786799470.778232,6296.006672391759,400.0
7376,1786799470,829743969,1786799470.829744,6293.102212694859,400.0
7377,1786799470,881130380,1786799470.881130,6321.127218675126,400.0
7378,1786799470,928730426,1786799470.928730,6287.745305179102,400.0
7379,1786799470,979805350,1786799470.979805,6304.337012428677,400.0
7380,1786799471,31052858,1786799471.031053,6289.703187857458,400.0
7381,1786799471,79087268,1786799471.079087,6315.569569036381,400.0
7382,1786799471,130132136,1786799471.130132,6300.766298847099,400.0
7383,1786799471,181475692,1786799471.181476,6311.494683142606,400.0
7384,1786799471,229229541,1786799471.229229,6339.674984831236,400.0
7385,1786799471,280401448,1786799471.280401,6315.233500796593,400.0
7386,1786799471,328378034,1786799471.328378,6302.992552519465,400.0
7387,1786799471,379634271,1786799471.379634,6344.124494649222,400.0
7388,1786799471,431254035,1786799471.431254,6278.440452052785,400.0
7389,1786799471,479683291,1786799471.479683,6310.09166387224,400.0
7390,1786799471,530771118,1786799471.530771,6309.827205967424,400.0
7391,1786799471,578660304,1786799471.578660,6341.661541822063,400.0
7392,1786799471,629646511,1786799471.629647,6334.9891352475115,400.0
7393,1786799471,680668700,1786799471.680669,6350.851349208045,400.0
7394,1786799471,728340068,1786799471.728340,6345.620476337205,400.0
7395,1786799471,780001193,1786799471.780001,6307.778286317202,400.0
7396,1786799471,828413383,1786799471.828413,6350.287001116032,400.0
7397,1786799471,880068990,1786799471.880069,6332.3566058691285,400.0
7398,1786799471,928163401,1786799471.928163,6317.155220461053,400.0
7399,1786799471,979307759,1786799471.979308,6308.329773432188,400.0
7400,1786799472,30261083,1786799472.030261,6332.431430965633,400.0
7401,1786799472,81336238,1786799472.081336,6310.100390812982,400.0
7402,1786799472,129192661,1786799472.129193,6338.547877656693,400.0
7403,1786799472,180831057,1786799472.180831,6334.730905265827,400.0
7404,1786799472,228385237,1786799472.228385,6315.182572061156,400.0
7405,1786799472,279921112,1786799472.279921,6302.319229358383,400.0
7406,1786799472,331298958,1786799472.331299,6333.800196138091,400.0
7407,1786799472,379086701,1786799472.379087,6351.452552667757,400.0
7408,1786799472,430249617,1786799472.430250,6307.244555900378,400.0
7409,1786799472,481560586,1786799472.481560,6332.178469320308,400.0
7410,1786799472,529452865,1786799472.529453,6295.597721154994,400.0
7411,1786799472,580909971,1786799472.580910,6334.473471853836,400.0
7412,1786799472,629563656,1786799472.629564,6314.775636381715,400.0
7413,1786799472,679659925,1786799472.679660,6339.689742231033,400.0
7414,1786799472,731031409,1786799472.731031,6327.401489113157,400.0
7415,1786799472,778940450,1786799472.778940,6289.049756824789,400.0
7416,1786799472,830246671,1786799472.830247,6324.047070175386,400.0
7417,1786799472,878338298,1786799472.878338,6347.971064773049,400.0
7418,1786799472,929560436,1786799472.929560,6319.940943112419,400.0
7419,1786799472,980951164,1786799472.980951,6292.618700743493,400.0
7420,1786799473,28704171,1786799473.028704,6273.431801127551,400.0
7421,1786799473,80224464,1786799473.080225,6308.102731325574,400.0
7422,1786799473,128395268,1786799473.128395,6292.961738610511,400.0
7423,1786799473,179617455,1786799473.179617,6277.032813270476,400.0
7424,1786799473,230600648,1786799473.230601,6276.070032700476,400.0
7425,1786799473,278655729,1786799473.278656,6308.145242336218,400.0
7426,1786799473,329703336,1786799473.329703,6277.988743914408,400.0
7427,1786799473,381081025,1786799473.381081,6292.298147762464,400.0
7428,1786799473,429182857,1786799473.429183,6322.621481645097,400.0
7429,1786799473,480939095,1786799473.480939,6286.680052367589,400.0
7430,1786799473,528893506,1786799473.528893,6280.57507128717,400.0
7431,1786799473,580437318,1786799473.580437,6312.891346282806,400.0
7432,1786799473,628081607,1786799473.628082,6305.840909423358,400.0
7433,1786799473,679308830,1786799473.679309,6339.729683646013,400.0
7434,1786799473,730710306,1786799473.730710,6296.45519444235,400.0
7435,1786799473,778784211,1786799473.778784,6286.853282300786,400.0
7436,1786799473,830058103,1786799473.830058,6307.504881613339,400.0
7437,1786799473,881161061,1786799473.881161,6312.772784529712,400.0
7438,1786799473,928896432,1786799473.928896,6316.950488794508,400.0
7439,1786799473,980148947,1786799473.980149,6299.421326384133,400.0
7440,1786799474,29727248,1786799474.029727,6343.258000674444,400.0
7441,1786799474,80837254,1786799474.080837,6311.526689812015,400.0
7442,1786799474,128640137,1786799474.128640,6318.518874694506,400.0
7443,1786799474,179937620,1786799474.179938,6307.308577938367,400.0
7444,1786799474,231255652,1786799474.231256,6302.656490832911,400.0
7445,1786799474,278498556,1786799474.278499,6267.290238159596,400.0
7446,1786799474,329487063,1786799474.329487,6297.351247015557,400.0
7447,1786799474,380601944,1786799474.380602,6306.26393143742,400.0
7448,1786799474,428362928,1786799474.428363,6283.611784544642,400.0
7449,1786799474,479675483,1786799474.479676,6290.08404029664,400.0
7450,1786799474,530967825,1786799474.530968,6268.04943723173,400.0
7451,1786799474,578924210,1786799474.578924,6296.789359724803,400.0
7452,1786799474,630184042,1786799474.630184,6318.298106292129,400.0
7453,1786799474,678496047,1786799474.678496,6339.128495274139,400.0
7454,1786799474,729923696,1786799474.729924,6311.49170882799,400.0
7455,1786799474,778026983,1786799474.778027,6330.079782371989,400.0
7456,1786799474,829794414,1786799474.829794,6287.395984359424,400.0
7457,1786799474,881035483,1786799474.881036,6325.5658342334455,400.0
7458,1786799474,928745210,1786799474.928745,6320.226292112931,400.0
7459,1786799474,980090775,1786799474.980091,6334.913243979708,400.0
7460,1786799475,28256118,1786799475.028256,6313.10998736682,400.0
7461,1786799475,79970213,1786799475.079970,6327.296622476032,400.0
7462,1786799475,128072849,1786799475.128073,6292.971276642806,400.0
7463,1786799475,179043861,1786799475.179044,6349.235381632563,400.0
7464,1786799475,230314105,1786799475.230314,6321.879309271693,400.0
7465,1786799475,278548814,1786799475.278549,6338.621666388749,400.0
7466,1786799475,329751307,1786799475.329751,6350.664551189523,400.0
7467,1786799475,377851854,1786799475.377852,6315.161470718839,400.0
7468,1786799475,429388241,1786799475.429388,6360.006963128429,400.0
7469,1786799475,480792151,1786799475.480792,6345.488219370979,400.0
7470,1786799475,528648014,1786799475.528648,6343.771182756085,400.0
7471,1786799475,579735545,1786799475.579736,6328.813478549583,400.0
7472,1786799475,627854893,1786799475.627855,6342.478769266705,400.0
7473,1786799475,679316098,1786799475.679316,6301.355755201903,400.0
7474,1786799475,730867245,1786799475.730867,6323.687395339966,400.0
7475,1786799475,779330304,1786799475.779330,6308.650687812701,400.0
7476,1786799475,830689117,1786799475.830689,6300.078067761521,400.0
7477,1786799475,878652481,1786799475.878653,6284.507934357955,400.0
7478,1786799475,930092724,1786799475.930093,6298.587245417165,400.0
7479,1786799475,978021207,1786799475.978021,6311.758135444141,400.0
7480,1786799476,29153289,1786799476.029153,6312.796131448111,400.0
7481,1786799476,80176299,1786799476.080176,6314.966321083244,400.0
7482,1786799476,127847194,1786799476.127847,6316.468563219337,400.0
7483,1786799476,179382501,1786799476.179383,6308.647377832928,400.0
7484,1786799476,230529353,1786799476.230529,6284.751190114982,400.0
7485,1786799476,278750281,1786799476.278750,6281.163425306532,400.0
7486,1786799476,330366422,1786799476.330366,6298.575567815506,400.0
7487,1786799476,377976811,1786799476.377977,6294.221392417242,400.0
7488,1786799476,429465491,1786799476.429466,6319.098663929073,400.0
7489,1786799476,480900713,1786799476.480901,6293.768126276249,400.0
7490,1786799476,528896136,1786799476.528896,6318.388334253417,400.0
7491,1786799476,580351029,1786799476.580351,6261.906155587886,400.0
7492,1786799476,628489731,1786799476.628490,6296.104680803077,400.0
7493,1786799476,680441427,1786799476.680441,6344.544974708714,400.0
7494,1786799476,728307130,1786799476.728307,6361.717978512667,400.0
7495,1786799476,779931715,1786799476.779932,6309.700705201167,400.0
7496,1786799476,828202652,1786799476.828203,6320.011899236401,400.0
7497,1786799476,880354744,1786799476.880355,6304.150740558295,400.0
7498,1786799476,928345382,1786799476.928345,6266.931574597228,400.0
7499,1786799476,980261157,1786799476.980261,6322.988958100011,400.0
7500,1786799477,28311167,1786799477.028311,6326.796299709842,400.0
7501,1786799477,79759448,1786799477.079759,6293.296901885285,400.0
7502,1786799477,130823019,1786799477.130823,6329.843724717568,400.0
7503,1786799477,178387695,1786799477.178388,6272.433061119731,400.0
7504,1786799477,229534698,1786799477.229535,6297.626088927765,400.0
7505,1786799477,280809013,1786799477.280809,6306.003050377116,400.0
7506,1786799477,329252650,1786799477.329253,6290.278546752258,400.0
7507,1786799477,380681163,1786799477.380681,6325.011975219303,400.0
7508,1786799477,428574926,1786799477.428575,6291.602104387771,400.0
7509,1786799477,480158770,1786799477.480159,6309.321647893144,400.0
7510,1786799477,528260797,1786799477.528261,6283.038360055856,400.0
7511,1786799477,579458742,1786799477.579459,6277.667576066774,400.0
7512,1786799477,630782542,1786799477.630783,6296.112414991254,400.0
7513,1786799477,678851793,1786799477.678852,6293.891898809793,400.0
7514,1786799477,729895017,1786799477.729895,6274.70264227931,400.0
7515,1786799477,778510113,1786799477.778510,6311.363147298094,400.0
7516,1786799477,830306684,1786799477.830307,6304.896286113865,400.0
7517,1786799477,878737369,1786799477.878737,6319.853713366645,400.0
7518,1786799477,929939359,1786799477.929939,6283.4262781309,400.0
7519,1786799477,978012972,1786799477.978013,6310.837430848517,400.0
7520,1786799478,29136112,1786799478.029136,6282.260135366394,400.0
7521,1786799478,80785458,1786799478.080786,6277.477681864135,400.0
7522,1786799478,128580743,1786799478.128581,6273.501248692015,400.0
7523,1786799478,180053212,1786799478.180053,6291.285153192911,400.0
7524,1786799478,228090676,1786799478.228091,6300.648820109775,400.0
7525,1786799478,279500888,1786799478.279501,6253.055414169568,400.0
7526,1786799478,330412478,1786799478.330412,6317.036082340656,400.0
7527,1786799478,378251429,1786799478.378251,6286.975559409621,400.0
7528,1786799478,429314896,1786799478.429315,6269.484501039231,400.0
7529,1786799478,480705941,1786799478.480706,6306.124561416344,400.0
7530,1786799478,528576662,1786799478.528577,6327.334042348013,400.0
7531,1786799478,579922164,1786799478.579922,6305.481967080675,400.0
7532,1786799478,627731259,1786799478.627731,6283.660049340212,400.0
7533,1786799478,679393102,1786799478.679393,6349.152508840775,400.0
7534,1786799478,727632265,1786799478.727632,6281.065290677297,400.0
7535,1786799478,779135174,1786799478.779135,6277.376232187355,400.0
7536,1786799478,830677918,1786799478.830678,6326.225221421042,400.0
7537,1786799478,878782446,1786799478.878783,6312.8944542316995,400.0
7538,1786799478,930451489,1786799478.930451,6319.990419325984,400.0
7539,1786799478,978403175,1786799478.978403,6300.010193047736,400.0
7540,1786799479,29724542,1786799479.029725,6294.184771821741,400.0
7541,1786799479,77805454,1786799479.077806,6296.284857694054,400.0
7542,1786799479,129085595,1786799479.129086,6346.198667887586,400.0
7543,1786799479,180552427,1786799479.180552,6316.460276729718,400.0
7544,1786799479,228637382,1786799479.228637,6330.383646871821,400.0
7545,1786799479,280073741,1786799479.280074,6340.984679508619,400.0
7546,1786799479,327750571,1786799479.327751,6328.381275898817,400.0
7547,1786799479,379150454,1786799479.379150,6296.731192097506,400.0
7548,1786799479,430616089,1786799479.430616,6321.808872733992,400.0
7549,1786799479,478875760,1786799479.478876,6312.500401914934,400.0
7550,1786799479,530387352,1786799479.530387,6337.560155564911,400.0
7551,1786799479,578574232,1786799479.578574,6277.680474380792,400.0
7552,1786799479,629853830,1786799479.629854,6302.046276394504,400.0
7553,1786799479,678039358,1786799479.678039,6311.432921931727,400.0
7554,1786799479,729887161,1786799479.729887,6291.422255613757,400.0
7555,1786799479,777862549,1786799479.777863,6299.890072885135,400.0
7556,1786799479,829555399,1786799479.829556,6315.440153682046,400.0
7557,1786799479,877372700,1786799479.877373,6305.496638265011,400.0
7558,1786799479,928978517,1786799479.928978,6348.905917316834,400.0
7559,1786799479,980570823,1786799479.980571,6262.555712717667,400.0
7560,1786799480,28274842,1786799480.028275,6285.979456637093,400.0
7561,1786799480,79802126,1786799480.079802,6299.852320736463,400.0
7562,1786799480,127736174,1786799480.127736,6310.949607613822,400.0
7563,1786799480,179632399,1786799480.179632,6297.7101306331015,400.0
7564,1786799480,227661495,1786799480.227662,6291.110751972315,400.0
7565,1786799480,279031014,1786799480.279031,6316.424835881115,400.0
7566,1786799480,327354020,1786799480.327354,6280.267372726731,400.0
7567,1786799480,379036092,1786799480.379036,6309.272175544269,400.0
7568,1786799480,430247036,1786799480.430247,6260.823562478331,400.0
7569,1786799480,478181789,1786799480.478182,6272.401995679294,400.0
7570,1786799480,529228074,1786799480.529228,6269.932965986689,400.0
7571,1786799480,580606362,1786799480.580606,6296.415456954219,400.0
7572,1786799480,628374457,1786799480.628374,6299.8893338952685,400.0
7573,1786799480,679516748,1786799480.679517,6298.490089303754,400.0
7574,1786799480,727446966,1786799480.727447,6300.301541665225,400.0
7575,1786799480,778965031,1786799480.778965,6306.006532564282,400.0
7576,1786799480,830176778,1786799480.830177,6298.98564723129,400.0
7577,1786799480,877941407,1786799480.877941,6309.916201899254,400.0
7578,1786799480,929669306,1786799480.929669,6307.5968825954615,400.0
7579,1786799480,977765367,1786799480.977765,6299.545079052176,400.0
7580,1786799481,28886408,1786799481.028886,6323.403369453403,400.0
7581,1786799481,80371384,1786799481.080371,6279.991476372153,400.0
7582,1786799481,128566116,1786799481.128566,6271.453800695799,400.0
7583,1786799481,179796876,1786799481.179797,6347.476496775098,400.0
7584,1786799481,228081195,1786799481.228081,6284.22307360541,400.0
7585,1786799481,279749357,1786799481.279749,6320.177365865772,400.0
7586,1786799481,327910873,1786799481.327911,6257.024489670328,400.0
7587,1786799481,379062163,1786799481.379062,6316.19779626458,400.0
7588,1786799481,430652561,1786799481.430653,6302.952375562697,400.0
7589,1786799481,478917983,1786799481.478918,6299.84387746363,400.0
7590,1786799481,530229969,1786799481.530230,6317.001839014281,400.0
7591,1786799481,578155444,1786799481.578156,6320.959894332402,400.0
7592,1786799481,629943912,1786799481.629944,6294.268055342938,400.0
7593,1786799481,678372954,1786799481.678373,6302.887771733129,400.0
7594,1786799481,730149211,1786799481.730149,6341.766121279771,400.0
7595,1786799481,778321626,1786799481.778322,6288.40640998576,400.0
7596,1786799481,829841218,1786799481.829841,6301.082128655007,400.0
7597,1786799481,877899925,1786799481.877900,6329.079070989537,400.0
7598,1786799481,929316708,1786799481.929317,6322.7127442933015,400.0
7599,1786799481,977170014,1786799481.977170,6316.384291937278,400.0
7600,1786799482,29058492,1786799482.029058,6313.876033239694,400.0
7601,1786799482,77297775,1786799482.077298,6304.517137230187,400.0
7602,1786799482,128350568,1786799482.128350,6338.377975989238,400.0
7603,1786799482,179775141,1786799482.179775,6293.5575984222905,400.0
7604,1786799482,227433464,1786799482.227433,6343.564720565651,400.0
7605,1786799482,278610888,1786799482.278611,6283.706842711473,400.0
7606,1786799482,329509008,1786799482.329509,6329.466343652987,400.0
7607,1786799482,377703838,1786799482.377704,6283.229517106585,400.0
7608,1786799482,428793058,1786799482.428793,6312.634992182033,400.0
7609,1786799482,480044517,1786799482.480045,6322.280792657362,400.0
7610,1786799482,527907543,1786799482.527908,6290.661724032771,400.0
7611,1786799482,578990940,1786799482.578991,6321.257471945855,400.0
7612,1786799482,627012077,1786799482.627012,6341.85292177754,400.0
7613,1786799482,678808138,1786799482.678808,6336.548175998475,400.0
7614,1786799482,730118414,1786799482.730119,6272.8077802324115,400.0
7615,1786799482,778053147,1786799482.778053,6314.352312015896,400.0
7616,1786799482,829131867,1786799482.829132,6272.281097415949,400.0
7617,1786799482,877241812,1786799482.877242,6260.977593108917,400.0
7618,1786799482,928735300,1786799482.928735,6303.521857043261,400.0
7619,1786799482,979957916,1786799482.979958,6306.260706764363,400.0
7620,1786799483,27856385,1786799483.027856,6277.462298770265,400.0
7621,1786799483,79353771,1786799483.079354,6267.719362576692,400.0
7622,1786799483,127610018,1786799483.127610,6288.457689420452,400.0
7623,1786799483,178725158,1786799483.178725,6278.022919203622,400.0
7624,1786799483,230045293,1786799483.230045,6308.699649019234,400.0
7625,1786799483,278166927,1786799483.278167,6307.81441558898,400.0
7626,1786799483,330107600,1786799483.330108,6281.074053979302,400.0
7627,1786799483,377953905,1786799483.377954,6295.762445545651,400.0
7628,1786799483,429408899,1786799483.429409,6280.061009638788,400.0
7629,1786799483,476948734,1786799483.476949,6278.323624362933,400.0
7630,1786799483,528184523,1786799483.528184,6271.76208998938,400.0
7631,1786799483,579607588,1786799483.579607,6289.605544490221,400.0
7632,1786799483,629697337,1786799483.629697,6300.753142997335,400.0
7633,1786799483,677827542,1786799483.677828,6257.054641361198,400.0
7634,1786799483,729254812,1786799483.729255,6292.555944360238,400.0
7635,1786799483,777695662,1786799483.777696,6265.321300407715,400.0
7636,1786799483,828833110,1786799483.828833,6280.3871157131525,400.0
7637,1786799483,880308120,1786799483.880308,6323.942126297257,400.0
7638,1786799483,928420496,1786799483.928421,6296.015493505626,400.0
7639,1786799483,979855473,1786799483.979856,6311.338953373402,400.0
7640,1786799484,27872983,1786799484.027873,6337.946552057201,400.0
7641,1786799484,78757513,1786799484.078758,6295.375961939198,400.0
7642,1786799484,130099783,1786799484.130100,6296.998649401759,400.0
7643,1786799484,177613402,1786799484.177613,6277.802630226629,400.0
7644,1786799484,228783011,1786799484.228783,6330.3733431429155,400.0
7645,1786799484,280233888,1786799484.280234,6315.615840169108,400.0
7646,1786799484,328371080,1786799484.328371,6334.134255888009,400.0
7647,1786799484,379653548,1786799484.379653,6287.804113749475,400.0
7648,1786799484,427487659,1786799484.427488,6331.533299640439,400.0
7649,1786799484,478728609,1786799484.478729,6312.061259236352,400.0
7650,1786799484,527019227,1786799484.527019,6305.959151648656,400.0
7651,1786799484,578374408,1786799484.578374,6296.786554137681,400.0
7652,1786799484,629766320,1786799484.629766,6304.180254427267,400.0
7653,1786799484,677244321,1786799484.677244,6311.0866934592295,400.0
7654,1786799484,728612533,1786799484.728612,6336.545381948958,400.0
7655,1786799484,780109336,1786799484.780109,6332.785470127792,400.0
7656,1786799484,827691176,1786799484.827691,6330.45998852246,400.0
7657,1786799484,879627354,1786799484.879627,6351.728667481696,400.0
7658,1786799484,927779577,1786799484.927780,6335.081265365322,400.0
7659,1786799484,979382078,1786799484.979382,6343.732071134284,400.0
7660,1786799485,27704424,1786799485.027704,6303.882927977367,400.0
7661,1786799485,78713425,1786799485.078713,6283.808868051818,400.0
7662,1786799485,129904227,1786799485.129904,6271.693155071652,400.0
7663,1786799485,178383381,1786799485.178383,6278.276239241164,400.0
7664,1786799485,229664830,1786799485.229665,6320.391379956056,400.0
7665,1786799485,277911792,1786799485.277912,6298.902468092195,400.0
7666,1786799485,329678998,1786799485.329679,6323.803781615751,400.0
7667,1786799485,377890035,1786799485.377890,6320.068318132206,400.0
7668,1786799485,429451108,1786799485.429451,6283.662295008728,400.0
7669,1786799485,477292179,1786799485.477292,6294.986196068177,400.0
7670,1786799485,528482147,1786799485.528482,6321.6316249049005,400.0
7671,1786799485,579941283,1786799485.579941,6328.431729662543,400.0
7672,1786799485,627571386,1786799485.627571,6320.629456517203,400.0
7673,1786799485,678512229,1786799485.678512,6303.455686293333,400.0
7674,1786799485,726814179,1786799485.726814,6296.341877252041,400.0
7675,1786799485,778442085,1786799485.778442,6321.67681691258,400.0
7676,1786799485,829976773,1786799485.829977,6335.263617036422,400.0
7677,1786799485,878709581,1786799485.878710,6314.894911318647,400.0
7678,1786799485,929661951,1786799485.929662,6288.706748280832,400.0
7679,1786799485,977962030,1786799485.977962,6322.705803208714,400.0
7680,1786799486,29174369,1786799486.029174,6275.025968916273,400.0
7681,1786799486,77244956,1786799486.077245,6296.027563637179,400.0
7682,1786799486,128499606,1786799486.128500,6268.726153239308,400.0
7683,1786799486,179592479,1786799486.179592,6269.544253732257,400.0
7684,1786799486,227258748,1786799486.227259,6290.154860300098,400.0
7685,1786799486,278866860,1786799486.278867,6297.336380522715,400.0
7686,1786799486,327391219,1786799486.327391,6290.395186937843,400.0
7687,1786799486,378586551,1786799486.378587,6322.215232588172,400.0
7688,1786799486,429832431,1786799486.429832,6277.967660300428,400.0
7689,1786799486,478016019,1786799486.478016,6288.642420988301,400.0
7690,1786799486,529541726,1786799486.529542,6268.877964728522,400.0
7691,1786799486,577467754,1786799486.577468,6293.203792721747,400.0
7692,1786799486,628702698,1786799486.628703,6328.10656272095,400.0
7693,1786799486,679791089,1786799486.679791,6252.912504426737,400.0
7694,1786799486,727567515,1786799486.727567,6267.83537030436,400.0
7695,1786799486,779098606,1786799486.779099,6295.922215864298,400.0
7696,1786799486,827183182,1786799486.827183,6326.263049872167,400.0
7697,1786799486,879053743,1786799486.879054,6302.744410992856,400.0
7698,1786799486,926819955,1786799486.926820,6317.186757882221,400.0
7699,1786799486,978087758,1786799486.978088,6256.726442270324,400.0
7700,1786799487,29153583,1786799487.029154,6310.448011627933,400.0
7701,1786799487,76924862,1786799487.076925,6292.4118716669145,400.0
7702,1786799487,127846060,1786799487.127846,6297.949895093477,400.0
7703,1786799487,179267047,1786799487.179267,6298.111801693579,400.0
7704,1786799487,227308693,1786799487.227309,6307.520132656434,400.0
7705,1786799487,278671132,1786799487.278671,6300.99546639593,400.0
7706,1786799487,329841274,1786799487.329841,6312.801458414108,400.0
7707,1786799487,377726952,1786799487.377727,6320.792248615949,400.0
7708,1786799487,429067479,1786799487.429067,6321.327295775634,400.0
7709,1786799487,477869042,1786799487.477869,6327.470665935009,400.0
7710,1786799487,528332993,1786799487.528333,6290.831385702132,400.0
7711,1786799487,579812858,1786799487.579813,6279.457541878901,400.0
7712,1786799487,627524615,1786799487.627525,6291.126431656376,400.0
7713,1786799487,679173025,1786799487.679173,6334.54540977737,400.0
7714,1786799487,727038000,1786799487.727038,6281.8351222825195,400.0
7715,1786799487,779204403,1786799487.779204,6270.570378782389,400.0
7716,1786799487,827457116,1786799487.827457,6270.590216854528,400.0
7717,1786799487,878616713,1786799487.878617,6310.95559613376,400.0
7718,1786799487,926714063,1786799487.926714,6274.0974978845,400.0
7719,1786799487,978160086,1786799487.978160,6294.8052517196675,400.0
7720,1786799488,29484445,1786799488.029485,6266.381272289776,400.0
7721,1786799488,77653460,1786799488.077653,6286.078089859868,400.0
7722,1786799488,128880276,1786799488.128880,6290.106376209959,400.0
7723,1786799488,176890505,1786799488.176891,6297.462604888234,400.0
7724,1786799488,228391199,1786799488.228391,6295.733342752408,400.0
7725,1786799488,279493257,1786799488.279493,6336.87090122151,400.0
7726,1786799488,327563367,1786799488.327563,6322.124133448282,400.0
7727,1786799488,378655909,1786799488.378656,6339.22920225093,400.0
7728,1786799488,429684953,1786799488.429685,6330.0172525117905,400.0
7729,1786799488,477360765,1786799488.477361,6319.670711747715,400.0
7730,1786799488,528601427,1786799488.528601,6318.997381290672,400.0
7731,1786799488,576743953,1786799488.576744,6350.767992255108,400.0
7732,1786799488,628281190,1786799488.628281,6299.715322871834,400.0
7733,1786799488,676906023,1786799488.676906,6337.367838905589,400.0
7734,1786799488,728292157,1786799488.728292,6344.145045356284,400.0
7735,1786799488,776712109,1786799488.776712,6315.107521210999,400.0
7736,1786799488,828174543,1786799488.828175,6334.660786951471,400.0
7737,1786799488,876723670,1786799488.876724,6295.36717922917,400.0
7738,1786799488,928021335,1786799488.928021,6307.650728467345,400.0
7739,1786799488,979649224,1786799488.979649,6319.364156169407,400.0
7740,1786799489,27295601,1786799489.027296,6308.862145532588,400.0
7741,1786799489,78665100,1786799489.078665,6362.734483549494,400.0
7742,1786799489,126505567,1786799489.126506,6309.695988135523,400.0
7743,1786799489,177637258,1786799489.177637,6318.415681169864,400.0
7744,1786799489,228701489,1786799489.228702,6324.916776544455,400.0
7745,1786799489,276875018,1786799489.276875,6335.25748723676,400.0
7746,1786799489,328316694,1786799489.328317,6318.128066463325,400.0
7747,1786799489,379738670,1786799489.379739,6307.006487705621,400.0
7748,1786799489,428054111,1786799489.428054,6347.802578137601,400.0
7749,1786799489,479381557,1786799489.479382,6342.3638348325585,400.0
7750,1786799489,527379748,1786799489.527380,6322.915589394889,400.0
7751,1786799489,578835945,1786799489.578836,6325.701835234854,400.0
7752,1786799489,626547321,1786799489.626547,6317.708052178461,400.0
7753,1786799489,677833937,1786799489.677834,6292.101127094919,400.0
7754,1786799489,729363546,1786799489.729363,6322.4175010202725,400.0
7755,1786799489,782244125,1786799489.782244,6347.092348675216,400.0
7756,1786799489,831935859,1786799489.831936,6291.502268533976,400.0
7757,1786799489,880415508,1786799489.880415,6294.846854450712,400.0
7758,1786799489,931068352,1786799489.931068,6327.158107403386,400.0
7759,1786799489,982757458,1786799489.982758,6300.052088535827,400.0
7760,1786799490,29819043,1786799490.029819,6324.775585431839,400.0
7761,1786799490,81725458,1786799490.081725,6307.741014233227,400.0
7762,1786799490,132931975,1786799490.132932,6317.762105910377,400.0
7763,1786799490,181723570,1786799490.181724,6288.76880784195,400.0
7764,1786799490,232452830,1786799490.232453,6299.142931505872,400.0
7765,1786799490,281115550,1786799490.281116,6308.0212510287865,400.0
7766,1786799490,332067034,1786799490.332067,6272.78838053941,400.0
7767,1786799490,381019878,1786799490.381020,6298.158813476484,400.0
7768,1786799490,431383666,1786799490.431384,6324.131139257072,400.0
7769,1786799490,483245503,1786799490.483246,6288.024981536699,400.0
7770,1786799490,530904797,1786799490.530905,6317.554955412972,400.0
7771,1786799490,582849976,1786799490.582850,6264.823730405777,400.0
7772,1786799490,630455396,1786799490.630455,6317.674093276118,400.0
7773,1786799490,682480158,1786799490.682480,6282.359119501591,400.0
7774,1786799490,730122637,1786799490.730123,6286.039253262214,400.0
7775,1786799490,782165968,1786799490.782166,6291.205062127862,400.0
7776,1786799490,829651778,1786799490.829652,6278.596366094018,400.0
7777,1786799490,881562381,1786799490.881562,6301.958344845459,400.0
7778,1786799490,932843102,1786799490.932843,6276.329700753391,400.0
7779,1786799490,981497522,1786799490.981498,6308.147302958148,400.0
7780,1786799491,32217898,1786799491.032218,6333.999926059854,400.0
7781,1786799491,80918525,1786799491.080919,6318.167064066563,400.0
7782,1786799491,131273953,1786799491.131274,6290.111902213673,400.0
7783,1786799491,183198629,1786799491.183199,6298.65853410639,400.0
7784,1786799491,230632078,1786799491.230632,6335.2472061051385,400.0
7785,1786799491,282688832,1786799491.282689,6314.721735760497,400.0
7786,1786799491,330018388,1786799491.330018,6268.503670454242,400.0
7787,1786799491,381927951,1786799491.381928,6310.805000501004,400.0
7788,1786799491,429563340,1786799491.429563,6292.307569722013,400.0
7789,1786799491,481657757,1786799491.481658,6288.09054056033,400.0
7790,1786799491,532632444,1786799491.532632,6321.136632208366,400.0
7791,1786799491,581507891,1786799491.581508,6319.909824735552,400.0
7792,1786799491,632120294,1786799491.632120,6289.103159908059,400.0
7793,1786799491,680808819,1786799491.680809,6321.988054937426,400.0
7794,1786799491,731828862,1786799491.731829,6303.148650954338,400.0
7795,1786799491,781573301,1786799491.781573,6308.955889658326,400.0
7796,1786799491,831926680,1786799491.831927,6297.665440651977,400.0
7797,1786799491,882475798,1786799491.882476,6294.69492571797,400.0
7798,1786799491,931752357,1786799491.931752,6299.247251869933,400.0
7799,1786799491,979946821,1786799491.979947,6311.036669466206,400.0
7800,1786799492,30823050,1786799492.030823,6300.494939687673,400.0
7801,1786799492,82586430,1786799492.082587,6293.444083166939,400.0
7802,1786799492,130093291,1786799492.130093,6324.8513013298325,400.0
7803,1786799492,182165727,1786799492.182166,6323.962243634403,400.0
7804,1786799492,232687202,1786799492.232687,6298.733881374694,400.0
7805,1786799492,280781299,1786799492.280781,6333.993540814509,400.0
7806,1786799492,331427508,1786799492.331428,6326.647368986045,400.0
7807,1786799492,383326480,1786799492.383327,6303.719993268071,400.0
7808,1786799492,430305149,1786799492.430305,6340.099380316404,400.0
7809,1786799492,482622679,1786799492.482623,6293.786324044071,400.0
7810,1786799492,529567130,1786799492.529567,6287.757017119617,400.0
7811,1786799492,581321673,1786799492.581322,6293.096457918295,400.0
7812,1786799492,632297530,1786799492.632298,6286.32790488752,400.0
7813,1786799492,680524527,1786799492.680525,6324.488614121123,400.0
7814,1786799492,731691277,1786799492.731691,6287.6570886297395,400.0
7815,1786799492,780779557,1786799492.780780,6294.766313310097,400.0
7816,1786799492,831392534,1786799492.831393,6313.845541528792,400.0
7817,1786799492,883114809,1786799492.883115,6311.154402759382,400.0
7818,1786799492,930079981,1786799492.930080,6340.633047694586,400.0
7819,1786799492,981914083,1786799492.981914,6291.691506896634,400.0
7820,1786799493,29408161,1786799493.029408,6340.407155985509,400.0
7821,1786799493,81213103,1786799493.081213,6348.915463371325,400.0
7822,1786799493,131868817,1786799493.131869,6325.604851804464,400.0
7823,1786799493,180011865,1786799493.180012,6328.94751386634,400.0
7824,1786799493,230529601,1786799493.230530,6301.282167788195,400.0
7825,1786799493,282727989,1786799493.282728,6355.55546543719,400.0
7826,1786799493,330076833,1786799493.330077,6361.873994794268,400.0
7827,1786799493,383545272,1786799493.383545,6323.014975647304,400.0
7828,1786799493,429601046,1786799493.429601,6316.423390068943,400.0
7829,1786799493,481547726,1786799493.481548,6320.007356411665,400.0
7830,1786799493,531880446,1786799493.531880,6338.179195412759,400.0
7831,1786799493,580268457,1786799493.580268,6336.211766797836,400.0
7832,1786799493,630897178,1786799493.630897,6338.305045049912,400.0
7833,1786799493,683630316,1786799493.683630,6339.542205172168,400.0
7834,1786799493,729609093,1786799493.729609,6285.040122721299,400.0
7835,1786799493,781537159,1786799493.781537,6328.000126950543,400.0
7836,1786799493,829244600,1786799493.829245,6307.056122541205,400.0
7837,1786799493,881322250,1786799493.881322,6352.733880362611,400.0
7838,1786799493,932010214,1786799493.932010,6350.870489512485,400.0
7839,1786799493,981013874,1786799493.981014,6327.129096934108,400.0
7840,1786799494,31788765,1786799494.031789,6359.853788793093,400.0
7841,1786799494,81214303,1786799494.081214,6323.247268822578,400.0
7842,1786799494,131707577,1786799494.131708,6319.8855697472645,400.0
7843,1786799494,180930085,1786799494.180930,6300.219962601664,400.0
7844,1786799494,230776152,1786799494.230776,6307.621032855926,400.0
7845,1786799494,282946158,1786799494.282946,6311.890370228089,400.0
7846,1786799494,330454387,1786799494.330454,6287.281286624133,400.0
7847,1786799494,382497692,1786799494.382498,6281.737608491055,400.0
7848,1786799494,429624528,1786799494.429625,6310.413055668303,400.0
7849,1786799494,481815170,1786799494.481815,6300.506773592297,400.0
7850,1786799494,532596932,1786799494.532597,6287.918280807208,400.0
7851,1786799494,581197114,1786799494.581197,6311.207194819092,400.0
7852,1786799494,631459354,1786799494.631459,6295.472232542046,400.0
7853,1786799494,680059973,1786799494.680060,6291.560686636119,400.0
7854,1786799494,730960984,1786799494.730961,6286.700358688472,400.0
7855,1786799494,783185998,1786799494.783186,6282.3860895691205,400.0
7856,1786799494,830751854,1786799494.830752,6298.888458947934,400.0
7857,1786799494,884488158,1786799494.884488,6280.974255696513,400.0
7858,1786799494,930720333,1786799494.930720,6254.564304751484,400.0
7859,1786799494,982303824,1786799494.982304,6282.719872901462,400.0
7860,1786799495,29242563,1786799495.029243,6306.36521956535,400.0
7861,1786799495,80958353,1786799495.080958,6281.285903472252,400.0
7862,1786799495,131350829,1786799495.131351,6328.99721052519,400.0
7863,1786799495,179615909,1786799495.179616,6297.563242361088,400.0
7864,1786799495,230119360,1786799495.230119,6278.424147065149,400.0
7865,1786799495,281921667,1786799495.281922,6307.08707053611,400.0
7866,1786799495,329153961,1786799495.329154,6254.342206899434,400.0
7867,1786799495,380409669,1786799495.380410,6306.751272412557,400.0
7868,1786799495,431205534,1786799495.431206,6309.821735057304,400.0
7869,1786799495,479588668,1786799495.479589,6315.601592044109,400.0
7870,1786799495,530487410,1786799495.530487,6278.376251223801,400.0
7871,1786799495,582788868,1786799495.582789,6289.926915354611,400.0
7872,1786799495,629966507,1786799495.629966,6293.399976078892,400.0
7873,1786799495,682164519,1786799495.682164,6302.203834984427,400.0
7874,1786799495,729213846,1786799495.729214,6265.065164159499,400.0
7875,1786799495,781820567,1786799495.781821,6292.934421629513,400.0
7876,1786799495,829212296,1786799495.829212,6292.214100564384,400.0
7877,1786799495,881530508,1786799495.881531,6326.627398881483,400.0
7878,1786799495,931605117,1786799495.931605,6307.458748821502,400.0
7879,1786799495,980247282,1786799495.980247,6292.532077576158,400.0
7880,1786799496,31048760,1786799496.031049,6296.467801688861,400.0
7881,1786799496,82783109,1786799496.082783,6286.799451490692,400.0
7882,1786799496,130284712,1786799496.130285,6353.529440918683,400.0
7883,1786799496,182847072,1786799496.182847,6312.708240073476,400.0
7884,1786799496,229735452,1786799496.229735,6337.492255342917,400.0
7885,1786799496,282028572,1786799496.282029,6323.669549554684,400.0
7886,1786799496,329150218,1786799496.329150,6298.439940112292,400.0
7887,1786799496,381158311,1786799496.381158,6327.957480407499,400.0
7888,1786799496,431490443,1786799496.431490,6309.992352058974,400.0
7889,1786799496,480267311,1786799496.480267,6356.094582487075,400.0
7890,1786799496,531172538,1786799496.531173,6374.5797146302775,400.0
7891,1786799496,579875455,1786799496.579875,6326.667651497339,400.0
7892,1786799496,630693886,1786799496.630694,6360.953327456207,400.0
7893,1786799496,682604875,1786799496.682605,6300.134606360781,400.0
7894,1786799496,730211516,1786799496.730211,6348.543405153537,400.0
7895,1786799496,782179359,1786799496.782179,6325.966760032151,400.0
7896,1786799496,829461622,1786799496.829462,6295.788776881503,400.0
7897,1786799496,882053051,1786799496.882053,6340.505859093746,400.0
7898,1786799496,931855439,1786799496.931855,6361.917938524157,400.0
7899,1786799496,980509675,1786799496.980510,6314.771808794944,400.0
7900,1786799497,31559644,1786799497.031560,6300.683770847287,400.0
7901,1786799497,80202327,1786799497.080202,6342.752582730146,400.0
7902,1786799497,130815054,1786799497.130815,6346.519551543748,400.0
7903,1786799497,182721325,1786799497.182721,6337.494152302329,400.0
7904,1786799497,230449408,1786799497.230449,6297.339456874116,400.0
7905,1786799497,282805959,1786799497.282806,6311.869140135616,400.0
7906,1786799497,329398304,1786799497.329398,6295.863025373204,400.0
7907,1786799497,381217512,1786799497.381217,6261.207024770496,400.0
7908,1786799497,431806154,1786799497.431806,6287.121604590652,400.0
7909,1786799497,480992045,1786799497.480992,6292.7252705778,400.0
7910,1786799497,531350795,1786799497.531351,6301.008605472984,400.0
7911,1786799497,580352269,1786799497.580352,6291.931061339444,400.0
7912,1786799497,631032317,1786799497.631032,6280.214585696063,400.0
7913,1786799497,680230550,1786799497.680231,6288.057321861261,400.0
7914,1786799497,731300860,1786799497.731301,6288.53254015165,400.0
7915,1786799497,780059056,1786799497.780059,6293.4189575946,400.0
7916,1786799497,831853865,1786799497.831854,6298.2386171727985,400.0
7917,1786799497,881269476,1786799497.881269,6285.740351752073,400.0
7918,1786799497,931930177,1786799497.931930,6277.3136188580775,400.0
7919,1786799497,980797757,1786799497.980798,6301.086362396032,400.0
7920,1786799498,31206769,1786799498.031207,6245.9324496635345,400.0
7921,1786799498,80184197,1786799498.080184,6278.663401740607,400.0
7922,1786799498,130588991,1786799498.130589,6301.101681928149,400.0
7923,1786799498,179413532,1786799498.179414,6279.281336492419,400.0
7924,1786799498,229935546,1786799498.229936,6277.263089977625,400.0
7925,1786799498,282273108,1786799498.282273,6290.517803565985,400.0
7926,1786799498,329857931,1786799498.329858,6306.436471780447,400.0
7927,1786799498,382106929,1786799498.382107,6291.208291030162,400.0
7928,1786799498,429479924,1786799498.429480,6284.870452754303,400.0
7929,1786799498,481067357,1786799498.481067,6287.976235762391,400.0
7930,1786799498,531719100,1786799498.531719,6340.024487016163,400.0
7931,1786799498,580507741,1786799498.580508,6307.99910623174,400.0
7932,1786799498,631269154,1786799498.631269,6294.213915269452,400.0
7933,1786799498,680057261,1786799498.680057,6298.067954689813,400.0
7934,1786799498,731296370,1786799498.731296,6344.1498900607685,400.0
7935,1786799498,781556002,1786799498.781556,6322.928155158497,400.0
7936,1786799498,831399303,1786799498.831399,6293.778921795309,400.0
7937,1786799498,879864569,1786799498.879864,6312.675823281378,400.0
7938,1786799498,931311867,1786799498.931312,6308.41975389243,400.0
7939,1786799498,980427109,1786799498.980427,6283.256051651456,400.0
7940,1786799499,30715414,1786799499.030715,6347.246259643419,400.0
7941,1786799499,82404062,1786799499.082404,6324.21350509959,400.0
7942,1786799499,129836463,1786799499.129837,6303.447732126322,400.0
7943,1786799499,181362723,1786799499.181363,6310.887635650303,400.0
7944,1786799499,231906789,1786799499.231907,6312.846082274208,400.0
7945,1786799499,280182704,1786799499.280183,6350.934626333284,400.0
7946,1786799499,330767157,1786799499.330767,6304.906725449121,400.0
7947,1786799499,379914408,1786799499.379915,6326.649856365821,400.0
7948,1786799499,430380957,1786799499.430381,6302.776270578961,400.0
7949,1786799499,482557633,1786799499.482558,6317.888964815059,400.0
7950,1786799499,529890186,1786799499.529890,6351.472313187756,400.0
7951,1786799499,582040508,1786799499.582041,6294.56810164648,400.0
7952,1786799499,629042581,1786799499.629043,6374.197536354295,400.0
7953,1786799499,680543413,1786799499.680543,6317.194612694602,400.0
7954,1786799499,731334349,1786799499.731334,6344.9247133243725,400.0
7955,1786799499,779708232,1786799499.779708,6350.390830453161,400.0
7956,1786799499,830738455,1786799499.830739,6319.525744779023,400.0
7957,1786799499,879947190,1786799499.879947,6305.794338962282,400.0
7958,1786799499,931665391,1786799499.931665,6364.4590886216465,400.0
7959,1786799499,980400864,1786799499.980401,6340.273366431831,400.0
7960,1786799500,30938042,1786799500.030938,6304.100827811656,400.0
7961,1786799500,79412540,1786799500.079412,6299.985289436061,400.0
7962,1786799500,130615247,1786799500.130615,6337.2733432464265,400.0
7963,1786799500,179256027,1786799500.179256,6328.69401848163,400.0
7964,1786799500,229727671,1786799500.229728,6318.129099607164,400.0
7965,1786799500,281577768,1786799500.281578,6299.844517855942,400.0
7966,1786799500,329395049,1786799500.329395,6298.0477018543725,400.0
7967,1786799500,381115566,1786799500.381116,6296.558439703818,400.0
7968,1786799500,428666803,1786799500.428667,6339.429380633981,400.0
7969,1786799500,481013604,1786799500.481014,6284.312104777469,400.0
7970,1786799500,531569065,1786799500.531569,6320.3662906507325,400.0
7971,1786799500,579804355,1786799500.579804,6345.646352976656,400.0
7972,1786799500,630642516,1786799500.630642,6360.691082102328,400.0
7973,1786799500,679532921,1786799500.679533,6305.2341538653145,400.0
7974,1786799500,730354435,1786799500.730355,6272.855017788543,400.0
7975,1786799500,782766374,1786799500.782766,6316.108548535024,400.0
7976,1786799500,829894118,1786799500.829894,6277.6338945479765,400.0
7977,1786799500,881655462,1786799500.881655,6323.995222147693,400.0
7978,1786799500,929200507,1786799500.929200,6284.28410250143,400.0
7979,1786799500,981598111,1786799500.981598,6342.254834858189,400.0
7980,1786799501,28854822,1786799501.028855,6295.1497834115435,400.0
7981,1786799501,80571001,1786799501.080571,6292.397309259638,400.0
7982,1786799501,131193250,1786799501.131193,6286.25984266115,400.0
7983,1786799501,179284408,1786799501.179284,6265.876058332089,400.0
7984,1786799501,229947350,1786799501.229947,6266.975457282609,400.0
7985,1786799501,282166882,1786799501.282167,6319.851040676718,400.0
7986,1786799501,329879746,1786799501.329880,6306.062728586095,400.0
7987,1786799501,382284980,1786799501.382285,6303.973352291843,400.0
7988,1786799501,429353324,1786799501.429353,6278.102859742772,400.0
7989,1786799501,483089037,1786799501.483089,6323.548831338402,400.0
7990,1786799501,528580559,1786799501.528581,6291.747197904572,400.0
7991,1786799501,580214158,1786799501.580214,6310.4673157796915,400.0
7992,1786799501,631124576,1786799501.631124,6317.7827506023605,400.0
7993,1786799501,679231020,1786799501.679231,6274.721475814559,400.0
7994,1786799501,730068729,1786799501.730069,6316.0756593584665,400.0
7995,1786799501,783909107,1786799501.783909,6280.214652675728,400.0
7996,1786799501,829939254,1786799501.829939,6306.015034581896,400.0
7997,1786799501,882345230,1786799501.882345,6304.658191380735,400.0
7998,1786799501,929765456,1786799501.929765,6298.970019122711,400.0
7999,1786799501,982055677,1786799501.982056,6290.786491390707,400.0
8000,1786799502,29430257,1786799502.029430,6311.153796351209,400.0
8001,1786799502,81474033,1786799502.081474,6314.594691477953,400.0
8002,1786799502,129035752,1786799502.129036,6297.211703500286,400.0
8003,1786799502,180965996,1786799502.180966,6289.736102971086,400.0
8004,1786799502,231587953,1786799502.231588,6304.3366833374985,400.0
8005,1786799502,280354403,1786799502.280354,6293.371078839309,400.0
8006,1786799502,331680372,1786799502.331680,6284.779406289775,400.0
8007,1786799502,379926804,1786799502.379927,6296.84423408479,400.0
8008,1786799502,430581793,1786799502.430582,6309.577813439446,400.0
8009,1786799502,478903158,1786799502.478903,6298.740456586951,400.0
8010,1786799502,529810663,1786799502.529811,6293.146044737363,400.0
8011,1786799502,582435798,1786799502.582436,6333.763704927712,400.0
8012,1786799502,629173711,1786799502.629174,6317.738238309645,400.0
8013,1786799502,680975408,1786799502.680975,6312.544394048019,400.0
8014,1786799502,731939951,1786799502.731940,6324.6965949800215,400.0
8015,1786799502,780842164,1786799502.780842,6353.5558730711655,400.0
8016,1786799502,831587979,1786799502.831588,6316.604018936966,400.0
8017,1786799502,880204663,1786799502.880205,6281.91861429735,400.0
8018,1786799502,931173634,1786799502.931174,6292.7663971743905,400.0
8019,1786799502,980717849,1786799502.980718,6324.422390977344,400.0
8020,1786799503,30840672,1786799503.030841,6324.700930206072,400.0
8021,1786799503,81272660,1786799503.081273,6318.140145404082,400.0
8022,1786799503,128627624,1786799503.128628,6345.694905308776,400.0
8023,1786799503,180387034,1786799503.180387,6331.746934469125,400.0
8024,1786799503,230847683,1786799503.230848,6334.213358903981,400.0
8025,1786799503,279370757,1786799503.279371,6320.683250997418,400.0
8026,1786799503,330082299,1786799503.330082,6322.191177121529,400.0
8027,1786799503,382361249,1786799503.382361,6295.59294638274,400.0
8028,1786799503,429424574,1786799503.429425,6305.642709819527,400.0
8029,1786799503,481471060,1786799503.481471,6297.674985700688,400.0
8030,1786799503,528982450,1786799503.528982,6307.8209709036555,400.0
8031,1786799503,580686319,1786799503.580686,6304.582052750441,400.0
8032,1786799503,631250984,1786799503.631251,6303.064579038129,400.0
8033,1786799503,679816385,1786799503.679816,6349.608230383927,400.0
8034,1786799503,730287005,1786799503.730287,6335.916996971499,400.0
8035,1786799503,781927731,1786799503.781928,6337.941438386174,400.0
8036,1786799503,828972404,1786799503.828972,6326.416047582281,400.0
8037,1786799503,881411730,1786799503.881412,6342.964135822243,400.0
8038,1786799503,928317413,1786799503.928317,6313.251794375913,400.0
8039,1786799503,979977332,1786799503.979977,6313.156156416863,400.0
8040,1786799504,30643500,1786799504.030643,6308.751148302809,400.0
8041,1786799504,79556358,1786799504.079556,6329.937385033151,400.0
8042,1786799504,129936402,1786799504.129936,6339.305910728941,400.0
8043,1786799504,181553309,1786799504.181553,6302.0005713076125,400.0
8044,1786799504,228596795,1786799504.228597,6305.642730291486,400.0
8045,1786799504,280264507,1786799504.280265,6349.436359408117,400.0
8046,1786799504,331086286,1786799504.331086,6334.771751198571,400.0
8047,1786799504,380246509,1786799504.380246,6319.127977496536,400.0
8048,1786799504,430460871,1786799504.430461,6338.529787645655,400.0
8049,1786799504,479178325,1786799504.479178,6330.254883507661,400.0
8050,1786799504,529329985,1786799504.529330,6347.462410524677,400.0
8051,1786799504,580995901,1786799504.580996,6326.100493022431,400.0
8052,1786799504,628280886,1786799504.628281,6319.422310100038,400.0
8053,1786799504,680522257,1786799504.680522,6290.629376462753,400.0
8054,1786799504,730810774,1786799504.730811,6332.43510698579,400.0
8055,1786799504,780126481,1786799504.780127,6312.098145052577,400.0
8056,1786799504,830871184,1786799504.830871,6324.517004854045,400.0
8057,1786799504,879379737,1786799504.879380,6325.656934099241,400.0
8058,1786799504,930378222,1786799504.930378,6338.4442267264785,400.0
8059,1786799504,979080888,1786799504.979081,6291.440397552514,400.0
8060,1786799505,29679045,1786799505.029679,6300.403311399006,400.0
8061,1786799505,81704032,1786799505.081704,6284.03858165935,400.0
8062,1786799505,128896086,1786799505.128896,6295.451821040877,400.0
8063,1786799505,181626770,1786799505.181627,6320.533135189178,400.0
8064,1786799505,228423256,1786799505.228423,6307.528106604566,400.0
8065,1786799505,280290614,1786799505.280291,6322.6857520753265,400.0
8066,1786799505,331361239,1786799505.331361,6283.249570946275,400.0
8067,1786799505,380279330,1786799505.380279,6301.80062010234,400.0
8068,1786799505,431452643,1786799505.431453,6280.010116392691,400.0
8069,1786799505,481220425,1786799505.481220,6284.220507512939,400.0
8070,1786799505,530810322,1786799505.530810,6311.995516212092,400.0
8071,1786799505,580912594,1786799505.580913,6301.462906638092,400.0
8072,1786799505,629950950,1786799505.629951,6268.567942091195,400.0
8073,1786799505,678560808,1786799505.678561,6299.784351095677,400.0
8074,1786799505,729173702,1786799505.729174,6252.574877250987,400.0
8075,1786799505,780721974,1786799505.780722,6287.763640116355,400.0
8076,1786799505,828245560,1786799505.828246,6277.260006318924,400.0
8077,1786799505,880216772,1786799505.880217,6294.324327750399,400.0
8078,1786799505,930638165,1786799505.930638,6287.147059956355,400.0
8079,1786799505,978762789,1786799505.978763,6300.263897761932,400.0
8080,1786799506,29346344,1786799506.029346,6308.332411775007,400.0
8081,1786799506,81787809,1786799506.081788,6286.186668064041,400.0
8082,1786799506,128819772,1786799506.128820,6307.984531307416,400.0
8083,1786799506,180912470,1786799506.180912,6287.708278903999,400.0
8084,1786799506,228555594,1786799506.228556,6290.429459110841,400.0
8085,1786799506,280995050,1786799506.280995,6308.28278368626,400.0
8086,1786799506,328520622,1786799506.328521,6329.838270209105,400.0
8087,1786799506,382255947,1786799506.382256,6322.91842399693,400.0
8088,1786799506,428100259,1786799506.428100,6285.85704539558,400.0
8089,1786799506,479837318,1786799506.479837,6319.440767632862,400.0
8090,1786799506,530622739,1786799506.530623,6295.608009311991,400.0
8091,1786799506,579470423,1786799506.579470,6336.14527348802,400.0
8092,1786799506,629812631,1786799506.629813,6298.120256958215,400.0
8093,1786799506,678486490,1786799506.678487,6351.731606451191,400.0
8094,1786799506,729614787,1786799506.729615,6358.988095770602,400.0
8095,1786799506,782983004,1786799506.782983,6345.162013337302,400.0
8096,1786799506,829206482,1786799506.829206,6315.412534050698,400.0
8097,1786799506,881288137,1786799506.881288,6293.849760186198,400.0
8098,1786799506,928725992,1786799506.928726,6345.084311273296,400.0
8099,1786799506,980428947,1786799506.980429,6324.112995571783,400.0
8100,1786799507,31246529,1786799507.031246,6324.866095870946,400.0
8101,1786799507,81656235,1786799507.081656,6293.0590403288925,400.0
8102,1786799507,130807562,1786799507.130808,6354.332239689909,400.0
8103,1786799507,179225540,1786799507.179225,6302.192824221113,400.0
8104,1786799507,230047732,1786799507.230048,6306.097397834391,400.0
8105,1786799507,278504844,1786799507.278505,6313.945300836305,400.0
8106,1786799507,329614584,1786799507.329615,6299.784057507335,400.0
8107,1786799507,383015278,1786799507.383015,6315.597759525723,400.0
8108,1786799507,429341956,1786799507.429342,6316.185073240436,400.0
8109,1786799507,482772523,1786799507.482773,6341.906755916645,400.0
8110,1786799507,528582492,1786799507.528583,6294.461526543439,400.0
8111,1786799507,581741838,1786799507.581742,6330.483577320156,400.0
8112,1786799507,628481202,1786799507.628481,6301.910631089403,400.0
8113,1786799507,680273844,1786799507.680274,6313.172977874635,400.0
8114,1786799507,731107190,1786799507.731107,6279.670647674045,400.0
8115,1786799507,779702869,1786799507.779703,6290.357671287863,400.0
8116,1786799507,830843009,1786799507.830843,6322.848498560688,400.0
8117,1786799507,879810470,1786799507.879811,6300.623572039386,400.0
8118,1786799507,930246809,1786799507.930247,6323.788651206439,400.0
8119,1786799507,981709528,1786799507.981709,6281.658478706831,400.0
8120,1786799508,29260216,1786799508.029260,6303.648121634708,400.0
8121,1786799508,81185356,1786799508.081185,6330.91892010029,400.0
8122,1786799508,128719936,1786799508.128720,6338.14234010994,400.0
8123,1786799508,180235267,1786799508.180235,6325.883775586469,400.0
8124,1786799508,231128908,1786799508.231129,6275.426175487777,400.0
8125,1786799508,279251645,1786799508.279252,6358.640175108709,400.0
8126,1786799508,328866272,1786799508.328866,6293.877449540619,400.0
8127,1786799508,381147468,1786799508.381147,6329.132585464712,400.0
8128,1786799508,428201705,1786799508.428202,6303.1494187238095,400.0
8129,1786799508,480097211,1786799508.480097,6312.550378038734,400.0
8130,1786799508,530716063,1786799508.530716,6356.4872549693055,400.0
8131,1786799508,579041193,1786799508.579041,6312.49147784993,400.0
8132,1786799508,629640076,1786799508.629640,6348.6246112857925,400.0
8133,1786799508,681420123,1786799508.681420,6326.922321403139,400.0
8134,1786799508,728774383,1786799508.728774,6318.115796671063,400.0
8135,1786799508,780663631,1786799508.780664,6331.8346016410505,400.0
8136,1786799508,828061606,1786799508.828062,6354.424534175006,400.0
8137,1786799508,881076556,1786799508.881077,6307.981718074821,400.0
8138,1786799508,931096614,1786799508.931097,6320.225729925505,400.0
8139,1786799508,979474306,1786799508.979474,6305.276181690206,400.0
8140,1786799509,30469852,1786799509.030470,6323.5375189417855,400.0
8141,1786799509,79322410,1786799509.079322,6289.997561942584,400.0
8142,1786799509,130241084,1786799509.130241,6298.62167255754,400.0
8143,1786799509,178920964,1786799509.178921,6301.805562877314,400.0
8144,1786799509,229842629,1786799509.229843,6342.191524905092,400.0
8145,1786799509,278431621,1786799509.278432,6335.508746149871,400.0
8146,1786799509,329144573,1786799509.329144,6324.115433610288,400.0
8147,1786799509,380850730,1786799509.380851,6312.724193270803,400.0
8148,1786799509,428064289,1786799509.428064,6319.886241034918,400.0
8149,1786799509,480019338,1786799509.480019,6314.038138802151,400.0
8150,1786799509,530967799,1786799509.530968,6289.970055529662,400.0
8151,1786799509,579605295,1786799509.579605,6309.181220765157,400.0
8152,1786799509,629953273,1786799509.629953,6307.053493637028,400.0
8153,1786799509,679180020,1786799509.679180,6290.532746022601,400.0
8154,1786799509,729860945,1786799509.729861,6301.962566651004,400.0
8155,1786799509,778481936,1786799509.778482,6334.325910264263,400.0
8156,1786799509,829958561,1786799509.829959,6268.9600105190275,400.0
8157,1786799509,879479453,1786799509.879479,6319.196073333432,400.0
8158,1786799509,929818435,1786799509.929818,6309.991320876915,400.0
8159,1786799509,979057637,1786799509.979058,6339.361712128337,400.0
8160,1786799510,29837000,1786799510.029837,6318.63774351688,400.0
8161,1786799510,81491612,1786799510.081492,6300.923024839218,400.0
8162,1786799510,129049572,1786799510.129050,6312.8408206762815,400.0
8163,1786799510,181167214,1786799510.181167,6316.0119323040535,400.0
8164,1786799510,228253144,1786799510.228253,6312.06203039874,400.0
8165,1786799510,280026460,1786799510.280026,6306.221168579769,400.0
8166,1786799510,330609704,1786799510.330610,6313.022026631065,400.0
8167,1786799510,379020456,1786799510.379020,6290.7509641694705,400.0
8168,1786799510,429726038,1786799510.429726,6309.528095231351,400.0
8169,1786799510,481699610,1786799510.481700,6342.176697575299,400.0
8170,1786799510,528358467,1786799510.528358,6299.175459006897,400.0
8171,1786799510,579802390,1786799510.579802,6280.962025210831,400.0
8172,1786799510,630390215,1786799510.630390,6287.618420203336,400.0
8173,1786799510,679204878,1786799510.679205,6307.1517474226775,400.0
8174,1786799510,730193819,1786799510.730194,6299.5899182148405,400.0
8175,1786799510,778291196,1786799510.778291,6327.920945061274,400.0
8176,1786799510,828814083,1786799510.828814,6315.897192916531,400.0
8177,1786799510,881250917,1786799510.881251,6298.836207876301,400.0
8178,1786799510,928803362,1786799510.928803,6341.915641452748,400.0
8179,1786799510,981748011,1786799510.981748,6294.426742483813,400.0
8180,1786799511,28403511,1786799511.028404,6327.2611984662135,400.0
8181,1786799511,81785267,1786799511.081785,6293.904669386599,400.0
8182,1786799511,128763240,1786799511.128763,6312.219807912275,400.0
8183,1786799511,180900078,1786799511.180900,6333.487994968471,400.0
8184,1786799511,228729147,1786799511.228729,6319.399385141197,400.0
8185,1786799511,280767826,1786799511.280768,6336.143997150231,400.0
8186,1786799511,327822373,1786799511.327822,6322.489436267605,400.0
8187,1786799511,380102086,1786799511.380102,6298.488357943137,400.0
8188,1786799511,427533050,1786799511.427533,6321.643755392427,400.0
8189,1786799511,479611310,1786799511.479611,6281.4912146272045,400.0
8190,1786799511,530454724,1786799511.530455,6290.009821698801,400.0
8191,1786799511,579953117,1786799511.579953,6303.1215999494825,400.0
8192,1786799511,629689033,1786799511.629689,6300.07366384898,400.0
8193,1786799511,678724382,1786799511.678724,6295.301100758008,400.0
8194,1786799511,729293416,1786799511.729293,6311.265756808639,400.0
8195,1786799511,782258661,1786799511.782259,6313.57411011856,400.0
8196,1786799511,828971885,1786799511.828972,6298.280438364671,400.0
8197,1786799511,881031936,1786799511.881032,6284.204782732831,400.0
8198,1786799511,928482743,1786799511.928483,6313.720011096743,400.0
8199,1786799511,980150617,1786799511.980151,6318.852549815284,400.0
8200,1786799512,30706978,1786799512.030707,6328.792372824503,400.0
8201,1786799512,79260269,1786799512.079260,6313.562232134853,400.0
8202,1786799512,129775462,1786799512.129776,6347.292160215272,400.0
8203,1786799512,181108781,1786799512.181109,6310.068852792498,400.0
8204,1786799512,228533470,1786799512.228534,6294.929137207825,400.0
8205,1786799512,280554744,1786799512.280555,6312.7802118369755,400.0
8206,1786799512,328361436,1786799512.328362,6299.702204771756,400.0
8207,1786799512,380589384,1786799512.380589,6269.301438638797,400.0
8208,1786799512,427661918,1786799512.427662,6307.250199535797,400.0
8209,1786799512,479334504,1786799512.479335,6328.099331501474,400.0
8210,1786799512,530339601,1786799512.530340,6316.7901717813575,400.0
8211,1786799512,579419309,1786799512.579419,6303.118891427528,400.0
8212,1786799512,629548711,1786799512.629549,6297.276418656666,400.0
8213,1786799512,678271352,1786799512.678271,6313.415888804165,400.0
8214,1786799512,729461826,1786799512.729462,6297.120285266528,400.0
8215,1786799512,777999151,1786799512.777999,6311.564961788251,400.0
8216,1786799512,828980576,1786799512.828981,6298.34841844847,400.0
8217,1786799512,881233634,1786799512.881234,6324.459668868107,400.0
8218,1786799512,928604449,1786799512.928604,6293.887459986305,400.0
8219,1786799512,980271076,1786799512.980271,6317.348961541023,400.0
8220,1786799513,27773999,1786799513.027774,6340.396777706989,400.0
8221,1786799513,79706655,1786799513.079707,6323.294671198431,400.0
8222,1786799513,127466997,1786799513.127467,6326.410755318128,400.0
8223,1786799513,181025413,1786799513.181026,6310.246208572215,400.0
8224,1786799513,230365478,1786799513.230366,6289.952144059377,400.0
8225,1786799513,280119222,1786799513.280119,6344.47935467556,400.0
8226,1786799513,329496958,1786799513.329497,6359.4768817094655,400.0
8227,1786799513,378175059,1786799513.378175,6325.134975449037,400.0
8228,1786799513,428621840,1786799513.428622,6332.992669842528,400.0
8229,1786799513,480867041,1786799513.480867,6310.255460952779,400.0
8230,1786799513,527958476,1786799513.527958,6294.081657499811,400.0
8231,1786799513,579394410,1786799513.579394,6364.163019303561,400.0
8232,1786799513,628873127,1786799513.628873,6318.280039759198,400.0
8233,1786799513,681062056,1786799513.681062,6320.558779221223,400.0
8234,1786799513,728872524,1786799513.728873,6340.507777618547,400.0
8235,1786799513,781220576,1786799513.781221,6307.22819832321,400.0
8236,1786799513,829122838,1786799513.829123,6321.767212469196,400.0
8237,1786799513,882090907,1786799513.882091,6317.850457289618,400.0
8238,1786799513,928290792,1786799513.928291,6340.493995081938,400.0
8239,1786799513,979855155,1786799513.979855,6315.59925557813,400.0
8240,1786799514,27438263,1786799514.027438,6333.482573321591,400.0
8241,1786799514,79353458,1786799514.079354,6340.922250018249,400.0
8242,1786799514,130437393,1786799514.130437,6341.616590976283,400.0
8243,1786799514,179341800,1786799514.179342,6301.6724071904455,400.0
8244,1786799514,230130028,1786799514.230130,6331.449575130363,400.0
8245,1786799514,278657219,1786799514.278657,6334.112368888944,400.0
8246,1786799514,329406236,1786799514.329406,6287.361634005572,400.0
8247,1786799514,381103759,1786799514.381104,6299.16951833651,400.0
8248,1786799514,428407924,1786799514.428408,6303.739784943536,400.0
8249,1786799514,480003658,1786799514.480004,6285.733968321924,400.0
8250,1786799514,527289694,1786799514.527290,6297.332498570987,400.0
8251,1786799514,579541425,1786799514.579541,6298.611202939692,400.0
8252,1786799514,627278762,1786799514.627279,6255.692570511355,400.0
8253,1786799514,679059350,1786799514.679059,6302.410131748539,400.0
8254,1786799514,730407538,1786799514.730407,6284.25974195627,400.0
8255,1786799514,779258253,1786799514.779258,6318.497145187342,400.0
8256,1786799514,829972623,1786799514.829973,6268.054802350213,400.0
8257,1786799514,878567761,1786799514.878568,6271.2100072230205,400.0
8258,1786799514,929464707,1786799514.929465,6292.902130910038,400.0
8259,1786799514,981363114,1786799514.981363,6290.967295255283,400.0
8260,1786799515,28295467,1786799515.028296,6286.709518107427,400.0
8261,1786799515,80264932,1786799515.080265,6272.74205793034,400.0
8262,1786799515,127583531,1786799515.127584,6275.379478336424,400.0
8263,1786799515,179409708,1786799515.179410,6282.805938704621,400.0
8264,1786799515,227133752,1786799515.227134,6319.101028628377,400.0
8265,1786799515,279334014,1786799515.279334,6295.3374016970465,400.0
8266,1786799515,330261517,1786799515.330261,6235.012741902714,400.0
8267,1786799515,378688863,1786799515.378689,6258.22887137425,400.0
8268,1786799515,429817014,1786799515.429817,6247.534769646651,400.0
8269,1786799515,480156619,1786799515.480157,6293.766431027758,400.0
8270,1786799515,529376831,1786799515.529377,6307.901364506159,400.0
8271,1786799515,577754994,1786799515.577755,6268.00246685878,400.0
8272,1786799515,628950440,1786799515.628950,6265.9856355398015,400.0
8273,1786799515,679400307,1786799515.679400,6329.212124366623,400.0
8274,1786799515,728791000,1786799515.728791,6295.091778761992,400.0
8275,1786799515,781174334,1786799515.781174,6288.297868996052,400.0
8276,1786799515,828493693,1786799515.828494,6330.073545406462,400.0
8277,1786799515,880309260,1786799515.880309,6314.493699746215,400.0
8278,1786799515,927480872,1786799515.927481,6305.749528705504,400.0
8279,1786799515,979268684,1786799515.979269,6273.980266688611,400.0
8280,1786799516,29550985,1786799516.029551,6284.011977967587,400.0
8281,1786799516,77944963,1786799516.077945,6311.707457138886,400.0
8282,1786799516,128925578,1786799516.128926,6331.097885937279,400.0
8283,1786799516,180861818,1786799516.180862,6303.498998449065,400.0
8284,1786799516,227910680,1786799516.227911,6337.342656138947,400.0
8285,1786799516,280754290,1786799516.280754,6301.713043024516,400.0
8286,1786799516,330348965,1786799516.330349,6346.682960114011,400.0
8287,1786799516,379076629,1786799516.379077,6323.298433545376,400.0
8288,1786799516,429194750,1786799516.429195,6317.982481502158,400.0
8289,1786799516,477606371,1786799516.477606,6336.166598724398,400.0
8290,1786799516,527430356,1786799516.527430,6340.084503659088,400.0
8291,1786799516,579929649,1786799516.579930,6353.40104647964,400.0
8292,1786799516,627038981,1786799516.627039,6338.149823771306,400.0
8293,1786799516,679700331,1786799516.679700,6348.169491048904,400.0
8294,1786799516,730170623,1786799516.730171,6306.585380112241,400.0
8295,1786799516,778341986,1786799516.778342,6350.452169944409,400.0
8296,1786799516,829078135,1786799516.829078,6312.92206029982,400.0
8297,1786799516,877988298,1786799516.877988,6328.991421303804,400.0
8298,1786799516,928151233,1786799516.928151,6308.889781309821,400.0
8299,1786799516,980158047,1786799516.980158,6290.182476719712,400.0
8300,1786799517,27753161,1786799517.027753,6311.043093249354,400.0
8301,1786799517,79210746,1786799517.079211,6345.749051523712,400.0
8302,1786799517,129547193,1786799517.129547,6355.114252278027,400.0
8303,1786799517,179036226,1786799517.179036,6307.397224041867,400.0
8304,1786799517,228727386,1786799517.228727,6328.509380194338,400.0
8305,1786799517,280413831,1786799517.280414,6373.039277758851,400.0
8306,1786799517,328338798,1786799517.328339,6382.015480212787,400.0
8307,1786799517,380472143,1786799517.380472,6350.470021602555,400.0
8308,1786799517,427962992,1786799517.427963,6338.807050138727,400.0
8309,1786799517,479635133,1786799517.479635,6329.840648722246,400.0
8310,1786799517,530255893,1786799517.530256,6328.37200221859,400.0
8311,1786799517,578894307,1786799517.578894,6322.812675139762,400.0
8312,1786799517,629225258,1786799517.629225,6310.082179595937,400.0
8313,1786799517,679041892,1786799517.679042,6334.6140027293595,400.0
8314,1786799517,728823623,1786799517.728824,6354.333386652407,400.0
8315,1786799517,777940439,1786799517.777941,6290.375832066606,400.0
8316,1786799517,828598806,1786799517.828599,6256.677706826018,400.0
8317,1786799517,880342707,1786799517.880343,6299.345045542993,400.0
8318,1786799517,928274973,1786799517.928275,6321.200206244274,400.0
8319,1786799517,980259147,1786799517.980259,6278.289962667945,400.0
8320,1786799518,27856867,1786799518.027857,6299.139047311461,400.0
8321,1786799518,80128607,1786799518.080129,6315.086283444767,400.0
8322,1786799518,127500254,1786799518.127500,6303.746814865405,400.0
8323,1786799518,179838048,1786799518.179838,6277.596189256501,400.0
8324,1786799518,227024555,1786799518.227025,6293.224991509137,400.0
8325,1786799518,278816976,1786799518.278817,6319.5383840993945,400.0
8326,1786799518,326847717,1786799518.326848,6307.647019753388,400.0
8327,1786799518,378952894,1786799518.378953,6316.045474480944,400.0
8328,1786799518,426847612,1786799518.426848,6277.7714465264635,400.0
8329,1786799518,480632836,1786799518.480633,6325.36587344768,400.0
8330,1786799518,529981766,1786799518.529982,6318.286908394251,400.0
8331,1786799518,578400461,1786799518.578400,6286.6945536090125,400.0
8332,1786799518,629551257,1786799518.629551,6299.01168259433,400.0
8333,1786799518,678018380,1786799518.678018,6277.165112811044,400.0
8334,1786799518,729076146,1786799518.729076,6315.804974822572,400.0
8335,1786799518,777728198,1786799518.777728,6311.947445571753,400.0
8336,1786799518,828900192,1786799518.828900,6317.805552256917,400.0
8337,1786799518,877743773,1786799518.877744,6320.891750961459,400.0
8338,1786799518,928585286,1786799518.928585,6303.309334364631,400.0
8339,1786799518,980377872,1786799518.980378,6320.188920553846,400.0
8340,1786799519,27630989,1786799519.027631,6312.668372096121,400.0
8341,1786799519,79753163,1786799519.079753,6323.892580374714,400.0
8342,1786799519,127527001,1786799519.127527,6291.018207160842,400.0
8343,1786799519,179355480,1786799519.179355,6326.926958936826,400.0
8344,1786799519,229933689,1786799519.229934,6332.251727337424,400.0
8345,1786799519,278552166,1786799519.278552,6300.069732533338,400.0
8346,1786799519,329120607,1786799519.329121,6328.422549861874,400.0
8347,1786799519,378117212,1786799519.378117,6305.010543250424,400.0
8348,1786799519,429010706,1786799519.429011,6319.146750452175,400.0
8349,1786799519,477533383,1786799519.477533,6342.147289267337,400.0
8350,1786799519,527886642,1786799519.527887,6318.1117603191815,400.0
8351,1786799519,579992940,1786799519.579993,6341.267132215311,400.0
8352,1786799519,627409353,1786799519.627409,6307.360272634809,400.0
8353,1786799519,679752980,1786799519.679753,6301.7036431202205,400.0
8354,1786799519,727297233,1786799519.727297,6323.037354768638,400.0
8355,1786799519,779724118,1786799519.779724,6285.204855879633,400.0
8356,1786799519,827208905,1786799519.827209,6309.753323211063,400.0
8357,1786799519,880193732,1786799519.880194,6288.532276772087,400.0
8358,1786799519,927494607,1786799519.927495,6302.048766924334,400.0
8359,1786799519,980939488,1786799519.980939,6302.524488695007,400.0
8360,1786799520,27091721,1786799520.027092,6291.4073699535775,400.0
8361,1786799520,79644931,1786799520.079645,6304.284037445737,400.0
8362,1786799520,126728021,1786799520.126728,6321.282907755695,400.0
8363,1786799520,178811676,1786799520.178812,6330.619470045635,400.0
8364,1786799520,229666546,1786799520.229666,6340.149100301392,400.0
8365,1786799520,278375892,1786799520.278376,6326.982524920953,400.0
8366,1786799520,329296763,1786799520.329297,6324.046171818233,400.0
8367,1786799520,379007500,1786799520.379008,6291.24241202027,400.0
8368,1786799520,428726032,1786799520.428726,6322.708046355539,400.0
8369,1786799520,477254253,1786799520.477254,6339.57907429702,400.0
8370,1786799520,528427530,1786799520.528428,6335.421675809649,400.0
8371,1786799520,580392180,1786799520.580392,6321.389858921453,400.0
8372,1786799520,627630672,1786799520.627631,6314.390822242436,400.0
8373,1786799520,679553190,1786799520.679553,6315.218767412226,400.0
8374,1786799520,726666950,1786799520.726667,6344.374447110944,400.0
8375,1786799520,778080073,1786799520.778080,6278.965831038167,400.0
8376,1786799520,828714783,1786799520.828715,6313.26970397374,400.0
8377,1786799520,880400625,1786799520.880401,6303.4643588414465,400.0
8378,1786799520,927695523,1786799520.927696,6306.0531331630145,400.0
8379,1786799520,979543690,1786799520.979544,6351.820048994011,400.0
8380,1786799521,29738639,1786799521.029739,6347.858339680206,400.0
8381,1786799521,78326432,1786799521.078326,6324.650900052026,400.0
8382,1786799521,129300727,1786799521.129301,6279.5091412919255,400.0
8383,1786799521,177539611,1786799521.177540,6312.109007340488,400.0
8384,1786799521,228383631,1786799521.228384,6293.016569486741,400.0
8385,1786799521,277027131,1786799521.277027,6296.281158485311,400.0
8386,1786799521,328143895,1786799521.328144,6335.300453846734,400.0
8387,1786799521,378819831,1786799521.378820,6302.665523444734,400.0
8388,1786799521,427772798,1786799521.427773,6321.640445095927,400.0
8389,1786799521,480206285,1786799521.480206,6321.995700715695,400.0
8390,1786799521,526965229,1786799521.526965,6311.3235143854145,400.0
8391,1786799521,579191141,1786799521.579191,6294.194637487926,400.0
8392,1786799521,626540572,1786799521.626541,6358.2062243715,400.0
8393,1786799521,679443122,1786799521.679443,6284.688048612549,400.0
8394,1786799521,729443246,1786799521.729443,6330.554129882186,400.0
8395,1786799521,778800581,1786799521.778800,6330.399483960033,400.0
8396,1786799521,829803313,1786799521.829803,6304.3963670201165,400.0
8397,1786799521,878360282,1786799521.878360,6297.445030778612,400.0
8398,1786799521,928713334,1786799521.928713,6327.3072089491125,400.0
8399,1786799521,980252073,1786799521.980252,6297.095985096628,400.0
8400,1786799522,27302277,1786799522.027302,6311.329871057381,400.0
8401,1786799522,79261964,1786799522.079262,6294.697102717775,400.0
8402,1786799522,129430362,1786799522.129430,6288.985171222944,400.0
8403,1786799522,177975264,1786799522.177975,6277.203789251253,400.0
8404,1786799522,228898080,1786799522.228898,6327.200887726286,400.0
8405,1786799522,277393911,1786799522.277394,6347.2614964522945,400.0
8406,1786799522,327845659,1786799522.327846,6359.577177775168,400.0
8407,1786799522,379413714,1786799522.379414,6327.746489786535,400.0
8408,1786799522,426652358,1786799522.426652,6374.206868965058,400.0
8409,1786799522,478684931,1786799522.478685,6306.178487914146,400.0
8410,1786799522,528946238,1786799522.528946,6317.0231589808245,400.0
8411,1786799522,577902665,1786799522.577903,6283.074971132396,400.0
8412,1786799522,628252372,1786799522.628252,6247.760541926837,400.0
8413,1786799522,680299596,1786799522.680300,6276.43390815769,400.0
8414,1786799522,727308546,1786799522.727309,6305.577289671417,400.0
8415,1786799522,779324929,1786799522.779325,6311.528481549715,400.0
8416,1786799522,826925204,1786799522.826925,6314.0170847974,400.0
8417,1786799522,878917166,1786799522.878917,6293.94875001369,400.0
8418,1786799522,926696563,1786799522.926697,6318.924655249513,400.0
8419,1786799522,979076890,1786799522.979077,6289.662699171995,400.0
8420,1786799523,29345884,1786799523.029346,6329.102968416145,400.0
8421,1786799523,80968268,1786799523.080968,6318.122694853644,400.0
8422,1786799523,132556922,1786799523.132557,6282.897359025975,400.0
8423,1786799523,180825591,1786799523.180825,6323.542924307785,400.0
8424,1786799523,232022947,1786799523.232023,6316.517375282228,400.0
8425,1786799523,280255295,1786799523.280255,6301.2983327089705,400.0
8426,1786799523,331768094,1786799523.331768,6332.326735010693,400.0
8427,1786799523,380036430,1786799523.380036,6293.723386862399,400.0
8428,1786799523,431468213,1786799523.431468,6301.978697412741,400.0
8429,1786799523,482876874,1786799523.482877,6277.173832802711,400.0
8430,1786799523,530478289,1786799523.530478,6272.083101533353,400.0
8431,1786799523,581677349,1786799523.581677,6298.57814463595,400.0
8432,1786799523,632817393,1786799523.632818,6301.000913850272,400.0
8433,1786799523,680519272,1786799523.680519,6291.299499326199,400.0
8434,1786799523,731577280,1786799523.731577,6290.846198155377,400.0
8435,1786799523,782663411,1786799523.782663,6292.843019766007,400.0
8436,1786799523,830419113,1786799523.830419,6305.657656146127,400.0
8437,1786799523,881602695,1786799523.881603,6298.456528223022,400.0
8438,1786799523,932632962,1786799523.932633,6342.042869579567,400.0
8439,1786799523,980562932,1786799523.980563,6329.094263396182,400.0
8440,1786799524,31729320,1786799524.031729,6296.915555129692,400.0
8441,1786799524,82753843,1786799524.082754,6344.624258864624,400.0
8442,1786799524,131010847,1786799524.131011,6342.052140258638,400.0
8443,1786799524,181918471,1786799524.181918,6328.299452708028,400.0
8444,1786799524,229568516,1786799524.229568,6318.385063120021,400.0
8445,1786799524,280955118,1786799524.280955,6326.957555676584,400.0
8446,1786799524,332372361,1786799524.332372,6291.3756002918535,400.0
8447,1786799524,380327593,1786799524.380328,6312.670413229735,400.0
8448,1786799524,431541354,1786799524.431541,6323.494530071599,400.0
8449,1786799524,482662519,1786799524.482662,6320.18433711284,400.0
8450,1786799524,530506331,1786799524.530506,6314.918534664823,400.0
8451,1786799524,581585635,1786799524.581586,6307.15799714171,400.0
8452,1786799524,632731976,1786799524.632732,6270.907337739662,400.0
8453,1786799524,680561701,1786799524.680562,6328.622364878942,400.0
8454,1786799524,732155601,1786799524.732156,6314.826096797134,400.0
8455,1786799524,780822626,1786799524.780823,6322.885887619099,400.0
8456,1786799524,832512136,1786799524.832512,6307.195376971483,400.0
8457,1786799524,880825858,1786799524.880826,6331.130108321453,400.0
8458,1786799524,932213150,1786799524.932213,6326.645905039913,400.0
8459,1786799524,980046809,1786799524.980047,6304.178360171103,400.0
8460,1786799525,31399674,1786799525.031400,6332.922682796289,400.0
8461,1786799525,82623575,1786799525.082623,6321.5296887642635,400.0
8462,1786799525,130317684,1786799525.130318,6341.521459176788,400.0
8463,1786799525,181318438,1786799525.181319,6299.310725770604,400.0
8464,1786799525,232376447,1786799525.232376,6340.039443963133,400.0
8465,1786799525,280442770,1786799525.280443,6283.961912625223,400.0
8466,1786799525,331816105,1786799525.331816,6316.148133082436,400.0
8467,1786799525,379916713,1786799525.379917,6315.35786615108,400.0
8468,1786799525,431464775,1786799525.431465,6348.059989980917,400.0
8469,1786799525,481053901,1786799525.481054,6335.596112153551,400.0
8470,1786799525,531017800,1786799525.531018,6342.590854201708,400.0
8471,1786799525,582764029,1786799525.582764,6321.8577728637965,400.0
8472,1786799525,630586803,1786799525.630587,6314.344822377719,400.0
8473,1786799525,681996111,1786799525.681996,6317.931635411207,400.0
8474,1786799525,730337464,1786799525.730337,6313.120869031435,400.0
8475,1786799525,781926214,1786799525.781926,6318.956001615363,400.0
8476,1786799525,830065755,1786799525.830066,6332.988102122036,400.0
8477,1786799525,881905355,1786799525.881905,6354.932013182821,400.0
8478,1786799525,930199013,1786799525.930199,6307.826289587994,400.0
8479,1786799525,982061475,1786799525.982061,6307.540705832839,400.0
8480,1786799526,29792029,1786799526.029792,6311.64717661263,400.0
8481,1786799526,80894659,1786799526.080895,6331.295252477386,400.0
8482,1786799526,132059063,1786799526.132059,6319.071892784273,400.0
8483,1786799526,179947188,1786799526.179947,6296.78920802766,400.0
8484,1786799526,231115060,1786799526.231115,6309.768813857244,400.0
8485,1786799526,282427059,1786799526.282427,6291.719060104996,400.0
8486,1786799526,330338998,1786799526.330339,6327.205832345398,400.0
8487,1786799526,381887333,1786799526.381887,6296.472516752494,400.0
8488,1786799526,429782999,1786799526.429783,6310.892965210615,400.0
8489,1786799526,481138648,1786799526.481139,6280.811333187619,400.0
8490,1786799526,532362403,1786799526.532362,6357.048332577014,400.0
8491,1786799526,580496151,1786799526.580496,6320.651907210396,400.0
8492,1786799526,631589382,1786799526.631589,6310.9222771464065,400.0
8493,1786799526,679495955,1786799526.679496,6295.238009176567,400.0
8494,1786799526,730732156,1786799526.730732,6321.36875903932,400.0
8495,1786799526,782230927,1786799526.782231,6298.824579128868,400.0
8496,1786799526,830724962,1786799526.830725,6291.6405517987205,400.0
8497,1786799526,882329069,1786799526.882329,6333.675229178339,400.0
8498,1786799526,930009537,1786799526.930010,6305.5766162922055,400.0
8499,1786799526,981540903,1786799526.981541,6316.213059832928,400.0
8500,1786799527,29455158,1786799527.029455,6298.495021039878,400.0
8501,1786799527,80569479,1786799527.080570,6299.623218103798,400.0
8502,1786799527,131481783,1786799527.131482,6312.530471617062,400.0
8503,1786799527,182558537,1786799527.182559,6295.24136574355,400.0
8504,1786799527,230214325,1786799527.230214,6282.19307061814,400.0
8505,1786799527,281478376,1786799527.281478,6314.423488875036,400.0
8506,1786799527,329545537,1786799527.329545,6333.678652116633,400.0
8507,1786799527,381101633,1786799527.381102,6284.055051642049,400.0
8508,1786799527,432674851,1786799527.432675,6285.085899067663,400.0
8509,1786799527,480339886,1786799527.480340,6323.178000231562,400.0
8510,1786799527,531680446,1786799527.531680,6293.720236308711,400.0
8511,1786799527,579413155,1786799527.579413,6269.475344289356,400.0
8512,1786799527,631066275,1786799527.631066,6276.989518575447,400.0
8513,1786799527,682682302,1786799527.682682,6319.621535324282,400.0
8514,1786799527,730355000,1786799527.730355,6288.52244646988,400.0
8515,1786799527,782184816,1786799527.782185,6336.070045715166,400.0
8516,1786799527,830236237,1786799527.830236,6326.143909048978,400.0
8517,1786799527,881480063,1786799527.881480,6288.519759618165,400.0
8518,1786799527,929499996,1786799527.929500,6300.494827604943,400.0
8519,1786799527,981140938,1786799527.981141,6275.640891614905,400.0
8520,1786799528,32305807,1786799528.032306,6334.719277842238,400.0
8521,1786799528,80392336,1786799528.080392,6274.8856314827135,400.0
8522,1786799528,131804239,1786799528.131804,6303.852550551324,400.0
8523,1786799528,179790723,1786799528.179791,6310.54660199901,400.0
8524,1786799528,231297840,1786799528.231298,6284.590128627553,400.0
8525,1786799528,279458158,1786799528.279458,6307.640336017962,400.0
8526,1786799528,330683657,1786799528.330684,6328.660709796478,400.0
8527,1786799528,382085017,1786799528.382085,6303.863885244225,400.0
8528,1786799528,430183217,1786799528.430183,6268.892312230323,400.0
8529,1786799528,481718615,1786799528.481719,6275.948016871337,400.0
8530,1786799528,529812316,1786799528.529812,6277.829171396872,400.0
8531,1786799528,581063231,1786799528.581063,6300.87593628792,400.0
8532,1786799528,632462684,1786799528.632463,6290.5562216086455,400.0
8533,1786799528,680535103,1786799528.680535,6295.5768130777415,400.0
8534,1786799528,731916857,1786799528.731917,6321.311550623752,400.0
8535,1786799528,779702082,1786799528.779702,6333.394623804751,400.0
8536,1786799528,831338977,1786799528.831339,6282.466587236815,400.0
8537,1786799528,879572584,1786799528.879573,6303.662708573472,400.0
8538,1786799528,930384087,1786799528.930384,6300.635320181237,400.0
8539,1786799528,981951784,1786799528.981952,6297.297423944959,400.0
8540,1786799529,29907381,1786799529.029907,6289.176031479331,400.0
8541,1786799529,81217073,1786799529.081217,6266.3373543950365,400.0
8542,1786799529,132302349,1786799529.132302,6305.101673104319,400.0
8543,1786799529,180539513,1786799529.180540,6275.161137466107,400.0
8544,1786799529,232282482,1786799529.232282,6278.69856329928,400.0
8545,1786799529,280768021,1786799529.280768,6288.328874090257,400.0
8546,1786799529,331900639,1786799529.331901,6274.089201611423,400.0
8547,1786799529,379589153,1786799529.379589,6306.684090985956,400.0
8548,1786799529,430583840,1786799529.430584,6252.753042838399,400.0
8549,1786799529,482136300,1786799529.482136,6289.641377632323,400.0
8550,1786799529,530330946,1786799529.530331,6272.949786181523,400.0
8551,1786799529,581811948,1786799529.581812,6318.607658949517,400.0
8552,1786799529,629955239,1786799529.629955,6298.046679059535,400.0
8553,1786799529,680889307,1786799529.680889,6311.367152802188,400.0
8554,1786799529,732065566,1786799529.732066,6338.402410584611,400.0
8555,1786799529,779698408,1786799529.779698,6339.720997962827,400.0
8556,1786799529,830544287,1786799529.830544,6350.644868752967,400.0
8557,1786799529,882014444,1786799529.882015,6359.449791163233,400.0
8558,1786799529,929501612,1786799529.929502,6320.443050390764,400.0
8559,1786799529,980681014,1786799529.980681,6333.964090615664,400.0
8560,1786799530,29497041,1786799530.029497,6285.155567341142,400.0
8561,1786799530,80612126,1786799530.080612,6329.51302804034,400.0
8562,1786799530,131743006,1786799530.131743,6307.4215080136055,400.0
8563,1786799530,179533085,1786799530.179533,6313.3004692378145,400.0
8564,1786799530,230607630,1786799530.230608,6325.095523272707,400.0
8565,1786799530,282013314,1786799530.282013,6312.3799282825685,400.0
8566,1786799530,330150731,1786799530.330151,6323.922231432901,400.0
8567,1786799530,382047928,1786799530.382048,6326.793337068279,400.0
8568,1786799530,429637671,1786799530.429638,6297.213889859038,400.0
8569,1786799530,481255162,1786799530.481255,6316.02145828486,400.0
8570,1786799530,529231551,1786799530.529232,6291.155899468351,400.0
8571,1786799530,580608854,1786799530.580609,6335.1564770416,400.0
8572,1786799530,632210310,1786799530.632210,6309.7871613379975,400.0
8573,1786799530,680165787,1786799530.680166,6343.308562222276,400.0
8574,1786799530,731810100,1786799530.731810,6295.085157654069,400.0
8575,1786799530,780007359,1786799530.780007,6337.655185270725,400.0
8576,1786799530,830921129,1786799530.830921,6312.186562768862,400.0
8577,1786799530,882021579,1786799530.882022,6305.806850852013,400.0
8578,1786799530,930167980,1786799530.930168,6307.076168841541,400.0
8579,1786799530,981300685,1786799530.981301,6343.27809159248,400.0
8580,1786799531,29345008,1786799531.029345,6295.923588789866,400.0
8581,1786799531,80505941,1786799531.080506,6276.750354145093,400.0
8582,1786799531,131893155,1786799531.131893,6329.864715664436,400.0
8583,1786799531,179734162,1786799531.179734,6263.958285889983,400.0
8584,1786799531,230951158,1786799531.230951,6319.470727009038,400.0
8585,1786799531,282133036,1786799531.282133,6341.883963487042,400.0
8586,1786799531,330444724,1786799531.330445,6302.033833573346,400.0
8587,1786799531,382455597,1786799531.382456,6308.926223094242,400.0
8588,1786799531,430371810,1786799531.430372,6302.589152066292,400.0
8589,1786799531,481953866,1786799531.481954,6311.858428309684,400.0
8590,1786799531,530238383,1786799531.530238,6258.243350124671,400.0
8591,1786799531,581698429,1786799531.581698,6318.323620939278,400.0
8592,1786799531,629600654,1786799531.629601,6262.510076277784,400.0
8593,1786799531,680809827,1786799531.680810,6316.557751789023,400.0
8594,1786799531,729017987,1786799531.729018,6294.729642031945,400.0
8595,1786799531,780366380,1786799531.780366,6275.092485757317,400.0
8596,1786799531,831938272,1786799531.831938,6288.09391068569,400.0
8597,1786799531,879941081,1786799531.879941,6280.044976769531,400.0
8598,1786799531,931578314,1786799531.931578,6302.704798882146,400.0
8599,1786799531,979785511,1786799531.979785,6271.6023099765025,400.0
8600,1786799532,31874526,1786799532.031874,6281.137215309499,400.0
8601,1786799532,79555633,1786799532.079556,6292.450108647684,400.0
8602,1786799532,130798654,1786799532.130799,6296.5153779834845,400.0
8603,1786799532,181825428,1786799532.181825,6307.067950695533,400.0
8604,1786799532,229608446,1786799532.229609,6310.388535814123,400.0
8605,1786799532,280646921,1786799532.280647,6298.2750421080955,400.0
8606,1786799532,331911522,1786799532.331912,6317.830088016603,400.0
8607,1786799532,379618977,1786799532.379619,6310.066732861579,400.0
8608,1786799532,430823779,1786799532.430824,6322.877176214965,400.0
8609,1786799532,479509037,1786799532.479509,6315.506916528881,400.0
8610,1786799532,529988593,1786799532.529989,6323.536367696395,400.0
8611,1786799532,581444040,1786799532.581444,6292.020613619366,400.0
8612,1786799532,630516390,1786799532.630516,6297.117968493844,400.0
8613,1786799532,681965564,1786799532.681966,6355.617062426563,400.0
8614,1786799532,730051357,1786799532.730051,6358.13951496025,400.0
8615,1786799532,781189822,1786799532.781190,6327.371067037246,400.0
8616,1786799532,829284916,1786799532.829285,6351.323521643385,400.0
8617,1786799532,880901626,1786799532.880902,6339.286417982646,400.0
8618,1786799532,929062410,1786799532.929062,6320.756299779134,400.0
8619,1786799532,980562199,1786799532.980562,6347.177906334006,400.0
8620,1786799533,31960532,1786799533.031960,6308.107047840637,400.0
8621,1786799533,80276046,1786799533.080276,6307.049701348132,400.0
8622,1786799533,131656929,1786799533.131657,6285.860729491534,400.0
8623,1786799533,179188056,1786799533.179188,6332.702394498474,400.0
8624,1786799533,230295482,1786799533.230295,6319.168305333848,400.0
8625,1786799533,281736499,1786799533.281737,6327.794140871592,400.0
8626,1786799533,329531213,1786799533.329531,6326.153380340666,400.0
8627,1786799533,381240540,1786799533.381241,6311.960754999986,400.0
8628,1786799533,429325883,1786799533.429326,6316.757883754853,400.0
8629,1786799533,480942326,1786799533.480942,6308.62992506515,400.0
8630,1786799533,529025028,1786799533.529025,6302.813582671851,400.0
8631,1786799533,580033682,1786799533.580034,6316.166080512601,400.0
8632,1786799533,631059228,1786799533.631059,6339.625432706773,400.0
8633,1786799533,679644235,1786799533.679644,6319.352201004035,400.0
8634,1786799533,731306202,1786799533.731306,6348.753520158101,400.0
8635,1786799533,779224398,1786799533.779224,6306.115985263903,400.0
8636,1786799533,830864378,1786799533.830864,6316.412665993164,400.0
8637,1786799533,878983107,1786799533.878983,6321.187828806284,400.0
8638,1786799533,930273805,1786799533.930274,6296.444007605114,400.0
8639,1786799533,980835952,1786799533.980836,6297.591407167178,400.0
8640,1786799534,30210980,1786799534.030211,6312.269482281703,400.0
8641,1786799534,81672455,1786799534.081672,6308.85711190786,400.0
8642,1786799534,130053430,1786799534.130054,6312.145726737269,400.0
8643,1786799534,181020068,1786799534.181020,6325.677293209948,400.0
8644,1786799534,228765909,1786799534.228766,6274.008933517361,400.0
8645,1786799534,280394064,1786799534.280394,6309.850442806891,400.0
8646,1786799534,331519714,1786799534.331520,6293.449215471593,400.0
8647,1786799534,379418461,1786799534.379418,6320.01894391992,400.0
8648,1786799534,430763577,1786799534.430763,6281.289705232447,400.0
8649,1786799534,481798475,1786799534.481798,6307.78727675276,400.0
8650,1786799534,529730137,1786799534.529730,6299.864568283852,400.0
8651,1786799534,581220624,1786799534.581221,6292.969158444617,400.0
8652,1786799534,629109607,1786799534.629110,6332.994034437973,400.0
8653,1786799534,680665620,1786799534.680666,6284.968129848994,400.0
8654,1786799534,731654146,1786799534.731654,6286.208179568353,400.0
8655,1786799534,779738985,1786799534.779739,6285.582136761321,400.0
8656,1786799534,831410554,1786799534.831411,6330.572123043095,400.0
8657,1786799534,879876894,1786799534.879877,6335.2777639777105,400.0
8658,1786799534,930916597,1786799534.930917,6300.514525723546,400.0
8659,1786799534,978899780,1786799534.978900,6310.746609816709,400.0
8660,1786799535,30241708,1786799535.030242,6301.455717854474,400.0
8661,1786799535,81718220,1786799535.081718,6295.380817747394,400.0
8662,1786799535,129237396,1786799535.129237,6311.941366386512,400.0
8663,1786799535,180907822,1786799535.180908,6303.777810747444,400.0
8664,1786799535,229413671,1786799535.229414,6299.780999665583,400.0
8665,1786799535,280635611,1786799535.280636,6309.607658620397,400.0
8666,1786799535,331854721,1786799535.331855,6281.246934166819,400.0
8667,1786799535,379668914,1786799535.379669,6319.3740573963105,400.0
8668,1786799535,430819871,1786799535.430820,6318.001083635799,400.0
8669,1786799535,478967175,1786799535.478967,6318.687503312046,400.0
8670,1786799535,530511682,1786799535.530512,6340.298737122768,400.0
8671,1786799535,581756538,1786799535.581757,6330.722636478137,400.0
8672,1786799535,629958388,1786799535.629958,6301.298223110216,400.0
8673,1786799535,681740290,1786799535.681740,6298.288375201035,400.0
8674,1786799535,729353648,1786799535.729354,6305.419177776069,400.0
8675,1786799535,780870407,1786799535.780870,6306.647377286056,400.0
8676,1786799535,828683280,1786799535.828683,6317.657074214695,400.0
8677,1786799535,880186951,1786799535.880187,6334.544717600746,400.0
8678,1786799535,931748649,1786799535.931749,6333.299009343976,400.0
8679,1786799535,980018121,1786799535.980018,6342.498626854785,400.0
8680,1786799536,31394978,1786799536.031395,6319.805663057044,400.0
8681,1786799536,79949455,1786799536.079949,6311.982891612753,400.0
8682,1786799536,131168924,1786799536.131169,6370.3002921515745,400.0
8683,1786799536,179387107,1786799536.179387,6314.8556846661395,400.0
8684,1786799536,230227067,1786799536.230227,6364.033602433903,400.0
8685,1786799536,279087917,1786799536.279088,6365.223319416044,400.0
8686,1786799536,329235985,1786799536.329236,6320.986415906926,400.0
8687,1786799536,380899637,1786799536.380900,6306.700313868002,400.0
8688,1786799536,428912253,1786799536.428912,6330.821515826909,400.0
8689,1786799536,480489786,1786799536.480490,6321.891403939236,400.0
8690,1786799536,531516161,1786799536.531516,6319.4477883748805,400.0
8691,1786799536,579777932,1786799536.579778,6345.779598936587,400.0
8692,1786799536,631022591,1786799536.631023,6327.786799386865,400.0
8693,1786799536,678879168,1786799536.678879,6321.92213024727,400.0
8694,1786799536,730078551,1786799536.730078,6333.477697927467,400.0
8695,1786799536,781113710,1786799536.781114,6305.761575342223,400.0
8696,1786799536,829530931,1786799536.829531,6302.025667280836,400.0
8697,1786799536,880926769,1786799536.880927,6319.013500249331,400.0
8698,1786799536,928831196,1786799536.928831,6303.91915641664,400.0
8699,1786799536,979827084,1786799536.979827,6303.389645581542,400.0
8700,1786799537,31386316,1786799537.031386,6309.774929020551,400.0
8701,1786799537,79333026,1786799537.079333,6254.455385495028,400.0
8702,1786799537,131434011,1786799537.131434,6318.288374713485,400.0
8703,1786799537,179882943,1786799537.179883,6286.706654744062,400.0
8704,1786799537,230672333,1786799537.230672,6286.903092702715,400.0
8705,1786799537,281576922,1786799537.281577,6301.806979135085,400.0
8706,1786799537,329643800,1786799537.329644,6317.573564927934,400.0
8707,1786799537,380920594,1786799537.380921,6304.159746156342,400.0
8708,1786799537,429472107,1786799537.429472,6266.174262749777,400.0
8709,1786799537,480636340,1786799537.480636,6316.8968530342045,400.0
8710,1786799537,528606233,1786799537.528606,6321.450049118797,400.0
8711,1786799537,579692860,1786799537.579693,6333.388762374009,400.0
8712,1786799537,630762297,1786799537.630762,6306.50953257225,400.0
8713,1786799537,678872304,1786799537.678872,6294.3129609794505,400.0
8714,1786799537,730557270,1786799537.730557,6293.233552998279,400.0
8715,1786799537,778789627,1786799537.778790,6288.234374347223,400.0
8716,1786799537,830171266,1786799537.830171,6286.196278684337,400.0
8717,1786799537,878654596,1786799537.878654,6289.178823960419,400.0
8718,1786799537,929609513,1786799537.929610,6307.427337323617,400.0
8719,1786799537,981258593,1786799537.981259,6304.033270125107,400.0
8720,1786799538,29235454,1786799538.029235,6281.460484792748,400.0
8721,1786799538,80494314,1786799538.080494,6331.51885193145,400.0
8722,1786799538,128421431,1786799538.128422,6275.598224111508,400.0
8723,1786799538,180054676,1786799538.180055,6306.622817902386,400.0
8724,1786799538,231339944,1786799538.231340,6353.682110179449,400.0
8725,1786799538,279804360,1786799538.279804,6317.226203712019,400.0
8726,1786799538,330758754,1786799538.330759,6323.873191216299,400.0
8727,1786799538,379091495,1786799538.379092,6304.343263918075,400.0
8728,1786799538,430536074,1786799538.430536,6322.75488470636,400.0
8729,1786799538,478953118,1786799538.478953,6363.405556328466,400.0
8730,1786799538,530007721,1786799538.530008,6333.6358881357855,400.0
8731,1786799538,581182956,1786799538.581183,6305.655638360581,400.0
8732,1786799538,629212413,1786799538.629212,6321.946933526911,400.0
8733,1786799538,680842753,1786799538.680843,6317.336855336759,400.0
8734,1786799538,729294953,1786799538.729295,6284.7611071613155,400.0
8735,1786799538,780970500,1786799538.780971,6331.16368235785,400.0
8736,1786799538,829118682,1786799538.829119,6308.074510255743,400.0
8737,1786799538,880701139,1786799538.880701,6330.459504376349,400.0
8738,1786799538,928282934,1786799538.928283,6315.044995729162,400.0
8739,1786799538,979776349,1786799538.979776,6291.526388321977,400.0
8740,1786799539,31339731,1786799539.031340,6254.949968128175,400.0
8741,1786799539,79444845,1786799539.079445,6352.3944641338685,400.0
8742,1786799539,131269572,1786799539.131269,6340.93691434859,400.0
8743,1786799539,179158352,1786799539.179158,6312.467672423005,400.0
8744,1786799539,230332361,1786799539.230332,6341.8021994015935,400.0
8745,1786799539,281395080,1786799539.281395,6277.791338344562,400.0
8746,1786799539,328943212,1786799539.328943,6319.141847788538,400.0
8747,1786799539,380238615,1786799539.380239,6307.633993279104,400.0
8748,1786799539,431391665,1786799539.431392,6282.540275026922,400.0
8749,1786799539,479427520,1786799539.479428,6283.008952535832,400.0
8750,1786799539,531074620,1786799539.531075,6273.592214879726,400.0
8751,1786799539,579229413,1786799539.579229,6330.122197717985,400.0
8752,1786799539,630602652,1786799539.630603,6288.718426223878,400.0
8753,1786799539,678876579,1786799539.678877,6278.531058842342,400.0
8754,1786799539,730162904,1786799539.730163,6277.625121095774,400.0
8755,1786799539,778465836,1786799539.778466,6301.8835440461635,400.0
8756,1786799539,829985437,1786799539.829985,6287.624557548712,400.0
8757,1786799539,878244643,1786799539.878245,6334.779768198623,400.0
8758,1786799539,929497713,1786799539.929498,6304.756880499706,400.0
8759,1786799539,980788342,1786799539.980788,6299.490228051657,400.0
8760,1786799540,28544755,1786799540.028545,6316.842213790725,400.0
8761,1786799540,80514626,1786799540.080515,6303.1665606023735,400.0
8762,1786799540,128493841,1786799540.128494,6310.058143868805,400.0
8763,1786799540,179942780,1786799540.179943,6298.4352489442745,400.0
8764,1786799540,228095230,1786799540.228095,6274.214191332788,400.0
8765,1786799540,279284338,1786799540.279284,6309.388064689617,400.0
8766,1786799540,330668140,1786799540.330668,6312.8038359254515,400.0
8767,1786799540,378288665,1786799540.378289,6268.583908108115,400.0
8768,1786799540,429775959,1786799540.429776,6295.241130286978,400.0
8769,1786799540,480909402,1786799540.480909,6293.069590625133,400.0
8770,1786799540,529231468,1786799540.529232,6308.621356736518,400.0
8771,1786799540,580934856,1786799540.580935,6285.4603603099085,400.0
8772,1786799540,629472006,1786799540.629472,6318.9375030912515,400.0
8773,1786799540,681028103,1786799540.681028,6274.268225622388,400.0
8774,1786799540,729218575,1786799540.729218,6342.995790967494,400.0
8775,1786799540,780731731,1786799540.780732,6309.8728264054735,400.0
8776,1786799540,828727983,1786799540.828728,6297.875210650125,400.0
8777,1786799540,880255648,1786799540.880256,6299.502282055634,400.0
8778,1786799540,928333245,1786799540.928333,6277.214735054966,400.0
8779,1786799540,979477736,1786799540.979478,6291.790431411031,400.0
8780,1786799541,30852821,1786799541.030853,6337.811048536868,400.0
8781,1786799541,78774517,1786799541.078774,6294.882298528722,400.0
8782,1786799541,130060968,1786799541.130061,6314.723687560419,400.0
8783,1786799541,178297149,1786799541.178297,6350.2856734675,400.0
8784,1786799541,229634039,1786799541.229634,6326.969514805258,400.0
8785,1786799541,278811356,1786799541.278811,6334.002972698587,400.0
8786,1786799541,329223715,1786799541.329224,6296.068443266289,400.0
8787,1786799541,380521251,1786799541.380521,6297.565445555052,400.0
8788,1786799541,428117996,1786799541.428118,6335.93299493703,400.0
8789,1786799541,479348762,1786799541.479349,6317.58946896967,400.0
8790,1786799541,530574110,1786799541.530574,6300.5033877344595,400.0
8791,1786799541,578490356,1786799541.578490,6316.81213890261,400.0
8792,1786799541,629425951,1786799541.629426,6307.462831731875,400.0
8793,1786799541,680592204,1786799541.680592,6338.45100190457,400.0
8794,1786799541,728817519,1786799541.728817,6338.897130033807,400.0
8795,1786799541,780744386,1786799541.780744,6314.235480406378,400.0
8796,1786799541,828865762,1786799541.828866,6256.781770460983,400.0
8797,1786799541,879921082,1786799541.879921,6344.634822160954,400.0
8798,1786799541,927867375,1786799541.927867,6288.927904557509,400.0
8799,1786799541,979176964,1786799541.979177,6350.131392592982,400.0
8800,1786799542,30681152,1786799542.030681,6293.790690614559,400.0
8801,1786799542,78563543,1786799542.078563,6291.933668903852,400.0
8802,1786799542,129960015,1786799542.129960,6321.646827433846,400.0
8803,1786799542,178004121,1786799542.178004,6338.3413324849425,400.0
8804,1786799542,229037698,1786799542.229038,6319.7610979779265,400.0
8805,1786799542,280711169,1786799542.280711,6344.113673404117,400.0
8806,1786799542,327981911,1786799542.327982,6301.885837254683,400.0
8807,1786799542,378942206,1786799542.378942,6295.6716502808085,400.0
8808,1786799542,430065911,1786799542.430066,6310.478131526311,400.0
8809,1786799542,477874926,1786799542.477875,6322.464366130537,400.0
8810,1786799542,529322466,1786799542.529322,6335.833462481288,400.0
8811,1786799542,580748176,1786799542.580748,6303.182155537814,400.0
8812,1786799542,628436914,1786799542.628437,6281.338620610043,400.0
8813,1786799542,679609872,1786799542.679610,6331.005554323399,400.0
8814,1786799542,727817371,1786799542.727817,6333.378466863491,400.0
8815,1786799542,779505178,1786799542.779505,6291.570393306054,400.0
8816,1786799542,830905203,1786799542.830905,6294.575584602662,400.0
8817,1786799542,878779504,1786799542.878779,6297.140185619379,400.0
8818,1786799542,930290582,1786799542.930291,6298.290940465679,400.0
8819,1786799542,978554939,1786799542.978555,6269.659633540161,400.0
8820,1786799543,29573800,1786799543.029574,6273.703028235388,400.0
8821,1786799543,81062940,1786799543.081063,6262.676547782321,400.0
8822,1786799543,129196210,1786799543.129196,6318.11909488567,400.0
8823,1786799543,180240445,1786799543.180240,6296.449002986491,400.0
8824,1786799543,228242622,1786799543.228243,6282.675763801721,400.0
8825,1786799543,279778534,1786799543.279778,6254.061449073563,400.0
8826,1786799543,327806049,1786799543.327806,6275.873474295155,400.0
8827,1786799543,379542810,1786799543.379543,6290.715646361713,400.0
8828,1786799543,430481961,1786799543.430482,6299.4701978245075,400.0
8829,1786799543,478999438,1786799543.478999,6265.741979977692,400.0
8830,1786799543,530304437,1786799543.530304,6273.420111764605,400.0
8831,1786799543,577711937,1786799543.577712,6289.120814281552,400.0
8832,1786799543,629169882,1786799543.629170,6285.47144857424,400.0
8833,1786799543,680760344,1786799543.680760,6321.72907298896,400.0
8834,1786799543,728290136,1786799543.728290,6306.56958292844,400.0
8835,1786799543,779856443,1786799543.779856,6297.008688600377,400.0
8836,1786799543,828322844,1786799543.828323,6250.6283488371555,400.0
8837,1786799543,879986897,1786799543.879987,6313.944324083331,400.0
8838,1786799543,927921664,1786799543.927922,6318.493763395181,400.0
8839,1786799543,979643051,1786799543.979643,6284.022055848377,400.0
8840,1786799544,30646672,1786799544.030647,6321.82094378852,400.0
8841,1786799544,78632021,1786799544.078632,6314.527640098462,400.0
8842,1786799544,130507868,1786799544.130508,6285.643136672079,400.0
8843,1786799544,178433220,1786799544.178433,6349.331588579143,400.0
8844,1786799544,229451054,1786799544.229451,6311.200712302303,400.0
8845,1786799544,280851024,1786799544.280851,6299.569230150306,400.0
8846,1786799544,328456423,1786799544.328456,6296.4310136971335,400.0
8847,1786799544,379905738,1786799544.379906,6351.219781413791,400.0
8848,1786799544,427874103,1786799544.427874,6310.595263513462,400.0
8849,1786799544,478658136,1786799544.478658,6300.36242981661,400.0
8850,1786799544,529780043,1786799544.529780,6334.949808466855,400.0
8851,1786799544,578287772,1786799544.578288,6300.284187316546,400.0
8852,1786799544,628701562,1786799544.628701,6288.855144600974,400.0
8853,1786799544,679916562,1786799544.679917,6398.235749679754,400.0
8854,1786799544,728150273,1786799544.728150,6299.465014478016,400.0
8855,1786799544,779976256,1786799544.779976,6322.71089137517,400.0
8856,1786799544,827777096,1786799544.827777,6326.445494489848,400.0
8857,1786799544,879093911,1786799544.879094,6345.852757942521,400.0
8858,1786799544,930052943,1786799544.930053,6318.87513825241,400.0
8859,1786799544,977895522,1786799544.977895,6322.821067877775,400.0
8860,1786799545,29278769,1786799545.029279,6362.9083670167165,400.0
8861,1786799545,80644743,1786799545.080645,6300.477995465203,400.0
8862,1786799545,128482508,1786799545.128483,6313.3555863856445,400.0
8863,1786799545,180866657,1786799545.180867,6316.684197693435,400.0
8864,1786799545,228967230,1786799545.228967,6315.324447386799,400.0
8865,1786799545,280545647,1786799545.280546,6328.9904036094795,400.0
8866,1786799545,328288319,1786799545.328288,6311.296173672561,400.0
8867,1786799545,379448913,1786799545.379449,6350.983887274134,400.0
8868,1786799545,430411280,1786799545.430411,6286.648631811958,400.0
8869,1786799545,478253616,1786799545.478254,6323.453714802656,400.0
8870,1786799545,529506520,1786799545.529506,6306.866077089806,400.0
8871,1786799545,578038694,1786799545.578039,6350.756900436973,400.0
8872,1786799545,629205929,1786799545.629206,6339.827381138453,400.0
8873,1786799545,678016058,1786799545.678016,6340.510087268327,400.0
8874,1786799545,729122514,1786799545.729122,6310.719449926458,400.0
8875,1786799545,780960307,1786799545.780960,6296.124596854851,400.0
8876,1786799545,828783846,1786799545.828784,6343.679000008856,400.0
8877,1786799545,880878215,1786799545.880878,6287.128623565162,400.0
8878,1786799545,929062575,1786799545.929063,6313.089958294444,400.0
8879,1786799545,981019746,1786799545.981020,6314.390168714802,400.0
8880,1786799546,28744943,1786799546.028745,6319.33281852732,400.0
8881,1786799546,80428229,1786799546.080428,6291.224099574676,400.0
8882,1786799546,128203021,1786799546.128203,6296.266941830707,400.0
8883,1786799546,179245967,1786799546.179246,6311.994833839064,400.0
8884,1786799546,230797634,1786799546.230798,6293.166362983336,400.0
8885,1786799546,278358469,1786799546.278358,6298.297023756027,400.0
8886,1786799546,329658579,1786799546.329659,6331.384796996443,400.0
8887,1786799546,377538609,1786799546.377539,6315.985004469773,400.0
8888,1786799546,428888352,1786799546.428888,6308.328569951967,400.0
8889,1786799546,480263930,1786799546.480264,6319.08515790696,400.0
8890,1786799546,528618991,1786799546.528619,6317.027154878028,400.0
8891,1786799546,577442018,1786799546.577442,6274.641494114315,400.0
8892,1786799546,628783000,1786799546.628783,6259.604074354837,400.0
8893,1786799546,680586620,1786799546.680587,6306.508746053957,400.0
8894,1786799546,728661140,1786799546.728661,6300.489037098033,400.0
8895,1786799546,780078662,1786799546.780079,6271.558430095024,400.0
8896,1786799546,828170435,1786799546.828171,6292.814069836751,400.0
8897,1786799546,879707151,1786799546.879707,6293.968451099713,400.0
8898,1786799546,927557848,1786799546.927558,6281.4296536442525,400.0
8899,1786799546,978417863,1786799546.978418,6291.495702355369,400.0
8900,1786799547,29626656,1786799547.029627,6320.468981460315,400.0
8901,1786799547,77918585,1786799547.077919,6329.678306897206,400.0
8902,1786799547,129756511,1786799547.129756,6250.033424322756,400.0
8903,1786799547,177237534,1786799547.177238,6302.045889677522,400.0
8904,1786799547,228396847,1786799547.228397,6319.111827769437,400.0
8905,1786799547,279435403,1786799547.279435,6324.836143791368,400.0
8906,1786799547,327316662,1786799547.327317,6287.788011305573,400.0
8907,1786799547,379074246,1786799547.379074,6261.474010376383,400.0
8908,1786799547,430687782,1786799547.430688,6307.858911060903,400.0
8909,1786799547,479027189,1786799547.479027,6301.471790065334,400.0
8910,1786799547,529633049,1786799547.529633,6313.499165026592,400.0
8911,1786799547,577655359,1786799547.577655,6289.089926268729,400.0
8912,1786799547,629286520,1786799547.629287,6310.390090069917,400.0
8913,1786799547,677636371,1786799547.677636,6316.070251092286,400.0
8914,1786799547,729192393,1786799547.729192,6322.828304617672,400.0
8915,1786799547,777364352,1786799547.777364,6316.030402957219,400.0
8916,1786799547,828639211,1786799547.828639,6298.3781754587835,400.0
8917,1786799547,879700462,1786799547.879700,6363.936908795869,400.0
8918,1786799547,927922398,1786799547.927922,6302.178063941209,400.0
8919,1786799547,980041853,1786799547.980042,6295.9310000019495,400.0
8920,1786799548,27262435,1786799548.027262,6312.180668900198,400.0
8921,1786799548,78618580,1786799548.078619,6287.204671357754,400.0
8922,1786799548,129582258,1786799548.129582,6315.203551981547,400.0
8923,1786799548,177508387,1786799548.177508,6297.297388746691,400.0
8924,1786799548,228945532,1786799548.228945,6291.876315545584,400.0
8925,1786799548,280220148,1786799548.280220,6320.118806725385,400.0
8926,1786799548,328062742,1786799548.328063,6296.420413271539,400.0
8927,1786799548,379366997,1786799548.379367,6334.704814881504,400.0
8928,1786799548,427285850,1786799548.427286,6313.3949370919745,400.0
8929,1786799548,478813767,1786799548.478814,6338.309776466339,400.0
8930,1786799548,530285957,1786799548.530286,6334.739082883499,400.0
8931,1786799548,578370363,1786799548.578370,6336.267069274552,400.0
8932,1786799548,629630778,1786799548.629631,6344.105453238968,400.0
8933,1786799548,677830410,1786799548.677830,6312.810534485411,400.0
8934,1786799548,729655639,1786799548.729656,6283.924743241561,400.0
8935,1786799548,777789501,1786799548.777790,6303.2397078838985,400.0
8936,1786799548,828844403,1786799548.828844,6277.040283337041,400.0
8937,1786799548,878998444,1786799548.878999,6311.408303760373,400.0
8938,1786799548,928752330,1786799548.928752,6311.405792962044,400.0
8939,1786799548,979701092,1786799548.979701,6310.919478774911,400.0
8940,1786799549,27650937,1786799549.027651,6309.779695399467,400.0
8941,1786799549,79370684,1786799549.079371,6336.633112310438,400.0
8942,1786799549,127908188,1786799549.127908,6301.540392797944,400.0
8943,1786799549,179102387,1786799549.179102,6339.237388930519,400.0
8944,1786799549,227115687,1786799549.227116,6325.34697829209,400.0
8945,1786799549,278231106,1786799549.278231,6364.668000945514,400.0
8946,1786799549,329554056,1786799549.329554,6351.938964908507,400.0
8947,1786799549,377566115,1786799549.377566,6308.823265346452,400.0
8948,1786799549,429009963,1786799549.429010,6319.5206047329175,400.0
8949,1786799549,477557824,1786799549.477558,6292.323992116059,400.0
8950,1786799549,529269520,1786799549.529269,6313.4059792409535,400.0
8951,1786799549,580131572,1786799549.580132,6272.250252780676,400.0
8952,1786799549,627786275,1786799549.627786,6295.363074616199,400.0
8953,1786799549,678875583,1786799549.678876,6307.448804477376,400.0
8954,1786799549,730167640,1786799549.730168,6283.2316432778125,400.0
8955,1786799549,777853923,1786799549.777854,6326.378942153923,400.0
8956,1786799549,829879846,1786799549.829880,6295.290110786338,400.0
8957,1786799549,878077187,1786799549.878077,6338.382857640624,400.0
8958,1786799549,929349272,1786799549.929349,6281.117105051038,400.0
8959,1786799549,977197784,1786799549.977198,6337.988063511258,400.0
8960,1786799550,28829748,1786799550.028830,6291.041796649537,400.0
8961,1786799550,80243235,1786799550.080243,6286.045047252967,400.0
8962,1786799550,128117665,1786799550.128118,6294.701539474055,400.0
8963,1786799550,179198633,1786799550.179199,6347.864542425631,400.0
8964,1786799550,227206272,1786799550.227206,6348.402073395413,400.0
8965,1786799550,278590948,1786799550.278591,6315.671983221562,400.0
8966,1786799550,330012602,1786799550.330013,6302.573251034295,400.0
8967,1786799550,377892912,1786799550.377893,6333.298652061718,400.0
8968,1786799550,429305734,1786799550.429306,6275.357318062377,400.0
8969,1786799550,477088204,1786799550.477088,6309.025258848506,400.0
8970,1786799550,528071462,1786799550.528071,6326.0630543303,400.0
8971,1786799550,579438364,1786799550.579438,6299.110988557283,400.0
8972,1786799550,626958333,1786799550.626958,6287.308674889815,400.0
8973,1786799550,678435572,1786799550.678436,6304.864158314884,400.0
8974,1786799550,730207930,1786799550.730208,6276.387411234007,400.0
8975,1786799550,778095591,1786799550.778095,6320.9784881867845,400.0
8976,1786799550,829780407,1786799550.829780,6306.770882867785,400.0
8977,1786799550,877518436,1786799550.877518,6313.149734821813,400.0
8978,1786799550,928772391,1786799550.928772,6332.659220377602,400.0
8979,1786799550,979857271,1786799550.979857,6339.496695903532,400.0
8980,1786799551,28075198,1786799551.028075,6356.7616962974935,400.0
8981,1786799551,79524825,1786799551.079525,6327.771329193066,400.0
8982,1786799551,127252685,1786799551.127253,6306.189601941982,400.0
8983,1786799551,178630356,1786799551.178630,6338.285902484559,400.0
8984,1786799551,230171590,1786799551.230172,6347.628553145861,400.0
8985,1786799551,278294546,1786799551.278295,6295.847647280262,400.0
8986,1786799551,330095305,1786799551.330095,6294.3611066498515,400.0
8987,1786799551,378196100,1786799551.378196,6319.598309430436,400.0
8988,1786799551,429884170,1786799551.429884,6287.84272207156,400.0
8989,1786799551,477626213,1786799551.477626,6307.458473435128,400.0
8990,1786799551,528908570,1786799551.528908,6292.03801935752,400.0
8991,1786799551,577093788,1786799551.577094,6309.33796700059,400.0
8992,1786799551,628131410,1786799551.628131,6330.33765762031,400.0
8993,1786799551,679365349,1786799551.679365,6356.538188143506,400.0
8994,1786799551,727001488,1786799551.727001,6318.556791055029,400.0
8995,1786799551,778178416,1786799551.778178,6352.522512866886,400.0
8996,1786799551,829433550,1786799551.829433,6304.532633631756,400.0
8997,1786799551,877297805,1786799551.877298,6330.032364126235,400.0
8998,1786799551,928408309,1786799551.928408,6311.09480879074,400.0
8999,1786799551,980091043,1786799551.980091,6283.775601694301,400.0
9000,1786799552,27966631,1786799552.027967,6277.314088286435,400.0
9001,1786799552,78913821,1786799552.078914,6305.826885123089,400.0
9002,1786799552,130184366,1786799552.130184,6280.510580546777,400.0
9003,1786799552,177710419,1786799552.177711,6329.256023890733,400.0
9004,1786799552,229169913,1786799552.229170,6368.685471039494,400.0
9005,1786799552,277457562,1786799552.277457,6356.13480507575,400.0
9006,1786799552,328744544,1786799552.328745,6306.894222303523,400.0
9007,1786799552,380144972,1786799552.380145,6303.309982064826,400.0
9008,1786799552,428315124,1786799552.428315,6332.010974795306,400.0
9009,1786799552,477329004,1786799552.477329,6358.809775539085,400.0
9010,1786799552,528384829,1786799552.528385,6316.163261155691,400.0
9011,1786799552,579439605,1786799552.579440,6350.114683859083,400.0
9012,1786799552,627194423,1786799552.627194,6340.910849662477,400.0
9013,1786799552,678425660,1786799552.678426,6323.2752243450705,400.0
9014,1786799552,729365393,1786799552.729365,6318.983262002119,400.0
9015,1786799552,776973057,1786799552.776973,6311.872796403865,400.0
9016,1786799552,827981528,1786799552.827981,6261.634215127285,400.0
9017,1786799552,879804106,1786799552.879804,6268.355652199895,400.0
9018,1786799552,927915787,1786799552.927916,6294.273614582348,400.0
9019,1786799552,978258415,1786799552.978258,6295.500535749641,400.0
9020,1786799553,29652707,1786799553.029653,6303.344574008176,400.0
9021,1786799553,77746181,1786799553.077746,6298.92434814548,400.0
9022,1786799553,129173712,1786799553.129174,6308.930764035339,400.0
9023,1786799553,176810290,1786799553.176810,6303.244853569828,400.0
9024,1786799553,227905222,1786799553.227905,6288.619504197638,400.0
9025,1786799553,279164574,1786799553.279165,6276.8056631400395,400.0
9026,1786799553,329991286,1786799553.329991,6319.914547224581,400.0
9027,1786799553,378004162,1786799553.378004,6308.840460250056,400.0
9028,1786799553,429192229,1786799553.429192,6315.0900216599475,400.0
9029,1786799553,477571622,1786799553.477572,6270.3455950533735,400.0
9030,1786799553,529420081,1786799553.529420,6317.031747348962,400.0
9031,1786799553,577249197,1786799553.577249,6291.494167653335,400.0
9032,1786799553,628389828,1786799553.628390,6267.57534639673,400.0
9033,1786799553,679570618,1786799553.679571,6350.110740814064,400.0
9034,1786799553,727289649,1786799553.727290,6316.461041213685,400.0
9035,1786799553,779158749,1786799553.779159,6342.661088140532,400.0
9036,1786799553,826940147,1786799553.826940,6338.559951515301,400.0
9037,1786799553,878016960,1786799553.878017,6305.64344956569,400.0
9038,1786799553,929367452,1786799553.929368,6258.940053270747,400.0
9039,1786799553,977318276,1786799553.977318,6307.816824750025,400.0
9040,1786799554,28959424,1786799554.028960,6303.057637565234,400.0
9041,1786799554,77316114,1786799554.077316,6288.707589292202,400.0
9042,1786799554,128481491,1786799554.128481,6327.693501436725,400.0
9043,1786799554,179734758,1786799554.179735,6316.296238284168,400.0
9044,1786799554,227834265,1786799554.227834,6312.401523255345,400.0
9045,1786799554,279324653,1786799554.279325,6325.630391380397,400.0
9046,1786799554,327172753,1786799554.327173,6301.102629805675,400.0
9047,1786799554,378225008,1786799554.378225,6297.154010703786,400.0
9048,1786799554,429371537,1786799554.429372,6316.60998905744,400.0
9049,1786799554,477154085,1786799554.477154,6316.496572983954,400.0
9050,1786799554,528374152,1786799554.528374,6302.644786800503,400.0
9051,1786799554,580123426,1786799554.580123,6298.835257789542,400.0
9052,1786799554,627735207,1786799554.627735,6279.6523417424305,400.0
9053,1786799554,679307636,1786799554.679308,6324.85341547532,400.0
9054,1786799554,727471116,1786799554.727471,6299.156920814351,400.0
9055,1786799554,778588371,1786799554.778588,6306.015131285352,400.0
9056,1786799554,830023128,1786799554.830023,6320.022078356176,400.0
9057,1786799554,877913995,1786799554.877914,6296.932198358193,400.0
9058,1786799554,929420152,1786799554.929420,6305.557803538446,400.0
9059,1786799554,977758449,1786799554.977758,6311.334198081972,400.0
9060,1786799555,29193013,1786799555.029193,6337.480943175457,400.0
9061,1786799555,77247732,1786799555.077248,6298.723309906365,400.0
9062,1786799555,128267017,1786799555.128267,6295.9439589755475,400.0
9063,1786799555,179655086,1786799555.179655,6354.212552016197,400.0
9064,1786799555,229485911,1786799555.229486,6342.847623679833,400.0
9065,1786799555,277410089,1786799555.277410,6329.867420069443,400.0
9066,1786799555,328946242,1786799555.328946,6293.537664680936,400.0
9067,1786799555,376964269,1786799555.376964,6347.182406717119,400.0
9068,1786799555,428339016,1786799555.428339,6336.478816093643,400.0
9069,1786799555,476605298,1786799555.476605,6343.020701723646,400.0
9070,1786799555,528002697,1786799555.528003,6328.397736531468,400.0
9071,1786799555,578977109,1786799555.578977,6352.386965693659,400.0
9072,1786799555,626650003,1786799555.626650,6347.57914864756,400.0
9073,1786799555,677798309,1786799555.677798,6300.892950648665,400.0
9074,1786799555,728991778,1786799555.728992,6288.134686322213,400.0
9075,1786799555,776968400,1786799555.776968,6333.912908740255,400.0
9076,1786799555,828461238,1786799555.828461,6354.2328908397785,400.0
9077,1786799555,876754732,1786799555.876755,6306.976144614194,400.0
9078,1786799555,928188996,1786799555.928189,6301.19106892882,400.0
9079,1786799555,979126111,1786799555.979126,6296.844752296016,400.0
9080,1786799556,26895153,1786799556.026895,6332.109388935175,400.0
9081,1786799556,78009638,1786799556.078010,6291.834688682175,400.0
9082,1786799556,129243176,1786799556.129243,6299.541725281174,400.0
9083,1786799556,177194974,1786799556.177195,6313.1659539174225,400.0
9084,1786799556,228746148,1786799556.228746,6274.878334466661,400.0
9085,1786799556,276878668,1786799556.276879,6316.645522992913,400.0
9086,1786799556,328535606,1786799556.328536,6280.079904464888,400.0
9087,1786799556,376819857,1786799556.376820,6306.793409491625,400.0
9088,1786799556,431423430,1786799556.431423,6296.9102714950595,400.0
9089,1786799556,482979290,1786799556.482979,6334.390516994612,400.0
9090,1786799556,530547680,1786799556.530548,6284.304925432761,400.0
9091,1786799556,581809369,1786799556.581809,6316.524793608912,400.0
9092,1786799556,632813289,1786799556.632813,6288.829550304876,400.0
9093,1786799556,681051874,1786799556.681052,6323.462328904378,400.0
9094,1786799556,732327136,1786799556.732327,6328.435317837083,400.0
9095,1786799556,780165375,1786799556.780165,6269.864524321679,400.0
9096,1786799556,831938409,1786799556.831939,6274.356243009527,400.0
9097,1786799556,880021045,1786799556.880021,6304.470300843563,400.0
9098,1786799556,931642575,1786799556.931643,6299.63103450178,400.0
9099,1786799556,979725745,1786799556.979726,6346.256302486827,400.0
9100,1786799557,30981566,1786799557.030982,6321.329693335562,400.0
9101,1786799557,82736250,1786799557.082736,6310.589971785897,400.0
9102,1786799557,130770911,1786799557.130771,6307.634456786365,400.0
9103,1786799557,182606922,1786799557.182607,6336.8166989430965,400.0
9104,1786799557,230952531,1786799557.230953,6289.563043762181,400.0
9105,1786799557,282155028,1786799557.282155,6309.969028757235,400.0
9106,1786799557,330136143,1786799557.330136,6311.7116785528115,400.0
9107,1786799557,381377427,1786799557.381377,6341.068258173804,400.0
9108,1786799557,432866151,1786799557.432866,6306.497713105122,400.0
9109,1786799557,481066852,1786799557.481067,6285.940504624621,400.0
9110,1786799557,532330996,1786799557.532331,6302.947060400791,400.0
9111,1786799557,580471544,1786799557.580472,6316.88889751087,400.0
9112,1786799557,632213126,1786799557.632213,6326.631980679868,400.0
9113,1786799557,680397607,1786799557.680398,6297.46940444342,400.0
9114,1786799557,731779260,1786799557.731779,6295.691295534279,400.0
9115,1786799557,780035134,1786799557.780035,6345.984879008351,400.0
9116,1786799557,831560102,1786799557.831560,6308.135412749504,400.0
9117,1786799557,879578906,1786799557.879579,6248.486809161153,400.0
9118,1786799557,930955003,1786799557.930955,6326.127797308083,400.0
9119,1786799557,982924839,1786799557.982925,6329.067630763639,400.0
9120,1786799558,30870869,1786799558.030871,6323.867183745578,400.0
9121,1786799558,82262456,1786799558.082263,6316.075327865402,400.0
9122,1786799558,130110662,1786799558.130111,6314.291829355697,400.0
9123,1786799558,181603882,1786799558.181604,6332.31553980148,400.0
9124,1786799558,232863439,1786799558.232863,6338.652081307006,400.0
9125,1786799558,281504315,1786799558.281504,6304.413700172128,400.0
9126,1786799558,329948603,1786799558.329949,6314.437556128058,400.0
9127,1786799558,380986695,1786799558.380987,6352.901283633949,400.0
9128,1786799558,432612366,1786799558.432612,6330.469826163563,400.0
9129,1786799558,480281220,1786799558.480281,6322.034856152256,400.0
9130,1786799558,531909717,1786799558.531910,6368.583209220038,400.0
9131,1786799558,579985123,1786799558.579985,6331.127047714292,400.0
9132,1786799558,631104089,1786799558.631104,6318.766018808922,400.0
9133,1786799558,682201726,1786799558.682202,6325.781639838807,400.0
9134,1786799558,729767280,1786799558.729767,6312.348856092734,400.0
9135,1786799558,781331313,1786799558.781331,6305.110139445638,400.0
9136,1786799558,832773176,1786799558.832773,6286.780340685783,400.0
9137,1786799558,881285794,1786799558.881286,6293.787716574052,400.0
9138,1786799558,929662892,1786799558.929663,6327.107476311763,400.0
9139,1786799558,980900104,1786799558.980900,6313.938923383604,400.0
9140,1786799559,32310597,1786799559.032310,6265.973220221177,400.0
9141,1786799559,80202666,1786799559.080203,6338.68154070989,400.0
9142,1786799559,131371207,1786799559.131371,6299.517132850339,400.0
9143,1786799559,179486390,1786799559.179486,6315.3724179530045,400.0
9144,1786799559,230589430,1786799559.230589,6322.302336529424,400.0
9145,1786799559,281947027,1786799559.281947,6323.825997645102,400.0
9146,1786799559,330042556,1786799559.330043,6305.949139782989,400.0
9147,1786799559,381304647,1786799559.381305,6346.061939029093,400.0
9148,1786799559,429462067,1786799559.429462,6324.776943387856,400.0
9149,1786799559,480939716,1786799559.480940,6335.968649683289,400.0
9150,1786799559,531918594,1786799559.531919,6306.9822656279675,400.0
9151,1786799559,579557978,1786799559.579558,6319.792985905885,400.0
9152,1786799559,630866154,1786799559.630866,6332.2571684824325,400.0
9153,1786799559,682535490,1786799559.682535,6306.751647344559,400.0
9154,1786799559,730156621,1786799559.730157,6317.942053206894,400.0
9155,1786799559,781176974,1786799559.781177,6306.542616073422,400.0
9156,1786799559,829329126,1786799559.829329,6287.736579402684,400.0
9157,1786799559,880839931,1786799559.880840,6271.3697958706125,400.0
9158,1786799559,932544828,1786799559.932545,6280.890246733709,400.0
9159,1786799559,980647097,1786799559.980647,6314.8044861639455,400.0
9160,1786799560,31982995,1786799560.031983,6297.135599037717,400.0
9161,1786799560,80037860,1786799560.080038,6326.810209920101,400.0
9162,1786799560,131035706,1786799560.131036,6325.80921535912,400.0
9163,1786799560,182537606,1786799560.182538,6303.93235691977,400.0
9164,1786799560,230261513,1786799560.230262,6321.851128866925,400.0
9165,1786799560,281458406,1786799560.281458,6295.836786551105,400.0
9166,1786799560,329472801,1786799560.329473,6294.315725548641,400.0
9167,1786799560,380488820,1786799560.380489,6308.398781775889,400.0
9168,1786799560,431804668,1786799560.431805,6317.087184943413,400.0
9169,1786799560,480898169,1786799560.480898,6305.903581136067,400.0
9170,1786799560,532057043,1786799560.532057,6309.345046806935,400.0
9171,1786799560,580419778,1786799560.580420,6310.461100274637,400.0
9172,1786799560,631867526,1786799560.631867,6313.470211022474,400.0
9173,1786799560,680117151,1786799560.680117,6300.256275787026,400.0
9174,1786799560,731785816,1786799560.731786,6306.055622947349,400.0
9175,1786799560,779864639,1786799560.779865,6335.910515987949,400.0
9176,1786799560,831704646,1786799560.831705,6290.593014158524,400.0
9177,1786799560,879419820,1786799560.879420,6327.425813416692,400.0
9178,1786799560,930968590,1786799560.930969,6352.137720547472,400.0
9179,1786799560,982202047,1786799560.982202,6322.448235592688,400.0
9180,1786799561,29759196,1786799561.029759,6311.854050718265,400.0
9181,1786799561,81313989,1786799561.081314,6326.7062368781535,400.0
9182,1786799561,129329665,1786799561.129330,6289.580999806646,400.0
9183,1786799561,180550371,1786799561.180550,6281.366598392432,400.0
9184,1786799561,231749436,1786799561.231750,6314.119317987268,400.0
9185,1786799561,279802398,1786799561.279802,6328.372073576623,400.0
9186,1786799561,331113435,1786799561.331113,6295.035957508014,400.0
9187,1786799561,382532793,1786799561.382533,6303.007313252431,400.0
9188,1786799561,430484781,1786799561.430485,6326.032258187127,400.0
9189,1786799561,482512639,1786799561.482513,6324.202504804562,400.0
9190,1786799561,530269162,1786799561.530269,6314.881438008619,400.0
9191,1786799561,581440556,1786799561.581440,6308.587278406942,400.0
9192,1786799561,629308734,1786799561.629309,6326.878908536401,400.0
9193,1786799561,680198724,1786799561.680199,6265.224768538512,400.0
9194,1786799561,731140342,1786799561.731140,6316.9745866965795,400.0
9195,1786799561,782462170,1786799561.782462,6302.4814344494935,400.0
9196,1786799561,830228897,1786799561.830229,6294.82017454463,400.0
9197,1786799561,882226400,1786799561.882226,6305.960946396093,400.0
9198,1786799561,929824233,1786799561.929824,6316.953373623699,400.0
9199,1786799561,981531528,1786799561.981532,6292.505402458952,400.0
9200,1786799562,29878584,1786799562.029879,6306.56850021589,400.0
9201,1786799562,81208081,1786799562.081208,6314.0021780628895,400.0
9202,1786799562,132551024,1786799562.132551,6333.181952124542,400.0
9203,1786799562,180647971,1786799562.180648,6322.365570615182,400.0
9204,1786799562,231768462,1786799562.231768,6329.85713912508,400.0
9205,1786799562,279720638,1786799562.279721,6335.163782626285,400.0
9206,1786799562,331143578,1786799562.331144,6280.134629175909,400.0
9207,1786799562,382320348,1786799562.382320,6289.079949208329,400.0
9208,1786799562,430301407,1786799562.430301,6308.79866580401,400.0
9209,1786799562,481573244,1786799562.481573,6311.526215103706,400.0
9210,1786799562,529443772,1786799562.529444,6341.090473999727,400.0
9211,1786799562,580559679,1786799562.580560,6336.647072508852,400.0
9212,1786799562,632572477,1786799562.632572,6307.037115307365,400.0
9213,1786799562,680271731,1786799562.680272,6331.143245604372,400.0
9214,1786799562,731350153,1786799562.731350,6312.502525003413,400.0
9215,1786799562,779696294,1786799562.779696,6307.565068156949,400.0
9216,1786799562,831275995,1786799562.831276,6286.476795632924,400.0
9217,1786799562,879111112,1786799562.879111,6318.666385778235,400.0
9218,1786799562,930253422,1786799562.930254,6346.8277588922465,400.0
9219,1786799562,982114191,1786799562.982114,6270.780551168298,400.0
9220,1786799563,29764445,1786799563.029764,6333.966332829563,400.0
9221,1786799563,80776001,1786799563.080776,6303.688031118297,400.0
9222,1786799563,131783297,1786799563.131783,6295.061846069052,400.0
9223,1786799563,179589556,1786799563.179590,6313.778589982776,400.0
9224,1786799563,230850662,1786799563.230851,6297.007150337934,400.0
9225,1786799563,279029505,1786799563.279030,6306.831466757814,400.0
9226,1786799563,330385839,1786799563.330386,6287.930077309914,400.0
9227,1786799563,382199547,1786799563.382200,6328.834987391434,400.0
9228,1786799563,430316358,1786799563.430316,6300.177494607774,400.0
9229,1786799563,481704446,1786799563.481704,6317.582539875096,400.0
9230,1786799563,529665662,1786799563.529666,6319.408430648121,400.0
9231,1786799563,580759623,1786799563.580760,6331.059530254618,400.0
9232,1786799563,632261999,1786799563.632262,6298.6413433324215,400.0
9233,1786799563,680049027,1786799563.680049,6341.572464881906,400.0
9234,1786799563,731823129,1786799563.731823,6347.17378468591,400.0
9235,1786799563,779856538,1786799563.779856,6343.133007307661,400.0
9236,1786799563,831301832,1786799563.831302,6346.246582584545,400.0
9237,1786799563,879416091,1786799563.879416,6323.370423303502,400.0
9238,1786799563,930958803,1786799563.930959,6342.051780196522,400.0
9239,1786799563,981964745,1786799563.981965,6304.235285180585,400.0
9240,1786799564,30233771,1786799564.030234,6346.216931449629,400.0
9241,1786799564,81553204,1786799564.081553,6313.586824151707,400.0
9242,1786799564,129808971,1786799564.129809,6306.9636223915995,400.0
9243,1786799564,181459584,1786799564.181460,6307.052905020533,400.0
9244,1786799564,229313243,1786799564.229313,6305.377809850884,400.0
9245,1786799564,280824663,1786799564.280825,6298.705264347705,400.0
9246,1786799564,329131152,1786799564.329131,6286.881503062282,400.0
9247,1786799564,380967653,1786799564.380968,6302.046705488051,400.0
9248,1786799564,428987231,1786799564.428987,6308.098454945523,400.0
9249,1786799564,480428620,1786799564.480429,6294.573334648311,400.0
9250,1786799564,531731862,1786799564.531732,6309.564478548176,400.0
9251,1786799564,579511011,1786799564.579511,6302.091158698966,400.0
9252,1786799564,630632293,1786799564.630632,6301.846646152116,400.0
9253,1786799564,678878414,1786799564.678878,6294.025009228987,400.0
9254,1786799564,730101907,1786799564.730102,6300.567861673268,400.0
9255,1786799564,781974211,1786799564.781974,6316.261241927153,400.0
9256,1786799564,829921922,1786799564.829922,6307.7436036196905,400.0
9257,1786799564,881330152,1786799564.881330,6326.563062910281,400.0
9258,1786799564,929340293,1786799564.929340,6305.295830489932,400.0
9259,1786799564,980494975,1786799564.980495,6306.076926025478,400.0
9260,1786799565,31938917,1786799565.031939,6338.177322527539,400.0
9261,1786799565,80281040,1786799565.080281,6337.043235763336,400.0
9262,1786799565,131852428,1786799565.131852,6354.120207641723,400.0
9263,1786799565,180111230,1786799565.180111,6317.465355056966,400.0
9264,1786799565,231775170,1786799565.231775,6299.422282363335,400.0
9265,1786799565,279994373,1786799565.279994,6317.666030717051,400.0
9266,1786799565,331450836,1786799565.331451,6293.659503631652,400.0
9267,1786799565,379286870,1786799565.379287,6282.7686010785255,400.0
9268,1786799565,430440315,1786799565.430440,6296.584199074738,400.0
9269,1786799565,481643130,1786799565.481643,6351.559549147187,400.0
9270,1786799565,529697773,1786799565.529698,6331.628069803884,400.0
9271,1786799565,581244454,1786799565.581244,6319.541206671588,400.0
9272,1786799565,629318785,1786799565.629319,6321.945418990417,400.0
9273,1786799565,680626097,1786799565.680626,6318.358712505147,400.0
9274,1786799565,728848984,1786799565.728849,6303.488015938658,400.0
9275,1786799565,781119042,1786799565.781119,6321.371475623428,400.0
9276,1786799565,829144502,1786799565.829144,6325.906326341117,400.0
9277,1786799565,880607665,1786799565.880608,6314.973813095703,400.0
9278,1786799565,931995573,1786799565.931996,6301.718113259801,400.0
9279,1786799565,979692007,1786799565.979692,6311.1584299178985,400.0
9280,1786799566,30822017,1786799566.030822,6305.745027105126,400.0
9281,1786799566,79441558,1786799566.079442,6301.569611953094,400.0
9282,1786799566,130340424,1786799566.130340,6332.2546676601705,400.0
9283,1786799566,181332694,1786799566.181333,6317.486424287128,400.0
9284,1786799566,228898301,1786799566.228898,6286.509644794458,400.0
9285,1786799566,280260202,1786799566.280260,6299.57934199171,400.0
9286,1786799566,331785813,1786799566.331786,6297.457721095183,400.0
9287,1786799566,379966726,1786799566.379967,6337.730418658689,400.0
9288,1786799566,432018948,1786799566.432019,6318.909121641264,400.0
9289,1786799566,480205879,1786799566.480206,6287.93401696676,400.0
9290,1786799566,531275975,1786799566.531276,6290.438595542774,400.0
9291,1786799566,579436778,1786799566.579437,6322.871745911356,400.0
9292,1786799566,630650189,1786799566.630650,6315.449647328687,400.0
9293,1786799566,678767063,1786799566.678767,6334.2219967537185,400.0
9294,1786799566,730306525,1786799566.730307,6278.447192817408,400.0
9295,1786799566,781547770,1786799566.781548,6319.975122185535,400.0
9296,1786799566,829477757,1786799566.829478,6366.370408450969,400.0
9297,1786799566,881402127,1786799566.881402,6338.389813125849,400.0
9298,1786799566,929654621,1786799566.929655,6324.523663787639,400.0
9299,1786799566,981512646,1786799566.981513,6346.923696756985,400.0
9300,1786799567,29280369,1786799567.029280,6298.8156470354115,400.0
9301,1786799567,80516531,1786799567.080517,6321.328096017752,400.0
9302,1786799567,131985748,1786799567.131986,6307.3927083093395,400.0
9303,1786799567,179832143,1786799567.179832,6323.075947136576,400.0
9304,1786799567,231114548,1786799567.231115,6274.183485833078,400.0
9305,1786799567,279431796,1786799567.279432,6263.567799815944,400.0
9306,1786799567,331168333,1786799567.331168,6328.018350176865,400.0
9307,1786799567,379303072,1786799567.379303,6323.213621453348,400.0
9308,1786799567,430266718,1786799567.430267,6331.164665546139,400.0
9309,1786799567,481643764,1786799567.481644,6334.302673819111,400.0
9310,1786799567,529470895,1786799567.529471,6315.28442685675,400.0
9311,1786799567,580692099,1786799567.580692,6346.254307542953,400.0
9312,1786799567,628678906,1786799567.628679,6289.848343183422,400.0
9313,1786799567,679956408,1786799567.679956,6358.223913753828,400.0
9314,1786799567,731219413,1786799567.731220,6337.965471737701,400.0
9315,1786799567,779074844,1786799567.779075,6308.56307293713,400.0
9316,1786799567,830630769,1786799567.830631,6319.523176040335,400.0
9317,1786799567,878881973,1786799567.878882,6351.384515759833,400.0
9318,1786799567,930408229,1786799567.930408,6354.184862622763,400.0
9319,1786799567,981912179,1786799567.981912,6344.21510811023,400.0
9320,1786799568,29922692,1786799568.029923,6344.283448701995,400.0
9321,1786799568,81299080,1786799568.081299,6318.829138937306,400.0
9322,1786799568,129106194,1786799568.129106,6299.054081009991,400.0
9323,1786799568,180346596,1786799568.180346,6309.097279184056,400.0
9324,1786799568,231639061,1786799568.231639,6304.18741563956,400.0
9325,1786799568,279773551,1786799568.279773,6303.862810979238,400.0
9326,1786799568,330932372,1786799568.330932,6283.285127855109,400.0
9327,1786799568,379305316,1786799568.379305,6331.876420078868,400.0
9328,1786799568,430543438,1786799568.430543,6288.778709465057,400.0
9329,1786799568,478822502,1786799568.478822,6296.669946674388,400.0
9330,1786799568,529948403,1786799568.529948,6347.974137908119,400.0
9331,1786799568,581078274,1786799568.581078,6291.352492143876,400.0
9332,1786799568,628729246,1786799568.628729,6308.948379421357,400.0
9333,1786799568,680508123,1786799568.680508,6298.468475597989,400.0
9334,1786799568,731425194,1786799568.731425,6309.120738455178,400.0
9335,1786799568,779036089,1786799568.779036,6274.75137192557,400.0
9336,1786799568,830610766,1786799568.830611,6301.700097288515,400.0
9337,1786799568,878689371,1786799568.878689,6316.687035162854,400.0
9338,1786799568,930201344,1786799568.930201,6326.590395386264,400.0
9339,1786799568,978762092,1786799568.978762,6284.620868464358,400.0
9340,1786799569,30480680,1786799569.030481,6300.050860029858,400.0
9341,1786799569,78607670,1786799569.078608,6339.393822330456,400.0
9342,1786799569,130459888,1786799569.130460,6332.0906919741155,400.0
9343,1786799569,178518884,1786799569.178519,6300.942253769785,400.0
9344,1786799569,229551160,1786799569.229551,6290.361524689324,400.0
9345,1786799569,281143042,1786799569.281143,6319.44420332273,400.0
9346,1786799569,328971531,1786799569.328972,6290.214967190163,400.0
9347,1786799569,380479148,1786799569.380479,6324.069538046041,400.0
9348,1786799569,431972067,1786799569.431972,6290.777494642972,400.0
9349,1786799569,479946830,1786799569.479947,6281.25485667016,400.0
9350,1786799569,531072712,1786799569.531073,6299.964954205621,400.0
9351,1786799569,579429416,1786799569.579429,6315.546413512911,400.0
9352,1786799569,631008801,1786799569.631009,6301.492180926045,400.0
9353,1786799569,679262388,1786799569.679262,6315.108280664439,400.0
9354,1786799569,730505859,1786799569.730506,6317.696787980211,400.0
9355,1786799569,778517593,1786799569.778517,6322.879206110296,400.0
9356,1786799569,829597439,1786799569.829597,6295.45589279506,400.0
9357,1786799569,880664594,1786799569.880665,6332.373771672873,400.0
9358,1786799569,928388675,1786799569.928389,6300.092513626012,400.0
9359,1786799569,980090641,1786799569.980091,6327.597826125227,400.0
9360,1786799570,31039894,1786799570.031040,6278.862440743587,400.0
9361,1786799570,79651398,1786799570.079651,6318.798894769876,400.0
9362,1786799570,131112579,1786799570.131113,6313.448754173083,400.0
9363,1786799570,179352295,1786799570.179352,6317.486834457871,400.0
9364,1786799570,231058362,1786799570.231058,6293.234090607687,400.0
9365,1786799570,279095507,1786799570.279095,6299.061534918225,400.0
9366,1786799570,330125666,1786799570.330126,6309.89340079766,400.0
9367,1786799570,381336886,1786799570.381337,6307.078154489316,400.0
9368,1786799570,429973333,1786799570.429973,6326.261890267761,400.0
9369,1786799570,480914681,1786799570.480915,6315.86816430976,400.0
9370,1786799570,528828287,1786799570.528828,6301.878260888483,400.0
9371,1786799570,580314547,1786799570.580315,6293.77631843998,400.0
9372,1786799570,631536699,1786799570.631537,6324.074942262637,400.0
9373,1786799570,679749929,1786799570.679750,6284.340693464993,400.0
9374,1786799570,728526075,1786799570.728526,6290.638493280775,400.0
9375,1786799570,779800490,1786799570.779800,6276.814732437067,400.0
9376,1786799570,831426580,1786799570.831427,6317.232625227272,400.0
9377,1786799570,879756653,1786799570.879757,6299.868387621302,400.0
9378,1786799570,931206194,1786799570.931206,6317.129627734371,400.0
9379,1786799570,979482078,1786799570.979482,6309.7874792101775,400.0
9380,1786799571,31398029,1786799571.031398,6272.996839639466,400.0
9381,1786799571,79988015,1786799571.079988,6289.173025794316,400.0
9382,1786799571,131474826,1786799571.131475,6325.425915371762,400.0
9383,1786799571,179682247,1786799571.179682,6285.09224653591,400.0
9384,1786799571,231221521,1786799571.231221,6325.493247028528,400.0
9385,1786799571,278910497,1786799571.278910,6286.821691383925,400.0
9386,1786799571,330433500,1786799571.330434,6302.942961814947,400.0
9387,1786799571,379746021,1786799571.379746,6293.303079016264,400.0
9388,1786799571,431101855,1786799571.431102,6316.199534472418,400.0
9389,1786799571,479725147,1786799571.479725,6290.5145927699305,400.0
9390,1786799571,531316743,1786799571.531317,6313.740812617079,400.0
9391,1786799571,579211494,1786799571.579211,6301.224804910646,400.0
9392,1786799571,630639694,1786799571.630640,6309.058338466561,400.0
9393,1786799571,678941749,1786799571.678942,6326.875543699977,400.0
9394,1786799571,730904661,1786799571.730905,6268.303152990815,400.0
9395,1786799571,778988586,1786799571.778989,6254.863197318293,400.0
9396,1786799571,830737354,1786799571.830737,6325.363961406396,400.0
9397,1786799571,878619453,1786799571.878619,6311.62334583081,400.0
9398,1786799571,930084861,1786799571.930085,6262.85065109483,400.0
9399,1786799571,978302609,1786799571.978303,6317.6817121872455,400.0
9400,1786799572,29466489,1786799572.029466,6291.754668492686,400.0
9401,1786799572,80664787,1786799572.080665,6259.594959921268,400.0
9402,1786799572,128641009,1786799572.128641,6300.569284199846,400.0
9403,1786799572,180099740,1786799572.180100,6283.086181555806,400.0
9404,1786799572,231704350,1786799572.231704,6314.588743581873,400.0
9405,1786799572,279837719,1786799572.279838,6263.897710480358,400.0
9406,1786799572,331254002,1786799572.331254,6292.7609920602,400.0
9407,1786799572,379360813,1786799572.379361,6298.101453804548,400.0
9408,1786799572,431292887,1786799572.431293,6288.944197864826,400.0
9409,1786799572,479401642,1786799572.479402,6320.67491483244,400.0
9410,1786799572,530901985,1786799572.530902,6246.473880683717,400.0
9411,1786799572,578628434,1786799572.578629,6311.44233216153,400.0
9412,1786799572,630149145,1786799572.630149,6294.591641328165,400.0
9413,1786799572,678337147,1786799572.678337,6283.130666649518,400.0
9414,1786799572,729293027,1786799572.729293,6276.022184205546,400.0
9415,1786799572,780495591,1786799572.780496,6284.396373992673,400.0
9416,1786799572,828626874,1786799572.828627,6300.441131103388,400.0
9417,1786799572,880525893,1786799572.880526,6284.605717002592,400.0
9418,1786799572,928486266,1786799572.928486,6292.595740212166,400.0
9419,1786799572,980027061,1786799572.980027,6263.316926322646,400.0
9420,1786799573,30980669,1786799573.030981,6296.195611486846,400.0
9421,1786799573,78818812,1786799573.078819,6292.2530134123535,400.0
9422,1786799573,130347485,1786799573.130347,6317.236420158516,400.0
9423,1786799573,178569997,1786799573.178570,6299.96267970672,400.0
9424,1786799573,229973029,1786799573.229973,6291.407634527684,400.0
9425,1786799573,278037526,1786799573.278038,6298.383609764705,400.0
9426,1786799573,329474647,1786799573.329475,6287.750687553457,400.0
9427,1786799573,381198649,1786799573.381199,6271.84727465998,400.0
9428,1786799573,429268914,1786799573.429269,6294.982628284465,400.0
9429,1786799573,480735420,1786799573.480735,6311.978255940281,400.0
9430,1786799573,528402438,1786799573.528402,6325.125246776695,400.0
9431,1786799573,580738305,1786799573.580738,6288.58853892687,400.0
9432,1786799573,628975274,1786799573.628975,6271.614841000892,400.0
9433,1786799573,680224235,1786799573.680224,6327.056233346418,400.0
9434,1786799573,728427567,1786799573.728428,6319.681608928511,400.0
9435,1786799573,780300106,1786799573.780300,6288.600140376139,400.0
9436,1786799573,828183187,1786799573.828183,6321.127172895961,400.0
9437,1786799573,879336561,1786799573.879337,6314.849894332621,400.0
9438,1786799573,930414032,1786799573.930414,6327.280614195421,400.0
9439,1786799573,978241404,1786799573.978241,6317.855084394409,400.0
9440,1786799574,29631620,1786799574.029632,6304.085678370766,400.0
9441,1786799574,80689294,1786799574.080689,6311.5482253724695,400.0
9442,1786799574,128622492,1786799574.128623,6331.919887045444,400.0
9443,1786799574,180246112,1786799574.180246,6318.14805234802,400.0
9444,1786799574,228239390,1786799574.228239,6356.902777707899,400.0
9445,1786799574,279324755,1786799574.279325,6361.532280946396,400.0
9446,1786799574,330377261,1786799574.330377,6300.372403637913,400.0
9447,1786799574,378434354,1786799574.378434,6323.163182579096,400.0
9448,1786799574,430053855,1786799574.430054,6310.329219903385,400.0
9449,1786799574,478178669,1786799574.478179,6327.962399356913,400.0
9450,1786799574,529785429,1786799574.529785,6328.620544931638,400.0
9451,1786799574,578038393,1786799574.578038,6336.578124122149,400.0
9452,1786799574,629668922,1786799574.629669,6299.830214631891,400.0
9453,1786799574,680687945,1786799574.680688,6280.91555198051,400.0
9454,1786799574,728354525,1786799574.728354,6323.67742295911,400.0
9455,1786799574,779973237,1786799574.779973,6293.747310377827,400.0
9456,1786799574,828383595,1786799574.828384,6288.915659532317,400.0
9457,1786799574,879990560,1786799574.879991,6297.266818068361,400.0
9458,1786799574,927982252,1786799574.927982,6321.555024450147,400.0
9459,1786799574,979607626,1786799574.979608,6326.629906434653,400.0
9460,1786799575,30924089,1786799575.030924,6285.883543909182,400.0
9461,1786799575,79181986,1786799575.079182,6313.221135556806,400.0
9462,1786799575,130437430,1786799575.130437,6336.31385314983,400.0
9463,1786799575,178707377,1786799575.178707,6258.237761444156,400.0
9464,1786799575,230018560,1786799575.230019,6337.2207922887055,400.0
9465,1786799575,278032520,1786799575.278033,6314.84609970491,400.0
9466,1786799575,328597927,1786799575.328598,6307.805882476086,400.0
9467,1786799575,380290700,1786799575.380291,6323.192357883263,400.0
9468,1786799575,428321123,1786799575.428321,6326.333329910175,400.0
9469,1786799575,480001192,1786799575.480001,6307.503576392334,400.0
9470,1786799575,528074409,1786799575.528075,6307.462988562471,400.0
9471,1786799575,579875653,1786799575.579876,6293.25730102315,400.0
9472,1786799575,630495525,1786799575.630496,6310.588594052099,400.0
9473,1786799575,677960508,1786799575.677960,6281.320207539148,400.0
9474,1786799575,729653994,1786799575.729654,6311.897538776128,400.0
9475,1786799575,777899186,1786799575.777899,6324.4529770538975,400.0
9476,1786799575,829641685,1786799575.829642,6309.091662804561,400.0
9477,1786799575,877890006,1786799575.877890,6250.444940886069,400.0
9478,1786799575,929605176,1786799575.929605,6297.74715945753,400.0
9479,1786799575,980968904,1786799575.980969,6272.02627668354,400.0
9480,1786799576,28757314,1786799576.028757,6320.5740887725,400.0
9481,1786799576,80303724,1786799576.080304,6283.976118157691,400.0
9482,1786799576,128336547,1786799576.128336,6326.592030643299,400.0
9483,1786799576,179554000,1786799576.179554,6307.792506152178,400.0
9484,1786799576,230883677,1786799576.230884,6313.315671257464,400.0
9485,1786799576,278676124,1786799576.278676,6315.36125054014,400.0
9486,1786799576,329930378,1786799576.329930,6325.096453436885,400.0
9487,1786799576,377792743,1786799576.377793,6334.688588055582,400.0
9488,1786799576,428706940,1786799576.428707,6288.642362291561,400.0
9489,1786799576,479834831,1786799576.479835,6299.099688556275,400.0
9490,1786799576,530847913,1786799576.530848,6328.542328455329,400.0
9491,1786799576,578348758,1786799576.578349,6298.881539038543,400.0
9492,1786799576,629369740,1786799576.629370,6306.958259615699,400.0
9493,1786799576,680750673,1786799576.680751,6321.614650647937,400.0
9494,1786799576,729228193,1786799576.729228,6285.864614170198,400.0
9495,1786799576,780743987,1786799576.780744,6318.20802257163,400.0
9496,1786799576,828792050,1786799576.828792,6328.16678350124,400.0
9497,1786799576,879890183,1786799576.879890,6338.619257302559,400.0
9498,1786799576,928049951,1786799576.928050,6308.583875231986,400.0
9499,1786799576,979669538,1786799576.979670,6324.673147649088,400.0
9500,1786799577,30617997,1786799577.030618,6319.186830941719,400.0
9501,1786799577,78315470,1786799577.078315,6338.426214213774,400.0
9502,1786799577,129905728,1786799577.129906,6324.635326774759,400.0
9503,1786799577,177833526,1786799577.177834,6335.761351557182,400.0
9504,1786799577,229038630,1786799577.229039,6369.796714760228,400.0
9505,1786799577,280314030,1786799577.280314,6309.072995143284,400.0
9506,1786799577,328157782,1786799577.328158,6278.541991141367,400.0
9507,1786799577,379800586,1786799577.379801,6335.178740748458,400.0
9508,1786799577,427844260,1786799577.427844,6284.395866322921,400.0
9509,1786799577,479600155,1786799577.479600,6324.491804002344,400.0
9510,1786799577,530901631,1786799577.530902,6297.640799042764,400.0
9511,1786799577,579014135,1786799577.579014,6350.850266340917,400.0
9512,1786799577,630621648,1786799577.630622,6322.971185056517,400.0
9513,1786799577,678806728,1786799577.678807,6357.785935516312,400.0
9514,1786799577,730404747,1786799577.730405,6309.336069045671,400.0
9515,1786799577,778775385,1786799577.778775,6324.905273897587,400.0
9516,1786799577,830589822,1786799577.830590,6293.674817859926,400.0
9517,1786799577,878592562,1786799577.878592,6297.776168259219,400.0
9518,1786799577,929863619,1786799577.929864,6319.758326949271,400.0
9519,1786799577,977553498,1786799577.977554,6303.332810196357,400.0
9520,1786799578,28617228,1786799578.028617,6308.873528519562,400.0
9521,1786799578,79036484,1786799578.079036,6288.378147958409,400.0
9522,1786799578,129611922,1786799578.129612,6304.0821948763005,400.0
9523,1786799578,180786773,1786799578.180787,6278.075314107068,400.0
9524,1786799578,228851985,1786799578.228852,6321.219310747953,400.0
9525,1786799578,280615016,1786799578.280615,6302.394634712734,400.0
9526,1786799578,328816477,1786799578.328816,6277.4402230704345,400.0
9527,1786799578,380029694,1786799578.380030,6286.5057883676545,400.0
9528,1786799578,428162392,1786799578.428162,6307.09513197935,400.0
9529,1786799578,479874596,1786799578.479875,6286.528973360135,400.0
9530,1786799578,527969273,1786799578.527969,6264.328073636766,400.0
9531,1786799578,579856802,1786799578.579857,6305.154377994674,400.0
9532,1786799578,627845948,1786799578.627846,6298.710036751039,400.0
9533,1786799578,679289395,1786799578.679289,6327.5140815885625,400.0
9534,1786799578,727658077,1786799578.727658,6301.408417593447,400.0
9535,1786799578,779211009,1786799578.779211,6308.603246286144,400.0
9536,1786799578,827705001,1786799578.827705,6304.790729729631,400.0
9537,1786799578,879701594,1786799578.879702,6283.740043807514,400.0
9538,1786799578,930530142,1786799578.930530,6329.0078179741595,400.0
9539,1786799578,978472444,1786799578.978472,6274.829312641918,400.0
9540,1786799579,29917580,1786799579.029917,6267.3989893096405,400.0
9541,1786799579,77963330,1786799579.077963,6320.489769787404,400.0
9542,1786799579,129572241,1786799579.129572,6279.3685358662715,400.0
9543,1786799579,180686797,1786799579.180687,6317.897713843199,400.0
9544,1786799579,228714077,1786799579.228714,6336.61957513083,400.0
9545,1786799579,279907599,1786799579.279908,6301.744876477252,400.0
9546,1786799579,327934196,1786799579.327934,6322.5786291431505,400.0
9547,1786799579,379131038,1786799579.379131,6300.847654006403,400.0
9548,1786799579,430145341,1786799579.430145,6291.819474649418,400.0
9549,1786799579,477868390,1786799579.477868,6303.977996853048,400.0
9550,1786799579,529483613,1786799579.529484,6297.639239943,400.0
9551,1786799579,580815963,1786799579.580816,6319.184019911681,400.0
9552,1786799579,628983379,1786799579.628983,6340.830574002178,400.0
9553,1786799579,680663717,1786799579.680664,6298.936652194458,400.0
9554,1786799579,728717647,1786799579.728718,6313.631412799856,400.0
9555,1786799579,780061662,1786799579.780062,6311.794828402054,400.0
9556,1786799579,827883602,1786799579.827884,6318.921718182824,400.0
9557,1786799579,879430983,1786799579.879431,6308.007893262803,400.0
9558,1786799579,927755203,1786799579.927755,6315.758356623652,400.0
9559,1786799579,979376973,1786799579.979377,6353.9016793296105,400.0
9560,1786799580,27627848,1786799580.027628,6352.116604902614,400.0
9561,1786799580,79405155,1786799580.079405,6322.806679572647,400.0
9562,1786799580,130685828,1786799580.130686,6351.872231622879,400.0
9563,1786799580,178829750,1786799580.178830,6357.849172176309,400.0
9564,1786799580,230244200,1786799580.230244,6322.038231809675,400.0
9565,1786799580,277912589,1786799580.277913,6362.6541174766935,400.0
9566,1786799580,328983860,1786799580.328984,6339.178110962757,400.0
9567,1786799580,380324748,1786799580.380325,6314.67884119212,400.0
9568,1786799580,428319120,1786799580.428319,6330.428063913741,400.0
9569,1786799580,479670189,1786799580.479670,6353.6966767001495,400.0
9570,1786799580,527752260,1786799580.527752,6337.094777411511,400.0
9571,1786799580,579073379,1786799580.579073,6318.241676120355,400.0
9572,1786799580,630178033,1786799580.630178,6311.874061661182,400.0
9573,1786799580,678575456,1786799580.678576,6340.612206775302,400.0
9574,1786799580,730416970,1786799580.730417,6300.494830934048,400.0
9575,1786799580,778760597,1786799580.778761,6325.7273740823875,400.0
9576,1786799580,830110804,1786799580.830111,6302.620894867021,400.0
9577,1786799580,878547495,1786799580.878547,6311.362063056008,400.0
9578,1786799580,930010854,1786799580.930011,6334.524702407053,400.0
9579,1786799580,977848515,1786799580.977849,6285.88583740612,400.0
9580,1786799581,28879319,1786799581.028879,6321.688690626333,400.0
9581,1786799581,80289338,1786799581.080289,6312.6841196771975,400.0
9582,1786799581,128201840,1786799581.128202,6322.714865239477,400.0
9583,1786799581,179822029,1786799581.179822,6274.95473335178,400.0
9584,1786799581,227841815,1786799581.227842,6294.350449075171,400.0
9585,1786799581,279615783,1786799581.279616,6317.091888394445,400.0
9586,1786799581,327842354,1786799581.327842,6309.472299754061,400.0
9587,1786799581,379540739,1786799581.379541,6336.607064521377,400.0
9588,1786799581,427223309,1786799581.427223,6309.7043246610865,400.0
9589,1786799581,478796301,1786799581.478796,6303.242663247878,400.0
9590,1786799581,530106201,1786799581.530106,6308.28683011927,400.0
9591,1786799581,578294498,1786799581.578295,6314.386255832123,400.0
9592,1786799581,629606204,1786799581.629606,6330.392791166066,400.0
9593,1786799581,677589496,1786799581.677589,6301.757693732636,400.0
9594,1786799581,729203012,1786799581.729203,6312.590416550677,400.0
9595,1786799581,777251634,1786799581.777252,6323.939203849976,400.0
9596,1786799581,828987408,1786799581.828987,6281.445222334377,400.0
9597,1786799581,880357550,1786799581.880358,6285.975743202297,400.0
9598,1786799581,928304520,1786799581.928304,6298.81158194565,400.0
9599,1786799581,979285494,1786799581.979285,6295.139588010085,400.0
9600,1786799582,30442066,1786799582.030442,6316.406874884362,400.0
9601,1786799582,78418449,1786799582.078418,6324.626478254504,400.0
9602,1786799582,130307381,1786799582.130307,6301.921532513895,400.0
9603,1786799582,178323128,1786799582.178323,6264.811999727985,400.0
9604,1786799582,229627862,1786799582.229628,6305.511267565041,400.0
9605,1786799582,277519338,1786799582.277519,6271.31573126806,400.0
9606,1786799582,328697760,1786799582.328698,6308.392912255894,400.0
9607,1786799582,380227985,1786799582.380228,6289.958093935401,400.0
9608,1786799582,428544315,1786799582.428544,6298.085346990856,400.0
9609,1786799582,479904794,1786799582.479905,6324.2376679618465,400.0
9610,1786799582,527689466,1786799582.527689,6314.746639732099,400.0
9611,1786799582,578911409,1786799582.578911,6307.043624384616,400.0
9612,1786799582,630439171,1786799582.630439,6317.364213850124,400.0
9613,1786799582,679037408,1786799582.679037,6328.36160328133,400.0
9614,1786799582,727126077,1786799582.727126,6284.453059768501,400.0
9615,1786799582,778874963,1786799582.778875,6326.336857858758,400.0
9616,1786799582,827091761,1786799582.827092,6350.60170473954,400.0
9617,1786799582,879005445,1786799582.879005,6316.7292883430255,400.0
9618,1786799582,930524450,1786799582.930524,6312.227708631464,400.0
9619,1786799582,978163755,1786799582.978164,6314.887980093172,400.0
9620,1786799583,29824382,1786799583.029824,6319.23611821261,400.0
9621,1786799583,77731833,1786799583.077732,6328.1235292531555,400.0
9622,1786799583,128877116,1786799583.128877,6319.972347454877,400.0
9623,1786799583,177120415,1786799583.177120,6339.550072252962,400.0
9624,1786799583,228518974,1786799583.228519,6316.09909966674,400.0
9625,1786799583,279971485,1786799583.279972,6335.611061867699,400.0
9626,1786799583,327988057,1786799583.327988,6319.296006316377,400.0
9627,1786799583,379415273,1786799583.379415,6313.907610253891,400.0
9628,1786799583,427540002,1786799583.427540,6328.410826609018,400.0
9629,1786799583,479160150,1786799583.479160,6313.988412216336,400.0
9630,1786799583,527190323,1786799583.527190,6367.018176904653,400.0
9631,1786799583,578600036,1786799583.578600,6326.032725788018,400.0
9632,1786799583,629872527,1786799583.629873,6304.511016390844,400.0
9633,1786799583,678339297,1786799583.678339,6310.85969927613,400.0
9634,1786799583,729880128,1786799583.729880,6318.9273512161235,400.0
9635,1786799583,778090669,1786799583.778091,6310.299648759527,400.0
9636,1786799583,829925049,1786799583.829925,6349.0663875059145,400.0
9637,1786799583,877933748,1786799583.877934,6325.858369455157,400.0
9638,1786799583,929443447,1786799583.929443,6323.0668946761525,400.0
9639,1786799583,977495987,1786799583.977496,6336.843518847967,400.0
9640,1786799584,29178713,1786799584.029179,6334.826434303539,400.0
9641,1786799584,77414713,1786799584.077415,6342.289847085371,400.0
9642,1786799584,128492828,1786799584.128493,6315.8563200883555,400.0
9643,1786799584,180016184,1786799584.180016,6346.610920119318,400.0
9644,1786799584,228043169,1786799584.228043,6322.145381565532,400.0
9645,1786799584,279075677,1786799584.279076,6304.500673214846,400.0
9646,1786799584,327163548,1786799584.327163,6303.1143567242125,400.0
9647,1786799584,378998666,1786799584.378999,6321.001060722873,400.0
9648,1786799584,426927258,1786799584.426927,6355.082772813511,400.0
9649,1786799584,478254844,1786799584.478255,6314.5497219386525,400.0
9650,1786799584,529338881,1786799584.529339,6324.0983336739355,400.0
9651,1786799584,577685944,1786799584.577686,6318.881053471178,400.0
9652,1786799584,629107757,1786799584.629108,6326.330502643848,400.0
9653,1786799584,677957710,1786799584.677958,6339.48219835655,400.0
9654,1786799584,729496621,1786799584.729497,6289.300185698001,400.0
9655,1786799584,777105044,1786799584.777105,6294.308621515541,400.0
9656,1786799584,828577216,1786799584.828577,6306.916784130853,400.0
9657,1786799584,876937626,1786799584.876938,6303.084379996483,400.0
9658,1786799584,928410653,1786799584.928411,6327.396352134111,400.0
9659,1786799584,979514041,1786799584.979514,6358.727618274137,400.0
9660,1786799585,29518352,1786799585.029518,6309.964610344723,400.0
9661,1786799585,77256283,1786799585.077256,6298.272769497966,400.0
9662,1786799585,128923520,1786799585.128923,6292.5443731002715,400.0
9663,1786799585,176978856,1786799585.176979,6294.972711433461,400.0
9664,1786799585,228812174,1786799585.228812,6292.3246077814065,400.0
9665,1786799585,279893601,1786799585.279894,6286.1379818416935,400.0
9666,1786799585,327781210,1786799585.327781,6310.335043040944,400.0
9667,1786799585,378934499,1786799585.378934,6287.314416802941,400.0
9668,1786799585,430035589,1786799585.430036,6307.023962888552,400.0
9669,1786799585,477815866,1786799585.477816,6281.3571029836385,400.0
9670,1786799585,528913888,1786799585.528914,6332.254022846088,400.0
9671,1786799585,577047487,1786799585.577048,6299.673106113699,400.0
9672,1786799585,628205891,1786799585.628206,6327.404748391332,400.0
9673,1786799585,679719152,1786799585.679719,6339.517698330943,400.0
9674,1786799585,727729084,1786799585.727729,6323.501482537866,400.0
9675,1786799585,779509589,1786799585.779510,6336.8833514664775,400.0
9676,1786799585,827332807,1786799585.827333,6310.907876620107,400.0
9677,1786799585,878718836,1786799585.878719,6348.308282723343,400.0
9678,1786799585,927305156,1786799585.927305,6318.724362070328,400.0
9679,1786799585,978795554,1786799585.978796,6270.4216154665555,400.0
9680,1786799586,29941609,1786799586.029942,6324.579977697713,400.0
9681,1786799586,78245618,1786799586.078246,6303.231513026395,400.0
9682,1786799586,129718354,1786799586.129718,6304.290820281099,400.0
9683,1786799586,177889459,1786799586.177889,6339.6844991773,400.0
9684,1786799586,229906484,1786799586.229907,6306.665639275725,400.0
9685,1786799586,277606866,1786799586.277607,6344.642114459722,400.0
9686,1786799586,328801143,1786799586.328801,6323.440954836884,400.0
9687,1786799586,376866629,1786799586.376867,6299.861666457462,400.0
9688,1786799586,428612110,1786799586.428612,6307.337191388097,400.0
9689,1786799586,479689255,1786799586.479689,6319.0971851751365,400.0
9690,1786799586,527851538,1786799586.527852,6359.627313030924,400.0
9691,1786799586,579062075,1786799586.579062,6311.603116674859,400.0
9692,1786799586,627185677,1786799586.627186,6323.482728030206,400.0
9693,1786799586,678245134,1786799586.678245,6343.858556966141,400.0
9694,1786799586,729544774,1786799586.729545,6348.91668449789,400.0
9695,1786799586,777479177,1786799586.777479,6362.732431685792,400.0
9696,1786799586,828625113,1786799586.828625,6296.144042697826,400.0
9697,1786799586,879762516,1786799586.879762,6333.782323957316,400.0
9698,1786799586,927717640,1786799586.927718,6340.3851802444315,400.0
9699,1786799586,979332311,1786799586.979332,6313.09942811381,400.0
9700,1786799587,27224518,1786799587.027225,6313.751865305644,400.0
9701,1786799587,78675128,1786799587.078675,6292.235477555357,400.0
9702,1786799587,127040738,1786799587.127041,6311.04439702327,400.0
9703,1786799587,178361119,1786799587.178361,6319.353947571193,400.0
9704,1786799587,229726785,1786799587.229727,6311.267466005328,400.0
9705,1786799587,277662337,1786799587.277662,6332.4146039409125,400.0
9706,1786799587,329210471,1786799587.329211,6276.820060329206,400.0
9707,1786799587,377899400,1786799587.377899,6307.408977663972,400.0
9708,1786799587,429210296,1786799587.429210,6296.215018950603,400.0
9709,1786799587,477027615,1786799587.477028,6295.391715680827,400.0
9710,1786799587,528574015,1786799587.528574,6291.271318961509,400.0
9711,1786799587,579876221,1786799587.579876,6328.861312950844,400.0
9712,1786799587,628053825,1786799587.628054,6324.426448995638,400.0
9713,1786799587,679474100,1786799587.679474,6335.423536179612,400.0
9714,1786799587,727770447,1786799587.727770,6315.207423336622,400.0
9715,1786799587,779550721,1786799587.779551,6294.470851358324,400.0
9716,1786799587,827736038,1786799587.827736,6343.724044250465,400.0
9717,1786799587,879276890,1786799587.879277,6293.419192806468,400.0
9718,1786799587,927261176,1786799587.927261,6339.171009919628,400.0
9719,1786799587,978691905,1786799587.978692,6317.04567572979,400.0
9720,1786799588,26707315,1786799588.026707,6282.657850129931,400.0
9721,1786799588,78290465,1786799588.078290,6332.4514876053345,400.0
9722,1786799588,129639080,1786799588.129639,6321.774683158152,400.0
9723,1786799588,178076573,1786799588.178077,6312.457228360816,400.0
9724,1786799588,229295814,1786799588.229296,6287.129811564106,400.0
9725,1786799588,277407538,1786799588.277408,6292.5059042112025,400.0
9726,1786799588,329001940,1786799588.329002,6280.5298992744,400.0
9727,1786799588,376847059,1786799588.376847,6331.300351795826,400.0
9728,1786799588,428356618,1786799588.428357,6322.4877487819695,400.0
9729,1786799588,476745482,1786799588.476745,6308.276151198955,400.0
9730,1786799588,528221614,1786799588.528222,6300.4532021885525,400.0
9731,1786799588,579671133,1786799588.579671,6305.480095332086,400.0
9732,1786799588,627487995,1786799588.627488,6294.501486725822,400.0
9733,1786799588,679125569,1786799588.679126,6264.1239015995925,400.0
9734,1786799588,727193575,1786799588.727194,6299.31933589579,400.0
9735,1786799588,778354158,1786799588.778354,6327.311449108009,400.0
9736,1786799588,829982403,1786799588.829983,6307.161889339456,400.0
9737,1786799588,878160244,1786799588.878160,6327.186441382613,400.0
9738,1786799588,929628656,1786799588.929629,6288.599454552458,400.0
9739,1786799588,977351352,1786799588.977351,6310.972293591683,400.0
9740,1786799589,28778156,1786799589.028778,6309.867668265284,400.0
9741,1786799589,76599974,1786799589.076600,6257.363475256683,400.0
9742,1786799589,128586630,1786799589.128587,6322.113821027009,400.0
9743,1786799589,179957583,1786799589.179958,6334.724019588097,400.0
9744,1786799589,228002594,1786799589.228003,6323.38838863376,400.0
9745,1786799589,279251195,1786799589.279251,6321.0888675622045,400.0
9746,1786799589,326872787,1786799589.326873,6296.3196001606775,400.0
9747,1786799589,378469723,1786799589.378470,6318.567382921422,400.0
9748,1786799589,426673086,1786799589.426673,6334.572813141192,400.0
9749,1786799589,478042371,1786799589.478042,6326.653757698372,400.0
9750,1786799589,529534077,1786799589.529534,6266.1990140931575,400.0
9751,1786799589,577462219,1786799589.577462,6302.346688418915,400.0
9752,1786799589,628828053,1786799589.628828,6268.5980062461595,400.0
9753,1786799589,677245731,1786799589.677246,6301.716914260923,400.0
9754,1786799589,728874746,1786799589.728875,6335.954353077634,400.0
9755,1786799589,780314366,1786799589.780314,6320.541158273176,400.0
9756,1786799589,832397223,1786799589.832397,6311.911546761571,400.0
9757,1786799589,880236798,1786799589.880237,6283.237395248971,400.0
9758,1786799589,932257709,1786799589.932258,6319.406262700033,400.0
9759,1786799589,982748742,1786799589.982749,6312.380666711682,400.0
9760,1786799590,31295827,1786799590.031296,6301.647614203787,400.0
9761,1786799590,81819755,1786799590.081820,6291.270148953925,400.0
9762,1786799590,133792243,1786799590.133792,6327.624240339165,400.0
9763,1786799590,180896016,1786799590.180896,6318.771753187765,400.0
9764,1786799590,232570323,1786799590.232570,6300.512230742631,400.0
9765,1786799590,280572159,1786799590.280572,6284.059106342438,400.0
9766,1786799590,332236257,1786799590.332236,6318.105257411039,400.0
9767,1786799590,382717588,1786799590.382718,6319.682291198686,400.0
9768,1786799590,430933040,1786799590.430933,6324.244404432883,400.0
9769,1786799590,481880700,1786799590.481881,6318.361669361594,400.0
9770,1786799590,533343787,1786799590.533344,6323.371954144357,400.0
9771,1786799590,580984124,1786799590.580984,6309.527719870607,400.0
9772,1786799590,632666368,1786799590.632666,6312.979384492905,400.0
9773,1786799590,679855118,1786799590.679855,6324.093532226654,400.0
9774,1786799590,731480635,1786799590.731481,6305.6179014848285,400.0
9775,1786799590,782481711,1786799590.782482,6320.221877605211,400.0
9776,1786799590,882549223,1786799590.882549,6322.71513974742,400.0
9777,1786799590,931740557,1786799590.931741,6330.802170028031,400.0
9778,1786799590,982144263,1786799590.982144,6311.169513929027,400.0
9779,1786799591,30781896,1786799591.030782,6314.984462618147,400.0
9780,1786799591,81352463,1786799591.081352,6326.385999871622,400.0
9781,1786799591,133224794,1786799591.133225,6316.302557096488,400.0
9782,1786799591,180756301,1786799591.180756,6328.605982574378,400.0
9783,1786799591,232958721,1786799591.232959,6312.01871593428,400.0
9784,1786799591,280523041,1786799591.280523,6328.466198658892,400.0
9785,1786799591,332023445,1786799591.332023,6298.248737383043,400.0
9786,1786799591,382569306,1786799591.382569,6312.4952717864635,400.0
9787,1786799591,430784394,1786799591.430784,6318.075033644445,400.0
9788,1786799591,482347128,1786799591.482347,6341.39598934498,400.0
9789,1786799591,530877864,1786799591.530878,6338.154585628206,400.0
9790,1786799591,581316281,1786799591.581316,6317.792385183237,400.0
9791,1786799591,633221228,1786799591.633221,6329.406715049976,400.0
9792,1786799591,680943593,1786799591.680943,6330.315674127029,400.0
9793,1786799591,733018571,1786799591.733019,6326.809087367061,400.0
9794,1786799591,780198389,1786799591.780198,6321.231619908487,400.0
9795,1786799591,831937798,1786799591.831938,6355.595368886088,400.0
9796,1786799591,882205294,1786799591.882205,6314.314400978563,400.0
9797,1786799591,930430295,1786799591.930430,6317.851290184654,400.0
9798,1786799591,981324440,1786799591.981324,6322.258387609932,400.0
9799,1786799592,33266053,1786799592.033266,6322.970231845133,400.0
9800,1786799592,80643502,1786799592.080643,6302.192130734097,400.0
9801,1786799592,132799468,1786799592.132799,6324.13011531578,400.0
9802,1786799592,179891666,1786799592.179892,6304.401869832258,400.0
9803,1786799592,232316512,1786799592.232316,6324.350282280131,400.0
9804,1786799592,279894079,1786799592.279894,6316.884409542505,400.0
9805,1786799592,332369134,1786799592.332369,6326.452574277825,400.0
9806,1786799592,382324352,1786799592.382324,6274.999692747339,400.0
9807,1786799592,431014991,1786799592.431015,6298.347637957416,400.0
9808,1786799592,482369182,1786799592.482369,6300.9298408523555,400.0
9809,1786799592,530808592,1786799592.530809,6348.6911323277845,400.0
9810,1786799592,579835099,1786799592.579835,6314.219157784872,400.0
9811,1786799592,632114778,1786799592.632115,6277.635152605902,400.0
9812,1786799592,682566308,1786799592.682566,6301.3788592032115,400.0
9813,1786799592,732049890,1786799592.732050,6319.941902399244,400.0
9814,1786799592,782461905,1786799592.782462,6294.27773904412,400.0
9815,1786799592,831207747,1786799592.831208,6281.759499720308,400.0
9816,1786799592,882465036,1786799592.882465,6315.464479076121,400.0
9817,1786799592,930222162,1786799592.930222,6308.960046730102,400.0
9818,1786799592,981080881,1786799592.981081,6299.914708988181,400.0
9819,1786799593,33147374,1786799593.033147,6287.884401206631,400.0
9820,1786799593,80002464,1786799593.080003,6322.411268747343,400.0
9821,1786799593,131968895,1786799593.131969,6254.882244998102,400.0
9822,1786799593,182200854,1786799593.182201,6240.987657824021,400.0
9823,1786799593,231027904,1786799593.231028,6284.311485891805,400.0
9824,1786799593,281471870,1786799593.281472,6276.833203949692,400.0
9825,1786799593,333083313,1786799593.333083,6266.707806173689,400.0
9826,1786799593,380286103,1786799593.380286,6286.816687444478,400.0
9827,1786799593,432789081,1786799593.432789,6294.037236945971,400.0
9828,1786799593,481577384,1786799593.481577,6329.368462430588,400.0
9829,1786799593,533539099,1786799593.533539,6308.192948541521,400.0
9830,1786799593,580565996,1786799593.580566,6296.676333812723,400.0
9831,1786799593,632201958,1786799593.632202,6262.583598242535,400.0
9832,1786799593,679769670,1786799593.679770,6294.457245473583,400.0
9833,1786799593,731747447,1786799593.731747,6288.36342556849,400.0
9834,1786799593,779417747,1786799593.779418,6278.666364331851,400.0
9835,1786799593,831520399,1786799593.831520,6289.3817093829875,400.0
9836,1786799593,879586547,1786799593.879586,6313.563063690513,400.0
9837,1786799593,932198971,1786799593.932199,6317.607609243143,400.0
9838,1786799593,979315358,1786799593.979315,6317.628084166479,400.0
9839,1786799594,31682773,1786799594.031683,6286.802148940184,400.0
9840,1786799594,81525371,1786799594.081525,6310.877409128854,400.0
9841,1786799594,130047303,1786799594.130047,6326.25476891823,400.0
9842,1786799594,180940421,1786799594.180940,6252.939195989996,400.0
9843,1786799594,233182562,1786799594.233183,6329.114659962455,400.0
9844,1786799594,280922903,1786799594.280923,6276.4359499294005,400.0
9845,1786799594,332761716,1786799594.332762,6304.37285358204,400.0
9846,1786799594,380086222,1786799594.380086,6349.896121635178,400.0
9847,1786799594,431956170,1786799594.431956,6276.093886396374,400.0
9848,1786799594,479513857,1786799594.479514,6308.768732504176,400.0
9849,1786799594,531311831,1786799594.531312,6335.749787594507,400.0
9850,1786799594,581876591,1786799594.581877,6300.057153982148,400.0
9851,1786799594,630318146,1786799594.630318,6278.316453603595,400.0
9852,1786799594,680995990,1786799594.680996,6333.1092193692575,400.0
9853,1786799594,732798981,1786799594.732799,6328.168094065013,400.0
9854,1786799594,780503226,1786799594.780503,6322.364807289638,400.0
9855,1786799594,832836278,1786799594.832836,6302.326710708902,400.0
9856,1786799594,880106032,1786799594.880106,6291.772323703477,400.0
9857,1786799594,932117211,1786799594.932117,6299.7473563019985,400.0
9858,1786799594,979623986,1786799594.979624,6320.759851664075,400.0
9859,1786799595,32010716,1786799595.032011,6333.398484667969,400.0
9860,1786799595,79395082,1786799595.079395,6329.965326951812,400.0
9861,1786799595,130980757,1786799595.130981,6303.782281751329,400.0
9862,1786799595,182006451,1786799595.182006,6331.684744044815,400.0
9863,1786799595,231061314,1786799595.231061,6336.165334545094,400.0
9864,1786799595,281799855,1786799595.281800,6293.415572422586,400.0
9865,1786799595,330813257,1786799595.330813,6320.791708707018,400.0
9866,1786799595,381656529,1786799595.381657,6281.303350707643,400.0
9867,1786799595,431499430,1786799595.431499,6301.848385059441,400.0
9868,1786799595,481795546,1786799595.481796,6312.651943946181,400.0
9869,1786799595,530293337,1786799595.530293,6312.850490252867,400.0
9870,1786799595,580557244,1786799595.580557,6304.872105335814,400.0
9871,1786799595,632488259,1786799595.632488,6304.442080941204,400.0
9872,1786799595,680017300,1786799595.680017,6321.329321968662,400.0
9873,1786799595,732527331,1786799595.732527,6323.2161644836015,400.0
9874,1786799595,779839211,1786799595.779839,6300.812598424992,400.0
9875,1786799595,831959433,1786799595.831959,6305.867899842187,400.0
9876,1786799595,879089908,1786799595.879090,6303.033663449533,400.0
9877,1786799595,931187843,1786799595.931188,6310.521507835147,400.0
9878,1786799595,981964129,1786799595.981964,6327.401796728572,400.0
9879,1786799596,30160255,1786799596.030160,6290.1897946015,400.0
9880,1786799596,80847962,1786799596.080848,6268.1731701689,400.0
9881,1786799596,132867184,1786799596.132867,6315.464499148333,400.0
9882,1786799596,180479751,1786799596.180480,6305.3715226876075,400.0
9883,1786799596,232300637,1786799596.232301,6295.760733979201,400.0
9884,1786799596,279696225,1786799596.279696,6287.480418255698,400.0
9885,1786799596,331368377,1786799596.331368,6303.553459620947,400.0
9886,1786799596,382298008,1786799596.382298,6261.098145117596,400.0
9887,1786799596,430827824,1786799596.430828,6312.507763505464,400.0
9888,1786799596,481524942,1786799596.481525,6281.940936186612,400.0
9889,1786799596,529684318,1786799596.529684,6294.443934441796,400.0
9890,1786799596,580539438,1786799596.580539,6316.224852360292,400.0
9891,1786799596,633417385,1786799596.633417,6265.702030891718,400.0
9892,1786799596,679394979,1786799596.679395,6337.258919150982,400.0
9893,1786799596,731147769,1786799596.731148,6294.613247849542,400.0
9894,1786799596,782127520,1786799596.782128,6306.6538026432745,400.0
9895,1786799596,830681395,1786799596.830681,6303.920024897757,400.0
9896,1786799596,880860725,1786799596.880861,6305.685370134317,400.0
9897,1786799596,933173312,1786799596.933173,6313.521831702184,400.0
9898,1786799596,980676240,1786799596.980676,6308.118138339933,400.0
9899,1786799597,32364443,1786799597.032364,6296.895114803064,400.0
9900,1786799597,79147206,1786799597.079147,6338.1211621270195,400.0
9901,1786799597,130780669,1786799597.130781,6350.018085506717,400.0
9902,1786799597,181869187,1786799597.181869,6300.5274561220385,400.0
9903,1786799597,230376981,1786799597.230377,6314.42357844284,400.0
9904,1786799597,281087708,1786799597.281088,6323.022019512294,400.0
9905,1786799597,330164126,1786799597.330164,6281.643685373843,400.0
9906,1786799597,380560071,1786799597.380560,6343.508390615535,400.0
9907,1786799597,433096204,1786799597.433096,6297.080947367966,400.0
9908,1786799597,480345643,1786799597.480346,6367.434591519333,400.0
9909,1786799597,532518887,1786799597.532519,6317.339014836037,400.0
9910,1786799597,579536652,1786799597.579537,6314.860463835221,400.0
9911,1786799597,631184790,1786799597.631185,6336.735658845256,400.0
9912,1786799597,678990282,1786799597.678990,6294.321333608234,400.0
9913,1786799597,731172484,1786799597.731173,6335.869034090979,400.0
9914,1786799597,782153446,1786799597.782153,6326.334090270585,400.0
9915,1786799597,830925799,1786799597.830926,6316.592196628648,400.0
9916,1786799597,879198509,1786799597.879199,6316.873818897199,400.0
9917,1786799597,931176232,1786799597.931176,6324.698998963078,400.0
9918,1786799597,982155118,1786799597.982155,6323.575694343529,400.0
9919,1786799598,30421288,1786799598.030421,6314.841695833762,400.0
9920,1786799598,81355913,1786799598.081356,6291.1783861475715,400.0
9921,1786799598,129861646,1786799598.129862,6276.527088680868,400.0
9922,1786799598,180676162,1786799598.180676,6296.236847968169,400.0
9923,1786799598,233873857,1786799598.233874,6289.828743510883,400.0
9924,1786799598,280143697,1786799598.280144,6316.053659500656,400.0
9925,1786799598,332330567,1786799598.332330,6336.0544371948445,400.0
9926,1786799598,380176166,1786799598.380176,6326.617098513881,400.0
9927,1786799598,433741829,1786799598.433742,6319.432740291541,400.0
9928,1786799598,479988736,1786799598.479989,6293.00551778081,400.0
9929,1786799598,531661981,1786799598.531662,6322.439379001161,400.0
9930,1786799598,582205370,1786799598.582205,6290.914133353482,400.0
9931,1786799598,631089682,1786799598.631090,6341.702432143125,400.0
9932,1786799598,681740908,1786799598.681741,6311.984731342561,400.0
9933,1786799598,730385184,1786799598.730385,6302.566157857721,400.0
9934,1786799598,780905469,1786799598.780905,6312.41559129272,400.0
9935,1786799598,830068074,1786799598.830068,6293.974031460293,400.0
9936,1786799598,880926407,1786799598.880926,6303.1915196212285,400.0
9937,1786799598,929920170,1786799598.929920,6297.5460566769925,400.0
9938,1786799598,981119378,1786799598.981119,6343.821242970821,400.0
9939,1786799599,30721736,1786799599.030722,6294.532283543985,400.0
9940,1786799599,80834900,1786799599.080835,6312.755344568844,400.0
9941,1786799599,130041747,1786799599.130042,6314.677322599244,400.0
9942,1786799599,180368238,1786799599.180368,6350.088516695825,400.0
9943,1786799599,231706581,1786799599.231707,6300.151152608184,400.0
9944,1786799599,279489308,1786799599.279489,6316.6573330565425,400.0
9945,1786799599,331058055,1786799599.331058,6307.618286235451,400.0
9946,1786799599,381969956,1786799599.381970,6325.917625546075,400.0
9947,1786799599,431848832,1786799599.431849,6312.923441838555,400.0
9948,1786799599,481742660,1786799599.481743,6305.373668439747,400.0
9949,1786799599,531745551,1786799599.531745,6334.912852392456,400.0
9950,1786799599,581945475,1786799599.581945,6320.811088813368,400.0
9951,1786799599,631192408,1786799599.631192,6311.010329682986,400.0
9952,1786799599,681986406,1786799599.681986,6314.188688213854,400.0
9953,1786799599,730487149,1786799599.730487,6346.5026084639085,400.0
9954,1786799599,781179258,1786799599.781179,6347.005555825366,400.0
9955,1786799599,829984380,1786799599.829984,6352.980121480128,400.0
9956,1786799599,880549252,1786799599.880549,6315.466043828632,400.0
9957,1786799599,932379699,1786799599.932380,6324.331461730861,400.0
9958,1786799599,980060193,1786799599.980060,6345.146664518981,400.0
9959,1786799600,31629499,1786799600.031630,6331.28866928382,400.0
9960,1786799600,78789587,1786799600.078789,6342.439520720243,400.0
9961,1786799600,130401231,1786799600.130401,6336.77537820183,400.0
9962,1786799600,181571036,1786799600.181571,6326.34270947732,400.0
9963,1786799600,230042636,1786799600.230043,6310.377683690873,400.0
9964,1786799600,278937994,1786799600.278938,6315.926023353699,400.0
9965,1786799600,330422203,1786799600.330422,6313.315553955018,400.0
9966,1786799600,381192755,1786799600.381193,6311.278190883402,400.0
9967,1786799600,430399112,1786799600.430399,6312.21830871759,400.0
9968,1786799600,480336800,1786799600.480337,6308.752383672111,400.0
9969,1786799600,532091232,1786799600.532091,6295.733690095201,400.0
9970,1786799600,579695687,1786799600.579696,6291.346478753173,400.0
9971,1786799600,631919830,1786799600.631920,6301.90131506702,400.0
9972,1786799600,679326445,1786799600.679327,6300.251693399777,400.0
9973,1786799600,731730579,1786799600.731730,6292.898033342648,400.0
9974,1786799600,778735789,1786799600.778736,6272.31621812828,400.0
9975,1786799600,830553048,1786799600.830553,6336.260124099345,400.0
9976,1786799600,881427763,1786799600.881428,6308.58275290989,400.0
9977,1786799600,930496911,1786799600.930497,6296.809044927105,400.0
9978,1786799600,981131717,1786799600.981132,6290.337229234418,400.0
9979,1786799601,29318011,1786799601.029318,6293.444837831049,400.0
9980,1786799601,80278277,1786799601.080278,6306.235049548123,400.0
9981,1786799601,132415297,1786799601.132415,6308.084828340559,400.0
9982,1786799601,179706942,1786799601.179707,6303.203982020143,400.0
9983,1786799601,231150588,1786799601.231151,6301.661715526925,400.0
9984,1786799601,278768746,1786799601.278769,6291.783056673026,400.0
9985,1786799601,331164208,1786799601.331164,6260.252271166305,400.0
9986,1786799601,378554720,1786799601.378555,6339.9445704546315,400.0
9987,1786799601,430261286,1786799601.430261,6308.357412466668,400.0
9988,1786799601,481643491,1786799601.481643,6318.957076221613,400.0
9989,1786799601,530227746,1786799601.530228,6353.706235566368,400.0
9990,1786799601,581378181,1786799601.581378,6324.970380460262,400.0
9991,1786799601,630198009,1786799601.630198,6266.014743870454,400.0
9992,1786799601,681307371,1786799601.681307,6342.272523958448,400.0
9993,1786799601,731121380,1786799601.731121,6349.443706611525,400.0
9994,1786799601,781326326,1786799601.781326,6331.794412918689,400.0
9995,1786799601,830493549,1786799601.830493,6284.79958422555,400.0
9996,1786799601,881501999,1786799601.881502,6316.28528462485,400.0
9997,1786799601,930229347,1786799601.930229,6314.625302743316,400.0
9998,1786799601,981298402,1786799601.981298,6315.987912371604,400.0
9999,1786799602,30110542,1786799602.030111,6372.279991755555,400.0
10000,1786799602,80833238,1786799602.080833,6351.035455309921,400.0
10001,1786799602,129298641,1786799602.129299,6344.064855116688,400.0
10002,1786799602,179981948,1786799602.179982,6298.737263588901,400.0
10003,1786799602,231812455,1786799602.231812,6327.953710658462,400.0
10004,1786799602,279728828,1786799602.279729,6331.4254442975,400.0
10005,1786799602,331342005,1786799602.331342,6306.728808541998,400.0
10006,1786799602,378756847,1786799602.378757,6323.670334619175,400.0
10007,1786799602,430068940,1786799602.430069,6320.443229444564,400.0
10008,1786799602,481439538,1786799602.481440,6284.395766543443,400.0
10009,1786799602,530475134,1786799602.530475,6301.643259745477,400.0
10010,1786799602,581275739,1786799602.581276,6287.545809312558,400.0
10011,1786799602,630048327,1786799602.630048,6288.394474412073,400.0
10012,1786799602,680900714,1786799602.680901,6261.669850357604,400.0
10013,1786799602,729416323,1786799602.729416,6309.5271140259765,400.0
10014,1786799602,781008335,1786799602.781008,6313.433224970465,400.0
10015,1786799602,829969747,1786799602.829970,6265.493556315632,400.0
10016,1786799602,880677018,1786799602.880677,6313.3339532505615,400.0
10017,1786799602,929149986,1786799602.929150,6314.287418711598,400.0
10018,1786799602,980039345,1786799602.980039,6300.5887816628065,400.0
10019,1786799603,32266752,1786799603.032267,6294.019871732555,400.0
10020,1786799603,79493357,1786799603.079493,6278.522896074331,400.0
10021,1786799603,131322444,1786799603.131322,6323.092705709494,400.0
10022,1786799603,179124656,1786799603.179125,6274.563140869856,400.0
10023,1786799603,232334498,1786799603.232335,6281.159206645721,400.0
10024,1786799603,278982969,1786799603.278983,6281.709553418231,400.0
10025,1786799603,330704988,1786799603.330705,6267.955870339857,400.0
10026,1786799603,381353470,1786799603.381353,6249.803805395969,400.0
10027,1786799603,429611307,1786799603.429611,6323.712651881886,400.0
10028,1786799603,480156377,1786799603.480156,6304.527938443002,400.0
10029,1786799603,531748407,1786799603.531748,6268.287851245887,400.0
10030,1786799603,579029121,1786799603.579029,6300.740901006743,400.0
10031,1786799603,631105427,1786799603.631105,6314.443614780617,400.0
10032,1786799603,678800317,1786799603.678800,6313.669133333781,400.0
10033,1786799603,730774196,1786799603.730774,6328.884728163036,400.0
10034,1786799603,778634184,1786799603.778634,6289.790376753294,400.0
10035,1786799603,831682100,1786799603.831682,6321.188698630354,400.0
10036,1786799603,881231234,1786799603.881231,6368.33088752971,400.0
10037,1786799603,929704256,1786799603.929704,6310.269859424112,400.0
10038,1786799603,980467426,1786799603.980467,6297.088202390707,400.0
10039,1786799604,30350430,1786799604.030350,6319.930366735096,400.0
10040,1786799604,79726767,1786799604.079727,6298.112010411592,400.0
10041,1786799604,131357924,1786799604.131358,6293.561533581657,400.0
10042,1786799604,178588079,1786799604.178588,6307.106041319861,400.0
10043,1786799604,230714597,1786799604.230715,6273.392509195756,400.0
10044,1786799604,278706752,1786799604.278707,6309.036461819228,400.0
10045,1786799604,330814339,1786799604.330814,6287.010473770741,400.0
10046,1786799604,381138903,1786799604.381139,6300.559714283562,400.0
10047,1786799604,429563987,1786799604.429564,6299.255820328854,400.0
10048,1786799604,481050913,1786799604.481051,6315.380137176454,400.0
10049,1786799604,529299412,1786799604.529299,6296.003788129514,400.0
10050,1786799604,579654362,1786799604.579654,6300.127345950503,400.0
10051,1786799604,632773026,1786799604.632773,6302.2421891486765,400.0
10052,1786799604,679295108,1786799604.679295,6333.781335033232,400.0
10053,1786799604,730776888,1786799604.730777,6274.909932205152,400.0
10054,1786799604,778440727,1786799604.778441,6303.220980305881,400.0
10055,1786799604,830633456,1786799604.830633,6288.531116347703,400.0
10056,1786799604,878649583,1786799604.878649,6310.553618383803,400.0
10057,1786799604,930990059,1786799604.930990,6289.211711988335,400.0
10058,1786799604,978563575,1786799604.978564,6347.030419056768,400.0
10059,1786799605,29962209,1786799605.029962,6317.383572692951,400.0
10060,1786799605,81010197,1786799605.081010,6340.621842580915,400.0
10061,1786799605,129535729,1786799605.129536,6312.640330539227,400.0
10062,1786799605,180778878,1786799605.180779,6303.392896750178,400.0
10063,1786799605,228939906,1786799605.228940,6312.716336133891,400.0
10064,1786799605,279500978,1786799605.279501,6259.733709256108,400.0
10065,1786799605,331668737,1786799605.331669,6318.601543398464,400.0
10066,1786799605,379504813,1786799605.379505,6338.954355239866,400.0
10067,1786799605,431827971,1786799605.431828,6319.655824878913,400.0
10068,1786799605,478945947,1786799605.478946,6316.256812207735,400.0
10069,1786799605,531846364,1786799605.531846,6301.884324608865,400.0
10070,1786799605,578370224,1786799605.578370,6335.413810218974,400.0
10071,1786799605,630232769,1786799605.630233,6290.116429469072,400.0
10072,1786799605,681309709,1786799605.681310,6299.375544987288,400.0
10073,1786799605,729961259,1786799605.729961,6338.696590494035,400.0
10074,1786799605,780945869,1786799605.780946,6323.178460945463,400.0
10075,1786799605,829548422,1786799605.829548,6298.9260192570055,400.0
10076,1786799605,880926426,1786799605.880926,6311.028437925362,400.0
10077,1786799605,929233204,1786799605.929233,6312.34122987781,400.0
10078,1786799605,980495804,1786799605.980496,6315.41798306623,400.0
10079,1786799606,30017306,1786799606.030017,6311.0446295576185,400.0
10080,1786799606,79525326,1786799606.079525,6310.633343854635,400.0
10081,1786799606,131864915,1786799606.131865,6304.274421172051,400.0
10082,1786799606,179618783,1786799606.179619,6314.417018570151,400.0
10083,1786799606,231529509,1786799606.231529,6285.418133155621,400.0
10084,1786799606,279008946,1786799606.279009,6305.1326795879995,400.0
10085,1786799606,330552198,1786799606.330552,6288.512966439916,400.0
10086,1786799606,378501002,1786799606.378501,6308.953148572668,400.0
10087,1786799606,430670959,1786799606.430671,6312.397192209178,400.0
10088,1786799606,478059118,1786799606.478059,6328.341934991939,400.0
10089,1786799606,530292053,1786799606.530292,6284.4689415098355,400.0
10090,1786799606,580831517,1786799606.580832,6306.921912685,400.0
10091,1786799606,628921183,1786799606.628921,6286.799045529493,400.0
10092,1786799606,679383395,1786799606.679383,6292.796219787095,400.0
10093,1786799606,731722139,1786799606.731722,6301.900717955923,400.0
10094,1786799606,779020110,1786799606.779020,6283.336739902926,400.0
10095,1786799606,832303703,1786799606.832304,6292.430054920372,400.0
10096,1786799606,878780494,1786799606.878781,6279.869327406689,400.0
10097,1786799606,931050259,1786799606.931050,6349.250842689033,400.0
10098,1786799606,978517888,1786799606.978518,6271.222808190419,400.0
10099,1786799607,30962181,1786799607.030962,6301.879721775137,400.0
10100,1786799607,78204383,1786799607.078204,6259.2462591847025,400.0
10101,1786799607,130452426,1786799607.130452,6282.69286270411,400.0
10102,1786799607,180917263,1786799607.180917,6321.136156380725,400.0
10103,1786799607,229403941,1786799607.229404,6284.931586849849,400.0
10104,1786799607,281087428,1786799607.281087,6338.730871799901,400.0
10105,1786799607,329266137,1786799607.329266,6278.066183212637,400.0
10106,1786799607,380774982,1786799607.380775,6295.90601680462,400.0
10107,1786799607,429753398,1786799607.429753,6272.342204984961,400.0
10108,1786799607,480004107,1786799607.480004,6287.709471905899,400.0
10109,1786799607,532070098,1786799607.532070,6258.695179416293,400.0
10110,1786799607,579713428,1786799607.579713,6298.143928461738,400.0
10111,1786799607,631660557,1786799607.631660,6282.909375319442,400.0
10112,1786799607,679040201,1786799607.679040,6259.0719471959155,400.0
10113,1786799607,731309008,1786799607.731309,6295.873043765213,400.0
10114,1786799607,779215182,1786799607.779215,6325.450729449278,400.0
10115,1786799607,832266262,1786799607.832266,6290.968582766515,400.0
10116,1786799607,879458665,1786799607.879459,6276.0119235880165,400.0
10117,1786799607,931575878,1786799607.931576,6307.229336652918,400.0
10118,1786799607,979097513,1786799607.979098,6334.860088738337,400.0
10119,1786799608,31260117,1786799608.031260,6298.875484719472,400.0
10120,1786799608,78902130,1786799608.078902,6314.559471875443,400.0
10121,1786799608,130438786,1786799608.130439,6295.194094823216,400.0
10122,1786799608,178184191,1786799608.178184,6291.601126798191,400.0
10123,1786799608,230846799,1786799608.230847,6294.278556774645,400.0
10124,1786799608,278484748,1786799608.278485,6330.502213636534,400.0
10125,1786799608,330132775,1786799608.330133,6305.7598055218095,400.0
10126,1786799608,381042766,1786799608.381043,6291.4138501931675,400.0
10127,1786799608,429437875,1786799608.429438,6293.874812547746,400.0
10128,1786799608,480298005,1786799608.480298,6300.914991508512,400.0
10129,1786799608,530305373,1786799608.530305,6311.898415136675,400.0
10130,1786799608,580138156,1786799608.580138,6294.299316510672,400.0
10131,1786799608,628492803,1786799608.628493,6302.2374136716035,400.0
10132,1786799608,679583389,1786799608.679583,6309.40019194129,400.0
10133,1786799608,731453575,1786799608.731454,6336.667804603047,400.0
10134,1786799608,778514449,1786799608.778514,6302.688381231461,400.0
10135,1786799608,830264349,1786799608.830264,6333.68218169122,400.0
10136,1786799608,878205712,1786799608.878206,6315.940509168666,400.0
10137,1786799608,931123037,1786799608.931123,6308.200553742229,400.0
10138,1786799608,980910573,1786799608.980911,6321.964831087488,400.0
10139,1786799609,29132499,1786799609.029133,6324.521393782376,400.0
10140,1786799609,79647072,1786799609.079647,6328.453431118123,400.0
10141,1786799609,128344625,1786799609.128345,6318.334919064488,400.0
10142,1786799609,179469755,1786799609.179470,6310.768028212551,400.0
10143,1786799609,232680326,1786799609.232680,6320.098886237365,400.0
10144,1786799609,279459401,1786799609.279459,6299.363044373399,400.0
10145,1786799609,331459515,1786799609.331460,6297.0765948620765,400.0
10146,1786799609,378987772,1786799609.378988,6319.46628097574,400.0
10147,1786799609,431115244,1786799609.431115,6338.015287478873,400.0
10148,1786799609,478191426,1786799609.478191,6322.415107553333,400.0
10149,1786799609,530226412,1786799609.530226,6305.623576640185,400.0
10150,1786799609,580649257,1786799609.580649,6307.626311831965,400.0
10151,1786799609,628893603,1786799609.628894,6315.660727686546,400.0
10152,1786799609,679786931,1786799609.679787,6294.103565681545,400.0
10153,1786799609,731616740,1786799609.731617,6287.085489994494,400.0
10154,1786799609,778401551,1786799609.778402,6284.980815964764,400.0
10155,1786799609,830221667,1786799609.830222,6330.654870130252,400.0
10156,1786799609,880935760,1786799609.880936,6315.9591420117185,400.0
10157,1786799609,929741096,1786799609.929741,6316.130760358911,400.0
10158,1786799609,980407406,1786799609.980407,6222.983725655529,400.0
10159,1786799610,28873177,1786799610.028873,6288.224561652838,400.0
10160,1786799610,79028198,1786799610.079028,6306.278032916646,400.0
10161,1786799610,130677323,1786799610.130677,6304.748979582353,400.0
10162,1786799610,178229814,1786799610.178230,6268.1491965739115,400.0
10163,1786799610,230233543,1786799610.230233,6278.473306339268,400.0
10164,1786799610,281203431,1786799610.281204,6262.624741453901,400.0
10165,1786799610,329371062,1786799610.329371,6271.748991553447,400.0
10166,1786799610,380669487,1786799610.380670,6297.521727303418,400.0
10167,1786799610,429320567,1786799610.429321,6294.044074745665,400.0
10168,1786799610,480052667,1786799610.480053,6302.50884790992,400.0
10169,1786799610,529137418,1786799610.529137,6269.739374917388,400.0
10170,1786799610,580347544,1786799610.580348,6247.256408709071,400.0
10171,1786799610,629163988,1786799610.629164,6279.0906937675345,400.0
10172,1786799610,679925257,1786799610.679925,6255.851727711603,400.0
10173,1786799610,728757633,1786799610.728758,6288.508978880034,400.0
10174,1786799610,779250871,1786799610.779251,6262.374442057465,400.0
10175,1786799610,831122376,1786799610.831122,6288.095632812261,400.0
10176,1786799610,878633722,1786799610.878634,6289.009159517296,400.0
10177,1786799610,930445812,1786799610.930446,6287.707262625691,400.0
10178,1786799610,977919783,1786799610.977920,6225.9841851275005,400.0
10179,1786799611,29974738,1786799611.029975,6280.440104518771,400.0
10180,1786799611,80327700,1786799611.080328,6267.169087363404,400.0
10181,1786799611,129194479,1786799611.129194,6253.3964018459355,400.0
10182,1786799611,180058775,1786799611.180059,6265.730039512136,400.0
10183,1786799611,228800695,1786799611.228801,6297.168424110439,400.0
10184,1786799611,279555859,1786799611.279556,6275.956470809339,400.0
10185,1786799611,328380279,1786799611.328380,6293.789626353226,400.0
10186,1786799611,378868619,1786799611.378869,6323.119069879563,400.0
10187,1786799611,432016247,1786799611.432016,6315.79882775442,400.0
10188,1786799611,478536689,1786799611.478537,6281.8130708829785,400.0
10189,1786799611,530736021,1786799611.530736,6343.307885862807,400.0
10190,1786799611,577826597,1786799611.577826,6287.310906956036,400.0
10191,1786799611,629371375,1786799611.629371,6335.394726198375,400.0
10192,1786799611,680041167,1786799611.680041,6329.3963592933105,400.0
10193,1786799611,728863633,1786799611.728864,6336.295662383574,400.0
10194,1786799611,779802896,1786799611.779803,6315.567718144464,400.0
10195,1786799611,828418678,1786799611.828419,6330.93898423293,400.0
10196,1786799611,879317483,1786799611.879318,6335.399182358764,400.0
10197,1786799611,931566981,1786799611.931567,6297.009223525397,400.0
10198,1786799611,978877700,1786799611.978878,6327.819683993697,400.0
10199,1786799612,32364348,1786799612.032364,6330.9424846322345,400.0
10200,1786799612,79263807,1786799612.079264,6266.497714799397,400.0
10201,1786799612,131440876,1786799612.131441,6309.364548167645,400.0
10202,1786799612,178507297,1786799612.178507,6309.982805983622,400.0
10203,1786799612,230579748,1786799612.230580,6330.870104897686,400.0
10204,1786799612,278335931,1786799612.278336,6307.7218068491975,400.0
10205,1786799612,330440060,1786799612.330440,6307.251028075267,400.0
10206,1786799612,378493510,1786799612.378494,6340.794346784602,400.0
10207,1786799612,430082075,1786799612.430082,6297.084249737916,400.0
10208,1786799612,480913899,1786799612.480914,6315.705133954288,400.0
10209,1786799612,530310922,1786799612.530311,6283.870682176817,400.0
10210,1786799612,580270866,1786799612.580271,6302.965544198761,400.0
10211,1786799612,628389995,1786799612.628390,6298.4143646934435,400.0
10212,1786799612,679190924,1786799612.679191,6294.249944400703,400.0
10213,1786799612,730672574,1786799612.730673,6329.319198907082,400.0
10214,1786799612,777747574,1786799612.777748,6323.750421491812,400.0
10215,1786799612,830754023,1786799612.830754,6318.230131255735,400.0
10216,1786799612,878102821,1786799612.878103,6323.316589786046,400.0
10217,1786799612,929800404,1786799612.929801,6294.321366655852,400.0
10218,1786799612,980401512,1786799612.980402,6339.136060071511,400.0
10219,1786799613,28817117,1786799613.028817,6317.960677616952,400.0
10220,1786799613,79370039,1786799613.079370,6322.384792007704,400.0
10221,1786799613,131453228,1786799613.131453,6304.55862958056,400.0
10222,1786799613,178398041,1786799613.178398,6336.620364326893,400.0
10223,1786799613,230255637,1786799613.230256,6295.106004434857,400.0
10224,1786799613,277706362,1786799613.277706,6342.5524961999,400.0
10225,1786799613,329522776,1786799613.329523,6317.084058145839,400.0
10226,1786799613,380711644,1786799613.380712,6306.80135892787,400.0
10227,1786799613,429032843,1786799613.429033,6328.853212086628,400.0
10228,1786799613,479884880,1786799613.479885,6316.525722355728,400.0
10229,1786799613,528586610,1786799613.528587,6309.316690250559,400.0
10230,1786799613,579430352,1786799613.579430,6334.73479356861,400.0
10231,1786799613,631505276,1786799613.631505,6318.989667584339,400.0
10232,1786799613,678915864,1786799613.678916,6284.079915577949,400.0
10233,1786799613,730886523,1786799613.730886,6292.432603821974,400.0
10234,1786799613,778779262,1786799613.778779,6307.066694986822,400.0
10235,1786799613,832095117,1786799613.832095,6321.202160144674,400.0
10236,1786799613,879011484,1786799613.879011,6313.923172885749,400.0
10237,1786799613,931858681,1786799613.931859,6291.439155945604,400.0
10238,1786799613,978917284,1786799613.978917,6285.825341127411,400.0
10239,1786799614,30855875,1786799614.030856,6336.461860026165,400.0
10240,1786799614,78578396,1786799614.078578,6323.548656548804,400.0
10241,1786799614,130290566,1786799614.130291,6347.305674593326,400.0
10242,1786799614,177821779,1786799614.177822,6308.079456894036,400.0
10243,1786799614,229453392,1786799614.229453,6288.934189811759,400.0
10244,1786799614,280638585,1786799614.280639,6315.743280677531,400.0
10245,1786799614,329043646,1786799614.329044,6309.304206702387,400.0
10246,1786799614,380317688,1786799614.380318,6318.727688052676,400.0
10247,1786799614,428714991,1786799614.428715,6293.838458951038,400.0
10248,1786799614,479023452,1786799614.479023,6280.685742220112,400.0
10249,1786799614,530667220,1786799614.530667,6304.198617243676,400.0
10250,1786799614,577945415,1786799614.577945,6308.438266845505,400.0
10251,1786799614,629717706,1786799614.629718,6311.964995705352,400.0
10252,1786799614,677437090,1786799614.677437,6240.776674777272,400.0
10253,1786799614,729540388,1786799614.729540,6324.130291837035,400.0
10254,1786799614,780328760,1786799614.780329,6314.327399834413,400.0
10255,1786799614,829504764,1786799614.829505,6285.531061883885,400.0
10256,1786799614,880330436,1786799614.880330,6288.814952444694,400.0
10257,1786799614,928497422,1786799614.928497,6296.161741118731,400.0
10258,1786799614,979655427,1786799614.979656,6290.378255878157,400.0
10259,1786799615,27873063,1786799615.027873,6288.35947750606,400.0
10260,1786799615,79004102,1786799615.079004,6292.101958000094,400.0
10261,1786799615,130995440,1786799615.130996,6328.308296274499,400.0
10262,1786799615,180293300,1786799615.180293,6272.096618790009,400.0
10263,1786799615,228678039,1786799615.228678,6301.897765442781,400.0
10264,1786799615,279327338,1786799615.279327,6325.462146766101,400.0
10265,1786799615,327791661,1786799615.327792,6328.255377540319,400.0
10266,1786799615,378366979,1786799615.378367,6290.797484391773,400.0
10267,1786799615,429995784,1786799615.429996,6285.586021883861,400.0
10268,1786799615,477515814,1786799615.477516,6348.49688977028,400.0
10269,1786799615,529038331,1786799615.529038,6280.813455440372,400.0
10270,1786799615,579765395,1786799615.579765,6316.6121550271055,400.0
10271,1786799615,627806592,1786799615.627807,6317.544114497241,400.0
10272,1786799615,678379614,1786799615.678380,6295.8886622008395,400.0
10273,1786799615,729847707,1786799615.729848,6304.624173950752,400.0
10274,1786799615,780252318,1786799615.780252,6286.829200839704,400.0
10275,1786799615,828306224,1786799615.828306,6310.117863312686,400.0
10276,1786799615,879809429,1786799615.879809,6284.3022043890605,400.0
10277,1786799615,929344326,1786799615.929344,6313.563169445009,400.0
10278,1786799615,980013838,1786799615.980014,6302.471506025633,400.0
10279,1786799616,28713797,1786799616.028714,6321.575933645381,400.0
10280,1786799616,79585227,1786799616.079585,6281.573124989936,400.0
10281,1786799616,128679910,1786799616.128680,6314.111415453852,400.0
10282,1786799616,179212586,1786799616.179213,6305.871115378457,400.0
10283,1786799616,228054539,1786799616.228055,6310.653240307765,400.0
10284,1786799616,278887024,1786799616.278887,6319.437588488365,400.0
10285,1786799616,331249477,1786799616.331249,6311.487158882346,400.0
10286,1786799616,378682457,1786799616.378682,6266.919667835559,400.0
10287,1786799616,430914162,1786799616.430914,6344.648741034572,400.0
10288,1786799616,478486371,1786799616.478486,6317.20504569175,400.0
10289,1786799616,529988720,1786799616.529989,6292.505052227459,400.0
10290,1786799616,577321993,1786799616.577322,6277.936848171544,400.0
10291,1786799616,629025979,1786799616.629026,6337.736818842195,400.0
10292,1786799616,679817308,1786799616.679817,6285.212667004784,400.0
10293,1786799616,728167447,1786799616.728168,6330.635176204748,400.0
10294,1786799616,778835335,1786799616.778835,6330.260428948635,400.0
10295,1786799616,827493778,1786799616.827494,6305.928022887681,400.0
10296,1786799616,878400139,1786799616.878400,6295.200794980515,400.0
10297,1786799616,930331176,1786799616.930331,6339.583624497092,400.0
10298,1786799616,978031567,1786799616.978032,6282.7850718463005,400.0
10299,1786799617,29927068,1786799617.029927,6298.1600569227785,400.0
10300,1786799617,77453988,1786799617.077454,6341.301200624407,400.0
10301,1786799617,129261824,1786799617.129262,6305.668602599109,400.0
10302,1786799617,176946340,1786799617.176946,6320.199754659281,400.0
10303,1786799617,229109737,1786799617.229110,6334.8795870262575,400.0
10304,1786799617,277152901,1786799617.277153,6298.023275741996,400.0
10305,1786799617,329240515,1786799617.329241,6323.80745070745,400.0
10306,1786799617,379625331,1786799617.379625,6295.287177998653,400.0
10307,1786799617,428024039,1786799617.428024,6324.289751257199,400.0
10308,1786799617,478749354,1786799617.478749,6308.024299100772,400.0
10309,1786799617,530876769,1786799617.530877,6285.0852934943505,400.0
10310,1786799617,578119859,1786799617.578120,6336.997015649719,400.0
10311,1786799617,630200019,1786799617.630200,6262.352153022575,400.0
10312,1786799617,677473239,1786799617.677473,6320.766349621011,400.0
10313,1786799617,729941686,1786799617.729942,6288.1658677915275,400.0
10314,1786799617,780172892,1786799617.780173,6284.387016648353,400.0
10315,1786799617,828288486,1786799617.828289,6298.0694742657815,400.0
10316,1786799617,879480784,1786799617.879481,6284.535443863235,400.0
10317,1786799617,927899836,1786799617.927900,6285.203337973303,400.0
10318,1786799617,978894368,1786799617.978894,6297.654576277944,400.0
10319,1786799618,27492834,1786799618.027493,6313.642903695786,400.0
10320,1786799618,77805450,1786799618.077806,6308.7913627349035,400.0
10321,1786799618,129948735,1786799618.129949,6281.620368845381,400.0
10322,1786799618,180291010,1786799618.180291,6320.774893662654,400.0
10323,1786799618,228672473,1786799618.228673,6272.029519474282,400.0
10324,1786799618,278994891,1786799618.278995,6294.410154656023,400.0
10325,1786799618,330969772,1786799618.330970,6328.455999304337,400.0
10326,1786799618,377797613,1786799618.377798,6303.5946672932605,400.0
10327,1786799618,429194568,1786799618.429194,6342.262490278231,400.0
10328,1786799618,479936464,1786799618.479936,6312.106386462077,400.0
10329,1786799618,528330624,1786799618.528331,6276.929925290699,400.0
10330,1786799618,578955303,1786799618.578955,6286.336056955247,400.0
10331,1786799618,628701945,1786799618.628702,6347.360888744042,400.0
10332,1786799618,679438073,1786799618.679438,6317.279444788902,400.0
10333,1786799618,728101483,1786799618.728101,6308.354035227192,400.0
10334,1786799618,778744408,1786799618.778744,6301.931548183686,400.0
10335,1786799618,827822991,1786799618.827823,6284.316859664945,400.0
10336,1786799618,878527329,1786799618.878527,6315.9896470714875,400.0
10337,1786799618,930869989,1786799618.930870,6287.45961422067,400.0
10338,1786799618,977566670,1786799618.977567,6352.919668617655,400.0
10339,1786799619,29674022,1786799619.029674,6316.423629695156,400.0
10340,1786799619,77284735,1786799619.077285,6344.914363633375,400.0
10341,1786799619,129362833,1786799619.129363,6287.12486987597,400.0
10342,1786799619,179918566,1786799619.179919,6319.826381504724,400.0
10343,1786799619,228628081,1786799619.228628,6308.724886325045,400.0
10344,1786799619,278961918,1786799619.278962,6324.624412599402,400.0
10345,1786799619,327341966,1786799619.327342,6336.231728913627,400.0
10346,1786799619,378713871,1786799619.378714,6329.7616054243335,400.0
10347,1786799619,428771680,1786799619.428772,6323.090912800741,400.0
10348,1786799619,478262688,1786799619.478263,6349.581604506681,400.0
10349,1786799619,530075477,1786799619.530076,6326.397567349171,400.0
10350,1786799619,578297331,1786799619.578297,6312.484512705085,400.0
10351,1786799619,630056031,1786799619.630056,6332.577585361642,400.0
10352,1786799619,677458885,1786799619.677459,6290.425520698661,400.0
10353,1786799619,729381476,1786799619.729382,6319.485221260772,400.0
10354,1786799619,776999644,1786799619.777000,6309.48077996208,400.0
10355,1786799619,829445217,1786799619.829445,6347.145429264335,400.0
10356,1786799619,876815142,1786799619.876815,6367.1093300570565,400.0
10357,1786799619,928905397,1786799619.928905,6314.511019978738,400.0
10358,1786799619,979295675,1786799619.979296,6327.679973070796,400.0
10359,1786799620,27531484,1786799620.027531,6342.379025624468,400.0
10360,1786799620,78269684,1786799620.078270,6310.689951319594,400.0
10361,1786799620,130140277,1786799620.130140,6334.712354723334,400.0
10362,1786799620,177184964,1786799620.177185,6300.667333965892,400.0
10363,1786799620,228675713,1786799620.228676,6350.807543895217,400.0
10364,1786799620,279368414,1786799620.279368,6355.150268076862,400.0
10365,1786799620,327748184,1786799620.327748,6312.293849838676,400.0
10366,1786799620,378161581,1786799620.378162,6342.156578307853,400.0
10367,1786799620,430189883,1786799620.430190,6279.071973973569,400.0
10368,1786799620,477412630,1786799620.477413,6313.34415392098,400.0
10369,1786799620,529467945,1786799620.529468,6290.38989159316,400.0
10370,1786799620,577343446,1786799620.577343,6287.145856494524,400.0
10371,1786799620,629147066,1786799620.629147,6319.6491341125575,400.0
10372,1786799620,679746999,1786799620.679747,6300.886832614073,400.0
10373,1786799620,728354241,1786799620.728354,6269.0898672714575,400.0
10374,1786799620,779776089,1786799620.779776,6328.648470189466,400.0
10375,1786799620,828714559,1786799620.828715,6272.488942373591,400.0
10376,1786799620,879537012,1786799620.879537,6314.243552616071,400.0
10377,1786799620,928209429,1786799620.928210,6310.76752812582,400.0
10378,1786799620,978952894,1786799620.978953,6336.05700851841,400.0
10379,1786799621,27239870,1786799621.027240,6303.936424106844,400.0
10380,1786799621,78475001,1786799621.078475,6286.566174601046,400.0
10381,1786799621,127243176,1786799621.127243,6327.5985756355785,400.0
10382,1786799621,178028559,1786799621.178029,6302.414396325192,400.0
10383,1786799621,229791971,1786799621.229792,6323.43775795223,400.0
10384,1786799621,277611606,1786799621.277611,6325.200975375105,400.0
10385,1786799621,329327352,1786799621.329327,6305.412365228612,400.0
10386,1786799621,376896867,1786799621.376897,6273.88655542667,400.0
10387,1786799621,428505316,1786799621.428505,6300.7440362457155,400.0
10388,1786799621,478962698,1786799621.478963,6321.40053915969,400.0
10389,1786799621,527279776,1786799621.527280,6301.146522240261,400.0
10390,1786799621,578197874,1786799621.578198,6259.5628294978505,400.0
10391,1786799621,630434208,1786799621.630434,6321.424195287606,400.0
10392,1786799621,677856382,1786799621.677856,6305.1663511598845,400.0
10393,1786799621,729717836,1786799621.729718,6281.894693829909,400.0
10394,1786799621,777053961,1786799621.777054,6326.5673519552965,400.0
10395,1786799621,830317466,1786799621.830317,6289.213318450918,400.0
10396,1786799621,877150384,1786799621.877150,6291.411860039411,400.0
10397,1786799621,929107346,1786799621.929107,6274.212551300716,400.0
10398,1786799621,977023487,1786799621.977024,6285.276027925331,400.0
10399,1786799622,28520112,1786799622.028520,6294.942862675738,400.0
10400,1786799622,79029919,1786799622.079030,6287.950183783859,400.0
10401,1786799622,127832157,1786799622.127832,6305.657115117896,400.0
10402,1786799622,178210887,1786799622.178211,6312.085239740169,400.0
10403,1786799622,230816287,1786799622.230816,6275.6643869743,400.0
10404,1786799622,277299483,1786799622.277299,6303.006245535015,400.0
10405,1786799622,329011829,1786799622.329012,6309.041471225301,400.0
10406,1786799622,376435481,1786799622.376436,6331.769823170984,400.0
10407,1786799622,428335793,1786799622.428336,6355.250200529503,400.0
10408,1786799622,479395491,1786799622.479395,6330.980948341925,400.0
10409,1786799622,527476141,1786799622.527476,6333.009605978434,400.0
10410,1786799622,578333427,1786799622.578333,6337.1575294947,400.0
10411,1786799622,629983516,1786799622.629983,6335.531044511342,400.0
10412,1786799622,677138510,1786799622.677139,6324.233470717635,400.0
10413,1786799622,728695566,1786799622.728696,6302.900160563406,400.0
10414,1786799622,779446671,1786799622.779447,6329.547808884472,400.0
10415,1786799622,827513017,1786799622.827513,6343.126569834704,400.0
10416,1786799622,878104701,1786799622.878105,6342.897781692508,400.0
10417,1786799622,929851504,1786799622.929852,6335.157916427599,400.0
10418,1786799622,977296961,1786799622.977297,6328.102637674614,400.0
10419,1786799623,29097787,1786799623.029098,6326.257399381808,400.0
10420,1786799623,79702768,1786799623.079703,6310.144187249707,400.0
10421,1786799623,131202142,1786799623.131202,6300.395796504132,400.0
10422,1786799623,182798137,1786799623.182798,6336.374386059203,400.0
10423,1786799623,230867589,1786799623.230868,6306.790161709265,400.0
10424,1786799623,282664893,1786799623.282665,6362.474618412911,400.0
10425,1786799623,330413906,1786799623.330414,6337.321080969887,400.0
10426,1786799623,381897813,1786799623.381898,6313.300372993154,400.0
10427,1786799623,429946519,1786799623.429946,6307.8138300135415,400.0
10428,1786799623,481654365,1786799623.481654,6348.074566945033,400.0
10429,1786799623,532870822,1786799623.532871,6325.782805505303,400.0
10430,1786799623,580673894,1786799623.580674,6329.789637687721,400.0
10431,1786799623,631610116,1786799623.631610,6314.336997218752,400.0
10432,1786799623,682645997,1786799623.682646,6298.070327672636,400.0
10433,1786799623,730315302,1786799623.730315,6313.400536087773,400.0
10434,1786799623,781894835,1786799623.781895,6296.18440729885,400.0
10435,1786799623,830197194,1786799623.830197,6322.086497447362,400.0
10436,1786799623,882639177,1786799623.882639,6283.723353727477,400.0
10437,1786799623,930767024,1786799623.930767,6306.709490664349,400.0
10438,1786799623,982063285,1786799623.982063,6291.861152836508,400.0
10439,1786799624,30070910,1786799624.030071,6300.54820337382,400.0
10440,1786799624,81287731,1786799624.081288,6303.6612733929105,400.0
10441,1786799624,132684140,1786799624.132684,6317.223018433842,400.0
10442,1786799624,180953238,1786799624.180953,6282.160197670406,400.0
10443,1786799624,231919494,1786799624.231920,6288.177038940472,400.0
10444,1786799624,280064861,1786799624.280065,6293.531809445508,400.0
10445,1786799624,331138967,1786799624.331139,6291.450689657617,400.0
10446,1786799624,382273658,1786799624.382274,6291.885099933104,400.0
10447,1786799624,430239112,1786799624.430239,6317.347163561278,400.0
10448,1786799624,481332485,1786799624.481333,6297.628794567701,400.0
10449,1786799624,532433086,1786799624.532433,6302.759151461566,400.0
10450,1786799624,580208676,1786799624.580209,6291.903248009813,400.0
10451,1786799624,631697466,1786799624.631697,6327.53678643125,400.0
10452,1786799624,682791578,1786799624.682791,6304.73481885854,400.0
10453,1786799624,730344653,1786799624.730345,6281.8119261772845,400.0
10454,1786799624,781329641,1786799624.781330,6306.582587230634,400.0
10455,1786799624,830150515,1786799624.830151,6292.861890262317,400.0
10456,1786799624,880953337,1786799624.880953,6304.849476028368,400.0
10457,1786799624,932336428,1786799624.932336,6336.342954475386,400.0
10458,1786799624,980936410,1786799624.980937,6328.937988155756,400.0
10459,1786799625,31783124,1786799625.031783,6348.796032764887,400.0
10460,1786799625,79509949,1786799625.079510,6339.696927545858,400.0
10461,1786799625,130988281,1786799625.130988,6332.395887461805,400.0
10462,1786799625,182232143,1786799625.182232,6328.810704217607,400.0
10463,1786799625,230406283,1786799625.230406,6312.281687603589,400.0
10464,1786799625,281648718,1786799625.281649,6283.854965242504,400.0
10465,1786799625,329639734,1786799625.329640,6340.814401926787,400.0
10466,1786799625,380896720,1786799625.380897,6378.541177030696,400.0
10467,1786799625,432123152,1786799625.432123,6371.718265590921,400.0
10468,1786799625,480243405,1786799625.480243,6359.982588867109,400.0
10469,1786799625,532078279,1786799625.532078,6285.4856884989385,400.0
10470,1786799625,580078171,1786799625.580078,6324.610242113093,400.0
10471,1786799625,631456155,1786799625.631456,6329.449442974975,400.0
10472,1786799625,679664753,1786799625.679665,6300.288985220825,400.0
10473,1786799625,731275617,1786799625.731276,6333.947518566237,400.0
10474,1786799625,779481735,1786799625.779482,6303.098700667787,400.0
10475,1786799625,831032639,1786799625.831033,6310.7697034039265,400.0
10476,1786799625,882651728,1786799625.882652,6316.512115912369,400.0
10477,1786799625,930060675,1786799625.930061,6325.585495333935,400.0
10478,1786799625,982416992,1786799625.982417,6297.315679259601,400.0
10479,1786799626,30209589,1786799626.030210,6310.564308218234,400.0
10480,1786799626,81508831,1786799626.081509,6301.071745872663,400.0
10481,1786799626,130509313,1786799626.130509,6309.806933309171,400.0
10482,1786799626,180366553,1786799626.180367,6315.4929694964785,400.0
10483,1786799626,231415447,1786799626.231416,6304.568638659624,400.0
10484,1786799626,279508357,1786799626.279508,6289.4943999524685,400.0
10485,1786799626,330785749,1786799626.330786,6307.090246733313,400.0
10486,1786799626,382058044,1786799626.382058,6307.148616539519,400.0
10487,1786799626,430115486,1786799626.430115,6288.653812528867,400.0
10488,1786799626,481514676,1786799626.481515,6310.190384483006,400.0
10489,1786799626,529615702,1786799626.529616,6281.627127445826,400.0
10490,1786799626,581943320,1786799626.581943,6261.1965095892365,400.0
10491,1786799626,629400187,1786799626.629400,6278.725626733928,400.0
10492,1786799626,680510362,1786799626.680510,6333.456576319802,400.0
10493,1786799626,732177135,1786799626.732177,6347.744953722311,400.0
10494,1786799626,780275013,1786799626.780275,6283.906557344218,400.0
10495,1786799626,832375939,1786799626.832376,6277.855529093187,400.0
10496,1786799626,880781574,1786799626.880782,6313.519078714593,400.0
10497,1786799626,932225706,1786799626.932226,6306.331865448357,400.0
10498,1786799626,980320535,1786799626.980320,6282.597949908633,400.0
10499,1786799627,31797059,1786799627.031797,6263.6465961477015,400.0
10500,1786799627,79838815,1786799627.079839,6314.117959239876,400.0
10501,1786799627,131358362,1786799627.131358,6306.913451146075,400.0
10502,1786799627,179817826,1786799627.179818,6327.590822352772,400.0
10503,1786799627,231254106,1786799627.231254,6318.8349241886735,400.0
10504,1786799627,279377231,1786799627.279377,6323.327171797225,400.0
10505,1786799627,330634191,1786799627.330634,6273.021635014805,400.0
10506,1786799627,382145841,1786799627.382146,6279.2505314468835,400.0
10507,1786799627,429989928,1786799627.429990,6294.110652288771,400.0
10508,1786799627,481036438,1786799627.481036,6302.830647954522,400.0
10509,1786799627,532393285,1786799627.532393,6294.975957793037,400.0
10510,1786799627,580229526,1786799627.580230,6346.557737285876,400.0
10511,1786799627,631147343,1786799627.631147,6300.092508534472,400.0
10512,1786799627,682323242,1786799627.682323,6290.941531574063,400.0
10513,1786799627,729901830,1786799627.729902,6289.8627650950075,400.0
10514,1786799627,781043952,1786799627.781044,6293.141642658524,400.0
10515,1786799627,832288940,1786799627.832289,6314.715106589906,400.0
10516,1786799627,879711235,1786799627.879711,6305.237421445319,400.0
10517,1786799627,930970995,1786799627.930971,6304.343598386978,400.0
10518,1786799627,982146834,1786799627.982147,6282.845314674277,400.0
10519,1786799628,30288062,1786799628.030288,6291.984818139191,400.0
10520,1786799628,81557254,1786799628.081557,6316.304751506841,400.0
10521,1786799628,130103592,1786799628.130104,6305.583850273025,400.0
10522,1786799628,180617329,1786799628.180617,6298.3545527035,400.0
10523,1786799628,231981905,1786799628.231982,6317.465603882267,400.0
10524,1786799628,280275239,1786799628.280275,6308.670756153366,400.0
10525,1786799628,331795462,1786799628.331795,6322.139194773227,400.0
10526,1786799628,380000866,1786799628.380001,6286.565537697985,400.0
10527,1786799628,431504354,1786799628.431504,6326.870903451149,400.0
10528,1786799628,479281719,1786799628.479282,6300.494806190663,400.0
10529,1786799628,530509425,1786799628.530509,6288.123623001092,400.0
10530,1786799628,581541966,1786799628.581542,6310.585914153619,400.0
10531,1786799628,629316220,1786799628.629316,6284.558135911429,400.0
10532,1786799628,680770770,1786799628.680771,6292.081756063301,400.0
10533,1786799628,732155561,1786799628.732156,6301.548659404085,400.0
10534,1786799628,780102646,1786799628.780103,6297.951985354453,400.0
10535,1786799628,831852949,1786799628.831853,6328.620078863821,400.0
10536,1786799628,879972813,1786799628.879973,6322.616036436596,400.0
10537,1786799628,931369551,1786799628.931370,6299.202523572101,400.0
10538,1786799628,979729091,1786799628.979729,6302.705692572116,400.0
10539,1786799629,31296443,1786799629.031296,6317.078691005163,400.0
10540,1786799629,79546684,1786799629.079547,6305.543919546124,400.0
10541,1786799629,131088626,1786799629.131089,6292.702643382816,400.0
10542,1786799629,182400437,1786799629.182400,6317.265367724565,400.0
10543,1786799629,230311631,1786799629.230312,6321.56683952532,400.0
10544,1786799629,281763536,1786799629.281764,6316.8875402003405,400.0
10545,1786799629,329897555,1786799629.329898,6352.131764946414,400.0
10546,1786799629,381289054,1786799629.381289,6299.642203733271,400.0
10547,1786799629,429478533,1786799629.429479,6269.915360451971,400.0
10548,1786799629,480909639,1786799629.480910,6324.180701593136,400.0
10549,1786799629,532093068,1786799629.532093,6283.926223845538,400.0
10550,1786799629,580190971,1786799629.580191,6320.506321500304,400.0
10551,1786799629,631806188,1786799629.631806,6301.422513680031,400.0
10552,1786799629,680145082,1786799629.680145,6318.407566066261,400.0
10553,1786799629,731682118,1786799629.731682,6329.106969142136,400.0
10554,1786799629,780023916,1786799629.780024,6285.369732565099,400.0
10555,1786799629,831724011,1786799629.831724,6323.990312373936,400.0
10556,1786799629,880003239,1786799629.880003,6295.886729458166,400.0
10557,1786799629,931449879,1786799629.931450,6358.450373742066,400.0
10558,1786799629,979603743,1786799629.979604,6310.384896873115,400.0
10559,1786799630,30949064,1786799630.030949,6307.314307457773,400.0
10560,1786799630,82276234,1786799630.082276,6338.59252905645,400.0
10561,1786799630,130761727,1786799630.130762,6318.358511509931,400.0
10562,1786799630,181979001,1786799630.181979,6317.871795502538,400.0
10563,1786799630,229854281,1786799630.229854,6310.743017386912,400.0
10564,1786799630,281440066,1786799630.281440,6275.3335572592305,400.0
10565,1786799630,329493891,1786799630.329494,6284.002486217148,400.0
10566,1786799630,381337796,1786799630.381338,6321.519154862723,400.0
10567,1786799630,429515563,1786799630.429516,6342.696908909621,400.0
10568,1786799630,480831915,1786799630.480832,6330.081900504431,400.0
10569,1786799630,531883429,1786799630.531883,6313.193989383674,400.0
10570,1786799630,580353580,1786799630.580353,6302.856425883958,400.0
10571,1786799630,631525291,1786799630.631525,6347.559137198261,400.0
10572,1786799630,679745486,1786799630.679745,6346.395699414014,400.0
10573,1786799630,731049681,1786799630.731050,6336.5982374620535,400.0
10574,1786799630,779502127,1786799630.779502,6290.231542745314,400.0
10575,1786799630,831064458,1786799630.831064,6284.321879035909,400.0
10576,1786799630,879573155,1786799630.879573,6327.88387784058,400.0
10577,1786799630,931036495,1786799630.931036,6322.014548176759,400.0
10578,1786799630,979192100,1786799630.979192,6313.881120769863,400.0
10579,1786799631,30898523,1786799631.030899,6299.92446481737,400.0
10580,1786799631,79127532,1786799631.079128,6299.729503364161,400.0
10581,1786799631,130412106,1786799631.130412,6322.5363995433345,400.0
10582,1786799631,181941692,1786799631.181942,6304.430408454757,400.0
10583,1786799631,229783367,1786799631.229783,6338.939816910641,400.0
10584,1786799631,281162737,1786799631.281163,6309.985418489784,400.0
10585,1786799631,329008789,1786799631.329009,6288.7871584730765,400.0
10586,1786799631,380283622,1786799631.380284,6304.365431453588,400.0
10587,1786799631,431723674,1786799631.431724,6313.844875136769,400.0
10588,1786799631,479815313,1786799631.479815,6283.4991232129305,400.0
10589,1786799631,530980918,1786799631.530981,6293.934058447164,400.0
10590,1786799631,579354394,1786799631.579354,6284.269671143263,400.0
10591,1786799631,631006247,1786799631.631006,6288.479360411513,400.0
10592,1786799631,679192458,1786799631.679193,6273.044735128106,400.0
10593,1786799631,731255547,1786799631.731256,6291.530283756832,400.0
10594,1786799631,780008945,1786799631.780009,6250.122676419206,400.0
10595,1786799631,831132799,1786799631.831133,6331.324065374729,400.0
10596,1786799631,879719903,1786799631.879720,6293.617908418775,400.0
10597,1786799631,930978812,1786799631.930979,6322.061503338041,400.0
10598,1786799631,979279291,1786799631.979279,6327.085726178556,400.0
10599,1786799632,30619902,1786799632.030620,6254.746191017586,400.0
10600,1786799632,82113832,1786799632.082114,6315.482111805767,400.0
10601,1786799632,130263988,1786799632.130264,6313.2457938546095,400.0
10602,1786799632,182003566,1786799632.182003,6304.205679661938,400.0
10603,1786799632,230196055,1786799632.230196,6310.914812570014,400.0
10604,1786799632,281477748,1786799632.281478,6329.106548701224,400.0
10605,1786799632,329137798,1786799632.329138,6297.66115319858,400.0
10606,1786799632,380845450,1786799632.380846,6304.462785374958,400.0
10607,1786799632,428893445,1786799632.428893,6279.948748293734,400.0
10608,1786799632,480786221,1786799632.480786,6335.218189918518,400.0
10609,1786799632,531821795,1786799632.531822,6317.6758302360695,400.0
10610,1786799632,579458273,1786799632.579458,6307.780280512721,400.0
10611,1786799632,630264776,1786799632.630265,6299.11923353478,400.0
10612,1786799632,681268872,1786799632.681269,6304.248281083079,400.0
10613,1786799632,728910733,1786799632.728911,6314.273732973328,400.0
10614,1786799632,780639914,1786799632.780640,6321.273704152379,400.0
10615,1786799632,831918893,1786799632.831919,6292.198638735907,400.0
10616,1786799632,880399726,1786799632.880400,6300.767380781689,400.0
10617,1786799632,931163256,1786799632.931163,6322.228201057901,400.0
10618,1786799632,978905637,1786799632.978906,6339.490405262871,400.0
10619,1786799633,30533788,1786799633.030534,6323.8898383140595,400.0
10620,1786799633,81584651,1786799633.081585,6316.405785810989,400.0
10621,1786799633,129237536,1786799633.129238,6287.233132470289,400.0
10622,1786799633,180627178,1786799633.180627,6303.6882169126675,400.0
10623,1786799633,231907272,1786799633.231907,6300.462588862643,400.0
10624,1786799633,279373564,1786799633.279374,6324.822998627651,400.0
10625,1786799633,330498564,1786799633.330498,6305.134491336182,400.0
10626,1786799633,381799454,1786799633.381799,6293.189392592361,400.0
10627,1786799633,429422882,1786799633.429423,6309.782250471953,400.0
10628,1786799633,480504122,1786799633.480504,6310.231184566768,400.0
10629,1786799633,531754773,1786799633.531755,6330.362807645932,400.0
10630,1786799633,579609154,1786799633.579609,6332.637151332529,400.0
10631,1786799633,630926345,1786799633.630926,6295.983671091305,400.0
10632,1786799633,679069869,1786799633.679070,6303.886281331225,400.0
10633,1786799633,730536772,1786799633.730537,6303.885464699258,400.0
10634,1786799633,778753850,1786799633.778754,6311.77708857904,400.0
10635,1786799633,830184518,1786799633.830184,6309.188577284327,400.0
10636,1786799633,881982235,1786799633.881982,6300.151694656578,400.0
10637,1786799633,929947445,1786799633.929947,6320.5390952615635,400.0
10638,1786799633,981607075,1786799633.981607,6323.445013197719,400.0
10639,1786799634,29064549,1786799634.029065,6317.298235084982,400.0
10640,1786799634,80303470,1786799634.080303,6306.878707365045,400.0
10641,1786799634,129460429,1786799634.129460,6286.172284645223,400.0
10642,1786799634,179884163,1786799634.179884,6298.703265718849,400.0
10643,1786799634,231540398,1786799634.231540,6325.504472055402,400.0
10644,1786799634,279544383,1786799634.279544,6348.768893371153,400.0
10645,1786799634,330943070,1786799634.330943,6356.352273135115,400.0
10646,1786799634,378805274,1786799634.378805,6304.319366141164,400.0
10647,1786799634,429820851,1786799634.429821,6334.752565033796,400.0
10648,1786799634,481392030,1786799634.481392,6309.8176324813,400.0
10649,1786799634,529160670,1786799634.529161,6345.526469097619,400.0
10650,1786799634,580206138,1786799634.580206,6344.074344782101,400.0
10651,1786799634,631453394,1786799634.631453,6308.323130566695,400.0
10652,1786799634,679624188,1786799634.679624,6330.227185882636,400.0
10653,1786799634,730990920,1786799634.730991,6344.066485775618,400.0
10654,1786799634,778923122,1786799634.778923,6320.254184475974,400.0
10655,1786799634,830575329,1786799634.830575,6317.935828840845,400.0
10656,1786799634,878842982,1786799634.878843,6313.405461021699,400.0
10657,1786799634,930429248,1786799634.930429,6310.844599538006,400.0
10658,1786799634,978588611,1786799634.978589,6334.796353254759,400.0
10659,1786799635,29728837,1786799635.029729,6329.677171665153,400.0
10660,1786799635,81185081,1786799635.081185,6309.615753149283,400.0
10661,1786799635,129405628,1786799635.129406,6330.486564596536,400.0
10662,1786799635,180574974,1786799635.180575,6329.523510340852,400.0
10663,1786799635,228985225,1786799635.228985,6327.068733880978,400.0
10664,1786799635,279976052,1786799635.279976,6314.179996664521,400.0
10665,1786799635,331347183,1786799635.331347,6307.901887006757,400.0
10666,1786799635,379106902,1786799635.379107,6297.911777099475,400.0
10667,1786799635,431207774,1786799635.431208,6320.617623944338,400.0
10668,1786799635,478812939,1786799635.478813,6312.396423111895,400.0
10669,1786799635,529973041,1786799635.529973,6330.82053758985,400.0
10670,1786799635,581212752,1786799635.581213,6283.787709103951,400.0
10671,1786799635,629026107,1786799635.629026,6321.355350914644,400.0
10672,1786799635,680053557,1786799635.680053,6290.833383452186,400.0
10673,1786799635,731793643,1786799635.731794,6289.025909909772,400.0
10674,1786799635,779836657,1786799635.779837,6291.966310401574,400.0
10675,1786799635,831279175,1786799635.831279,6315.099032672682,400.0
10676,1786799635,879945384,1786799635.879945,6284.265550351082,400.0
10677,1786799635,931477601,1786799635.931478,6310.681826812779,400.0
10678,1786799635,979586734,1786799635.979587,6334.240721396495,400.0
10679,1786799636,31104928,1786799636.031105,6307.351908841221,400.0
10680,1786799636,78927966,1786799636.078928,6302.829926935341,400.0
10681,1786799636,130688489,1786799636.130688,6306.33702099907,400.0
10682,1786799636,181419492,1786799636.181420,6317.440369671001,400.0
10683,1786799636,229418276,1786799636.229418,6274.394328931696,400.0
10684,1786799636,281015380,1786799636.281015,6311.416157032179,400.0
10685,1786799636,329250695,1786799636.329251,6283.2470501448315,400.0
10686,1786799636,380901617,1786799636.380902,6310.901055909342,400.0
10687,1786799636,428933765,1786799636.428934,6311.948365608009,400.0
10688,1786799636,480374294,1786799636.480374,6299.277834970127,400.0
10689,1786799636,531435431,1786799636.531435,6319.630136139219,400.0
10690,1786799636,579475217,1786799636.579475,6297.4519574783435,400.0
10691,1786799636,631372087,1786799636.631372,6285.092045874226,400.0
10692,1786799636,679462745,1786799636.679463,6332.216155925436,400.0
10693,1786799636,730775060,1786799636.730775,6313.497832743448,400.0
10694,1786799636,779615292,1786799636.779615,6312.306753454849,400.0
10695,1786799636,830952874,1786799636.830953,6335.637731874997,400.0
10696,1786799636,879132829,1786799636.879133,6286.675333675902,400.0
10697,1786799636,930871057,1786799636.930871,6287.630691571443,400.0
10698,1786799636,978825771,1786799636.978826,6285.601554745229,400.0
10699,1786799637,30358921,1786799637.030359,6344.989039766433,400.0
10700,1786799637,81672406,1786799637.081672,6337.594618242873,400.0
10701,1786799637,129529481,1786799637.129529,6293.050024088393,400.0
10702,1786799637,181040539,1786799637.181041,6335.76937339427,400.0
10703,1786799637,229278888,1786799637.229279,6316.60911205149,400.0
10704,1786799637,280929998,1786799637.280930,6339.67482882355,400.0
10705,1786799637,329284852,1786799637.329285,6304.088918895118,400.0
10706,1786799637,380722171,1786799637.380722,6335.987571254074,400.0
10707,1786799637,428450032,1786799637.428450,6309.419344038113,400.0
10708,1786799637,479897246,1786799637.479897,6321.994047046267,400.0
10709,1786799637,530649180,1786799637.530649,6336.512119200942,400.0
10710,1786799637,578764809,1786799637.578765,6259.556450971266,400.0
10711,1786799637,629950132,1786799637.629950,6319.8660263836255,400.0
10712,1786799637,681339432,1786799637.681340,6298.207553246742,400.0
10713,1786799637,729606696,1786799637.729607,6298.344274959547,400.0
10714,1786799637,779791326,1786799637.779791,6313.1776212533605,400.0
10715,1786799637,831271714,1786799637.831272,6297.726198576843,400.0
10716,1786799637,879445607,1786799637.879446,6332.146689559768,400.0
10717,1786799637,930589746,1786799637.930590,6303.397814870049,400.0
10718,1786799637,978387609,1786799637.978388,6303.980109830193,400.0
10719,1786799638,29753210,1786799638.029753,6313.715633078928,400.0
10720,1786799638,81241422,1786799638.081241,6307.343455621194,400.0
10721,1786799638,128883639,1786799638.128884,6342.977232136313,400.0
10722,1786799638,180291540,1786799638.180292,6288.118044342021,400.0
10723,1786799638,231325579,1786799638.231326,6282.885022209029,400.0
10724,1786799638,279339138,1786799638.279339,6299.896488885988,400.0
10725,1786799638,330547803,1786799638.330548,6302.31055873864,400.0
10726,1786799638,378821144,1786799638.378821,6337.228600419881,400.0
10727,1786799638,430516935,1786799638.430517,6346.118550358229,400.0
10728,1786799638,478480030,1786799638.478480,6309.479477228323,400.0
10729,1786799638,529606405,1786799638.529606,6308.509712377302,400.0
10730,1786799638,580999011,1786799638.580999,6317.703459939727,400.0
10731,1786799638,628609465,1786799638.628609,6293.616944819313,400.0
10732,1786799638,680259567,1786799638.680259,6304.873243153042,400.0
10733,1786799638,731318697,1786799638.731319,6277.59019094131,400.0
10734,1786799638,779004872,1786799638.779005,6342.754750197162,400.0
10735,1786799638,830480633,1786799638.830481,6332.0715319383735,400.0
10736,1786799638,879015075,1786799638.879015,6295.86943060617,400.0
10737,1786799638,929862415,1786799638.929862,6324.219550469665,400.0
10738,1786799638,980997439,1786799638.980997,6294.617195892767,400.0
10739,1786799639,28839888,1786799639.028840,6305.04698764371,400.0
10740,1786799639,79957840,1786799639.079958,6306.919603692551,400.0
10741,1786799639,131063331,1786799639.131063,6346.1536915304105,400.0
10742,1786799639,179302562,1786799639.179302,6292.993809211404,400.0
10743,1786799639,230740913,1786799639.230741,6288.83103779691,400.0
10744,1786799639,278738428,1786799639.278738,6293.300971730629,400.0
10745,1786799639,330083119,1786799639.330083,6304.483678337446,400.0
10746,1786799639,381060903,1786799639.381061,6295.698439673786,400.0
10747,1786799639,429286922,1786799639.429287,6274.6242165719,400.0
10748,1786799639,480573867,1786799639.480574,6330.22166397481,400.0
10749,1786799639,528492577,1786799639.528493,6317.056347674194,400.0
10750,1786799639,579831874,1786799639.579832,6325.071978820697,400.0
10751,1786799639,630693922,1786799639.630694,6326.4625652156665,400.0
10752,1786799639,678978813,1786799639.678979,6325.493866289432,400.0
10753,1786799639,730670626,1786799639.730671,6321.885046781774,400.0
10754,1786799639,778675894,1786799639.778676,6291.033099827162,400.0
10755,1786799639,830209848,1786799639.830210,6329.600443222889,400.0
10756,1786799639,878652515,1786799639.878653,6274.014988411132,400.0
10757,1786799639,929907260,1786799639.929907,6306.53362566025,400.0
10758,1786799639,978145554,1786799639.978146,6297.66238310179,400.0
10759,1786799640,29620025,1786799640.029620,6326.836731109874,400.0
10760,1786799640,81525717,1786799640.081526,6319.443201662012,400.0
10761,1786799640,129567762,1786799640.129568,6298.887525323694,400.0
10762,1786799640,180978600,1786799640.180979,6304.071250063325,400.0
10763,1786799640,228725566,1786799640.228726,6324.76310740272,400.0
10764,1786799640,280002125,1786799640.280002,6317.903492707916,400.0
10765,1786799640,328107142,1786799640.328107,6301.537264689357,400.0
10766,1786799640,379699546,1786799640.379699,6303.07176768261,400.0
10767,1786799640,431142774,1786799640.431143,6281.090653689012,400.0
10768,1786799640,479118140,1786799640.479118,6252.0414378073865,400.0
10769,1786799640,530415272,1786799640.530415,6300.763941999487,400.0
10770,1786799640,578731178,1786799640.578731,6303.870038784889,400.0
10771,1786799640,630517658,1786799640.630518,6309.340415038439,400.0
10772,1786799640,678737067,1786799640.678737,6298.0330127338175,400.0
10773,1786799640,730105954,1786799640.730106,6303.898843659774,400.0
10774,1786799640,778529415,1786799640.778529,6266.141013785465,400.0
10775,1786799640,830325263,1786799640.830325,6310.489343147701,400.0
10776,1786799640,878107552,1786799640.878108,6295.693210686084,400.0
10777,1786799640,929245039,1786799640.929245,6300.4646251556,400.0
10778,1786799640,980533143,1786799640.980533,6293.104814987841,400.0
10779,1786799641,28418359,1786799641.028418,6324.210994590857,400.0
10780,1786799641,79548732,1786799641.079549,6346.583348361057,400.0
10781,1786799641,130613026,1786799641.130613,6273.84879667007,400.0
10782,1786799641,178689258,1786799641.178689,6304.590968231305,400.0
10783,1786799641,230143537,1786799641.230144,6334.528215176625,400.0
10784,1786799641,278006876,1786799641.278007,6322.4691196943395,400.0
10785,1786799641,329068898,1786799641.329069,6288.204342324918,400.0
10786,1786799641,380266555,1786799641.380267,6268.807508248278,400.0
10787,1786799641,431192854,1786799641.431193,6315.592067273401,400.0
10788,1786799641,478898809,1786799641.478899,6306.945695631236,400.0
10789,1786799641,529970973,1786799641.529971,6318.804623111906,400.0
10790,1786799641,578328711,1786799641.578329,6307.449894119224,400.0
10791,1786799641,629197827,1786799641.629198,6328.946628090733,400.0
10792,1786799641,680218842,1786799641.680219,6367.073003038088,400.0
10793,1786799641,728002503,1786799641.728003,6335.575754271031,400.0
10794,1786799641,778996289,1786799641.778996,6330.607355236194,400.0
10795,1786799641,830232581,1786799641.830233,6328.172833684917,400.0
10796,1786799641,877997764,1786799641.877998,6306.522951260832,400.0
10797,1786799641,929281505,1786799641.929281,6347.58296021088,400.0
10798,1786799641,980374693,1786799641.980375,6298.548885174866,400.0
10799,1786799642,28619532,1786799642.028620,6346.842007036024,400.0
10800,1786799642,79921699,1786799642.079922,6354.5781589945145,400.0
10801,1786799642,131128136,1786799642.131128,6315.852517997067,400.0
10802,1786799642,179038435,1786799642.179039,6319.062758435339,400.0
10803,1786799642,229926019,1786799642.229926,6338.074838790485,400.0
10804,1786799642,277919556,1786799642.277920,6310.42929562813,400.0
10805,1786799642,329041124,1786799642.329041,6330.855587905231,400.0
10806,1786799642,380273636,1786799642.380274,6337.105693808556,400.0
10807,1786799642,428214070,1786799642.428214,6305.408561540056,400.0
10808,1786799642,479422214,1786799642.479422,6336.870651081895,400.0
10809,1786799642,530952598,1786799642.530953,6330.478276666238,400.0
10810,1786799642,580515391,1786799642.580515,6315.4537427889545,400.0
10811,1786799642,628332312,1786799642.628332,6330.58261725016,400.0
10812,1786799642,680004207,1786799642.680004,6304.77095995841,400.0
10813,1786799642,727956709,1786799642.727957,6305.678810256461,400.0
10814,1786799642,779215138,1786799642.779215,6269.824086662362,400.0
10815,1786799642,830801218,1786799642.830801,6316.687703001912,400.0
10816,1786799642,878914737,1786799642.878915,6308.10498096227,400.0
10817,1786799642,929938640,1786799642.929939,6307.518023255917,400.0
10818,1786799642,977879822,1786799642.977880,6291.860620727546,400.0
10819,1786799643,28721668,1786799643.028722,6317.71180411649,400.0
10820,1786799643,80215912,1786799643.080216,6303.623361960844,400.0
10821,1786799643,127978941,1786799643.127979,6293.873884839419,400.0
10822,1786799643,179412126,1786799643.179412,6311.680278413641,400.0
10823,1786799643,228167521,1786799643.228168,6288.685848091179,400.0
10824,1786799643,279168843,1786799643.279169,6292.081963332742,400.0
10825,1786799643,330488909,1786799643.330489,6282.493809886701,400.0
10826,1786799643,378459036,1786799643.378459,6290.4840908878205,400.0
10827,1786799643,429798442,1786799643.429798,6293.256747151834,400.0
10828,1786799643,477970330,1786799643.477970,6318.360970731635,400.0
10829,1786799643,529249512,1786799643.529249,6274.10161161519,400.0
10830,1786799643,580266397,1786799643.580266,6294.877334547356,400.0
10831,1786799643,628100131,1786799643.628100,6291.131965599692,400.0
10832,1786799643,679299702,1786799643.679300,6293.464664255339,400.0
10833,1786799643,730747552,1786799643.730747,6280.658050496056,400.0
10834,1786799643,779365169,1786799643.779365,6265.318239360704,400.0
10835,1786799643,830185367,1786799643.830185,6280.696672832543,400.0
10836,1786799643,878277020,1786799643.878277,6302.5976539192125,400.0
10837,1786799643,929607450,1786799643.929607,6298.177255004251,400.0
10838,1786799643,980847143,1786799643.980847,6334.411836086199,400.0
10839,1786799644,28879196,1786799644.028879,6284.11393455479,400.0
10840,1786799644,80389502,1786799644.080389,6285.313073352005,400.0
10841,1786799644,128353019,1786799644.128353,6298.413585294093,400.0
10842,1786799644,179892340,1786799644.179892,6317.831365620905,400.0
10843,1786799644,227971221,1786799644.227971,6323.486080493583,400.0
10844,1786799644,279014022,1786799644.279014,6269.828918416592,400.0
10845,1786799644,330527521,1786799644.330528,6315.884407613174,400.0
10846,1786799644,378562526,1786799644.378562,6276.962634012663,400.0
10847,1786799644,430021561,1786799644.430022,6270.6027916244275,400.0
10848,1786799644,477838953,1786799644.477839,6270.140295539788,400.0
10849,1786799644,529679607,1786799644.529680,6294.272990012752,400.0
10850,1786799644,577784760,1786799644.577785,6275.829227183873,400.0
10851,1786799644,628566234,1786799644.628566,6294.3754671783,400.0
10852,1786799644,679588935,1786799644.679589,6283.332244384613,400.0
10853,1786799644,730649327,1786799644.730649,6297.768432083304,400.0
10854,1786799644,779182604,1786799644.779183,6325.994624269618,400.0
10855,1786799644,830514227,1786799644.830514,6326.432081313248,400.0
10856,1786799644,878363170,1786799644.878363,6309.942697002308,400.0
10857,1786799644,929947886,1786799644.929948,6296.98784861765,400.0
10858,1786799644,978018130,1786799644.978018,6313.827918286078,400.0
10859,1786799645,29692476,1786799645.029692,6321.8263742926965,400.0
10860,1786799645,77705846,1786799645.077706,6296.325263556491,400.0
10861,1786799645,128880919,1786799645.128881,6310.329386974581,400.0
10862,1786799645,180262185,1786799645.180262,6351.820132424472,400.0
10863,1786799645,228445517,1786799645.228446,6321.037777853025,400.0
10864,1786799645,280213528,1786799645.280214,6308.31982365148,400.0
10865,1786799645,327628981,1786799645.327629,6281.709963157739,400.0
10866,1786799645,378582649,1786799645.378583,6322.014888227179,400.0
10867,1786799645,429557694,1786799645.429558,6358.67741828044,400.0
10868,1786799645,480611110,1786799645.480611,6344.367689136828,400.0
10869,1786799645,528176494,1786799645.528177,6339.454515006627,400.0
10870,1786799645,579352601,1786799645.579353,6333.406623632201,400.0
10871,1786799645,630602121,1786799645.630602,6307.2839799288295,400.0
